osm_type,osm_id,event_date,event_kind,lat,lon,county_fips,state
way,27014697,2012-01-11,deletion,,,,
way,359930465,2015-07-11,creation,47.614422,-122.339742,53033,WA
way,438077596,2016-08-20,creation,41.663840,-93.484983,19153,IA
way,438077596,2016-08-20,deletion,41.663840,-93.484983,19153,IA
way,438077597,2016-08-20,creation,41.664937,-93.485436,19153,IA
way,438077597,2016-08-20,deletion,41.664937,-93.485436,19153,IA
way,438077632,2016-08-20,creation,41.540264,-93.824651,19049,IA
way,438077632,2016-08-20,geometry_change,41.540594,-93.827056,19049,IA
way,459188722,2016-12-12,creation,40.157044,-74.101582,34025,NJ
way,459188725,2016-12-12,creation,40.843660,-72.883345,36103,NY
way,35491576,2016-12-16,creation,37.241592,-121.783332,06085,CA
way,37947314,2016-12-16,creation,37.378416,-121.954976,06085,CA
way,45776978,2016-12-16,creation,38.790485,-77.541111,51153,VA
way,45776979,2016-12-16,creation,38.790350,-77.540006,51153,VA
way,45776988,2016-12-16,creation,38.791166,-77.538256,51153,VA
way,48242814,2016-12-16,creation,39.021649,-77.432896,51107,VA
way,48242816,2016-12-16,creation,39.021580,-77.434804,51107,VA
way,99813512,2016-12-16,creation,37.414564,-122.014579,06085,CA
way,132746406,2016-12-16,creation,37.445897,-122.160776,06085,CA
way,161126131,2016-12-16,creation,37.242041,-121.781839,06085,CA
way,192307107,2016-12-16,creation,37.788992,-122.390137,06075,CA
way,224174031,2016-12-16,creation,37.364310,-121.958799,06085,CA
way,224998784,2016-12-16,creation,37.362066,-121.946436,06085,CA
way,231769626,2016-12-16,creation,45.632037,-121.200849,41065,OR
way,234722029,2016-12-16,creation,39.016471,-77.459004,51107,VA
way,258343744,2016-12-16,creation,38.899652,-77.453440,51059,VA
way,258343749,2016-12-16,creation,38.897859,-77.454075,51059,VA
way,289620443,2016-12-16,creation,37.723602,-122.397936,06075,CA
way,298126010,2016-12-16,creation,39.017852,-77.462466,51107,VA
way,298127361,2016-12-16,creation,39.016186,-77.461601,51107,VA
way,298127420,2016-12-16,creation,39.015179,-77.459458,51107,VA
way,298242260,2016-12-16,creation,39.021952,-77.460194,51107,VA
way,298242335,2016-12-16,creation,39.019936,-77.459842,51107,VA
way,299927846,2016-12-16,creation,38.993779,-77.450509,51107,VA
way,299929061,2016-12-16,creation,38.988721,-77.447649,51107,VA
way,300162674,2016-12-16,creation,39.020105,-77.463086,51107,VA
way,300162675,2016-12-16,creation,39.021067,-77.463586,51107,VA
way,300163074,2016-12-16,creation,39.021967,-77.453216,51107,VA
way,300969614,2016-12-16,creation,39.003328,-77.487070,51107,VA
way,300969615,2016-12-16,creation,39.002747,-77.485403,51107,VA
way,300969616,2016-12-16,creation,39.002008,-77.483364,51107,VA
way,300969617,2016-12-16,creation,39.002770,-77.481987,51107,VA
way,300969619,2016-12-16,creation,39.004702,-77.485036,51107,VA
way,321385147,2016-12-16,creation,44.295659,-120.887073,41013,OR
way,358455179,2016-12-16,creation,37.361687,-121.943911,06085,CA
way,373945186,2016-12-16,creation,44.294922,-120.883974,41013,OR
way,390287635,2016-12-16,creation,37.399602,-122.014562,06085,CA
way,397914434,2016-12-16,creation,44.289351,-120.875071,41013,OR
way,435817145,2016-12-16,creation,39.024231,-77.433965,51107,VA
way,438078069,2016-12-16,creation,41.664241,-93.514728,19153,IA
way,438078069,2016-12-16,tag_change,41.664241,-93.514728,19153,IA
way,438078070,2016-12-16,creation,41.665531,-93.508175,19153,IA
way,438078070,2016-12-16,tag_change,41.665531,-93.508175,19153,IA
way,460050155,2016-12-16,creation,39.020997,-77.451529,51107,VA
way,460053028,2016-12-16,creation,39.026351,-77.450387,51107,VA
way,460053030,2016-12-16,creation,39.029071,-77.459141,51107,VA
way,460056017,2016-12-16,creation,38.915841,-77.491760,51107,VA
way,460056018,2016-12-16,creation,38.986370,-77.442330,51107,VA
way,460056019,2016-12-16,creation,38.991410,-77.436477,51107,VA
way,460056020,2016-12-16,creation,38.990640,-77.437007,51107,VA
way,460056023,2016-12-16,creation,38.990699,-77.448829,51107,VA
way,460056024,2016-12-16,creation,38.991688,-77.448583,51107,VA
way,460059465,2016-12-16,creation,38.789929,-77.548244,51153,VA
way,460060339,2016-12-16,creation,38.777635,-77.558560,51153,VA
way,460060340,2016-12-16,creation,38.792246,-77.548126,51153,VA
way,460060341,2016-12-16,creation,38.791230,-77.548100,51153,VA
way,460067220,2016-12-16,creation,40.093883,-82.751711,39089,OH
way,460067224,2016-12-16,creation,40.103295,-83.199960,39049,OH
way,460067225,2016-12-16,creation,40.060059,-83.134317,39049,OH
way,460070134,2016-12-16,creation,45.916303,-119.267675,41059,OR
way,460070145,2016-12-16,creation,45.852252,-119.630480,41049,OR
way,460070147,2016-12-16,creation,45.850881,-119.630524,41049,OR
way,460076753,2016-12-16,creation,37.388199,-121.888548,06085,CA
way,460085343,2016-12-16,creation,37.788731,-122.390469,06075,CA
way,460089167,2016-12-16,creation,35.314231,-81.822139,37161,NC
way,460089168,2016-12-16,creation,35.317368,-81.826369,37161,NC
way,460098998,2016-12-16,creation,32.984227,-97.258516,48439,TX
way,37947315,2016-12-17,creation,37.378040,-121.954151,06085,CA
way,38305431,2016-12-17,creation,37.372422,-121.973581,06085,CA
way,38305568,2016-12-17,creation,37.371519,-121.969697,06085,CA
way,38305611,2016-12-17,creation,37.373562,-121.972771,06085,CA
way,45776988,2016-12-17,tag_change,38.791204,-77.538277,51153,VA
way,52094269,2016-12-17,creation,39.023914,-77.415232,51107,VA
way,52094270,2016-12-17,creation,39.023331,-77.413227,51107,VA
way,52094294,2016-12-17,creation,39.024811,-77.412259,51107,VA
way,95782052,2016-12-17,creation,40.796884,-74.031150,34017,NJ
way,109458128,2016-12-17,creation,40.710890,-74.001204,36061,NY
way,156468497,2016-12-17,creation,38.913684,-77.225943,51059,VA
way,193611192,2016-12-17,creation,40.778602,-74.072301,34017,NJ
way,193611211,2016-12-17,creation,40.776428,-74.069776,34017,NJ
way,193611219,2016-12-17,creation,40.777405,-74.075916,34017,NJ
way,204460681,2016-12-17,creation,40.549213,-74.458210,34023,NJ
way,204460903,2016-12-17,creation,40.552905,-74.459302,34023,NJ
way,204460903,2016-12-17,tag_change,40.552905,-74.459302,34023,NJ
way,204460950,2016-12-17,creation,40.553779,-74.457179,34023,NJ
way,205724881,2016-12-17,creation,47.495025,-122.290567,53033,WA
way,205724885,2016-12-17,creation,47.494860,-122.288193,53033,WA
way,209073635,2016-12-17,creation,37.377005,-121.952082,06085,CA
way,209073641,2016-12-17,creation,37.375823,-121.953335,06085,CA
way,209073647,2016-12-17,creation,37.378289,-121.958105,06085,CA
way,209073649,2016-12-17,creation,37.374997,-121.954077,06085,CA
way,209073653,2016-12-17,creation,37.374929,-121.955986,06085,CA
way,209073657,2016-12-17,creation,37.375023,-121.958096,06085,CA
way,209073658,2016-12-17,creation,37.375777,-121.955193,06085,CA
way,209076412,2016-12-17,creation,37.376341,-121.948531,06085,CA
way,209077298,2016-12-17,creation,37.377585,-121.950682,06085,CA
way,209087373,2016-12-17,creation,37.372250,-121.948329,06085,CA
way,223928497,2016-12-17,creation,47.614355,-122.338864,53033,WA
way,224998784,2016-12-17,tag_change,37.362066,-121.946436,06085,CA
way,251716328,2016-12-17,creation,38.910133,-77.472580,51059,VA
way,258519934,2016-12-17,creation,38.909257,-77.472272,51059,VA
way,258519959,2016-12-17,creation,38.909813,-77.473486,51059,VA
way,279410762,2016-12-17,creation,40.760759,-74.025766,34017,NJ
way,279410766,2016-12-17,creation,40.761831,-74.025025,34017,NJ
way,283051472,2016-12-17,creation,47.246755,-119.814085,53025,WA
way,283051473,2016-12-17,creation,47.251575,-119.813797,53025,WA
way,283051474,2016-12-17,creation,47.251312,-119.818827,53025,WA
way,283051477,2016-12-17,creation,47.246419,-119.829145,53025,WA
way,293211683,2016-12-17,creation,47.491918,-122.289749,53033,WA
way,293211686,2016-12-17,creation,47.493550,-122.290317,53033,WA
way,293211687,2016-12-17,creation,47.493439,-122.288861,53033,WA
way,298242260,2016-12-17,tag_change,39.021952,-77.460194,51107,VA
way,299946152,2016-12-17,creation,38.994629,-77.447886,51107,VA
way,300163074,2016-12-17,tag_change,39.022139,-77.453604,51107,VA
way,300969250,2016-12-17,creation,39.012538,-77.475393,51107,VA
way,300969614,2016-12-17,tag_change,39.003328,-77.487070,51107,VA
way,300969615,2016-12-17,tag_change,39.002747,-77.485403,51107,VA
way,300969616,2016-12-17,tag_change,39.002008,-77.483364,51107,VA
way,300969617,2016-12-17,tag_change,39.002770,-77.481987,51107,VA
way,300969619,2016-12-17,tag_change,39.004276,-77.484321,51107,VA
way,301419810,2016-12-17,creation,39.000840,-77.479229,51107,VA
way,337126739,2016-12-17,creation,47.494171,-122.294472,53033,WA
way,337126741,2016-12-17,creation,47.493077,-122.293721,53033,WA
way,337126742,2016-12-17,creation,47.492128,-122.293314,53033,WA
way,359930465,2016-12-17,tag_change,47.614422,-122.339742,53033,WA
way,424945736,2016-12-17,creation,33.917729,-118.386313,06037,CA
way,424945852,2016-12-17,creation,33.915649,-118.384630,06037,CA
way,428021796,2016-12-17,creation,34.047333,-118.257461,06037,CA
way,428021816,2016-12-17,creation,34.047896,-118.255547,06037,CA
way,435324552,2016-12-17,creation,39.026320,-77.414344,51107,VA
way,460050155,2016-12-17,tag_change,39.020997,-77.451529,51107,VA
way,460159925,2016-12-17,creation,37.403906,-121.889299,06085,CA
way,460159928,2016-12-17,creation,37.370439,-121.969830,06085,CA
way,460159955,2016-12-17,creation,37.371779,-121.972505,06085,CA
way,460167186,2016-12-17,creation,47.407164,-120.187490,53017,WA
way,460167186,2016-12-17,geometry_change,47.407164,-120.187490,53017,WA
way,460167187,2016-12-17,creation,47.408714,-120.189294,53017,WA
way,460169266,2016-12-17,creation,39.014679,-77.478453,51107,VA
way,460169266,2016-12-17,tag_change,39.014679,-77.478453,51107,VA
way,460175664,2016-12-17,creation,38.994192,-77.448222,51107,VA
way,460175666,2016-12-17,creation,39.021746,-77.452718,51107,VA
way,460175672,2016-12-17,creation,39.005048,-77.485576,51107,VA
way,460177088,2016-12-17,creation,40.829929,-74.126749,34031,NJ
way,460177088,2016-12-17,tag_change,40.829929,-74.126749,34031,NJ
way,460182330,2016-12-17,creation,40.539791,-74.542137,34035,NJ
way,460182335,2016-12-17,creation,40.536121,-74.553432,34035,NJ
way,460182337,2016-12-17,creation,40.537538,-74.555540,34035,NJ
way,460182351,2016-12-17,creation,40.830586,-74.124514,34031,NJ
way,460212563,2016-12-17,creation,34.199866,-118.343791,06037,CA
way,460060340,2016-12-30,geometry_change,38.792228,-77.548543,51153,VA
way,460060341,2016-12-30,geometry_change,38.791054,-77.548436,51153,VA
way,460056018,2017-01-11,geometry_change,38.986502,-77.442196,51107,VA
way,460056019,2017-01-11,geometry_change,38.991432,-77.436493,51107,VA
way,460056020,2017-01-11,geometry_change,38.990577,-77.437049,51107,VA
way,459188725,2017-01-19,tag_change,40.843660,-72.883345,36103,NY
relation,1701662,2017-01-20,creation,45.308599,-73.893929,,
way,124919711,2017-01-20,creation,45.308582,-73.893734,,
way,359930465,2017-01-26,tag_change,47.614422,-122.339742,53033,WA
way,359930465,2017-01-31,tag_change,47.614422,-122.339742,53033,WA
way,460212563,2017-02-03,tag_change,34.199869,-118.343789,06037,CA
way,283051472,2017-03-21,tag_change,47.246755,-119.814085,53025,WA
way,283051473,2017-03-21,geometry_change,47.251629,-119.813733,53025,WA
way,283051474,2017-03-21,geometry_change,47.251287,-119.818823,53025,WA
way,283051477,2017-03-21,tag_change,47.247017,-119.827741,53025,WA
way,460159928,2017-04-04,geometry_change,37.370438,-121.969830,06085,CA
way,289620443,2017-04-05,tag_change,37.723602,-122.397936,06075,CA
way,223928497,2017-04-22,tag_change,47.614355,-122.338864,53033,WA
way,428021816,2017-05-22,tag_change,34.047896,-118.255547,06037,CA
node,4880873533,2017-05-27,creation,37.338376,-121.910555,06085,CA
way,435324552,2017-06-01,geometry_change,39.025927,-77.414497,51107,VA
way,435817145,2017-06-01,geometry_change,39.024280,-77.433252,51107,VA
way,502126069,2017-06-20,creation,45.883386,-72.527361,,
way,460053030,2017-07-18,geometry_change,39.029199,-77.459038,51107,VA
way,254742608,2017-07-23,creation,29.446674,-98.640690,48029,TX
way,254742609,2017-07-23,creation,29.447922,-98.641129,48029,TX
way,254742610,2017-07-23,creation,29.447199,-98.640993,48029,TX
way,364289073,2017-07-23,creation,29.478216,-98.690721,48029,TX
way,364289074,2017-07-23,creation,29.479926,-98.692608,48029,TX
way,364289077,2017-07-23,creation,29.481066,-98.696559,48029,TX
way,509607718,2017-07-23,creation,29.446975,-98.657764,48029,TX
way,509607718,2017-07-23,tag_change,29.446975,-98.657764,48029,TX
way,509611414,2017-07-23,creation,29.447409,-98.640690,48029,TX
way,509611423,2017-07-23,creation,29.472846,-98.689547,48029,TX
way,509611426,2017-07-23,creation,29.470344,-98.686210,48029,TX
way,509611429,2017-07-23,creation,29.470223,-98.687650,48029,TX
way,509611432,2017-07-23,creation,29.466555,-98.688110,48029,TX
way,509611436,2017-07-23,creation,29.474285,-98.680065,48029,TX
way,509611437,2017-07-23,creation,29.472016,-98.671737,48029,TX
way,509611438,2017-07-23,creation,29.470849,-98.672999,48029,TX
way,509611439,2017-07-23,creation,29.470044,-98.672193,48029,TX
way,254773884,2017-08-15,creation,33.095996,-96.681569,48085,TX
way,254773897,2017-08-15,creation,33.095058,-96.683755,48085,TX
way,373913881,2017-08-15,creation,33.135803,-96.660925,48085,TX
way,483307714,2017-08-15,creation,33.137951,-96.657406,48085,TX
way,517411076,2017-08-21,creation,44.288882,-120.870126,41013,OR
way,521300038,2017-09-04,creation,29.414053,-98.804404,48029,TX
way,223928497,2017-09-23,tag_change,47.614355,-122.338864,53033,WA
way,293211687,2017-10-09,geometry_change,47.493416,-122.288844,53033,WA
way,79158387,2017-10-10,creation,38.948446,-77.327284,51059,VA
way,234722029,2017-10-10,tag_change,39.016471,-77.459004,51107,VA
way,298126010,2017-10-10,tag_change,39.017852,-77.462466,51107,VA
way,337126739,2017-10-10,geometry_change,47.494131,-122.294407,53033,WA
way,337126741,2017-10-10,geometry_change,47.493076,-122.293684,53033,WA
way,337126742,2017-10-10,geometry_change,47.492147,-122.293292,53033,WA
way,362662493,2017-10-10,creation,40.557163,-74.484187,34023,NJ
way,424945852,2017-10-13,tag_change,33.915649,-118.384630,06037,CA
way,209786637,2017-10-16,creation,41.842099,-87.668926,17031,IL
node,5225685660,2017-11-13,creation,37.415688,-79.142706,51680,VA
way,460056017,2017-12-04,geometry_change,38.915791,-77.491988,51107,VA
way,79158387,2017-12-19,tag_change,38.948446,-77.327284,51059,VA
way,109458128,2017-12-25,tag_change,40.710890,-74.001204,36061,NY
way,428021816,2018-01-08,tag_change,34.047896,-118.255547,06037,CA
way,435518280,2018-01-08,creation,25.782379,-80.193076,12086,FL
way,438078069,2018-01-28,tag_change,41.664241,-93.514728,19153,IA
way,438078070,2018-01-28,tag_change,41.665531,-93.508175,19153,IA
way,460053030,2018-01-28,tag_change,39.028885,-77.458686,51107,VA
way,563533017,2018-02-23,creation,37.415918,-79.144205,51680,VA
way,300974499,2018-03-07,creation,33.347019,-111.604056,04013,AZ
way,460053028,2018-03-20,geometry_change,39.026332,-77.450266,51107,VA
way,460060339,2018-04-09,geometry_change,38.777697,-77.558492,51153,VA
way,364289073,2018-04-10,tag_change,29.478216,-98.690721,48029,TX
way,364289074,2018-04-10,tag_change,29.479926,-98.692608,48029,TX
way,460070134,2018-04-10,geometry_change,45.916829,-119.267670,41059,OR
way,460070145,2018-04-10,tag_change,45.852246,-119.629843,41049,OR
way,460098998,2018-04-10,deletion,32.984227,-97.258516,48439,TX
way,500820007,2018-04-10,creation,32.983759,-97.259327,48439,TX
way,578383234,2018-04-10,creation,32.984164,-97.259839,48439,TX
way,578443547,2018-04-10,creation,41.923006,-87.918241,17031,IL
way,254773884,2018-04-17,tag_change,33.095994,-96.681565,48085,TX
way,254773897,2018-04-17,tag_change,33.095064,-96.683764,48085,TX
way,364289073,2018-04-18,tag_change,29.478216,-98.690721,48029,TX
way,364289074,2018-04-18,tag_change,29.479926,-98.692608,48029,TX
way,487170215,2018-04-21,creation,30.018698,-95.863676,48201,TX
way,487170215,2018-05-08,tag_change,30.018698,-95.863676,48201,TX
way,543316327,2018-05-08,creation,29.995201,-95.563254,48201,TX
way,543404966,2018-05-08,creation,29.997307,-95.563985,48201,TX
way,587103676,2018-05-10,creation,29.821506,-95.570785,48201,TX
way,460182330,2018-05-11,tag_change,40.539791,-74.542137,34035,NJ
way,373913881,2018-05-15,tag_change,33.135980,-96.660952,48085,TX
way,483307714,2018-05-15,tag_change,33.137934,-96.657376,48085,TX
way,590213770,2018-05-22,creation,33.137820,-96.655861,48085,TX
way,590213771,2018-05-22,creation,33.138521,-96.659952,48085,TX
way,300974499,2018-05-29,deletion,33.347019,-111.604056,04013,AZ
way,300974499,2018-05-30,creation,33.347019,-111.604056,04013,AZ
way,451413811,2018-06-11,creation,37.333635,-121.887981,06085,CA
way,460053028,2018-06-12,geometry_change,39.026484,-77.451306,51107,VA
way,289620443,2018-06-14,tag_change,37.723602,-122.397936,06075,CA
way,301419810,2018-06-15,tag_change,39.000840,-77.479229,51107,VA
way,364289077,2018-06-29,tag_change,29.481066,-98.696559,48029,TX
way,359930465,2018-07-20,geometry_change,47.614423,-122.339743,53033,WA
way,300163083,2018-07-26,creation,39.022794,-77.454895,51107,VA
way,435324552,2018-07-26,geometry_change,39.026180,-77.414492,51107,VA
way,597970806,2018-07-26,creation,39.001551,-77.479329,51107,VA
way,597970809,2018-07-26,creation,39.000512,-77.480584,51107,VA
way,597970811,2018-07-26,creation,39.000002,-77.478036,51107,VA
way,597970813,2018-07-26,creation,39.001102,-77.477145,51107,VA
way,610977485,2018-07-26,creation,39.025014,-77.457598,51107,VA
way,321385147,2018-09-24,geometry_change,44.295659,-120.887073,41013,OR
way,373945186,2018-09-24,geometry_change,44.294922,-120.883974,41013,OR
way,397914434,2018-09-24,geometry_change,44.289351,-120.875071,41013,OR
way,517411076,2018-09-24,geometry_change,44.288882,-120.870125,41013,OR
way,435324552,2018-10-06,tag_change,39.026180,-77.414492,51107,VA
way,223928497,2018-10-15,tag_change,47.614355,-122.338864,53033,WA
way,337126741,2018-10-15,tag_change,47.493076,-122.293684,53033,WA
way,428021816,2018-10-15,tag_change,34.047896,-118.255547,06037,CA
way,460076753,2018-10-15,tag_change,37.388199,-121.888548,06085,CA
way,283051474,2018-10-30,tag_change,47.251287,-119.818823,53025,WA
way,364289077,2018-11-06,tag_change,29.481066,-98.696559,48029,TX
way,283051473,2018-11-08,geometry_change,47.252030,-119.813508,53025,WA
way,283051474,2018-11-08,geometry_change,47.251411,-119.818752,53025,WA
way,301419810,2018-11-18,geometry_change,39.000844,-77.479236,51107,VA
way,451413811,2018-11-26,geometry_change,37.333638,-121.887982,06085,CA
way,649319778,2018-11-27,creation,39.017496,-77.465752,51107,VA
way,649365751,2018-11-27,creation,39.017114,-77.470473,51107,VA
way,649365764,2018-11-27,creation,39.015454,-77.467356,51107,VA
way,205724881,2018-12-04,tag_change,47.495031,-122.290570,53033,WA
way,205724885,2018-12-04,geometry_change,47.494860,-122.288194,53033,WA
way,293211683,2018-12-04,tag_change,47.491920,-122.289736,53033,WA
way,293211686,2018-12-04,tag_change,47.493556,-122.290302,53033,WA
way,293211687,2018-12-04,tag_change,47.493411,-122.288858,53033,WA
way,337126739,2018-12-04,tag_change,47.494131,-122.294407,53033,WA
way,337126741,2018-12-04,tag_change,47.493076,-122.293684,53033,WA
way,337126742,2018-12-04,tag_change,47.492148,-122.293320,53033,WA
way,193611219,2018-12-07,geometry_change,40.777420,-74.075917,34017,NJ
way,502126069,2018-12-13,tag_change,45.883386,-72.527361,,
way,500820007,2019-01-16,tag_change,32.983784,-97.259343,48439,TX
way,424945852,2019-01-20,tag_change,33.915649,-118.384630,06037,CA
way,428021796,2019-01-20,tag_change,34.047333,-118.257461,06037,CA
way,193611192,2019-01-27,tag_change,40.778602,-74.072301,34017,NJ
way,99813512,2019-02-17,tag_change,37.414564,-122.014579,06085,CA
way,390287635,2019-02-17,tag_change,37.399602,-122.014562,06085,CA
way,460076753,2019-02-17,tag_change,37.388199,-121.888548,06085,CA
way,35491576,2019-02-18,tag_change,37.241592,-121.783332,06085,CA
way,37947314,2019-02-18,tag_change,37.378416,-121.954976,06085,CA
way,161126131,2019-02-18,tag_change,37.242041,-121.781839,06085,CA
way,132746406,2019-02-19,tag_change,37.445897,-122.160776,06085,CA
way,359930465,2019-02-20,tag_change,47.614423,-122.339743,53033,WA
way,435817145,2019-02-24,geometry_change,39.024311,-77.433353,51107,VA
way,500820007,2019-02-26,tag_change,32.983784,-97.259343,48439,TX
way,460067225,2019-02-28,tag_change,40.060059,-83.134317,39049,OH
way,521300038,2019-03-03,deletion,29.414053,-98.804404,48029,TX
way,639176155,2019-03-03,creation,29.411954,-98.803985,48029,TX
way,639176157,2019-03-03,creation,29.412012,-98.802730,48029,TX
way,460169266,2019-05-22,geometry_change,39.014551,-77.478305,51107,VA
way,317466755,2019-06-03,creation,42.216757,-87.952814,17097,IL
way,317466755,2019-06-03,geometry_change,42.216757,-87.952847,17097,IL
way,460056018,2019-06-13,tag_change,38.986502,-77.442196,51107,VA
way,596690175,2019-06-13,creation,39.023007,-77.449758,51107,VA
way,696978351,2019-06-13,creation,39.012024,-77.471573,51107,VA
way,460070134,2019-06-15,tag_change,45.915610,-119.267641,41059,OR
way,460070145,2019-06-15,geometry_change,45.852235,-119.629888,41049,OR
way,697415323,2019-06-15,creation,45.853786,-119.630036,41049,OR
way,317466755,2019-06-17,tag_change,42.216757,-87.952847,17097,IL
way,283051477,2019-06-26,geometry_change,47.247004,-119.827760,53025,WA
relation,1701662,2019-07-03,geometry_change,45.308600,-73.893882,,
way,124919711,2019-07-03,deletion,45.308582,-73.893734,,
way,435817145,2019-07-05,geometry_change,39.024396,-77.433920,51107,VA
way,701924664,2019-07-05,creation,39.000626,-77.439903,51107,VA
way,701924665,2019-07-05,creation,39.002359,-77.437727,51107,VA
way,701924667,2019-07-05,creation,38.988566,-77.411729,51107,VA
way,701924668,2019-07-05,creation,38.987827,-77.411189,51107,VA
way,701924669,2019-07-05,creation,38.986924,-77.410528,51107,VA
way,231769626,2019-07-23,deletion,45.632048,-121.201302,41065,OR
way,231769629,2019-07-23,creation,45.632441,-121.202298,41065,OR
way,231769631,2019-07-23,creation,45.631539,-121.199414,41065,OR
way,283051469,2019-07-23,creation,47.246212,-119.813229,53025,WA
way,283051471,2019-07-23,creation,47.246168,-119.815756,53025,WA
way,283051472,2019-07-23,deletion,47.245327,-119.815931,53025,WA
way,283051473,2019-07-23,deletion,47.252030,-119.813508,53025,WA
way,283051474,2019-07-23,deletion,47.251412,-119.818753,53025,WA
way,283051475,2019-07-23,creation,47.252574,-119.819665,53025,WA
way,283051477,2019-07-23,deletion,47.246985,-119.827782,53025,WA
way,283051478,2019-07-23,creation,47.246736,-119.828866,53025,WA
way,283051481,2019-07-23,creation,47.245991,-119.829791,53025,WA
way,283051482,2019-07-23,creation,47.245989,-119.829170,53025,WA
way,283051483,2019-07-23,creation,47.245989,-119.828159,53025,WA
way,283051484,2019-07-23,creation,47.246003,-119.827541,53025,WA
way,283051485,2019-07-23,creation,47.246067,-119.828662,53025,WA
way,283051497,2019-07-23,creation,47.239194,-119.862482,53025,WA
way,283051497,2019-07-23,tag_change,47.239206,-119.862438,53025,WA
way,337127817,2019-07-23,creation,47.250164,-119.814490,53025,WA
way,460070134,2019-07-23,deletion,45.915610,-119.267641,41059,OR
way,460070143,2019-07-23,creation,45.916404,-119.267776,41059,OR
way,460070144,2019-07-23,creation,45.841003,-119.652769,41049,OR
way,460167190,2019-07-23,creation,47.407773,-120.188878,53017,WA
way,460167190,2019-07-23,geometry_change,47.407671,-120.189747,53017,WA
way,460167190,2019-07-23,tag_change,47.407671,-120.189747,53017,WA
way,499403699,2019-07-23,creation,47.247601,-119.825429,53025,WA
way,517411076,2019-07-23,tag_change,44.288882,-120.870125,41013,OR
way,578399038,2019-07-23,creation,45.852587,-119.630318,41049,OR
way,578399038,2019-07-23,deletion,45.852587,-119.630318,41049,OR
way,592171280,2019-07-23,creation,45.840443,-119.654979,41049,OR
way,592257327,2019-07-23,creation,45.917448,-119.267734,41059,OR
way,593103300,2019-07-23,creation,45.631995,-121.201015,41065,OR
way,633034071,2019-07-23,creation,45.841407,-119.658282,41049,OR
way,694602725,2019-07-23,creation,47.253946,-119.813721,53025,WA
way,697415312,2019-07-23,creation,45.841091,-119.655220,41049,OR
way,697415312,2019-07-23,deletion,45.841091,-119.655220,41049,OR
way,697415321,2019-07-23,creation,45.841174,-119.655449,41049,OR
way,697415323,2019-07-23,tag_change,45.853786,-119.630036,41049,OR
way,700001747,2019-07-23,creation,47.243381,-119.866029,53025,WA
way,700001747,2019-07-23,tag_change,47.243381,-119.866029,53025,WA
way,700001774,2019-07-23,creation,47.237662,-119.884765,53025,WA
way,700431553,2019-07-23,creation,45.638451,-121.202616,41065,OR
way,700431553,2019-07-23,deletion,45.638529,-121.202404,41065,OR
way,706759844,2019-07-23,creation,44.287277,-120.870216,41013,OR
way,706759844,2019-07-23,tag_change,44.287277,-120.870216,41013,OR
way,706759845,2019-07-23,creation,44.293597,-120.881488,41013,OR
way,706759845,2019-07-23,tag_change,44.293597,-120.881488,41013,OR
way,706760922,2019-07-23,creation,45.637855,-121.202580,41065,OR
way,706776322,2019-07-23,creation,45.797809,-119.366616,41059,OR
way,435324552,2019-07-24,geometry_change,39.025916,-77.414614,51107,VA
way,460053028,2019-07-24,deletion,39.026575,-77.451065,51107,VA
way,460053030,2019-07-24,deletion,39.028870,-77.458662,51107,VA
way,463571875,2019-07-24,creation,39.026367,-77.449512,51107,VA
way,463571876,2019-07-24,creation,39.026359,-77.450869,51107,VA
way,556599693,2019-07-24,creation,39.027915,-77.457508,51107,VA
way,556599694,2019-07-24,creation,39.029570,-77.459683,51107,VA
way,556599695,2019-07-24,creation,39.028786,-77.458252,51107,VA
way,596690174,2019-07-24,creation,39.027126,-77.452824,51107,VA
way,283051470,2019-07-25,creation,47.247653,-119.813187,53025,WA
way,283051493,2019-07-25,creation,47.240224,-119.863212,53025,WA
way,283051497,2019-07-25,deletion,47.239206,-119.862438,53025,WA
way,337127824,2019-07-25,creation,47.243587,-119.865712,53025,WA
way,337127832,2019-07-25,creation,47.238819,-119.859359,53025,WA
way,337127833,2019-07-25,creation,47.238262,-119.859366,53025,WA
way,410408067,2019-07-25,creation,47.237655,-119.864460,53025,WA
way,410408073,2019-07-25,creation,47.239478,-119.882998,53025,WA
way,410408074,2019-07-25,creation,47.238575,-119.883084,53025,WA
way,410408079,2019-07-25,creation,47.239488,-119.859406,53025,WA
way,499403180,2019-07-25,creation,47.239523,-119.887331,53025,WA
way,499403181,2019-07-25,creation,47.238590,-119.887375,53025,WA
way,499403698,2019-07-25,creation,47.238554,-119.864582,53025,WA
way,694493125,2019-07-25,creation,47.237657,-119.887573,53025,WA
way,694493126,2019-07-25,creation,47.237629,-119.883175,53025,WA
way,694493127,2019-07-25,creation,47.236725,-119.883255,53025,WA
way,694493128,2019-07-25,creation,47.236737,-119.887476,53025,WA
way,700001774,2019-07-25,deletion,47.237769,-119.887710,53025,WA
way,509611432,2019-07-28,tag_change,29.466555,-98.688110,48029,TX
way,435817145,2019-07-30,geometry_change,39.024396,-77.433921,51107,VA
way,460067220,2019-07-30,tag_change,40.093883,-82.751711,39089,OH
way,460169266,2019-07-30,geometry_change,39.014565,-77.478278,51107,VA
way,502126069,2019-07-30,geometry_change,45.883381,-72.527352,,
way,597970806,2019-07-30,tag_change,39.001551,-77.479329,51107,VA
way,597970809,2019-07-30,tag_change,39.000512,-77.480584,51107,VA
way,597970811,2019-07-30,tag_change,39.000002,-77.478036,51107,VA
way,597970813,2019-07-30,tag_change,39.001102,-77.477145,51107,VA
way,649319778,2019-07-30,deletion,39.017532,-77.465643,51107,VA
way,649365764,2019-07-30,deletion,39.015466,-77.467319,51107,VA
way,701923202,2019-07-30,creation,39.006212,-77.468303,51107,VA
way,701923203,2019-07-30,creation,39.007706,-77.467737,51107,VA
way,298126010,2019-07-31,tag_change,39.017852,-77.462466,51107,VA
way,298127420,2019-07-31,geometry_change,39.015026,-77.459063,51107,VA
way,300970759,2019-07-31,creation,39.015542,-77.482119,51107,VA
way,463571875,2019-07-31,tag_change,39.026367,-77.449512,51107,VA
way,463571876,2019-07-31,tag_change,39.026359,-77.450869,51107,VA
way,465062052,2019-07-31,creation,38.991820,-77.441151,51107,VA
way,465062053,2019-07-31,creation,38.990973,-77.441827,51107,VA
way,556599693,2019-07-31,tag_change,39.027915,-77.457508,51107,VA
way,556599694,2019-07-31,tag_change,39.029570,-77.459683,51107,VA
way,556599695,2019-07-31,tag_change,39.028786,-77.458252,51107,VA
way,578443547,2019-07-31,tag_change,41.923006,-87.918241,17031,IL
way,596690174,2019-07-31,tag_change,39.027126,-77.452824,51107,VA
way,596690175,2019-07-31,tag_change,39.023007,-77.449758,51107,VA
way,649319778,2019-07-31,creation,39.017496,-77.465752,51107,VA
way,649365764,2019-07-31,creation,39.015454,-77.467356,51107,VA
way,697020849,2019-07-31,creation,38.986279,-77.441845,51107,VA
way,697020850,2019-07-31,creation,38.986998,-77.442641,51107,VA
way,701923204,2019-07-31,creation,39.012700,-77.465577,51107,VA
way,701924664,2019-07-31,tag_change,39.000626,-77.439903,51107,VA
way,701924665,2019-07-31,tag_change,39.002359,-77.437727,51107,VA
way,701930920,2019-07-31,creation,39.020274,-77.433867,51107,VA
way,701930921,2019-07-31,creation,39.019205,-77.433993,51107,VA
way,701930929,2019-07-31,creation,39.035497,-77.450698,51107,VA
way,701930930,2019-07-31,creation,39.036290,-77.449804,51107,VA
way,708916484,2019-07-31,creation,39.015423,-77.478270,51107,VA
way,38456035,2019-08-10,creation,40.586102,-111.969733,49035,UT
node,6685432442,2019-08-12,creation,39.515741,-119.471345,32029,NV
way,578443547,2019-08-13,deletion,41.923006,-87.918241,17031,IL
way,193611211,2019-08-16,deletion,40.776428,-74.069776,34017,NJ
way,209786637,2019-08-16,geometry_change,41.842185,-87.669011,17031,IL
way,509611436,2019-08-17,deletion,29.474285,-98.680065,48029,TX
way,714943309,2019-08-17,creation,40.579848,-74.519622,34035,NJ
way,714943309,2019-08-21,tag_change,40.579859,-74.519660,34035,NJ
way,460067224,2019-08-26,geometry_change,40.103068,-83.199677,39049,OH
way,460089168,2019-08-30,geometry_change,35.317372,-81.826327,37161,NC
way,714943309,2019-08-30,tag_change,40.579894,-74.519393,34035,NJ
way,99443157,2019-09-09,creation,45.879520,-72.545732,,
way,502126069,2019-09-09,tag_change,45.883381,-72.527352,,
node,6793837329,2019-09-13,creation,39.630924,-78.225150,54065,WV
node,6793837329,2019-09-13,geometry_change,39.630985,-78.225320,54065,WV
node,6793837329,2019-09-13,tag_change,39.630985,-78.225320,54065,WV
way,472954201,2019-09-20,creation,34.579986,-118.114025,06037,CA
way,552483169,2019-09-20,creation,41.620244,-93.854031,19049,IA
node,3468203102,2019-09-22,creation,30.407446,-91.172545,22033,LA
way,279410762,2019-09-26,tag_change,40.760759,-74.025766,34017,NJ
way,279410766,2019-09-26,tag_change,40.761831,-74.025025,34017,NJ
way,95782052,2019-09-28,tag_change,40.796864,-74.031141,34017,NJ
way,193611192,2019-09-28,tag_change,40.778602,-74.072301,34017,NJ
way,193611211,2019-09-28,creation,40.776428,-74.069776,34017,NJ
way,193611219,2019-09-28,tag_change,40.777420,-74.075917,34017,NJ
way,472761713,2019-09-28,creation,41.078295,-74.152911,34003,NJ
way,472761713,2019-09-28,geometry_change,41.078302,-74.152918,34003,NJ
way,729376485,2019-09-28,creation,40.584343,-74.243507,34023,NJ
node,6856057098,2019-10-06,creation,32.782546,-96.782815,48113,TX
relation,1701662,2019-10-13,tag_change,45.308600,-73.893882,,
way,279410762,2019-10-17,tag_change,40.760759,-74.025766,34017,NJ
way,279410766,2019-10-17,tag_change,40.761831,-74.025025,34017,NJ
way,279410762,2019-10-20,tag_change,40.760759,-74.025766,34017,NJ
way,279410766,2019-10-20,tag_change,40.761831,-74.025025,34017,NJ
node,2590601520,2019-10-21,creation,42.437882,-123.328630,41033,OR
way,124919711,2019-10-21,creation,45.308582,-73.893734,,
way,124919711,2019-10-21,deletion,45.308582,-73.893734,,
way,46128119,2019-10-23,creation,39.102693,-84.517871,39061,OH
node,6856057098,2019-10-24,tag_change,32.782546,-96.782815,48113,TX
relation,9892863,2019-10-24,creation,37.488771,-77.246016,51087,VA
way,429040021,2019-10-24,creation,37.494407,-77.237500,51087,VA
way,746278786,2019-11-17,creation,36.248165,-115.101261,32003,NV
node,6990036168,2019-11-19,creation,45.555209,-122.507676,41051,OR
node,6990036168,2019-11-19,deletion,45.555209,-122.507676,41051,OR
way,209786637,2019-11-21,geometry_change,41.842211,-87.669105,17031,IL
way,552483169,2019-12-20,deletion,41.620244,-93.854031,19049,IA
way,758426349,2019-12-24,creation,46.332132,-113.292672,30039,MT
node,5146323411,2020-01-05,creation,37.869852,-122.259823,06001,CA
way,701924664,2020-01-12,geometry_change,39.000644,-77.439867,51107,VA
way,706776322,2020-01-20,deletion,45.797809,-119.366616,41059,OR
way,563533017,2020-01-22,geometry_change,37.415927,-79.144213,51680,VA
way,772827597,2020-02-16,creation,44.299095,-120.879435,41013,OR
way,772827601,2020-02-16,creation,44.301196,-120.889891,41013,OR
way,773848531,2020-02-18,creation,42.235327,-83.444141,26163,MI
node,6808047613,2020-02-23,creation,33.971688,-96.402849,40013,OK
node,7259975451,2020-03-03,creation,49.274393,-122.912312,,
node,7264976228,2020-03-04,creation,40.421790,-86.914155,18157,IN
node,7264976991,2020-03-04,creation,40.421854,-86.916545,18157,IN
way,377545385,2020-03-07,creation,39.558971,-104.837546,08035,CO
way,300974499,2020-03-08,tag_change,33.347019,-111.604056,04013,AZ
way,377234820,2020-03-11,creation,42.202509,-72.607875,25013,MA
way,780063735,2020-03-11,creation,38.246259,-122.067210,06095,CA
way,780063735,2020-03-11,tag_change,38.246259,-122.067210,06095,CA
node,7324132050,2020-03-24,creation,35.881397,-78.851552,37063,NC
node,7324132051,2020-03-24,creation,35.881364,-78.851573,37063,NC
node,1825907839,2020-03-27,creation,35.103293,-106.589349,35001,NM
way,342664739,2020-03-29,creation,41.550269,-90.482409,19163,IA
way,362662493,2020-03-30,tag_change,40.557163,-74.484187,34023,NJ
way,556564909,2020-04-04,creation,41.667071,-93.506466,19153,IA
way,788027103,2020-04-04,creation,41.667755,-93.516299,19153,IA
way,460059465,2020-04-08,geometry_change,38.789935,-77.548231,51153,VA
way,460060340,2020-04-08,tag_change,38.792226,-77.548450,51153,VA
way,460060341,2020-04-08,tag_change,38.791069,-77.548372,51153,VA
way,428021816,2020-04-09,tag_change,34.047896,-118.255547,06037,CA
way,460182330,2020-04-13,tag_change,40.539791,-74.542137,34035,NJ
way,729376485,2020-04-17,tag_change,40.584343,-74.243507,34023,NJ
way,298126010,2020-04-19,geometry_change,39.017899,-77.462558,51107,VA
way,298242260,2020-04-19,geometry_change,39.021948,-77.460287,51107,VA
way,300162674,2020-04-19,geometry_change,39.020096,-77.463068,51107,VA
way,300162675,2020-04-19,geometry_change,39.021068,-77.463589,51107,VA
way,300163074,2020-04-19,geometry_change,39.022140,-77.453610,51107,VA
way,300163083,2020-04-19,geometry_change,39.022765,-77.454869,51107,VA
way,460050155,2020-04-19,geometry_change,39.021008,-77.451516,51107,VA
way,460175666,2020-04-19,geometry_change,39.021734,-77.452747,51107,VA
way,649319778,2020-04-19,geometry_change,39.017532,-77.465643,51107,VA
way,701923203,2020-04-19,geometry_change,39.007715,-77.467631,51107,VA
way,708916484,2020-04-19,geometry_change,39.015411,-77.478279,51107,VA
way,793087858,2020-04-19,creation,39.008683,-77.458199,51107,VA
way,793622740,2020-04-19,creation,39.013642,-77.470567,51107,VA
way,48242814,2020-04-20,geometry_change,39.021650,-77.432876,51107,VA
way,48242816,2020-04-20,geometry_change,39.021574,-77.434792,51107,VA
way,300970759,2020-04-20,geometry_change,39.015549,-77.482138,51107,VA
way,460056019,2020-04-20,geometry_change,38.991414,-77.436516,51107,VA
way,460169266,2020-04-20,geometry_change,39.014568,-77.478308,51107,VA
way,649365751,2020-04-20,geometry_change,39.017180,-77.470384,51107,VA
way,649365764,2020-04-20,geometry_change,39.015475,-77.467331,51107,VA
way,701923204,2020-04-20,geometry_change,39.012707,-77.465536,51107,VA
way,701924664,2020-04-20,geometry_change,39.000669,-77.439803,51107,VA
way,701924665,2020-04-20,geometry_change,39.002398,-77.437655,51107,VA
way,793888408,2020-04-20,creation,39.022500,-77.450256,51107,VA
way,793888427,2020-04-20,creation,39.014507,-77.479978,51107,VA
way,793888429,2020-04-20,creation,39.018318,-77.472615,51107,VA
way,793888430,2020-04-20,creation,39.019885,-77.472590,51107,VA
way,794147654,2020-04-20,creation,39.010378,-77.463613,51107,VA
way,794147655,2020-04-20,creation,39.011765,-77.462446,51107,VA
way,794147657,2020-04-20,creation,38.996734,-77.435591,51107,VA
way,581234765,2020-04-21,creation,38.872133,-99.300173,20051,KS
way,802054282,2020-05-09,creation,40.951270,-73.897901,36119,NY
way,807374322,2020-05-22,creation,47.237264,-119.895348,53025,WA
way,218634904,2020-05-24,creation,35.310749,-83.181436,37099,NC
way,218634904,2020-05-24,tag_change,35.310749,-83.181436,37099,NC
node,7557854384,2020-05-26,creation,33.380477,-111.752754,04013,AZ
node,7557868585,2020-05-26,creation,33.380597,-111.752827,04013,AZ
way,808979618,2020-05-28,creation,33.344131,-111.619552,04013,AZ
node,7578821329,2020-06-01,creation,33.319916,-111.809686,04013,AZ
way,424945736,2020-06-03,tag_change,33.917729,-118.386313,06037,CA
way,424945852,2020-06-03,tag_change,33.915649,-118.384630,06037,CA
way,812630939,2020-06-03,creation,42.213902,-83.198214,26163,MI
way,383728972,2020-06-08,creation,37.489865,-121.931016,06001,CA
way,384310269,2020-06-08,creation,37.471827,-121.920311,06001,CA
way,500820007,2020-06-11,tag_change,32.983784,-97.259343,48439,TX
way,507673418,2020-06-11,creation,33.006382,-97.245290,48121,TX
way,507673437,2020-06-11,creation,32.988855,-97.259202,48439,TX
way,578383234,2020-06-11,deletion,32.984164,-97.259839,48439,TX
way,673145182,2020-06-11,creation,32.984994,-97.255075,48439,TX
way,815057182,2020-06-11,creation,32.988048,-97.255327,48439,TX
way,815078625,2020-06-11,creation,33.004502,-97.246155,48121,TX
relation,9892863,2020-06-16,geometry_change,37.488771,-77.246016,51087,VA
way,701924667,2020-06-18,geometry_change,38.988616,-77.411641,51107,VA
way,701924668,2020-06-18,geometry_change,38.987873,-77.411108,51107,VA
way,701924669,2020-06-18,geometry_change,38.986944,-77.410465,51107,VA
way,99443157,2020-06-19,deletion,45.879520,-72.545732,,
way,817699711,2020-06-19,creation,45.879522,-72.545734,,
way,817699711,2020-06-22,geometry_change,45.879522,-72.545734,,
way,460177088,2020-06-23,deletion,40.829929,-74.126749,34031,NJ
way,460182351,2020-06-23,deletion,40.830586,-74.124514,34031,NJ
way,630342220,2020-06-25,creation,33.376123,-111.818306,04013,AZ
way,435817145,2020-06-29,deletion,39.024327,-77.434034,51107,VA
way,460067224,2020-06-29,deletion,40.103068,-83.199677,39049,OH
way,701930929,2020-06-29,deletion,39.035494,-77.450699,51107,VA
way,701930930,2020-06-29,deletion,39.036294,-77.449795,51107,VA
way,821099929,2020-06-29,creation,39.035919,-77.450217,51107,VA
way,435817145,2020-07-02,creation,39.024355,-77.433923,51107,VA
way,701930929,2020-07-02,creation,39.035497,-77.450698,51107,VA
way,701930930,2020-07-02,creation,39.036290,-77.449804,51107,VA
way,821099929,2020-07-02,deletion,39.035919,-77.450217,51107,VA
way,509607718,2020-07-03,deletion,29.446975,-98.657764,48029,TX
way,639176155,2020-07-03,creation,29.411954,-98.803985,48029,TX
way,639176155,2020-07-03,deletion,29.411954,-98.803985,48029,TX
way,639176157,2020-07-03,creation,29.412012,-98.802730,48029,TX
way,639176157,2020-07-03,deletion,29.412012,-98.802730,48029,TX
node,7683756060,2020-07-04,creation,45.883658,-72.527372,,
way,502126069,2020-07-04,deletion,45.883381,-72.527352,,
way,817699711,2020-07-04,geometry_change,45.879522,-72.545734,,
node,7683756060,2020-07-05,tag_change,45.883905,-72.527888,,
way,380282154,2020-07-11,creation,39.048728,-77.445415,51107,VA
way,793087859,2020-07-11,creation,39.018516,-77.438818,51107,VA
node,7727446947,2020-07-18,creation,33.376998,-111.843245,04013,AZ
way,530982335,2020-07-19,creation,33.361914,-111.839309,04013,AZ
way,697021948,2020-07-20,creation,38.815135,-77.652940,51153,VA
way,828135845,2020-07-20,creation,38.816111,-77.652517,51153,VA
way,828228235,2020-07-20,creation,33.342616,-111.840974,04013,AZ
node,7737996606,2020-07-22,creation,33.302965,-111.840539,04013,AZ
way,410408073,2020-07-27,tag_change,47.239478,-119.882998,53025,WA
way,410408074,2020-07-27,tag_change,47.238575,-119.883084,53025,WA
way,499403180,2020-07-27,tag_change,47.239523,-119.887331,53025,WA
way,499403181,2020-07-27,tag_change,47.238590,-119.887375,53025,WA
way,556564909,2020-07-27,tag_change,41.667071,-93.506466,19153,IA
way,694493125,2020-07-27,tag_change,47.237657,-119.887573,53025,WA
way,694493126,2020-07-27,tag_change,47.237629,-119.883175,53025,WA
way,694493127,2020-07-27,tag_change,47.236725,-119.883255,53025,WA
way,694493128,2020-07-27,tag_change,47.236737,-119.887476,53025,WA
way,700001747,2020-07-27,deletion,47.243381,-119.866029,53025,WA
way,706760922,2020-07-27,geometry_change,45.638011,-121.202616,41065,OR
way,788027103,2020-07-27,tag_change,41.667755,-93.516299,19153,IA
way,830881731,2020-07-27,creation,41.516741,-93.702542,19153,IA
way,830881732,2020-07-27,creation,41.515843,-93.702513,19153,IA
way,830881733,2020-07-27,creation,41.515818,-93.706301,19153,IA
way,830881734,2020-07-27,creation,41.516712,-93.706351,19153,IA
way,830881742,2020-07-27,creation,41.518502,-93.706331,19153,IA
way,830881743,2020-07-27,creation,41.517607,-93.706312,19153,IA
way,830881744,2020-07-27,creation,41.517641,-93.702493,19153,IA
way,830881745,2020-07-27,creation,41.518538,-93.702525,19153,IA
way,830885773,2020-07-27,creation,41.497871,-93.787039,19181,IA
way,830885774,2020-07-27,creation,41.498913,-93.787075,19181,IA
way,830931210,2020-07-27,creation,41.671173,-93.516628,19153,IA
way,543117031,2020-07-28,creation,33.421285,-111.858993,04013,AZ
way,300974499,2020-08-03,tag_change,33.347019,-111.604056,04013,AZ
way,817699711,2020-08-13,geometry_change,45.879522,-72.545734,,
way,836947535,2020-08-13,creation,33.475448,-111.719138,04013,AZ
way,837139011,2020-08-14,creation,41.703998,-91.587078,19103,IA
node,7821940847,2020-08-18,creation,33.379996,-111.728307,04013,AZ
way,838366893,2020-08-22,creation,41.707069,-72.589867,09110,CT
node,7852403847,2020-08-28,creation,49.264798,-123.103763,,
node,3732415309,2020-08-29,creation,45.521425,-122.680562,41051,OR
way,231769629,2020-08-30,tag_change,45.632441,-121.202298,41065,OR
way,231769631,2020-08-30,tag_change,45.631539,-121.199414,41065,OR
way,460070144,2020-08-30,tag_change,45.841003,-119.652769,41049,OR
way,592171280,2020-08-30,tag_change,45.840443,-119.654979,41049,OR
way,593103300,2020-08-30,tag_change,45.631986,-121.200953,41065,OR
way,633034071,2020-08-30,tag_change,45.841414,-119.657933,41049,OR
way,697415321,2020-08-30,tag_change,45.841174,-119.655449,41049,OR
way,697415323,2020-08-30,tag_change,45.853786,-119.630036,41049,OR
way,706760922,2020-08-30,tag_change,45.638011,-121.202616,41065,OR
way,626281456,2020-08-31,creation,31.231904,-85.455849,01069,AL
way,842544718,2020-08-31,creation,47.864697,-122.284158,53061,WA
way,186515922,2020-09-04,creation,35.898326,-81.547464,37027,NC
way,191655977,2020-09-04,creation,41.221486,-95.863822,19155,IA
way,539761458,2020-09-04,creation,36.238477,-95.324373,40097,OK
way,539761459,2020-09-04,creation,36.238992,-95.320861,40097,OK
way,539761460,2020-09-04,creation,36.237339,-95.322193,40097,OK
way,539761514,2020-09-04,creation,36.241438,-95.322987,40097,OK
way,610827834,2020-09-04,creation,33.064447,-80.046085,45015,SC
way,610827835,2020-09-04,creation,33.064161,-80.043634,45015,SC
way,610827836,2020-09-04,creation,33.064272,-80.041453,45015,SC
way,610827837,2020-09-04,creation,33.062060,-80.045044,45015,SC
way,610827838,2020-09-04,creation,33.062047,-80.038360,45015,SC
way,610827839,2020-09-04,creation,33.062105,-80.041222,45015,SC
way,671301768,2020-09-04,creation,40.068408,-82.750341,39089,OH
way,693385812,2020-09-04,creation,38.943163,-77.524315,51107,VA
way,710070925,2020-09-04,creation,39.052631,-77.539580,51107,VA
way,802160675,2020-09-04,creation,40.065272,-82.748910,39089,OH
way,844351347,2020-09-04,creation,33.062193,-80.039726,45015,SC
way,844352473,2020-09-04,creation,33.749709,-84.584865,13097,GA
way,844352474,2020-09-04,creation,33.752055,-84.586941,13097,GA
way,844359206,2020-09-04,creation,36.056339,-115.008537,32003,NV
way,844359207,2020-09-04,creation,36.058733,-115.008788,32003,NV
way,844371952,2020-09-04,creation,34.913692,-85.747428,01071,AL
way,844371953,2020-09-04,creation,34.913676,-85.745935,01071,AL
way,844372538,2020-09-04,creation,35.892547,-81.546917,37027,NC
way,844380836,2020-09-04,creation,36.241376,-95.320322,40097,OK
way,844380840,2020-09-04,creation,36.247281,-95.321077,40097,OK
way,844386860,2020-09-04,creation,32.442128,-97.062528,48139,TX
way,844386861,2020-09-04,creation,32.443580,-97.063427,48139,TX
way,844389014,2020-09-04,creation,36.624565,-87.261256,47125,TN
way,844389015,2020-09-04,creation,36.624849,-87.263574,47125,TN
way,844391358,2020-09-04,creation,40.061145,-82.764294,39089,OH
way,844394339,2020-09-04,creation,41.123542,-96.144190,31153,NE
way,844394340,2020-09-04,creation,41.120732,-96.144854,31153,NE
way,844394357,2020-09-04,creation,41.134974,-96.146729,31153,NE
way,693385812,2020-09-05,geometry_change,38.943150,-77.524349,51107,VA
way,841813139,2020-09-15,creation,41.862801,-87.641247,17031,IL
way,59294476,2020-09-19,creation,39.004692,-77.441763,51107,VA
way,844389014,2020-09-19,deletion,36.624582,-87.261296,47125,TN
way,844389015,2020-09-19,deletion,36.624849,-87.263574,47125,TN
way,844371952,2020-09-21,deletion,34.913692,-85.747428,01071,AL
way,844371953,2020-09-21,deletion,34.913676,-85.745935,01071,AL
way,850342266,2020-09-23,creation,43.782184,-89.574809,55077,WI
way,713438210,2020-09-24,creation,32.965530,-96.711966,48113,TX
way,850965775,2020-09-24,creation,32.539135,-96.804392,48139,TX
way,851243271,2020-09-24,creation,39.013038,-77.473068,51107,VA
way,793087859,2020-09-27,tag_change,39.018516,-77.438818,51107,VA
way,852039781,2020-09-27,creation,39.016916,-77.439376,51107,VA
way,104082694,2020-09-29,creation,41.587998,-93.631003,19153,IA
way,104082694,2020-10-01,tag_change,41.587998,-93.631003,19153,IA
node,7985753364,2020-10-07,creation,38.913724,-77.225882,51059,VA
way,156468497,2020-10-07,tag_change,38.913702,-77.225838,51059,VA
way,193611192,2020-10-08,tag_change,40.778602,-74.072301,34017,NJ
way,193611211,2020-10-08,tag_change,40.776428,-74.069776,34017,NJ
way,435817145,2020-10-12,geometry_change,39.024332,-77.434051,51107,VA
way,701930920,2020-10-12,tag_change,39.020233,-77.433882,51107,VA
way,701930921,2020-10-12,tag_change,39.019168,-77.434028,51107,VA
way,337126741,2020-10-14,tag_change,47.493076,-122.293684,53033,WA
node,8017899486,2020-10-18,creation,29.672356,-82.300093,12001,FL
node,8017899486,2020-10-18,tag_change,29.672819,-82.299762,12001,FL
way,429782814,2020-10-18,creation,29.672587,-82.299925,12001,FL
way,429782814,2020-10-18,tag_change,29.672591,-82.299930,12001,FL
way,578443547,2020-10-26,creation,41.923006,-87.918241,17031,IL
way,713438210,2020-10-30,geometry_change,32.965529,-96.711968,48113,TX
way,713438209,2020-10-31,creation,32.966082,-96.713145,48113,TX
way,713438209,2020-10-31,geometry_change,32.966080,-96.713143,48113,TX
way,713438210,2020-10-31,geometry_change,32.966189,-96.714102,48113,TX
way,713438209,2020-11-01,geometry_change,32.966082,-96.713145,48113,TX
way,713438210,2020-11-01,geometry_change,32.966189,-96.714102,48113,TX
way,713438209,2020-11-02,geometry_change,32.966082,-96.713145,48113,TX
way,713438210,2020-11-02,deletion,32.966189,-96.714102,48113,TX
way,701930929,2020-11-08,geometry_change,39.035494,-77.450705,51107,VA
way,701930930,2020-11-08,geometry_change,39.036299,-77.449788,51107,VA
way,713438209,2020-11-11,geometry_change,32.966082,-96.713145,48113,TX
node,2607827436,2020-11-13,creation,32.775025,-117.070888,06073,CA
way,438077632,2020-11-14,deletion,41.540616,-93.824949,19049,IA
way,701923202,2020-11-15,tag_change,39.006244,-77.468289,51107,VA
way,701923203,2020-11-15,tag_change,39.007718,-77.467623,51107,VA
way,793087858,2020-11-15,tag_change,39.008677,-77.458221,51107,VA
way,234722720,2020-11-18,creation,39.013846,-77.451585,51107,VA
way,298127059,2020-11-18,creation,39.015560,-77.460326,51107,VA
way,298127420,2020-11-18,tag_change,39.015026,-77.459063,51107,VA
way,298242335,2020-11-18,tag_change,39.019936,-77.459842,51107,VA
way,300163083,2020-11-18,tag_change,39.022765,-77.454869,51107,VA
way,300969614,2020-11-18,tag_change,39.003328,-77.487070,51107,VA
way,300969615,2020-11-18,tag_change,39.002747,-77.485403,51107,VA
way,300969616,2020-11-18,tag_change,39.002008,-77.483364,51107,VA
way,300969617,2020-11-18,tag_change,39.002770,-77.481987,51107,VA
way,300969619,2020-11-18,tag_change,39.004276,-77.484321,51107,VA
way,460175672,2020-11-18,tag_change,39.005048,-77.485576,51107,VA
way,597970806,2020-11-18,tag_change,39.001551,-77.479329,51107,VA
way,597970809,2020-11-18,tag_change,39.000512,-77.480584,51107,VA
way,597970811,2020-11-18,tag_change,39.000002,-77.478036,51107,VA
way,597970813,2020-11-18,tag_change,39.001102,-77.477145,51107,VA
way,649319778,2020-11-18,tag_change,39.017532,-77.465643,51107,VA
way,649365764,2020-11-18,tag_change,39.015475,-77.467331,51107,VA
way,701923203,2020-11-18,tag_change,39.007718,-77.467623,51107,VA
way,701923204,2020-11-18,tag_change,39.012707,-77.465536,51107,VA
way,258519934,2020-11-20,deletion,38.909245,-77.472245,51059,VA
way,258519959,2020-11-20,deletion,38.909798,-77.473466,51059,VA
way,544536822,2020-11-22,creation,42.688051,-84.643021,26045,MI
way,545060574,2020-11-22,creation,42.705390,-84.666089,26045,MI
way,258519934,2020-11-23,creation,38.909245,-77.472245,51059,VA
way,258519959,2020-11-23,creation,38.909798,-77.473466,51059,VA
node,8165754026,2020-11-25,creation,43.043928,-87.953944,55079,WI
way,168770080,2020-11-26,creation,43.779437,-79.489559,,
way,38305431,2020-11-29,geometry_change,37.372388,-121.973619,06085,CA
way,880301971,2020-12-02,creation,42.250548,-87.843060,17097,IL
way,610977485,2020-12-07,tag_change,39.025014,-77.457598,51107,VA
way,460089167,2020-12-11,deletion,35.314231,-81.822139,37161,NC
way,460089168,2020-12-11,deletion,35.317372,-81.826327,37161,NC
way,79158387,2020-12-13,tag_change,38.948446,-77.327284,51059,VA
node,8165754026,2020-12-15,tag_change,43.043934,-87.954101,55079,WI
node,8238715059,2020-12-17,creation,37.402745,-121.891052,06085,CA
node,8238715061,2020-12-17,creation,37.402634,-121.891057,06085,CA
way,460159925,2020-12-17,tag_change,37.403906,-121.889299,06085,CA
way,553223628,2020-12-17,creation,37.402550,-121.893373,06085,CA
way,553223629,2020-12-17,creation,37.402615,-121.892457,06085,CA
way,886028872,2020-12-17,creation,39.016095,-77.438354,51107,VA
way,299388896,2020-12-18,creation,37.405683,-121.916241,06085,CA
way,147350175,2020-12-20,creation,41.876103,-87.631510,17031,IL
way,685011021,2020-12-29,creation,33.452152,-111.977263,04013,AZ
way,890011248,2020-12-30,creation,42.717388,-83.413981,26125,MI
way,152163711,2021-01-11,creation,33.305358,-111.671704,04013,AZ
way,152163722,2021-01-11,creation,33.306272,-111.671700,04013,AZ
way,894425613,2021-01-12,creation,36.215352,-86.783684,47037,TN
way,464371693,2021-01-19,creation,38.254085,-122.273098,06055,CA
way,897226569,2021-01-19,creation,38.949330,-77.559464,51107,VA
way,897226573,2021-01-19,creation,38.949328,-77.555569,51107,VA
way,897226574,2021-01-19,creation,38.948054,-77.560593,51107,VA
way,897226575,2021-01-19,creation,38.949875,-77.560496,51107,VA
way,460056017,2021-01-20,geometry_change,38.915813,-77.491987,51107,VA
way,210222970,2021-01-21,creation,41.848794,-87.645505,17031,IL
way,897226573,2021-01-25,tag_change,38.949328,-77.555569,51107,VA
node,8376933943,2021-01-29,creation,45.879301,-72.546424,,
way,817699711,2021-01-29,deletion,45.879522,-72.545734,,
way,428021816,2021-02-01,geometry_change,34.047892,-118.255546,06037,CA
way,428021816,2021-02-01,tag_change,34.047894,-118.255545,06037,CA
way,428021796,2021-02-04,tag_change,34.047333,-118.257461,06037,CA
way,903642490,2021-02-04,creation,42.317296,-111.304245,16007,ID
way,209786637,2021-02-06,tag_change,41.842211,-87.669105,17031,IL
way,904453635,2021-02-06,creation,36.328074,-83.376704,47057,TN
way,328702378,2021-02-12,creation,45.547312,-122.897449,41067,OR
way,328702750,2021-02-12,creation,45.547612,-122.891935,41067,OR
way,328703599,2021-02-12,creation,45.550334,-122.892202,41067,OR
way,693385812,2021-02-15,geometry_change,38.943119,-77.524429,51107,VA
way,328703598,2021-02-17,creation,45.549821,-122.890851,41067,OR
way,328703599,2021-02-17,tag_change,45.550334,-122.892202,41067,OR
node,6401035673,2021-02-24,creation,35.467205,-97.649745,40109,OK
way,876020641,2021-02-24,creation,47.594616,-117.537148,53063,WA
node,8477460442,2021-03-02,creation,35.255316,-120.641513,06079,CA
way,209073658,2021-03-02,deletion,37.375777,-121.955193,06085,CA
way,224174031,2021-03-02,deletion,37.364310,-121.958799,06085,CA
way,223928497,2021-03-03,tag_change,47.614355,-122.338864,53033,WA
way,231664575,2021-03-03,creation,47.618985,-122.336462,53033,WA
way,231664575,2021-03-03,tag_change,47.618985,-122.336462,53033,WA
way,417682780,2021-03-03,creation,47.619338,-122.348140,53033,WA
way,417682780,2021-03-03,tag_change,47.619338,-122.348140,53033,WA
way,417682781,2021-03-03,creation,47.618923,-122.348588,53033,WA
way,417682781,2021-03-03,tag_change,47.618923,-122.348588,53033,WA
node,4880873533,2021-03-07,deletion,37.338376,-121.910555,06085,CA
way,37947314,2021-03-07,deletion,37.378434,-121.954992,06085,CA
node,8495327286,2021-03-08,creation,45.837558,-119.693958,41049,OR
node,8495327286,2021-03-08,deletion,45.837558,-119.693958,41049,OR
node,8495327290,2021-03-08,creation,45.846853,-119.605631,41049,OR
node,8495327290,2021-03-08,deletion,45.846853,-119.605631,41049,OR
node,8495327296,2021-03-08,creation,45.837922,-119.688819,41049,OR
node,8495327296,2021-03-08,deletion,45.837922,-119.688819,41049,OR
way,697417726,2021-03-08,creation,45.846655,-119.603709,41049,OR
way,697417726,2021-03-08,tag_change,45.846655,-119.603709,41049,OR
way,914613836,2021-03-08,creation,45.837924,-119.688355,41049,OR
way,914616809,2021-03-08,creation,45.837488,-119.693117,41049,OR
way,914616810,2021-03-08,creation,45.846655,-119.605645,41049,OR
way,46128119,2021-03-12,tag_change,39.102695,-84.517898,39061,OH
way,916148870,2021-03-12,creation,43.044985,-78.749207,36029,NY
way,539761458,2021-03-13,deletion,36.238477,-95.324373,40097,OK
way,539761459,2021-03-13,deletion,36.238992,-95.320861,40097,OK
way,539761460,2021-03-13,deletion,36.237339,-95.322193,40097,OK
way,539761514,2021-03-13,deletion,36.241438,-95.322987,40097,OK
way,844380836,2021-03-13,deletion,36.241376,-95.320322,40097,OK
way,844380840,2021-03-13,deletion,36.247281,-95.321077,40097,OK
way,610977485,2021-03-20,tag_change,39.025014,-77.457598,51107,VA
way,300163083,2021-03-21,tag_change,39.022765,-77.454869,51107,VA
way,734323663,2021-03-21,creation,45.567948,-122.916856,41067,OR
way,328703599,2021-03-22,tag_change,45.550334,-122.892202,41067,OR
way,471691760,2021-03-22,creation,45.558285,-122.917092,41067,OR
way,52059176,2021-03-23,creation,45.549584,-122.937393,41067,OR
way,325096144,2021-03-23,creation,45.550115,-122.931781,41067,OR
way,328702378,2021-03-23,tag_change,45.547312,-122.897449,41067,OR
way,729192992,2021-03-23,creation,45.558800,-122.927837,41067,OR
way,860433344,2021-03-23,creation,45.555216,-122.939868,41067,OR
way,899634245,2021-03-23,creation,45.554117,-122.938082,41067,OR
way,918873142,2021-03-23,creation,45.558927,-122.937838,41067,OR
way,918873142,2021-03-23,tag_change,45.558927,-122.937838,41067,OR
way,303903727,2021-03-25,creation,34.664612,-86.767485,01089,AL
way,880301971,2021-03-26,deletion,42.250548,-87.843060,17097,IL
way,95782052,2021-03-27,deletion,40.796864,-74.031141,34017,NJ
way,193611192,2021-03-27,tag_change,40.778602,-74.072301,34017,NJ
way,95782052,2021-03-28,creation,40.796864,-74.031141,34017,NJ
way,193611192,2021-03-28,tag_change,40.778602,-74.072301,34017,NJ
way,923167491,2021-03-28,creation,35.179383,-80.570175,37179,NC
way,353371044,2021-03-30,creation,45.489485,-122.878685,41067,OR
way,918873142,2021-04-01,geometry_change,45.559274,-122.937900,41067,OR
way,697413741,2021-04-05,creation,45.913883,-119.267714,41059,OR
way,223928497,2021-04-10,tag_change,47.614355,-122.338864,53033,WA
way,359930465,2021-04-10,tag_change,47.614423,-122.339743,53033,WA
way,793888408,2021-04-10,tag_change,39.022500,-77.450256,51107,VA
way,930043986,2021-04-13,creation,43.012076,-76.115925,36067,NY
way,930540164,2021-04-14,creation,33.153600,-117.238846,06073,CA
way,729192992,2021-04-15,tag_change,45.558800,-122.927837,41067,OR
way,931369845,2021-04-16,creation,39.293559,-76.551738,24510,MD
way,38456035,2021-04-17,deletion,40.586102,-111.969733,49035,UT
way,300970761,2021-04-17,creation,39.015611,-77.483284,51107,VA
way,460053028,2021-04-17,creation,39.026569,-77.451292,51107,VA
way,851243271,2021-04-17,deletion,39.013038,-77.473068,51107,VA
node,8641856300,2021-04-19,creation,42.627942,-82.988394,26099,MI
node,8238715059,2021-04-26,tag_change,37.402745,-121.891051,06085,CA
node,8238715061,2021-04-26,tag_change,37.402634,-121.891057,06085,CA
way,460182335,2021-04-28,deletion,40.536020,-74.553409,34035,NJ
way,578443547,2021-04-28,deletion,41.923006,-87.918241,17031,IL
way,936368014,2021-04-28,creation,40.524241,-74.547986,34035,NJ
node,7171975407,2021-05-01,creation,43.657839,-70.261379,23005,ME
way,667796922,2021-05-01,creation,43.895075,-69.923139,23005,ME
way,317466755,2021-05-03,tag_change,42.216757,-87.952847,17097,IL
way,733721782,2021-05-07,creation,44.926549,-123.001861,41047,OR
node,8712918739,2021-05-08,creation,45.423592,-73.913817,,
way,940821791,2021-05-08,creation,33.394410,-111.952491,04013,AZ
way,714941629,2021-05-13,creation,41.121787,-96.143741,31153,NE
way,844394339,2021-05-13,deletion,41.123542,-96.144190,31153,NE
way,844394340,2021-05-13,deletion,41.120732,-96.144854,31153,NE
way,844394357,2021-05-13,deletion,41.134975,-96.146730,31153,NE
way,709060288,2021-05-15,creation,46.796257,-71.306170,,
node,8376933943,2021-05-19,tag_change,45.879301,-72.546424,,
way,607753694,2021-05-23,creation,41.220408,-96.147619,31055,NE
way,946014659,2021-05-23,creation,36.081251,-95.854149,40143,OK
node,8767284091,2021-05-26,creation,41.707078,-72.589864,09110,CT
way,838366893,2021-05-26,deletion,41.707069,-72.589867,09110,CT
way,667796922,2021-05-27,geometry_change,43.895071,-69.923151,23005,ME
way,630342220,2021-05-29,tag_change,33.376123,-111.818306,04013,AZ
relation,1701662,2021-05-30,tag_change,45.308600,-73.893882,,
way,530982335,2021-05-30,tag_change,33.361914,-111.839309,04013,AZ
way,697021949,2021-06-01,creation,38.815816,-77.652695,51153,VA
way,930043986,2021-06-01,tag_change,43.012076,-76.115925,36067,NY
way,607483487,2021-06-06,creation,39.830930,-75.195323,34015,NJ
way,36897140,2021-06-07,creation,39.294053,-84.412124,39061,OH
way,377545385,2021-06-08,geometry_change,39.558971,-104.837553,08035,CO
way,377545385,2021-06-08,tag_change,39.558971,-104.837553,08035,CO
way,778989332,2021-06-08,creation,39.559072,-104.833588,08035,CO
way,273896096,2021-06-14,creation,38.984887,-77.425649,51107,VA
way,273896102,2021-06-14,creation,38.983604,-77.424105,51107,VA
way,701924667,2021-06-14,geometry_change,38.988603,-77.411652,51107,VA
way,701924668,2021-06-14,geometry_change,38.987847,-77.411119,51107,VA
way,701924669,2021-06-14,geometry_change,38.986943,-77.410475,51107,VA
way,701929066,2021-06-14,creation,38.981641,-77.427425,51107,VA
way,744491691,2021-06-14,creation,38.982552,-77.424626,51107,VA
way,817338831,2021-06-14,creation,38.981455,-77.417550,51107,VA
way,817338832,2021-06-14,creation,38.982388,-77.416786,51107,VA
way,147350175,2021-06-15,tag_change,41.876103,-87.631510,17031,IL
way,612045611,2021-06-20,creation,40.570372,-74.670330,34035,NJ
way,59294476,2021-06-27,geometry_change,39.004699,-77.441764,51107,VA
way,299927846,2021-06-27,geometry_change,38.993787,-77.450510,51107,VA
way,299929061,2021-06-27,geometry_change,38.988723,-77.447671,51107,VA
way,299946152,2021-06-27,geometry_change,38.994637,-77.447902,51107,VA
way,460056019,2021-06-27,geometry_change,38.991414,-77.436507,51107,VA
way,460056020,2021-06-27,geometry_change,38.990568,-77.437062,51107,VA
way,460056023,2021-06-27,geometry_change,38.990699,-77.448825,51107,VA
way,460056024,2021-06-27,geometry_change,38.991693,-77.448579,51107,VA
way,460175664,2021-06-27,geometry_change,38.994227,-77.448189,51107,VA
way,465062052,2021-06-27,geometry_change,38.991814,-77.441168,51107,VA
way,465062053,2021-06-27,geometry_change,38.990964,-77.441870,51107,VA
way,697020849,2021-06-27,geometry_change,38.986279,-77.441842,51107,VA
way,697020850,2021-06-27,geometry_change,38.986997,-77.442638,51107,VA
way,701924664,2021-06-27,geometry_change,39.000655,-77.439820,51107,VA
way,701924665,2021-06-27,geometry_change,39.002398,-77.437669,51107,VA
way,794147657,2021-06-27,geometry_change,38.996725,-77.435598,51107,VA
way,958728802,2021-06-28,creation,28.577943,-81.564545,12095,FL
way,71187940,2021-07-02,creation,42.326266,-83.076986,26163,MI
way,325096144,2021-07-05,geometry_change,45.550182,-122.931812,41067,OR
node,8897151054,2021-07-06,creation,37.334118,-121.891646,06085,CA
node,8897151054,2021-07-06,tag_change,37.334118,-121.891646,06085,CA
way,52094294,2021-07-13,geometry_change,39.024755,-77.412204,51107,VA
way,435324552,2021-07-13,geometry_change,39.025947,-77.414523,51107,VA
way,52094269,2021-07-14,geometry_change,39.023907,-77.415190,51107,VA
way,52094270,2021-07-14,geometry_change,39.023321,-77.413201,51107,VA
way,701930919,2021-07-14,creation,39.021167,-77.413220,51107,VA
way,744496741,2021-07-14,creation,39.023698,-77.419095,51107,VA
way,744496750,2021-07-14,creation,39.024346,-77.420439,51107,VA
way,48242814,2021-07-18,geometry_change,39.021646,-77.432876,51107,VA
way,48242816,2021-07-18,geometry_change,39.021569,-77.434794,51107,VA
way,435817145,2021-07-18,geometry_change,39.024327,-77.434034,51107,VA
way,701930920,2021-07-18,geometry_change,39.020225,-77.433886,51107,VA
way,701930921,2021-07-18,geometry_change,39.019169,-77.434030,51107,VA
way,793087859,2021-07-18,geometry_change,39.018506,-77.438835,51107,VA
way,852039781,2021-07-18,geometry_change,39.016928,-77.439384,51107,VA
way,300969614,2021-07-19,geometry_change,39.003326,-77.487091,51107,VA
way,300969615,2021-07-19,geometry_change,39.002752,-77.485449,51107,VA
way,300969616,2021-07-19,geometry_change,39.002011,-77.483343,51107,VA
way,300969617,2021-07-19,geometry_change,39.002755,-77.481954,51107,VA
way,300969619,2021-07-19,geometry_change,39.004286,-77.484350,51107,VA
way,460175672,2021-07-19,geometry_change,39.005044,-77.485610,51107,VA
way,597970806,2021-07-19,geometry_change,39.001545,-77.479337,51107,VA
way,597970809,2021-07-19,geometry_change,39.000511,-77.480596,51107,VA
way,597970811,2021-07-19,geometry_change,39.000005,-77.478065,51107,VA
way,597970813,2021-07-19,geometry_change,39.001104,-77.477157,51107,VA
way,965755845,2021-07-19,creation,44.938030,-123.033686,41047,OR
way,417682780,2021-07-20,geometry_change,47.619340,-122.348140,53033,WA
way,531709017,2021-07-21,creation,32.747526,-117.158962,06073,CA
way,966520234,2021-07-22,creation,40.905497,-74.230083,34031,NJ
way,545060574,2021-07-24,tag_change,42.705390,-84.666089,26045,MI
way,377234820,2021-07-25,geometry_change,42.202510,-72.607878,25013,MA
way,218634904,2021-07-26,tag_change,35.310749,-83.181436,37099,NC
way,903642490,2021-07-27,tag_change,42.317296,-111.304245,16007,ID
node,8973042667,2021-08-02,creation,45.412619,-74.050506,,
node,8973042667,2021-08-02,tag_change,45.412619,-74.050506,,
way,46831933,2021-08-03,creation,38.778111,-77.594876,51153,VA
way,578443547,2021-08-04,creation,41.923006,-87.918241,17031,IL
way,709060288,2021-08-04,tag_change,46.796257,-71.306170,,
way,918873142,2021-08-04,tag_change,45.559531,-122.938091,41067,OR
relation,2744301,2021-08-10,creation,40.544239,-74.496539,34023,NJ
way,204460799,2021-08-10,creation,40.546826,-74.492029,34023,NJ
way,204460812,2021-08-10,creation,40.544882,-74.495381,34023,NJ
way,714529942,2021-08-10,creation,40.537993,-74.545674,34035,NJ
way,187574082,2021-08-11,creation,40.494903,-74.443095,34023,NJ
way,899634245,2021-08-12,tag_change,45.554200,-122.937978,41067,OR
way,713410334,2021-08-20,creation,33.744222,-84.581212,13097,GA
way,844352473,2021-08-20,geometry_change,33.749719,-84.584821,13097,GA
way,975064000,2021-08-20,creation,33.746562,-84.579738,13097,GA
way,975064004,2021-08-20,creation,33.755025,-84.587269,13097,GA
way,460067225,2021-08-22,geometry_change,40.060059,-83.134317,39049,OH
way,975484796,2021-08-22,creation,40.059325,-83.134606,39049,OH
way,975484797,2021-08-22,creation,40.058529,-83.134290,39049,OH
way,975484797,2021-08-22,geometry_change,40.058529,-83.134290,39049,OH
way,975484798,2021-08-22,creation,40.060780,-83.132753,39049,OH
way,300959969,2021-08-29,creation,33.276911,-111.885909,04013,AZ
way,59294476,2021-09-09,tag_change,39.004699,-77.441764,51107,VA
way,220518160,2021-09-12,creation,33.344648,-111.899227,04013,AZ
way,59294476,2021-09-13,tag_change,39.004699,-77.441764,51107,VA
way,273896089,2021-09-13,creation,38.984418,-77.423817,51107,VA
way,273896089,2021-09-13,tag_change,38.984418,-77.423817,51107,VA
way,273896102,2021-09-13,tag_change,38.983604,-77.424105,51107,VA
way,300163074,2021-09-13,tag_change,39.022140,-77.453610,51107,VA
way,460056019,2021-09-13,tag_change,38.991414,-77.436507,51107,VA
way,460056020,2021-09-13,tag_change,38.990568,-77.437062,51107,VA
way,460175666,2021-09-13,tag_change,39.021734,-77.452747,51107,VA
way,463571875,2021-09-13,tag_change,39.026367,-77.449512,51107,VA
way,463571876,2021-09-13,tag_change,39.026359,-77.450869,51107,VA
way,465062053,2021-09-13,tag_change,38.990964,-77.441870,51107,VA
way,556599693,2021-09-13,tag_change,39.027915,-77.457508,51107,VA
way,556599694,2021-09-13,tag_change,39.029570,-77.459683,51107,VA
way,556599695,2021-09-13,tag_change,39.028786,-77.458252,51107,VA
way,596690174,2021-09-13,tag_change,39.027126,-77.452824,51107,VA
way,596690175,2021-09-13,tag_change,39.023007,-77.449758,51107,VA
way,697020849,2021-09-13,tag_change,38.986279,-77.441842,51107,VA
way,697020850,2021-09-13,tag_change,38.986997,-77.442638,51107,VA
way,701924664,2021-09-13,tag_change,39.000655,-77.439820,51107,VA
way,701924665,2021-09-13,tag_change,39.002398,-77.437669,51107,VA
way,701924667,2021-09-13,tag_change,38.988603,-77.411652,51107,VA
way,701924668,2021-09-13,tag_change,38.987847,-77.411119,51107,VA
way,701924669,2021-09-13,tag_change,38.986943,-77.410475,51107,VA
way,701929066,2021-09-13,tag_change,38.981641,-77.427425,51107,VA
way,744491691,2021-09-13,tag_change,38.982552,-77.424626,51107,VA
way,793888408,2021-09-13,tag_change,39.022500,-77.450256,51107,VA
node,9092482804,2021-09-14,creation,39.025485,-77.414700,51107,VA
way,48242814,2021-09-14,tag_change,39.021646,-77.432876,51107,VA
way,48242816,2021-09-14,tag_change,39.021569,-77.434794,51107,VA
way,52094269,2021-09-14,tag_change,39.023907,-77.415190,51107,VA
way,52094270,2021-09-14,tag_change,39.023321,-77.413201,51107,VA
way,52094294,2021-09-14,tag_change,39.024755,-77.412204,51107,VA
way,218634904,2021-09-14,deletion,35.310749,-83.181436,37099,NC
way,222672860,2021-09-14,creation,38.815066,-77.648763,51153,VA
way,222672860,2021-09-14,tag_change,38.815066,-77.648763,51153,VA
way,273896089,2021-09-14,tag_change,38.984418,-77.423817,51107,VA
way,273896096,2021-09-14,tag_change,38.984887,-77.425649,51107,VA
way,299927846,2021-09-14,tag_change,38.993787,-77.450510,51107,VA
way,299946152,2021-09-14,tag_change,38.994637,-77.447902,51107,VA
way,380282154,2021-09-14,tag_change,39.048728,-77.445415,51107,VA
way,435324552,2021-09-14,tag_change,39.025947,-77.414523,51107,VA
way,460053028,2021-09-14,tag_change,39.026569,-77.451292,51107,VA
way,460056023,2021-09-14,tag_change,38.990699,-77.448825,51107,VA
way,460056024,2021-09-14,tag_change,38.991693,-77.448579,51107,VA
way,463571875,2021-09-14,tag_change,39.026367,-77.449512,51107,VA
way,463571876,2021-09-14,tag_change,39.026359,-77.450869,51107,VA
way,465062052,2021-09-14,tag_change,38.991814,-77.441168,51107,VA
way,465062053,2021-09-14,tag_change,38.990964,-77.441870,51107,VA
way,556599693,2021-09-14,tag_change,39.027915,-77.457508,51107,VA
way,556599694,2021-09-14,tag_change,39.029570,-77.459683,51107,VA
way,556599695,2021-09-14,tag_change,39.028786,-77.458252,51107,VA
way,596690174,2021-09-14,tag_change,39.027126,-77.452824,51107,VA
way,697021948,2021-09-14,tag_change,38.815135,-77.652940,51153,VA
way,701924665,2021-09-14,tag_change,39.002398,-77.437669,51107,VA
way,701924667,2021-09-14,tag_change,38.988603,-77.411652,51107,VA
way,701924668,2021-09-14,tag_change,38.987847,-77.411119,51107,VA
way,701924669,2021-09-14,tag_change,38.986943,-77.410475,51107,VA
way,701929066,2021-09-14,tag_change,38.981641,-77.427425,51107,VA
way,701930919,2021-09-14,tag_change,39.021167,-77.413220,51107,VA
way,701930920,2021-09-14,tag_change,39.020225,-77.433886,51107,VA
way,701930921,2021-09-14,tag_change,39.019169,-77.434030,51107,VA
way,744491691,2021-09-14,tag_change,38.982552,-77.424626,51107,VA
way,817338831,2021-09-14,tag_change,38.981455,-77.417550,51107,VA
way,828135845,2021-09-14,tag_change,38.816111,-77.652517,51153,VA
way,59294476,2021-09-15,tag_change,39.004699,-77.441764,51107,VA
way,983627455,2021-09-17,creation,39.026301,-77.434028,51107,VA
way,172739953,2021-09-19,creation,36.059914,-115.210250,32003,NV
way,204316962,2021-09-19,creation,40.520901,-74.347317,34023,NJ
way,585998677,2021-09-19,creation,36.057834,-115.214258,32003,NV
way,585998678,2021-09-19,creation,36.055692,-115.219641,32003,NV
way,617194689,2021-09-19,creation,36.055877,-115.214204,32003,NV
way,984796364,2021-09-19,creation,36.055563,-115.223095,32003,NV
node,7727446947,2021-09-20,tag_change,33.376998,-111.843245,04013,AZ
way,129410909,2021-09-20,creation,37.373225,-79.253606,51019,VA
way,701924665,2021-09-20,geometry_change,39.002395,-77.437661,51107,VA
way,985207884,2021-09-20,creation,39.001779,-77.438071,51107,VA
way,919948160,2021-09-21,creation,42.675665,-87.918405,55101,WI
way,239032142,2021-09-28,creation,43.606977,-96.808992,46099,SD
way,491914767,2021-09-28,creation,41.506358,-81.683599,39035,OH
way,300970761,2021-09-30,tag_change,39.015611,-77.483284,51107,VA
way,850965775,2021-10-01,geometry_change,32.538722,-96.804396,48139,TX
node,7821940847,2021-10-02,tag_change,33.379996,-111.728307,04013,AZ
way,52059176,2021-10-04,tag_change,45.549584,-122.937393,41067,OR
way,353371044,2021-10-04,deletion,45.489485,-122.878685,41067,OR
way,460182330,2021-10-04,deletion,40.539791,-74.542137,34035,NJ
way,701931820,2021-10-04,creation,38.916076,-77.477251,51107,VA
way,714529942,2021-10-04,deletion,40.537993,-74.545674,34035,NJ
way,989352911,2021-10-04,creation,40.543350,-74.538428,34035,NJ
way,989735623,2021-10-04,creation,38.916576,-77.479742,51107,VA
way,989735624,2021-10-04,creation,38.916151,-77.478705,51107,VA
way,545396372,2021-10-06,creation,38.949322,-77.519875,51107,VA
way,693381106,2021-10-06,creation,38.948687,-77.520951,51107,VA
way,693381107,2021-10-06,creation,38.948386,-77.521831,51107,VA
way,693385812,2021-10-06,tag_change,38.943154,-77.524369,51107,VA
way,794147654,2021-10-06,geometry_change,39.010157,-77.462785,51107,VA
way,990537813,2021-10-06,creation,38.947946,-77.523107,51107,VA
way,990537858,2021-10-06,creation,38.957887,-77.505485,51107,VA
way,685011021,2021-10-07,geometry_change,33.452152,-111.977263,04013,AZ
way,836947535,2021-10-08,geometry_change,33.475421,-111.719165,04013,AZ
way,777196805,2021-10-10,creation,40.544219,-75.654241,42077,PA
way,435518280,2021-10-13,tag_change,25.782379,-80.193076,12086,FL
way,222672860,2021-10-15,geometry_change,38.815061,-77.648764,51153,VA
way,697021948,2021-10-15,geometry_change,38.815132,-77.652919,51153,VA
way,828135845,2021-10-15,geometry_change,38.816103,-77.652499,51153,VA
way,52059176,2021-10-18,tag_change,45.549584,-122.937393,41067,OR
way,729192992,2021-10-18,tag_change,45.558800,-122.927837,41067,OR
way,734323663,2021-10-18,tag_change,45.567948,-122.916856,41067,OR
way,860433344,2021-10-19,geometry_change,45.555216,-122.939868,41067,OR
way,209786637,2021-10-20,tag_change,41.842211,-87.669105,17031,IL
way,362662493,2021-10-20,tag_change,40.557163,-74.484187,34023,NJ
node,9190480200,2021-10-21,creation,30.178137,-95.486046,48339,TX
way,744177375,2021-10-21,creation,30.177783,-95.486526,48339,TX
way,45776978,2021-10-26,geometry_change,38.790500,-77.541111,51153,VA
way,460059465,2021-10-26,geometry_change,38.789932,-77.548217,51153,VA
way,460060339,2021-10-26,tag_change,38.777709,-77.558401,51153,VA
way,490997243,2021-10-26,creation,38.777980,-77.559099,51153,VA
way,490997244,2021-10-26,creation,38.777437,-77.557891,51153,VA
way,667573133,2021-10-26,creation,38.779381,-77.541725,51153,VA
way,696992451,2021-10-26,creation,38.790982,-77.548317,51153,VA
way,996723585,2021-10-26,creation,38.777060,-77.546261,51153,VA
way,996723586,2021-10-26,creation,38.777917,-77.547073,51153,VA
way,996723587,2021-10-26,creation,38.780152,-77.539884,51153,VA
way,996723588,2021-10-26,creation,38.778451,-77.539427,51153,VA
way,996723589,2021-10-26,creation,38.779342,-77.542896,51153,VA
way,882977350,2021-10-27,creation,38.717028,-77.499897,51153,VA
way,996899486,2021-10-27,creation,38.735970,-77.504901,51153,VA
way,996899487,2021-10-27,creation,38.735440,-77.505695,51153,VA
way,996899488,2021-10-27,creation,38.734598,-77.506642,51153,VA
way,996899489,2021-10-27,creation,38.723182,-77.499009,51153,VA
way,706726088,2021-10-28,creation,39.051585,-77.539391,51107,VA
way,710070925,2021-10-28,tag_change,39.052641,-77.539577,51107,VA
way,844374689,2021-10-28,creation,39.050608,-77.540026,51107,VA
way,460053028,2021-10-30,tag_change,39.026573,-77.451056,51107,VA
way,556599693,2021-10-30,geometry_change,39.027908,-77.457503,51107,VA
way,556599695,2021-10-30,geometry_change,39.028774,-77.458246,51107,VA
way,610977485,2021-10-30,geometry_change,39.025010,-77.457639,51107,VA
way,701930929,2021-10-30,geometry_change,39.035494,-77.450699,51107,VA
way,701930930,2021-10-30,geometry_change,39.036294,-77.449795,51107,VA
way,793087859,2021-10-30,geometry_change,39.018507,-77.438839,51107,VA
way,852039781,2021-10-30,geometry_change,39.016930,-77.439387,51107,VA
way,886028872,2021-10-30,geometry_change,39.016082,-77.438384,51107,VA
way,578412815,2021-11-01,creation,34.830228,-106.779896,35061,NM
way,701924664,2021-11-01,tag_change,39.000655,-77.439820,51107,VA
way,132746406,2021-11-04,tag_change,37.445897,-122.160776,06085,CA
way,35491576,2021-11-08,tag_change,37.241587,-121.783320,06085,CA
way,161126131,2021-11-08,tag_change,37.242041,-121.781839,06085,CA
way,918873142,2021-11-09,geometry_change,45.559531,-122.938091,41067,OR
way,46831933,2021-11-18,tag_change,38.778111,-77.594876,51153,VA
way,59244466,2021-11-19,creation,43.601521,-79.529090,,
way,59244466,2021-11-19,tag_change,43.601521,-79.529090,,
way,729192992,2021-11-22,geometry_change,45.558859,-122.927821,41067,OR
way,460076753,2021-11-23,tag_change,37.388199,-121.888548,06085,CA
way,1006315992,2021-11-26,creation,45.530188,-73.606866,,
way,1007825570,2021-11-30,creation,33.776982,-84.419537,13121,GA
way,1010260674,2021-12-08,creation,29.418988,-98.787471,48029,TX
way,1010260675,2021-12-08,creation,29.412977,-98.806374,48325,TX
way,1010260676,2021-12-08,creation,29.415797,-98.803316,48029,TX
way,1010260677,2021-12-08,creation,29.415796,-98.804515,48029,TX
way,1013396352,2021-12-18,creation,36.182998,-115.062669,32003,NV
way,377234820,2021-12-19,deletion,42.202510,-72.607878,25013,MA
way,147350175,2021-12-20,geometry_change,41.876156,-87.631469,17031,IL
way,48242814,2021-12-26,tag_change,39.021646,-77.432876,51107,VA
way,48242816,2021-12-26,tag_change,39.021569,-77.434794,51107,VA
way,299927846,2021-12-26,tag_change,38.993787,-77.450510,51107,VA
way,299929061,2021-12-26,tag_change,38.988723,-77.447671,51107,VA
way,460056017,2021-12-26,tag_change,38.915813,-77.491987,51107,VA
way,460056020,2021-12-26,tag_change,38.990568,-77.437062,51107,VA
way,460056023,2021-12-26,tag_change,38.990699,-77.448825,51107,VA
way,460056024,2021-12-26,tag_change,38.991693,-77.448579,51107,VA
way,460059465,2021-12-26,tag_change,38.789932,-77.548217,51153,VA
way,460060340,2021-12-26,tag_change,38.792226,-77.548450,51153,VA
way,460060341,2021-12-26,tag_change,38.791069,-77.548372,51153,VA
way,465062053,2021-12-26,tag_change,38.990964,-77.441870,51107,VA
way,544596573,2021-12-26,creation,38.916862,-77.493226,51107,VA
way,556599693,2021-12-26,tag_change,39.027908,-77.457503,51107,VA
way,556599694,2021-12-26,tag_change,39.029570,-77.459683,51107,VA
way,556599695,2021-12-26,tag_change,39.028774,-77.458246,51107,VA
way,697020849,2021-12-26,tag_change,38.986279,-77.441842,51107,VA
way,697020850,2021-12-26,tag_change,38.986997,-77.442638,51107,VA
way,701929066,2021-12-26,tag_change,38.981641,-77.427425,51107,VA
way,701931819,2021-12-26,creation,38.916990,-77.494409,51107,VA
way,817338832,2021-12-26,tag_change,38.982388,-77.416786,51107,VA
way,954433119,2021-12-26,creation,38.979868,-77.425480,51107,VA
way,958662382,2021-12-26,creation,38.995012,-77.435359,51107,VA
way,45776978,2021-12-27,tag_change,38.790500,-77.541111,51153,VA
way,45776979,2021-12-27,tag_change,38.790350,-77.540006,51153,VA
way,45776988,2021-12-27,tag_change,38.791204,-77.538277,51153,VA
way,109458128,2021-12-27,geometry_change,40.710890,-74.001204,36061,NY
way,258343744,2021-12-27,tag_change,38.899652,-77.453440,51059,VA
way,258343749,2021-12-27,tag_change,38.897859,-77.454075,51059,VA
way,578435601,2021-12-27,creation,33.750590,-84.585223,13097,GA
way,844352473,2021-12-27,deletion,33.749719,-84.584821,13097,GA
way,844352474,2021-12-27,deletion,33.752055,-84.586941,13097,GA
way,251716328,2021-12-28,tag_change,38.910133,-77.472580,51059,VA
way,460060339,2021-12-28,deletion,38.777709,-77.558401,51153,VA
way,490997243,2021-12-28,tag_change,38.777980,-77.559099,51153,VA
way,490997244,2021-12-28,tag_change,38.777437,-77.557891,51153,VA
way,903642490,2021-12-30,geometry_change,42.317296,-111.304245,16007,ID
node,2603780321,2022-01-01,creation,36.144740,-115.077921,32003,NV
way,254756938,2022-01-01,creation,36.143713,-115.083388,32003,NV
node,7985753364,2022-01-04,tag_change,38.913724,-77.225882,51059,VA
way,396296733,2022-01-04,creation,47.841805,-122.301714,53061,WA
way,396296733,2022-01-04,geometry_change,47.841811,-122.301690,53061,WA
way,36897140,2022-01-10,tag_change,39.294048,-84.412113,39061,OH
way,460067220,2022-01-11,tag_change,40.093883,-82.751711,39089,OH
way,300969614,2022-01-13,geometry_change,39.003336,-77.487094,51107,VA
way,300969616,2022-01-13,geometry_change,39.002021,-77.483345,51107,VA
way,300969619,2022-01-13,geometry_change,39.004292,-77.484355,51107,VA
way,301419810,2022-01-13,deletion,39.000844,-77.479236,51107,VA
way,460175672,2022-01-13,geometry_change,39.005052,-77.485612,51107,VA
way,597970806,2022-01-13,geometry_change,39.001552,-77.479344,51107,VA
way,597970811,2022-01-13,geometry_change,39.000010,-77.478070,51107,VA
way,597970813,2022-01-13,geometry_change,39.001110,-77.477184,51107,VA
way,1003348567,2022-01-13,creation,38.998079,-77.475571,51107,VA
way,1020721870,2022-01-13,creation,35.249216,-91.740906,05145,AR
way,1020877488,2022-01-13,creation,38.995848,-77.471291,51107,VA
way,1020877489,2022-01-13,creation,38.996608,-77.473263,51107,VA
way,1020953454,2022-01-13,creation,39.004679,-77.484979,51107,VA
way,1020953461,2022-01-13,creation,39.001698,-77.481596,51107,VA
way,460159925,2022-01-17,tag_change,37.403904,-121.889297,06085,CA
relation,13691306,2022-01-19,creation,37.402577,-121.892409,06085,CA
way,460076753,2022-01-19,tag_change,37.388270,-121.888429,06085,CA
way,553223628,2022-01-19,tag_change,37.402559,-121.893382,06085,CA
way,553223629,2022-01-19,deletion,37.402212,-121.892384,06085,CA
way,273896089,2022-01-20,tag_change,38.984418,-77.423817,51107,VA
way,701924667,2022-01-20,tag_change,38.988603,-77.411652,51107,VA
way,701924668,2022-01-20,tag_change,38.987847,-77.411119,51107,VA
way,701924669,2022-01-20,tag_change,38.986943,-77.410475,51107,VA
way,701929066,2022-01-20,geometry_change,38.981643,-77.427422,51107,VA
way,954433119,2022-01-20,tag_change,38.979868,-77.425480,51107,VA
way,1022744244,2022-01-20,creation,38.981911,-77.417269,51107,VA
way,1022744248,2022-01-20,creation,38.987830,-77.411108,51107,VA
way,1022757169,2022-01-20,creation,38.981619,-77.426058,51107,VA
way,1022757170,2022-01-20,creation,38.984732,-77.425784,51107,VA
way,364289073,2022-01-23,tag_change,29.478216,-98.690721,48029,TX
way,364289074,2022-01-23,tag_change,29.479926,-98.692608,48029,TX
way,364289077,2022-01-23,tag_change,29.481066,-98.696559,48029,TX
relation,9892863,2022-01-24,tag_change,37.488771,-77.246016,51087,VA
way,609126465,2022-01-24,creation,28.617468,-81.393439,12095,FL
way,531709017,2022-01-26,geometry_change,32.747575,-117.158948,06073,CA
way,696985482,2022-01-26,creation,38.999459,-77.449876,51107,VA
way,701923200,2022-01-26,creation,38.999515,-77.450171,51107,VA
way,1025002889,2022-01-26,creation,39.005727,-77.449442,51107,VA
node,6685432442,2022-01-27,tag_change,39.515741,-119.471345,32029,NV
way,531709017,2022-01-27,tag_change,32.747575,-117.158948,06073,CA
way,1011125238,2022-01-27,creation,43.051389,-88.216665,55133,WI
way,39083830,2022-01-29,creation,34.093708,-84.250876,13121,GA
way,860433344,2022-01-30,tag_change,45.555216,-122.939868,41067,OR
way,1027471509,2022-02-03,creation,45.846668,-119.607039,41049,OR
way,1027471510,2022-02-03,creation,45.846688,-119.608936,41049,OR
way,578412815,2022-02-06,tag_change,34.830228,-106.779896,35061,NM
way,588273961,2022-02-07,creation,40.497772,-74.613038,34035,NJ
way,758580536,2022-02-08,creation,40.528072,-74.682816,34035,NJ
way,729192992,2022-02-10,geometry_change,45.558767,-122.927830,41067,OR
way,860433344,2022-02-10,geometry_change,45.555200,-122.939887,41067,OR
way,899634245,2022-02-10,geometry_change,45.554193,-122.938005,41067,OR
way,918873142,2022-02-10,geometry_change,45.559469,-122.938247,41067,OR
way,918873142,2022-02-10,tag_change,45.559469,-122.938247,41067,OR
way,156520409,2022-02-14,creation,41.853656,-87.618347,17031,IL
way,578443547,2022-02-14,tag_change,41.923006,-87.918241,17031,IL
way,426586135,2022-02-19,creation,39.922419,-104.983245,08001,CO
way,205823970,2022-02-20,creation,37.376118,-121.988688,06085,CA
way,205823971,2022-02-20,creation,37.376529,-121.988584,06085,CA
way,563533017,2022-02-21,tag_change,37.415939,-79.144220,51680,VA
way,1034230196,2022-02-22,creation,28.294078,-81.834849,12105,FL
way,1034230196,2022-02-22,geometry_change,28.294077,-81.834848,12105,FL
way,1034230196,2022-02-22,tag_change,28.294078,-81.834849,12105,FL
way,209105766,2022-02-23,creation,37.379779,-121.949910,06085,CA
way,343593591,2022-02-23,creation,41.905355,-88.219514,17043,IL
way,1034475557,2022-02-23,creation,36.059728,-115.147211,32003,NV
way,34770750,2022-02-24,creation,34.082251,-84.267471,13121,GA
way,635022480,2022-02-24,creation,34.057212,-84.273042,13121,GA
way,891031651,2022-02-24,creation,34.075922,-84.264316,13121,GA
way,1012918195,2022-02-24,creation,34.061007,-84.274013,13121,GA
way,328702750,2022-03-01,tag_change,45.547612,-122.891935,41067,OR
way,545704217,2022-03-01,creation,34.070704,-84.675907,13067,GA
way,278560778,2022-03-04,creation,33.657032,-84.415203,13121,GA
way,325096144,2022-03-04,geometry_change,45.550182,-122.931812,41067,OR
way,536784688,2022-03-04,creation,33.765144,-84.383736,13121,GA
way,734323663,2022-03-04,tag_change,45.567989,-122.916859,41067,OR
way,325096144,2022-03-05,geometry_change,45.550182,-122.931812,41067,OR
way,460050155,2022-03-07,geometry_change,39.021014,-77.451513,51107,VA
way,471691760,2022-03-08,tag_change,45.558285,-122.917092,41067,OR
way,714941629,2022-03-09,geometry_change,41.121787,-96.143741,31153,NE
way,293211687,2022-03-12,tag_change,47.493411,-122.288858,53033,WA
way,578412815,2022-03-15,tag_change,34.830228,-106.779896,35061,NM
way,1034230196,2022-03-15,tag_change,28.294077,-81.834848,12105,FL
way,343593591,2022-03-16,tag_change,41.905355,-88.219514,17043,IL
way,693385812,2022-03-21,tag_change,38.943154,-77.524369,51107,VA
way,460053028,2022-03-23,geometry_change,39.026575,-77.451065,51107,VA
way,596690174,2022-03-23,geometry_change,39.027109,-77.452829,51107,VA
way,713410334,2022-03-23,geometry_change,33.744228,-84.581216,13097,GA
way,460070145,2022-03-25,tag_change,45.852235,-119.629888,41049,OR
way,460070147,2022-03-25,tag_change,45.850881,-119.630524,41049,OR
way,697415323,2022-03-25,tag_change,45.853786,-119.630036,41049,OR
way,697417726,2022-03-25,tag_change,45.846655,-119.603709,41049,OR
way,914616810,2022-03-25,tag_change,45.846655,-119.605645,41049,OR
way,1027471509,2022-03-25,tag_change,45.846668,-119.607039,41049,OR
way,1027471510,2022-03-25,tag_change,45.846688,-119.608936,41049,OR
way,438078069,2022-03-29,tag_change,41.664241,-93.514728,19153,IA
way,438078070,2022-03-29,tag_change,41.665531,-93.508175,19153,IA
way,556564909,2022-03-29,tag_change,41.667071,-93.506466,19153,IA
way,788027103,2022-03-29,tag_change,41.667755,-93.516299,19153,IA
way,830881731,2022-03-29,tag_change,41.516741,-93.702542,19153,IA
way,830881732,2022-03-29,tag_change,41.515843,-93.702513,19153,IA
way,830881733,2022-03-29,tag_change,41.515818,-93.706301,19153,IA
way,830881734,2022-03-29,tag_change,41.516712,-93.706351,19153,IA
way,830881742,2022-03-29,tag_change,41.518502,-93.706331,19153,IA
way,830881743,2022-03-29,tag_change,41.517607,-93.706312,19153,IA
way,830881744,2022-03-29,tag_change,41.517641,-93.702493,19153,IA
way,830881745,2022-03-29,tag_change,41.518538,-93.702525,19153,IA
way,830885773,2022-03-29,tag_change,41.497871,-93.787039,19181,IA
way,830885774,2022-03-29,tag_change,41.498913,-93.787075,19181,IA
way,830931210,2022-03-29,tag_change,41.671173,-93.516628,19153,IA
way,191655977,2022-03-30,tag_change,41.221486,-95.863822,19155,IA
way,697021949,2022-03-30,geometry_change,38.815816,-77.652695,51153,VA
node,8712918739,2022-04-03,tag_change,45.423592,-73.913817,,
way,328703598,2022-04-08,geometry_change,45.549821,-122.890851,41067,OR
node,4879481820,2022-04-12,creation,33.771568,-84.366859,13121,GA
way,536784688,2022-04-12,tag_change,33.765144,-84.383736,13121,GA
node,9664758614,2022-04-14,creation,43.423052,-80.472772,,
node,9664758614,2022-04-14,tag_change,43.423052,-80.472772,,
node,9669340912,2022-04-16,creation,39.287626,-76.606423,24510,MD
node,9669405859,2022-04-16,creation,39.291758,-76.620374,24510,MD
node,9669639033,2022-04-16,creation,38.920854,-77.211571,51059,VA
way,151179323,2022-04-16,creation,33.494336,-112.070786,04013,AZ
way,234722029,2022-04-16,tag_change,39.016471,-77.459004,51107,VA
way,298127059,2022-04-16,tag_change,39.015560,-77.460326,51107,VA
way,298127420,2022-04-16,tag_change,39.015026,-77.459063,51107,VA
way,1052182309,2022-04-16,creation,33.493460,-112.070650,04013,AZ
way,1054387470,2022-04-24,creation,33.600761,-83.700342,13217,GA
way,438078070,2022-04-26,geometry_change,41.665531,-93.508175,19153,IA
way,578412815,2022-04-26,geometry_change,34.830228,-106.779896,35061,NM
way,284044002,2022-05-01,creation,33.925511,-84.481616,13067,GA
way,914616809,2022-05-04,geometry_change,45.837540,-119.693129,41049,OR
way,1057230915,2022-05-04,creation,45.836645,-119.688097,41049,OR
way,1057230916,2022-05-04,creation,45.836241,-119.692835,41049,OR
way,460070144,2022-05-05,tag_change,45.841003,-119.652769,41049,OR
way,460070145,2022-05-05,tag_change,45.852235,-119.629888,41049,OR
way,460070147,2022-05-05,tag_change,45.850881,-119.630524,41049,OR
way,592171280,2022-05-05,tag_change,45.840443,-119.654979,41049,OR
way,633034071,2022-05-05,tag_change,45.841414,-119.657933,41049,OR
way,697415321,2022-05-05,tag_change,45.841174,-119.655449,41049,OR
way,697415323,2022-05-05,tag_change,45.853786,-119.630036,41049,OR
way,697417726,2022-05-05,tag_change,45.846655,-119.603709,41049,OR
way,1027471509,2022-05-05,tag_change,45.846668,-119.607039,41049,OR
node,9721703993,2022-05-06,creation,43.009378,-87.961062,55079,WI
node,9664758614,2022-05-08,tag_change,43.423052,-80.472772,,
node,9736262934,2022-05-13,creation,42.990201,-78.812384,36029,NY
node,9190480200,2022-05-17,tag_change,30.178137,-95.486046,48339,TX
way,48242814,2022-05-17,tag_change,39.021646,-77.432876,51107,VA
way,48242816,2022-05-17,tag_change,39.021569,-77.434794,51107,VA
way,298127361,2022-05-17,tag_change,39.016186,-77.461601,51107,VA
way,298242260,2022-05-17,tag_change,39.021948,-77.460287,51107,VA
way,299927846,2022-05-17,tag_change,38.993787,-77.450510,51107,VA
way,299929061,2022-05-17,tag_change,38.988723,-77.447671,51107,VA
way,300163083,2022-05-17,tag_change,39.022765,-77.454869,51107,VA
way,460050155,2022-05-17,tag_change,39.021014,-77.451513,51107,VA
way,460053028,2022-05-17,tag_change,39.026575,-77.451065,51107,VA
way,460056019,2022-05-17,tag_change,38.991414,-77.436507,51107,VA
way,460056020,2022-05-17,tag_change,38.990568,-77.437062,51107,VA
way,460056023,2022-05-17,tag_change,38.990699,-77.448825,51107,VA
way,460056024,2022-05-17,tag_change,38.991693,-77.448579,51107,VA
way,463571875,2022-05-17,tag_change,39.026367,-77.449512,51107,VA
way,463571876,2022-05-17,tag_change,39.026359,-77.450869,51107,VA
way,465062052,2022-05-17,tag_change,38.991814,-77.441168,51107,VA
way,465062053,2022-05-17,tag_change,38.990964,-77.441870,51107,VA
way,556599693,2022-05-17,tag_change,39.027908,-77.457503,51107,VA
way,556599694,2022-05-17,tag_change,39.029570,-77.459683,51107,VA
way,556599695,2022-05-17,tag_change,39.028774,-77.458246,51107,VA
way,596690174,2022-05-17,tag_change,39.027109,-77.452829,51107,VA
way,596690175,2022-05-17,tag_change,39.023007,-77.449758,51107,VA
way,610977485,2022-05-17,tag_change,39.025010,-77.457639,51107,VA
way,649319778,2022-05-17,tag_change,39.017532,-77.465643,51107,VA
way,649365764,2022-05-17,tag_change,39.015475,-77.467331,51107,VA
way,701923204,2022-05-17,tag_change,39.012707,-77.465536,51107,VA
way,701924667,2022-05-17,tag_change,38.988603,-77.411652,51107,VA
way,701924668,2022-05-17,tag_change,38.987847,-77.411119,51107,VA
way,701924669,2022-05-17,tag_change,38.986943,-77.410475,51107,VA
way,701929066,2022-05-17,tag_change,38.981643,-77.427422,51107,VA
way,701930920,2022-05-17,tag_change,39.020225,-77.433886,51107,VA
way,701930921,2022-05-17,tag_change,39.019169,-77.434030,51107,VA
way,706726088,2022-05-17,tag_change,39.051585,-77.539391,51107,VA
way,710070925,2022-05-17,tag_change,39.052641,-77.539577,51107,VA
way,744491691,2022-05-17,tag_change,38.982552,-77.424626,51107,VA
way,793888408,2022-05-17,tag_change,39.022500,-77.450256,51107,VA
way,817338831,2022-05-17,tag_change,38.981455,-77.417550,51107,VA
way,817338832,2022-05-17,tag_change,38.982388,-77.416786,51107,VA
way,954433119,2022-05-17,tag_change,38.979868,-77.425480,51107,VA
way,515596349,2022-05-18,creation,45.497247,-73.563377,,
way,515596349,2022-05-18,geometry_change,45.497247,-73.563377,,
way,515596349,2022-05-18,tag_change,45.497247,-73.563377,,
way,300969614,2022-05-19,tag_change,39.003336,-77.487094,51107,VA
way,300969615,2022-05-19,tag_change,39.002752,-77.485449,51107,VA
way,300969616,2022-05-19,tag_change,39.002021,-77.483345,51107,VA
way,300969617,2022-05-19,tag_change,39.002755,-77.481954,51107,VA
way,300969619,2022-05-19,tag_change,39.004292,-77.484355,51107,VA
way,460056017,2022-05-19,tag_change,38.915813,-77.491987,51107,VA
way,460175672,2022-05-19,tag_change,39.005052,-77.485612,51107,VA
way,544596573,2022-05-19,tag_change,38.916885,-77.493251,51107,VA
way,597970806,2022-05-19,tag_change,39.001552,-77.479344,51107,VA
way,597970809,2022-05-19,tag_change,39.000511,-77.480596,51107,VA
way,597970811,2022-05-19,tag_change,39.000010,-77.478070,51107,VA
way,597970813,2022-05-19,tag_change,39.001110,-77.477184,51107,VA
way,701923200,2022-05-19,tag_change,38.999515,-77.450171,51107,VA
way,701923203,2022-05-19,tag_change,39.007718,-77.467623,51107,VA
way,701931819,2022-05-19,tag_change,38.916990,-77.494409,51107,VA
way,897226569,2022-05-19,tag_change,38.949330,-77.559464,51107,VA
way,45776978,2022-05-23,tag_change,38.790500,-77.541111,51153,VA
way,45776979,2022-05-23,tag_change,38.790350,-77.540006,51153,VA
way,45776988,2022-05-23,tag_change,38.791204,-77.538277,51153,VA
way,451413811,2022-05-23,tag_change,37.333638,-121.887975,06085,CA
way,460059465,2022-05-23,tag_change,38.789932,-77.548217,51153,VA
way,460060340,2022-05-23,tag_change,38.792226,-77.548450,51153,VA
way,460060341,2022-05-23,tag_change,38.791069,-77.548372,51153,VA
way,435518280,2022-05-24,geometry_change,25.782379,-80.193075,12086,FL
way,490997243,2022-05-24,tag_change,38.777980,-77.559099,51153,VA
way,490997244,2022-05-24,tag_change,38.777437,-77.557891,51153,VA
way,931369845,2022-05-25,tag_change,39.293559,-76.551738,24510,MD
way,258343744,2022-05-27,tag_change,38.899652,-77.453440,51059,VA
way,258343749,2022-05-27,tag_change,38.897859,-77.454075,51059,VA
way,460169266,2022-05-27,tag_change,39.014628,-77.478373,51107,VA
way,649365751,2022-05-27,geometry_change,39.017182,-77.470376,51107,VA
way,708916484,2022-05-27,geometry_change,39.015417,-77.478273,51107,VA
way,793888427,2022-05-27,geometry_change,39.014498,-77.479988,51107,VA
way,793888429,2022-05-27,geometry_change,39.018296,-77.472614,51107,VA
way,793888430,2022-05-27,geometry_change,39.019869,-77.472595,51107,VA
way,220518160,2022-05-28,tag_change,33.344648,-111.899227,04013,AZ
way,231769629,2022-05-30,tag_change,45.632441,-121.202298,41065,OR
way,231769631,2022-05-30,tag_change,45.631539,-121.199414,41065,OR
way,328702750,2022-05-30,tag_change,45.547617,-122.891958,41067,OR
way,593103300,2022-05-30,tag_change,45.631986,-121.200953,41065,OR
way,706760922,2022-05-30,tag_change,45.638011,-121.202616,41065,OR
way,734323663,2022-05-30,geometry_change,45.567993,-122.916853,41067,OR
way,734323663,2022-05-30,tag_change,45.567989,-122.916859,41067,OR
way,914616809,2022-05-30,tag_change,45.837540,-119.693129,41049,OR
node,8767284091,2022-06-10,tag_change,41.707078,-72.589864,09110,CT
node,9808044830,2022-06-10,creation,35.088629,-106.652646,35001,NM
node,9808044840,2022-06-10,creation,35.084449,-106.648985,35001,NM
way,610827834,2022-06-13,deletion,33.064447,-80.046085,45015,SC
way,610827835,2022-06-13,deletion,33.064161,-80.043634,45015,SC
way,610827836,2022-06-13,deletion,33.064272,-80.041453,45015,SC
way,610827837,2022-06-13,deletion,33.062060,-80.045044,45015,SC
way,610827838,2022-06-13,deletion,33.062047,-80.038360,45015,SC
way,610827839,2022-06-13,deletion,33.062105,-80.041222,45015,SC
way,626226408,2022-06-13,creation,33.063780,-80.042158,45015,SC
way,697021949,2022-06-13,geometry_change,38.815816,-77.652696,51153,VA
way,844351347,2022-06-13,deletion,33.062193,-80.039726,45015,SC
way,279410762,2022-06-18,tag_change,40.760765,-74.025758,34017,NJ
way,279410766,2022-06-18,tag_change,40.761831,-74.025025,34017,NJ
way,460167186,2022-06-20,tag_change,47.407164,-120.187490,53017,WA
way,460167187,2022-06-20,tag_change,47.408714,-120.189294,53017,WA
way,460167190,2022-06-20,geometry_change,47.407588,-120.191731,53017,WA
way,515596349,2022-06-20,tag_change,45.497247,-73.563377,,
way,813688319,2022-06-20,creation,47.407272,-120.213944,53017,WA
way,813688320,2022-06-20,creation,47.407417,-120.214134,53017,WA
way,813688320,2022-06-20,tag_change,47.407458,-120.214155,53017,WA
way,814061068,2022-06-20,creation,47.392149,-120.217462,53017,WA
way,814061069,2022-06-20,creation,47.391794,-120.217877,53017,WA
way,814061070,2022-06-20,creation,47.391757,-120.217514,53017,WA
way,814061071,2022-06-20,creation,47.391759,-120.216901,53017,WA
way,1071757864,2022-06-20,creation,47.391925,-120.217367,53017,WA
way,1071757864,2022-06-20,tag_change,47.391921,-120.217373,53017,WA
way,1071772119,2022-06-20,creation,47.416158,-120.208011,53017,WA
way,1071774674,2022-06-20,creation,47.407586,-120.191601,53017,WA
way,1071774674,2022-06-20,tag_change,47.407586,-120.191601,53017,WA
way,1073720209,2022-06-27,creation,41.177274,-95.806380,19155,IA
way,1073720210,2022-06-27,creation,41.177456,-95.803215,19155,IA
way,1073720211,2022-06-27,creation,41.177483,-95.800967,19155,IA
way,1073720212,2022-06-27,creation,41.175540,-95.806763,19155,IA
way,1073720213,2022-06-27,creation,41.175540,-95.805652,19155,IA
way,1073720214,2022-06-27,creation,41.175543,-95.804493,19155,IA
way,1073720215,2022-06-27,creation,41.175544,-95.803389,19155,IA
way,1073720216,2022-06-27,creation,41.175547,-95.802224,19155,IA
way,1073720217,2022-06-27,creation,41.175545,-95.801119,19155,IA
way,1073720218,2022-06-27,creation,41.175554,-95.799948,19155,IA
way,1073720219,2022-06-27,creation,41.172635,-95.804024,19155,IA
way,1073720220,2022-06-27,creation,41.172640,-95.802521,19155,IA
way,1073720221,2022-06-27,creation,41.172611,-95.801148,19155,IA
node,9861806597,2022-07-02,creation,39.100748,-94.581251,29095,MO
node,9861806598,2022-07-02,creation,39.101182,-94.578821,29095,MO
way,195165330,2022-07-02,creation,39.290601,-94.675865,29165,MO
way,195165354,2022-07-02,creation,39.295658,-94.673472,29165,MO
way,195165374,2022-07-02,creation,39.295492,-94.678025,29165,MO
way,195169261,2022-07-02,creation,39.302406,-94.684792,29165,MO
way,288909509,2022-07-02,creation,39.290128,-94.685051,29165,MO
way,438077632,2022-07-02,creation,41.540616,-93.824949,19049,IA
way,502927599,2022-07-02,creation,38.925170,-94.770290,20091,KS
way,598261190,2022-07-02,creation,38.940135,-94.867692,20091,KS
way,598263496,2022-07-02,creation,38.935650,-94.864487,20091,KS
way,871745265,2022-07-02,creation,41.540709,-93.827895,19049,IA
way,944024849,2022-07-02,creation,41.558083,-93.527662,19153,IA
way,944024851,2022-07-02,creation,41.558131,-93.528157,19153,IA
way,1024384322,2022-07-02,creation,38.926806,-94.768373,20091,KS
way,1075278060,2022-07-02,creation,41.496830,-93.786996,19181,IA
way,1075278061,2022-07-02,creation,41.539814,-93.826314,19049,IA
way,1075278062,2022-07-02,creation,41.539670,-93.828665,19049,IA
way,358455179,2022-07-03,geometry_change,37.361687,-121.943911,06085,CA
node,8897151054,2022-07-10,tag_change,37.334118,-121.891646,06085,CA
way,424945852,2022-07-20,tag_change,33.915649,-118.384630,06037,CA
way,860433344,2022-07-21,geometry_change,45.555200,-122.939888,41067,OR
way,1006315992,2022-07-23,geometry_change,45.530178,-73.606866,,
way,989325195,2022-07-24,creation,32.972155,-97.156611,48439,TX
way,1081973944,2022-07-28,creation,29.449156,-98.653145,48029,TX
way,627266016,2022-07-30,creation,49.143207,-102.994495,,
node,9861806597,2022-07-31,deletion,39.100748,-94.581251,29095,MO
node,9922928085,2022-07-31,creation,39.100907,-94.581145,29095,MO
way,1081973944,2022-07-31,tag_change,29.449156,-98.653145,48029,TX
way,300974499,2022-08-02,tag_change,33.347019,-111.604056,04013,AZ
way,1083841125,2022-08-04,creation,38.786172,-104.788536,08041,CO
way,223928497,2022-08-07,geometry_change,47.614355,-122.338864,53033,WA
way,1087123851,2022-08-18,creation,26.077867,-98.362012,,
way,844359206,2022-08-20,tag_change,36.056339,-115.008537,32003,NV
way,844359207,2022-08-20,tag_change,36.058733,-115.008788,32003,NV
way,234722029,2022-08-22,geometry_change,39.016471,-77.459006,51107,VA
way,298126010,2022-08-22,geometry_change,39.017902,-77.462549,51107,VA
way,298127361,2022-08-22,geometry_change,39.016204,-77.461578,51107,VA
way,298127420,2022-08-22,geometry_change,39.015023,-77.459058,51107,VA
way,300162674,2022-08-22,geometry_change,39.020113,-77.463071,51107,VA
way,300970761,2022-08-22,geometry_change,39.015602,-77.483271,51107,VA
way,696978351,2022-08-22,geometry_change,39.012027,-77.471560,51107,VA
way,793622740,2022-08-22,geometry_change,39.013620,-77.470578,51107,VA
way,796933516,2022-08-22,creation,39.011810,-77.454561,51107,VA
way,1088241977,2022-08-22,creation,39.010411,-77.475189,51107,VA
way,649365764,2022-08-23,geometry_change,39.015466,-77.467319,51107,VA
way,480762078,2022-08-24,creation,45.318731,-122.765874,41005,OR
way,192307107,2022-08-26,tag_change,37.788992,-122.390137,06075,CA
way,460085343,2022-08-26,tag_change,37.788731,-122.390469,06075,CA
way,578443547,2022-08-27,tag_change,41.923006,-87.918241,17031,IL
node,9982583563,2022-08-28,creation,36.677959,-78.374586,51117,VA
node,7852403847,2022-08-29,geometry_change,49.264798,-123.103763,,
way,1007825570,2022-08-30,geometry_change,33.777505,-84.419552,13121,GA
node,7557854384,2022-09-01,tag_change,33.380477,-111.752753,04013,AZ
node,7557868585,2022-09-01,tag_change,33.380597,-111.752827,04013,AZ
way,269847438,2022-09-03,creation,33.777681,-84.421100,13121,GA
way,270497414,2022-09-03,creation,33.755455,-84.391560,13121,GA
way,270497414,2022-09-03,tag_change,33.755455,-84.391560,13121,GA
way,715098032,2022-09-03,creation,35.250450,-81.395009,37045,NC
way,1007825570,2022-09-03,tag_change,33.777505,-84.419552,13121,GA
way,718465287,2022-09-08,creation,44.070816,-92.522121,27109,MN
node,10014176940,2022-09-10,creation,18.417455,-66.108841,72061,PR
way,79818564,2022-09-11,creation,38.948303,-77.371794,51059,VA
way,1054387470,2022-09-16,tag_change,33.600761,-83.700342,13217,GA
relation,9474864,2022-09-18,creation,35.894738,-81.546515,37027,NC
relation,14593270,2022-09-18,creation,35.588771,-81.261809,37035,NC
way,186515922,2022-09-18,deletion,35.898326,-81.547464,37027,NC
way,844372538,2022-09-18,deletion,35.892547,-81.546917,37027,NC
way,428021796,2022-09-19,tag_change,34.047333,-118.257461,06037,CA
way,460053028,2022-09-22,geometry_change,39.026575,-77.451065,51107,VA
way,729192992,2022-09-26,tag_change,45.558767,-122.927830,41067,OR
way,909742340,2022-09-26,creation,45.558781,-122.929875,41067,OR
way,830885773,2022-09-29,tag_change,41.497871,-93.787039,19181,IA
way,830885774,2022-09-29,tag_change,41.498913,-93.787075,19181,IA
way,1075278060,2022-09-29,tag_change,41.496830,-93.786996,19181,IA
way,909742340,2022-10-03,geometry_change,45.558825,-122.929813,41067,OR
way,671838900,2022-10-14,creation,29.658141,-95.443327,48201,TX
way,671838900,2022-10-14,geometry_change,29.658146,-95.443328,48201,TX
way,671838900,2022-10-14,tag_change,29.658146,-95.443328,48201,TX
way,104082694,2022-10-19,tag_change,41.587999,-93.631009,19153,IA
way,256728809,2022-10-20,creation,41.261419,-95.936495,31055,NE
way,1106454555,2022-10-23,creation,38.979557,-77.417490,51107,VA
way,714450634,2022-10-24,creation,32.992026,-96.930422,48121,TX
way,714450634,2022-10-26,deletion,32.992026,-96.930422,48121,TX
way,42323063,2022-10-31,creation,38.629262,-90.197187,29510,MO
way,231664575,2022-10-31,tag_change,47.618985,-122.336462,53033,WA
way,334264478,2022-10-31,creation,39.959809,-75.160832,42101,PA
way,465032380,2022-10-31,creation,32.837967,-96.878393,48113,TX
way,752001022,2022-10-31,creation,44.047407,-121.328550,41017,OR
way,838817943,2022-10-31,creation,35.180053,-80.926357,37119,NC
way,871694597,2022-10-31,creation,42.745441,-73.759200,36001,NY
way,909742340,2022-10-31,geometry_change,45.558829,-122.929821,41067,OR
node,8376933943,2022-11-01,deletion,45.879301,-72.546424,,
way,168129695,2022-11-01,creation,40.451369,-80.190118,42003,PA
way,709060288,2022-11-01,tag_change,46.795633,-71.306600,,
way,817699711,2022-11-01,creation,45.879522,-72.545734,,
way,883809862,2022-11-01,creation,35.315698,-81.824747,37161,NC
node,10151456045,2022-11-02,creation,45.879305,-72.546429,,
way,610845529,2022-11-02,creation,39.213452,-76.682845,24003,MD
way,817699711,2022-11-02,deletion,45.879522,-72.545734,,
way,832622369,2022-11-02,creation,43.074838,-78.944802,36063,NY
way,966520234,2022-11-02,deletion,40.905497,-74.230083,34031,NJ
way,1109643936,2022-11-02,creation,43.082056,-79.030723,36063,NY
way,1109881281,2022-11-03,creation,40.121879,-75.420877,42091,PA
way,336387583,2022-11-04,creation,39.275384,-76.625527,24510,MD
way,363017375,2022-11-04,creation,39.052822,-76.925908,24033,MD
way,211832626,2022-11-05,creation,42.685709,-71.208599,25009,MA
way,256728809,2022-11-08,geometry_change,41.261419,-95.936495,31055,NE
way,515596349,2022-11-11,geometry_change,45.497247,-73.563377,,
way,104082694,2022-11-12,geometry_change,41.587999,-93.631009,19153,IA
node,10181341183,2022-11-13,creation,48.009567,-120.094209,53007,WA
node,10181341183,2022-11-13,deletion,48.009567,-120.094209,53007,WA
way,408012357,2022-11-15,creation,34.736541,-86.673099,01089,AL
way,1114969101,2022-11-17,creation,45.553862,-122.948731,41067,OR
way,460053028,2022-11-19,geometry_change,39.026575,-77.451065,51107,VA
way,460053030,2022-11-19,creation,39.028870,-77.458662,51107,VA
way,463571875,2022-11-19,tag_change,39.026367,-77.449512,51107,VA
way,463571876,2022-11-19,tag_change,39.026359,-77.450869,51107,VA
way,596690174,2022-11-19,tag_change,39.027109,-77.452829,51107,VA
node,8165754026,2022-11-30,tag_change,43.043941,-87.953979,55079,WI
way,460067225,2022-11-30,geometry_change,40.059902,-83.134259,39049,OH
way,975484797,2022-11-30,geometry_change,40.058309,-83.134091,39049,OH
way,549418041,2022-12-04,creation,33.171796,-96.725505,48085,TX
way,844359206,2022-12-04,geometry_change,36.056288,-115.008577,32003,NV
way,844359207,2022-12-04,geometry_change,36.058802,-115.008797,32003,NV
way,209786637,2022-12-16,geometry_change,41.842186,-87.669008,17031,IL
relation,13691306,2022-12-17,deletion,37.402577,-121.892409,06085,CA
way,553223628,2022-12-17,tag_change,37.402559,-121.893382,06085,CA
way,553223629,2022-12-17,creation,37.402212,-121.892384,06085,CA
node,7578821329,2022-12-18,tag_change,33.319916,-111.809686,04013,AZ
way,841813139,2022-12-18,geometry_change,41.862798,-87.641304,17031,IL
way,897226569,2022-12-25,tag_change,38.949330,-77.559464,51107,VA
way,897226574,2022-12-25,tag_change,38.948090,-77.560545,51107,VA
way,897226575,2022-12-25,tag_change,38.949895,-77.560452,51107,VA
way,28544618,2022-12-27,creation,32.800943,-96.819511,48113,TX
way,156520409,2022-12-27,geometry_change,41.853656,-87.618347,17031,IL
way,697415323,2023-01-02,geometry_change,45.853786,-119.630036,41049,OR
node,10537283366,2023-01-10,creation,41.872881,-87.633440,17031,IL
way,755540694,2023-01-11,creation,42.968713,-83.779602,26049,MI
way,233888384,2023-01-12,creation,35.724992,-78.662363,37183,NC
way,630342220,2023-01-16,deletion,33.376123,-111.818306,04013,AZ
way,109458128,2023-01-18,geometry_change,40.710890,-74.001204,36061,NY
node,7557854384,2023-01-19,geometry_change,33.380415,-111.752668,04013,AZ
node,7557868585,2023-01-19,geometry_change,33.380601,-111.752889,04013,AZ
node,10567817971,2023-01-19,creation,36.003099,-78.938532,37063,NC
node,10567817971,2023-01-19,tag_change,36.003099,-78.938532,37063,NC
node,7821940847,2023-01-21,geometry_change,33.379986,-111.728405,04013,AZ
way,79298926,2023-01-21,creation,38.950586,-77.364548,51059,VA
way,1133944585,2023-01-21,creation,38.810561,-89.948729,17119,IL
way,369728508,2023-01-22,creation,45.526684,-122.875504,41067,OR
way,1134911640,2023-01-24,creation,38.747596,-77.519475,51153,VA
way,1134911641,2023-01-24,creation,38.748374,-77.520705,51153,VA
way,1134911642,2023-01-24,creation,38.752524,-77.513116,51153,VA
way,808979618,2023-01-29,tag_change,33.344131,-111.619552,04013,AZ
way,417682780,2023-01-30,geometry_change,47.619325,-122.348153,53033,WA
way,417682781,2023-01-30,geometry_change,47.618920,-122.348596,53033,WA
way,1073720212,2023-01-31,tag_change,41.175540,-95.806763,19155,IA
way,1073720213,2023-01-31,tag_change,41.175540,-95.805652,19155,IA
way,1073720214,2023-01-31,tag_change,41.175543,-95.804493,19155,IA
way,1073720215,2023-01-31,tag_change,41.175544,-95.803389,19155,IA
way,1073720216,2023-01-31,tag_change,41.175547,-95.802224,19155,IA
way,1073720217,2023-01-31,tag_change,41.175545,-95.801119,19155,IA
way,1073720218,2023-01-31,tag_change,41.175554,-95.799948,19155,IA
way,1073720219,2023-01-31,tag_change,41.172635,-95.804024,19155,IA
way,1073720220,2023-01-31,tag_change,41.172640,-95.802521,19155,IA
way,1073720221,2023-01-31,tag_change,41.172611,-95.801148,19155,IA
way,706725650,2023-02-02,creation,39.043253,-77.539331,51107,VA
relation,14930068,2023-02-03,creation,35.049942,-106.542822,35001,NM
way,706081342,2023-02-03,creation,35.048349,-106.542175,35001,NM
way,152449872,2023-02-07,creation,41.870938,-87.640127,17031,IL
way,841813139,2023-02-07,tag_change,41.862798,-87.641304,17031,IL
way,465032380,2023-02-08,tag_change,32.837967,-96.878393,48113,TX
way,222247139,2023-02-09,creation,45.528609,-73.610651,,
way,1141759683,2023-02-09,creation,45.554212,-122.950500,41067,OR
way,169170979,2023-02-10,creation,34.995446,-106.618034,35001,NM
node,10648552506,2023-02-11,creation,35.929513,-84.310567,47145,TN
way,1143804764,2023-02-11,creation,39.133685,-76.851407,24027,MD
way,714941629,2023-02-13,tag_change,41.121787,-96.143741,31153,NE
way,795853621,2023-02-13,creation,41.121992,-96.133696,31153,NE
way,471691760,2023-02-20,tag_change,45.558285,-122.917092,41067,OR
way,860433344,2023-02-20,tag_change,45.555200,-122.939888,41067,OR
way,918873142,2023-02-20,tag_change,45.559469,-122.938247,41067,OR
way,1080170580,2023-02-20,creation,45.556450,-122.939299,41067,OR
way,289620443,2023-02-21,tag_change,37.723602,-122.397936,06075,CA
way,919948160,2023-02-22,tag_change,42.675665,-87.918405,55101,WI
way,1024051963,2023-02-23,creation,40.268288,-112.015077,49049,UT
way,1024051997,2023-02-23,creation,40.265564,-112.015127,49049,UT
way,1035123473,2023-02-23,creation,40.272334,-112.015055,49049,UT
way,1035123482,2023-02-23,creation,40.268191,-112.017719,49049,UT
way,860433344,2023-02-25,geometry_change,45.555182,-122.939952,41067,OR
node,3406467087,2023-02-28,creation,25.791545,-80.317748,12086,FL
node,3406476814,2023-02-28,creation,25.646562,-80.423435,12086,FL
way,239032142,2023-03-02,geometry_change,43.606971,-96.809195,46099,SD
way,708931343,2023-03-10,creation,36.628579,-87.260020,47125,TN
way,1153935548,2023-03-13,creation,45.568297,-122.919930,41067,OR
node,7683756060,2023-03-15,tag_change,45.883905,-72.527888,,
way,836938516,2023-03-16,creation,33.373852,-86.798562,01073,AL
way,836908998,2023-03-17,creation,33.404716,-86.911457,01073,AL
way,63619642,2023-03-20,creation,44.971302,-93.254652,27053,MN
way,693390022,2023-03-22,creation,38.957922,-77.498062,51107,VA
way,693390023,2023-03-22,creation,38.956783,-77.497787,51107,VA
way,990537857,2023-03-22,creation,38.955863,-77.497180,51107,VA
way,990537858,2023-03-22,geometry_change,38.958308,-77.505750,51107,VA
way,79158387,2023-03-30,tag_change,38.948446,-77.327284,51059,VA
way,694493126,2023-03-30,geometry_change,47.237629,-119.883192,53025,WA
way,694493127,2023-03-30,geometry_change,47.236721,-119.883291,53025,WA
way,168129695,2023-04-02,tag_change,40.451369,-80.190118,42003,PA
node,10780794741,2023-04-03,creation,37.779653,-122.394001,06075,CA
way,79298926,2023-04-06,tag_change,38.950586,-77.364548,51059,VA
way,930849744,2023-04-06,creation,39.032305,-77.429702,51107,VA
way,984953813,2023-04-06,creation,39.028916,-77.427473,51107,VA
way,984953814,2023-04-06,creation,39.030473,-77.428942,51107,VA
way,303903727,2023-04-07,deletion,34.664612,-86.767485,01089,AL
way,39083797,2023-04-08,creation,34.087005,-84.251752,13121,GA
way,392324240,2023-04-08,creation,33.954769,-84.198562,13135,GA
way,961071564,2023-04-08,creation,34.745431,-86.691883,01089,AL
node,10796113031,2023-04-09,creation,33.627367,-111.901703,04013,AZ
node,10796113033,2023-04-09,creation,33.627248,-111.902048,04013,AZ
way,714889192,2023-04-09,creation,34.914334,-85.748261,01071,AL
way,801402632,2023-04-09,creation,34.844062,-86.628383,01089,AL
node,10798644674,2023-04-10,creation,33.611662,-111.913983,04013,AZ
way,1161094246,2023-04-10,creation,38.979183,-77.419954,51107,VA
way,545396372,2023-04-12,tag_change,38.949322,-77.519875,51107,VA
way,693381106,2023-04-12,tag_change,38.948687,-77.520951,51107,VA
way,693381107,2023-04-12,tag_change,38.948386,-77.521831,51107,VA
way,693390022,2023-04-12,tag_change,38.957922,-77.498062,51107,VA
way,693390023,2023-04-12,tag_change,38.956783,-77.497787,51107,VA
way,714622340,2023-04-12,creation,38.948332,-77.521599,51107,VA
way,795384117,2023-04-12,creation,33.407946,-112.364830,04013,AZ
way,990537813,2023-04-12,tag_change,38.947946,-77.523107,51107,VA
way,990537857,2023-04-12,tag_change,38.955863,-77.497180,51107,VA
way,1091128478,2023-04-12,creation,33.409031,-112.364803,04013,AZ
way,1161730862,2023-04-12,creation,38.957335,-77.497593,51107,VA
way,223928497,2023-04-17,tag_change,47.614355,-122.338864,53033,WA
way,597876719,2023-04-21,creation,32.964789,-96.715877,48113,TX
way,597876721,2023-04-21,creation,32.966281,-96.713212,48113,TX
way,597876722,2023-04-21,creation,32.967233,-96.710546,48113,TX
way,597876723,2023-04-21,creation,32.966254,-96.711196,48113,TX
way,597876724,2023-04-21,creation,32.967241,-96.713308,48113,TX
way,597876726,2023-04-21,creation,32.965046,-96.710291,48113,TX
way,597876730,2023-04-21,creation,32.965234,-96.712635,48113,TX
way,597876798,2023-04-21,creation,32.966076,-96.715587,48113,TX
way,396296733,2023-04-22,tag_change,47.841811,-122.301690,53061,WA
way,899634245,2023-04-22,tag_change,45.554193,-122.938005,41067,OR
way,918873142,2023-04-22,tag_change,45.559469,-122.938247,41067,OR
way,1080170580,2023-04-22,tag_change,45.556450,-122.939299,41067,OR
node,751881301,2023-04-26,creation,38.902888,-77.029149,11001,DC
way,29827954,2023-04-26,creation,42.376706,-71.079758,25017,MA
way,30666790,2023-04-26,creation,34.058102,-118.235393,06037,CA
way,31800424,2023-04-26,creation,32.827866,-117.129934,06073,CA
way,32560290,2023-04-26,creation,38.650399,-121.491946,06067,CA
way,32560292,2023-04-26,creation,38.650432,-121.489187,06067,CA
way,35491576,2023-04-26,tag_change,37.241587,-121.783320,06085,CA
way,39018550,2023-04-26,creation,37.334137,-121.891666,06085,CA
way,52958203,2023-04-26,creation,39.745230,-104.979332,08031,CO
way,69827429,2023-04-26,creation,42.649353,-73.752745,36001,NY
way,79298926,2023-04-26,tag_change,38.950586,-77.364548,51059,VA
way,89784186,2023-04-26,creation,39.745572,-104.995691,08031,CO
way,147350175,2023-04-26,tag_change,41.876156,-87.631469,17031,IL
way,156520409,2023-04-26,tag_change,41.853656,-87.618347,17031,IL
way,193612533,2023-04-26,creation,40.786164,-74.069182,34017,NJ
way,234722029,2023-04-26,tag_change,39.016471,-77.459006,51107,VA
way,250052753,2023-04-26,creation,40.719999,-74.004636,36061,NY
way,262879648,2023-04-26,creation,33.755894,-84.391071,13121,GA
way,279410766,2023-04-26,tag_change,40.761831,-74.025025,34017,NJ
way,299388896,2023-04-26,tag_change,37.405683,-121.916241,06085,CA
way,300163083,2023-04-26,tag_change,39.022765,-77.454869,51107,VA
way,369452572,2023-04-26,creation,45.521544,-122.680704,41051,OR
way,376627431,2023-04-26,creation,48.757268,-122.480548,53073,WA
way,384310269,2023-04-26,tag_change,37.471827,-121.920311,06001,CA
way,435518280,2023-04-26,tag_change,25.782379,-80.193075,12086,FL
way,435531451,2023-04-26,creation,25.797544,-80.230034,12086,FL
way,495115494,2023-04-26,creation,34.047915,-118.255569,06037,CA
way,543117031,2023-04-26,tag_change,33.421285,-111.858993,04013,AZ
way,421273622,2023-04-30,creation,41.165469,-96.083388,31153,NE
way,1167564435,2023-04-30,creation,32.309837,-90.856487,28149,MS
way,533842335,2023-05-01,creation,36.140481,-86.764147,47037,TN
way,830138727,2023-05-02,creation,35.839325,-78.328127,37183,NC
node,10880725408,2023-05-09,creation,37.971081,-122.043738,06013,CA
way,1171439340,2023-05-10,creation,46.676133,-71.325063,,
way,1071772119,2023-05-16,geometry_change,47.416868,-120.207689,53017,WA
way,1173537116,2023-05-16,creation,47.418324,-120.207697,53017,WA
way,1173537117,2023-05-16,creation,47.419637,-120.213821,53017,WA
way,1173569101,2023-05-17,creation,41.535030,-93.863449,19049,IA
way,1173770902,2023-05-17,creation,38.941822,-77.527475,51107,VA
way,1173822721,2023-05-17,creation,47.359497,-120.160091,53007,WA
way,1173822722,2023-05-17,creation,47.358426,-120.159976,53007,WA
way,1173822723,2023-05-17,creation,47.357433,-120.159546,53007,WA
node,10910879064,2023-05-19,creation,41.853351,-87.618307,17031,IL
node,10910879065,2023-05-19,creation,41.853383,-87.618607,17031,IL
node,10910914705,2023-05-19,creation,42.007100,-87.964106,17031,IL
node,10910914706,2023-05-19,creation,42.007076,-87.966184,17031,IL
way,128499684,2023-05-19,creation,41.994237,-87.962172,17031,IL
way,149379945,2023-05-19,creation,41.874022,-87.629920,17031,IL
way,152449872,2023-05-19,tag_change,41.870938,-87.640127,17031,IL
way,156468497,2023-05-19,tag_change,38.913702,-77.225838,51059,VA
way,174242795,2023-05-19,creation,42.000768,-87.950796,17031,IL
way,377345296,2023-05-19,creation,41.992040,-87.958172,17043,IL
way,377345296,2023-05-19,tag_change,41.992040,-87.958172,17043,IL
way,409296605,2023-05-19,creation,41.928378,-87.859236,17031,IL
way,713428715,2023-05-19,creation,41.994397,-87.964904,17031,IL
way,863162822,2023-05-19,creation,42.006844,-87.965190,17031,IL
way,863162822,2023-05-19,tag_change,42.006844,-87.965190,17031,IL
way,358946546,2023-05-23,creation,37.699475,-121.903800,06001,CA
way,1114969101,2023-05-25,tag_change,45.553862,-122.948731,41067,OR
way,147350175,2023-05-28,geometry_change,41.876158,-87.631474,17031,IL
way,1177397497,2023-05-29,creation,33.356681,-111.634694,04013,AZ
way,1177406123,2023-05-29,creation,33.354141,-111.611171,04013,AZ
node,10938672218,2023-05-30,creation,33.634484,-111.884346,04013,AZ
way,460056019,2023-05-30,tag_change,38.991414,-77.436507,51107,VA
way,460056020,2023-05-30,tag_change,38.990568,-77.437062,51107,VA
way,465062052,2023-05-30,tag_change,38.991814,-77.441168,51107,VA
way,48242814,2023-05-31,tag_change,39.021646,-77.432876,51107,VA
way,48242816,2023-05-31,tag_change,39.021569,-77.434794,51107,VA
way,460053030,2023-05-31,geometry_change,39.028870,-77.458662,51107,VA
way,460070135,2023-05-31,creation,45.915836,-119.266323,41059,OR
way,460070136,2023-05-31,creation,45.915836,-119.266527,41059,OR
way,460070137,2023-05-31,creation,45.915836,-119.266726,41059,OR
way,460070138,2023-05-31,creation,45.915836,-119.267112,41059,OR
way,460070139,2023-05-31,creation,45.915843,-119.267316,41059,OR
way,460070140,2023-05-31,creation,45.915832,-119.267512,41059,OR
way,460070141,2023-05-31,creation,45.915836,-119.267717,41059,OR
way,460070143,2023-05-31,tag_change,45.916404,-119.267776,41059,OR
way,460070144,2023-05-31,tag_change,45.841003,-119.652769,41049,OR
way,460070145,2023-05-31,tag_change,45.852235,-119.629888,41049,OR
way,463571875,2023-05-31,tag_change,39.026367,-77.449512,51107,VA
way,463571876,2023-05-31,tag_change,39.026359,-77.450869,51107,VA
way,465062053,2023-05-31,tag_change,38.990964,-77.441870,51107,VA
way,526806006,2023-05-31,creation,32.897283,-96.982788,48113,TX
way,544596573,2023-05-31,tag_change,38.916885,-77.493251,51107,VA
way,545396372,2023-05-31,tag_change,38.949322,-77.519875,51107,VA
way,556599693,2023-05-31,tag_change,39.027908,-77.457503,51107,VA
way,556599694,2023-05-31,tag_change,39.029570,-77.459683,51107,VA
way,592171280,2023-05-31,tag_change,45.840443,-119.654979,41049,OR
way,592257327,2023-05-31,tag_change,45.917448,-119.267734,41059,OR
way,596690174,2023-05-31,tag_change,39.027109,-77.452829,51107,VA
way,633034071,2023-05-31,tag_change,45.841414,-119.657933,41049,OR
way,693381106,2023-05-31,tag_change,38.948687,-77.520951,51107,VA
way,693381107,2023-05-31,tag_change,38.948386,-77.521831,51107,VA
way,693390022,2023-05-31,tag_change,38.957922,-77.498062,51107,VA
way,693390023,2023-05-31,tag_change,38.956783,-77.497787,51107,VA
way,697413741,2023-05-31,tag_change,45.913883,-119.267714,41059,OR
way,697415321,2023-05-31,tag_change,45.841174,-119.655449,41049,OR
way,697415323,2023-05-31,tag_change,45.853786,-119.630036,41049,OR
way,697417726,2023-05-31,tag_change,45.846655,-119.603709,41049,OR
way,701924667,2023-05-31,tag_change,38.988603,-77.411652,51107,VA
way,701924668,2023-05-31,tag_change,38.987847,-77.411119,51107,VA
way,701924669,2023-05-31,tag_change,38.986943,-77.410475,51107,VA
way,701929066,2023-05-31,tag_change,38.981643,-77.427422,51107,VA
way,701930920,2023-05-31,tag_change,39.020225,-77.433886,51107,VA
way,701930921,2023-05-31,tag_change,39.019169,-77.434030,51107,VA
way,701930929,2023-05-31,tag_change,39.035494,-77.450699,51107,VA
way,701930930,2023-05-31,tag_change,39.036294,-77.449795,51107,VA
way,701931820,2023-05-31,tag_change,38.916076,-77.477251,51107,VA
way,706776322,2023-05-31,creation,45.797809,-119.366616,41059,OR
way,744491691,2023-05-31,tag_change,38.982552,-77.424626,51107,VA
way,793087859,2023-05-31,tag_change,39.018507,-77.438839,51107,VA
way,794147657,2023-05-31,tag_change,38.996725,-77.435598,51107,VA
way,817338831,2023-05-31,tag_change,38.981455,-77.417550,51107,VA
way,817338832,2023-05-31,tag_change,38.982388,-77.416786,51107,VA
way,852039781,2023-05-31,tag_change,39.016930,-77.439387,51107,VA
way,886028872,2023-05-31,tag_change,39.016082,-77.438384,51107,VA
way,897226574,2023-05-31,tag_change,38.948090,-77.560545,51107,VA
way,897226575,2023-05-31,tag_change,38.949895,-77.560452,51107,VA
way,914613836,2023-05-31,tag_change,45.837924,-119.688355,41049,OR
way,914616809,2023-05-31,tag_change,45.837540,-119.693129,41049,OR
way,914616810,2023-05-31,tag_change,45.846655,-119.605645,41049,OR
way,930849744,2023-05-31,tag_change,39.032305,-77.429702,51107,VA
way,954433119,2023-05-31,tag_change,38.979868,-77.425480,51107,VA
way,958662382,2023-05-31,tag_change,38.995012,-77.435359,51107,VA
way,984953813,2023-05-31,tag_change,39.028916,-77.427473,51107,VA
way,984953814,2023-05-31,tag_change,39.030473,-77.428942,51107,VA
way,989735623,2023-05-31,tag_change,38.916576,-77.479742,51107,VA
way,989735624,2023-05-31,tag_change,38.916151,-77.478705,51107,VA
way,990537813,2023-05-31,tag_change,38.947946,-77.523107,51107,VA
way,990537857,2023-05-31,tag_change,38.955863,-77.497180,51107,VA
way,990537858,2023-05-31,tag_change,38.958308,-77.505750,51107,VA
way,1027471509,2023-05-31,tag_change,45.846668,-119.607039,41049,OR
way,1027471510,2023-05-31,tag_change,45.846688,-119.608936,41049,OR
way,1037871048,2023-05-31,creation,39.015263,-77.437770,51107,VA
way,1057230915,2023-05-31,tag_change,45.836486,-119.690088,41049,OR
way,1057230916,2023-05-31,deletion,45.836241,-119.692835,41049,OR
way,1126159710,2023-05-31,creation,45.901450,-119.320522,41059,OR
way,1126159711,2023-05-31,creation,45.902763,-119.320498,41059,OR
way,1126159714,2023-05-31,creation,45.903851,-119.320487,41059,OR
way,1126159715,2023-05-31,creation,45.905320,-119.320430,41059,OR
way,1127951468,2023-05-31,creation,45.915710,-119.269981,41059,OR
way,1177794153,2023-05-31,creation,32.894762,-96.981946,48113,TX
way,1177893426,2023-05-31,creation,38.981545,-77.419357,51107,VA
node,10945121336,2023-06-01,creation,41.880527,-87.635938,17031,IL
way,223928497,2023-06-01,tag_change,47.614355,-122.338864,53033,WA
way,589070714,2023-06-04,creation,42.982091,-70.950593,33015,NH
way,959969621,2023-06-06,creation,41.478807,-72.801006,09170,CT
way,1114969101,2023-06-09,tag_change,45.554044,-122.948802,41067,OR
way,841813139,2023-06-10,tag_change,41.862798,-87.641304,17031,IL
way,45776978,2023-06-12,tag_change,38.790500,-77.541111,51153,VA
way,45776979,2023-06-12,tag_change,38.790350,-77.540006,51153,VA
way,45776988,2023-06-12,tag_change,38.791204,-77.538277,51153,VA
way,460059465,2023-06-12,tag_change,38.789932,-77.548217,51153,VA
way,460060340,2023-06-12,tag_change,38.792226,-77.548450,51153,VA
way,460060341,2023-06-12,tag_change,38.791069,-77.548372,51153,VA
way,490997243,2023-06-12,tag_change,38.777980,-77.559099,51153,VA
way,490997244,2023-06-12,tag_change,38.777437,-77.557891,51153,VA
way,667573133,2023-06-12,tag_change,38.779381,-77.541725,51153,VA
way,673532692,2023-06-12,creation,40.061152,-83.135173,39049,OH
way,821081357,2023-06-12,creation,40.102576,-83.199689,39049,OH
way,821081358,2023-06-12,creation,40.103588,-83.199758,39049,OH
way,874506250,2023-06-12,creation,40.060147,-83.134907,39049,OH
way,975484796,2023-06-12,tag_change,40.059325,-83.134606,39049,OH
way,975484797,2023-06-12,tag_change,40.058309,-83.134091,39049,OH
way,975484798,2023-06-12,tag_change,40.060780,-83.132753,39049,OH
way,996723587,2023-06-12,tag_change,38.780152,-77.539884,51153,VA
way,996723588,2023-06-12,tag_change,38.778451,-77.539427,51153,VA
way,996723589,2023-06-12,tag_change,38.779342,-77.542896,51153,VA
way,996899486,2023-06-12,tag_change,38.735970,-77.504901,51153,VA
way,996899487,2023-06-12,tag_change,38.735440,-77.505695,51153,VA
way,996899488,2023-06-12,tag_change,38.734598,-77.506642,51153,VA
way,1015995259,2023-06-12,creation,38.778857,-77.557115,51153,VA
way,1059037050,2023-06-12,creation,38.743874,-77.530586,51153,VA
way,1059037051,2023-06-12,creation,38.744042,-77.529171,51153,VA
way,1154503131,2023-06-12,creation,40.101754,-83.199580,39049,OH
way,1154503132,2023-06-12,creation,40.100757,-83.199479,39049,OH
way,1154503133,2023-06-12,creation,40.099789,-83.199275,39049,OH
way,1154636644,2023-06-12,creation,41.987919,-88.007265,17043,IL
way,1154636644,2023-06-12,tag_change,41.987919,-88.007265,17043,IL
way,1181391920,2023-06-12,creation,38.917272,-77.495704,51107,VA
way,1181391921,2023-06-12,creation,38.760369,-77.519319,51153,VA
way,1181391922,2023-06-12,creation,38.761112,-77.518231,51153,VA
way,1184066765,2023-06-21,creation,39.322616,-94.597982,29047,MO
node,7727446947,2023-06-25,deletion,33.376998,-111.843245,04013,AZ
way,1090837713,2023-06-27,creation,38.754693,-77.517447,51153,VA
node,11018926315,2023-07-02,creation,33.644666,-111.896098,04013,AZ
way,460085343,2023-07-03,geometry_change,37.788731,-122.390469,06075,CA
way,713438209,2023-07-06,tag_change,32.966082,-96.713145,48113,TX
way,978934687,2023-07-09,creation,41.707386,-87.520244,18089,IN
way,701923202,2023-07-10,geometry_change,39.006454,-77.467254,51107,VA
way,1088203906,2023-07-10,creation,39.016744,-77.452001,51107,VA
way,1088203907,2023-07-10,creation,39.015886,-77.453145,51107,VA
way,1123249721,2023-07-10,creation,39.024220,-77.452305,51107,VA
way,1161094246,2023-07-10,geometry_change,38.979147,-77.419905,51107,VA
way,1188680247,2023-07-10,creation,38.998772,-77.474264,51107,VA
way,1188680253,2023-07-10,creation,38.995355,-77.455183,51107,VA
way,1188680254,2023-07-10,creation,38.995199,-77.456888,51107,VA
way,1188680255,2023-07-10,creation,38.989553,-77.434801,51107,VA
way,1188691867,2023-07-10,creation,39.017103,-77.473267,51107,VA
way,1188691868,2023-07-10,creation,39.020190,-77.475531,51107,VA
way,1188691869,2023-07-10,creation,39.017878,-77.481828,51107,VA
way,1188715508,2023-07-10,creation,39.019578,-77.450466,51107,VA
way,1188715510,2023-07-10,creation,39.017950,-77.459495,51107,VA
way,886330269,2023-07-11,creation,39.074787,-77.564129,51107,VA
way,986829280,2023-07-11,creation,39.075508,-77.563035,51107,VA
way,1124864831,2023-07-11,creation,38.948231,-77.555894,51107,VA
way,1128589933,2023-07-11,creation,39.069643,-77.560805,51107,VA
way,1128589934,2023-07-11,creation,39.069649,-77.559437,51107,VA
way,463571875,2023-07-13,geometry_change,39.026368,-77.449520,51107,VA
way,463571876,2023-07-13,geometry_change,39.026357,-77.450870,51107,VA
way,224100721,2023-07-14,creation,38.747281,-77.531845,51153,VA
way,1000784035,2023-07-14,creation,38.743053,-77.533384,51153,VA
way,1059030596,2023-07-14,creation,38.744286,-77.533322,51153,VA
way,1059036248,2023-07-14,creation,38.746442,-77.536801,51153,VA
way,1059037050,2023-07-14,tag_change,38.743886,-77.530625,51153,VA
way,1059037051,2023-07-14,tag_change,38.744055,-77.529196,51153,VA
way,1181391921,2023-07-14,tag_change,38.760361,-77.519302,51153,VA
way,1181391922,2023-07-14,tag_change,38.761105,-77.518221,51153,VA
way,714622339,2023-07-22,creation,38.942771,-77.526250,51107,VA
way,1124864831,2023-07-22,geometry_change,38.948258,-77.555911,51107,VA
way,1173770902,2023-07-22,geometry_change,38.941822,-77.527429,51107,VA
way,500820007,2023-07-24,tag_change,32.983784,-97.259343,48439,TX
way,507673437,2023-07-24,tag_change,32.988855,-97.259202,48439,TX
way,673145182,2023-07-24,tag_change,32.984994,-97.255075,48439,TX
way,815057182,2023-07-24,tag_change,32.988048,-97.255327,48439,TX
way,168770080,2023-07-30,tag_change,43.779437,-79.489559,,
way,807374322,2023-08-02,geometry_change,47.237098,-119.895156,53025,WA
way,1193914601,2023-08-02,creation,47.244811,-119.817983,53025,WA
way,1193914602,2023-08-02,creation,47.244276,-119.814813,53025,WA
node,8017899486,2023-08-06,tag_change,29.672819,-82.299762,12001,FL
node,11098469355,2023-08-08,creation,41.876183,-87.631519,17031,IL
way,899634245,2023-08-08,tag_change,45.554198,-122.937911,41067,OR
node,11113161710,2023-08-14,creation,33.664746,-112.111714,04013,AZ
way,472954201,2023-08-17,tag_change,34.579984,-118.114024,06037,CA
node,8329219853,2023-08-20,creation,45.486662,-73.755976,,
way,909742340,2023-08-22,geometry_change,45.558771,-122.929676,41067,OR
way,918871786,2023-08-22,creation,45.558778,-122.931968,41067,OR
way,844394357,2023-08-24,creation,41.134975,-96.146730,31153,NE
way,958153770,2023-08-28,creation,32.498267,-84.883571,13215,GA
way,958153770,2023-08-28,tag_change,32.498267,-84.883571,13215,GA
way,958153770,2023-08-29,geometry_change,32.498267,-84.883571,13215,GA
way,958153770,2023-08-29,tag_change,32.498267,-84.883571,13215,GA
way,204460903,2023-09-02,geometry_change,40.552904,-74.459301,34023,NJ
way,714941629,2023-09-02,geometry_change,41.121787,-96.143741,31153,NE
way,103363234,2023-09-03,creation,45.978213,-66.588694,,
node,11167641842,2023-09-04,creation,39.427318,-76.811550,24005,MD
relation,16282459,2023-09-04,creation,39.140242,-76.606431,24003,MD
way,298126010,2023-09-04,tag_change,39.017902,-77.462549,51107,VA
way,298242335,2023-09-04,tag_change,39.019936,-77.459842,51107,VA
way,300162674,2023-09-04,tag_change,39.020113,-77.463071,51107,VA
way,300162675,2023-09-04,tag_change,39.021068,-77.463589,51107,VA
way,300162689,2023-09-04,creation,39.022173,-77.457595,51107,VA
way,300163074,2023-09-04,tag_change,39.022140,-77.453610,51107,VA
way,460175666,2023-09-04,tag_change,39.021734,-77.452747,51107,VA
node,11168593074,2023-09-05,creation,39.291759,-76.620402,24510,MD
node,11168593094,2023-09-05,creation,39.274655,-76.591671,24510,MD
node,11168676243,2023-09-05,creation,39.058689,-76.964585,24031,MD
node,11168676243,2023-09-05,deletion,39.058689,-76.964585,24031,MD
way,93210344,2023-09-05,creation,39.058555,-76.964311,24031,MD
way,460067220,2023-09-08,geometry_change,40.093883,-82.751711,39089,OH
way,1171439340,2023-09-10,tag_change,46.676153,-71.325089,,
way,203432103,2023-09-11,creation,39.174419,-86.500703,18105,IN
way,79158387,2023-09-12,tag_change,38.948446,-77.327284,51059,VA
way,79159494,2023-09-12,creation,38.948816,-77.329410,51059,VA
way,387378765,2023-09-12,creation,34.035390,-84.061075,13135,GA
way,387379196,2023-09-12,creation,34.037099,-84.057704,13135,GA
way,1207052719,2023-09-12,creation,34.036231,-84.059266,13135,GA
node,11196801643,2023-09-16,creation,45.522956,-73.520165,,
node,10014176940,2023-09-17,geometry_change,18.417436,-66.108990,72061,PR
node,9669639033,2023-09-21,tag_change,38.920854,-77.211571,51059,VA
way,714889192,2023-09-22,tag_change,34.914334,-85.748261,01071,AL
way,819981888,2023-09-24,creation,36.032676,-86.637776,47037,TN
way,819981908,2023-09-24,creation,35.924510,-86.855687,47187,TN
way,1210515186,2023-09-24,creation,35.951041,-86.833381,47187,TN
way,25706343,2023-09-25,creation,32.832718,-97.041042,48439,TX
node,11220746124,2023-09-26,creation,36.062061,-115.213233,32003,NV
node,11220746125,2023-09-26,creation,36.066913,-115.138527,32003,NV
way,585998677,2023-09-26,tag_change,36.057834,-115.214258,32003,NV
way,585998678,2023-09-26,tag_change,36.055692,-115.219641,32003,NV
way,984796364,2023-09-26,tag_change,36.055563,-115.223095,32003,NV
way,570397131,2023-09-27,creation,30.421141,-97.591603,48453,TX
way,1211362828,2023-09-27,creation,43.638333,-89.721403,55021,WI
way,708931343,2023-09-30,tag_change,36.628579,-87.260020,47125,TN
way,860433344,2023-09-30,geometry_change,45.555204,-122.939851,41067,OR
node,751881301,2023-10-02,tag_change,38.902888,-77.029149,11001,DC
way,918871788,2023-10-02,creation,45.558781,-122.932946,41067,OR
way,1080170580,2023-10-02,tag_change,45.556450,-122.939299,41067,OR
way,919948160,2023-10-03,tag_change,42.675665,-87.918405,55101,WI
way,405034574,2023-10-04,creation,41.338321,-96.027774,31055,NE
way,405034584,2023-10-04,creation,41.338436,-96.028614,31055,NE
way,289884123,2023-10-05,creation,40.716525,-74.005913,36061,NY
way,289884123,2023-10-05,geometry_change,40.716525,-74.005913,36061,NY
way,684641363,2023-10-06,creation,34.105172,-84.213203,13117,GA
way,289884123,2023-10-07,tag_change,40.716525,-74.005913,36061,NY
way,1213758201,2023-10-07,creation,36.408727,-86.371307,47165,TN
way,231769626,2023-10-11,creation,45.632048,-121.201302,41065,OR
way,231769629,2023-10-11,deletion,45.632441,-121.202298,41065,OR
way,231769631,2023-10-11,deletion,45.631539,-121.199414,41065,OR
way,593103300,2023-10-11,deletion,45.631986,-121.200953,41065,OR
way,685011021,2023-10-11,geometry_change,33.452204,-111.977275,04013,AZ
way,700431553,2023-10-11,creation,45.638529,-121.202404,41065,OR
way,706760922,2023-10-11,deletion,45.638011,-121.202616,41065,OR
way,468707940,2023-10-14,creation,33.419491,-112.359988,04013,AZ
way,938592711,2023-10-14,creation,33.439468,-112.377059,04013,AZ
way,544536822,2023-10-19,geometry_change,42.687951,-84.642995,26045,MI
way,526806006,2023-10-21,tag_change,32.897283,-96.982788,48113,TX
way,441502816,2023-10-23,creation,33.716778,-117.805801,06059,CA
way,1133944585,2023-10-31,geometry_change,38.810560,-89.948703,17119,IL
way,899634245,2023-11-02,geometry_change,45.554198,-122.937911,41067,OR
way,1080170580,2023-11-02,geometry_change,45.556450,-122.939299,41067,OR
way,203432103,2023-11-03,geometry_change,39.174419,-86.500703,18105,IN
way,1221862807,2023-11-07,creation,38.746975,-77.518528,51153,VA
way,562775657,2023-11-08,creation,40.094630,-82.751339,39089,OH
way,673532692,2023-11-08,tag_change,40.061152,-83.135173,39049,OH
way,844391358,2023-11-08,tag_change,40.061145,-82.764294,39089,OH
way,1020374277,2023-11-08,creation,40.093616,-82.751456,39089,OH
way,1020374278,2023-11-08,creation,40.096534,-82.752051,39089,OH
way,1020374279,2023-11-08,creation,40.094046,-82.747491,39089,OH
way,1222007663,2023-11-08,creation,40.059610,-82.764420,39089,OH
way,379204766,2023-11-09,creation,30.205930,-97.697965,48453,TX
way,455171103,2023-11-09,creation,30.206994,-97.701114,48453,TX
way,667573133,2023-11-09,tag_change,38.779381,-77.541725,51153,VA
way,697021948,2023-11-09,tag_change,38.815132,-77.652919,51153,VA
way,701931819,2023-11-09,tag_change,38.916990,-77.494409,51107,VA
way,828135845,2023-11-09,tag_change,38.816103,-77.652499,51153,VA
way,984953813,2023-11-09,tag_change,39.028916,-77.427473,51107,VA
way,990537821,2023-11-09,creation,38.946539,-77.522188,51107,VA
way,996723587,2023-11-09,tag_change,38.780152,-77.539884,51153,VA
way,996723588,2023-11-09,tag_change,38.778451,-77.539427,51153,VA
way,996723589,2023-11-09,tag_change,38.779342,-77.542896,51153,VA
way,1020877488,2023-11-09,tag_change,38.995848,-77.471291,51107,VA
way,1020877489,2023-11-09,tag_change,38.996608,-77.473263,51107,VA
way,1106454555,2023-11-09,tag_change,38.979557,-77.417490,51107,VA
way,1181391920,2023-11-09,tag_change,38.917272,-77.495704,51107,VA
way,1184066765,2023-11-09,geometry_change,39.322676,-94.597970,29047,MO
way,1222134968,2023-11-09,creation,38.949135,-77.523580,51107,VA
way,918871786,2023-11-13,geometry_change,45.558821,-122.931836,41067,OR
way,384396017,2023-11-14,creation,30.342800,-97.696176,48453,TX
way,918871787,2023-11-14,creation,45.558824,-122.935139,41067,OR
way,1080170580,2023-11-14,tag_change,45.556450,-122.939299,41067,OR
way,453969917,2023-11-16,creation,39.598960,-104.860377,08005,CO
way,453969923,2023-11-16,creation,39.599931,-104.860182,08005,CO
way,191655977,2023-11-24,tag_change,41.221486,-95.863822,19155,IA
way,283051469,2023-11-24,tag_change,47.246212,-119.813229,53025,WA
way,283051470,2023-11-24,tag_change,47.247653,-119.813187,53025,WA
way,283051471,2023-11-24,tag_change,47.246168,-119.815756,53025,WA
way,283051472,2023-11-24,creation,47.245327,-119.815931,53025,WA
way,283051473,2023-11-24,creation,47.252030,-119.813508,53025,WA
way,283051474,2023-11-24,creation,47.251412,-119.818753,53025,WA
way,283051475,2023-11-24,tag_change,47.252574,-119.819665,53025,WA
way,283051477,2023-11-24,creation,47.246985,-119.827782,53025,WA
way,283051478,2023-11-24,tag_change,47.246736,-119.828866,53025,WA
way,283051481,2023-11-24,tag_change,47.245991,-119.829791,53025,WA
way,283051482,2023-11-24,tag_change,47.245989,-119.829170,53025,WA
way,283051483,2023-11-24,tag_change,47.245989,-119.828159,53025,WA
way,283051484,2023-11-24,tag_change,47.246003,-119.827541,53025,WA
way,283051485,2023-11-24,tag_change,47.246067,-119.828662,53025,WA
way,298242260,2023-11-24,tag_change,39.021948,-77.460287,51107,VA
way,300162689,2023-11-24,tag_change,39.022173,-77.457595,51107,VA
way,337127817,2023-11-24,tag_change,47.250164,-119.814490,53025,WA
way,379205427,2023-11-24,creation,30.215504,-97.696074,48453,TX
way,400540223,2023-11-24,creation,38.985755,-104.787204,08041,CO
way,497151852,2023-11-24,creation,30.331430,-81.662426,12031,FL
way,499403699,2023-11-24,tag_change,47.247601,-119.825429,53025,WA
way,523886201,2023-11-24,creation,27.945532,-82.351162,12057,FL
way,578438011,2023-11-24,creation,41.221658,-95.864498,19155,IA
way,634635617,2023-11-24,creation,47.158844,-122.279862,53053,WA
way,634638463,2023-11-24,creation,47.160855,-122.279306,53053,WA
way,664938835,2023-11-24,creation,42.863177,-87.977858,55079,WI
way,680666647,2023-11-24,creation,47.159631,-122.279812,53053,WA
way,685011021,2023-11-24,tag_change,33.452204,-111.977275,04013,AZ
way,694602725,2023-11-24,tag_change,47.253946,-119.813721,53025,WA
way,708136776,2023-11-24,creation,33.454490,-111.976395,04013,AZ
way,714120969,2023-11-24,creation,33.087569,-96.815131,48085,TX
way,714776107,2023-11-24,creation,29.802868,-95.755450,48201,TX
way,723117951,2023-11-24,creation,40.106354,-82.800748,39049,OH
way,813532303,2023-11-24,creation,38.988888,-104.786381,08041,CO
way,958153769,2023-11-24,creation,32.498096,-84.883571,13215,GA
way,958153770,2023-11-24,tag_change,32.498267,-84.883571,13215,GA
way,1057230915,2023-11-24,geometry_change,45.836542,-119.689866,41049,OR
way,1193914601,2023-11-24,tag_change,47.244811,-119.817983,53025,WA
way,1193914602,2023-11-24,tag_change,47.244276,-119.814813,53025,WA
way,1226436454,2023-11-24,creation,41.212099,-95.877914,19155,IA
way,1226436457,2023-11-24,creation,41.212257,-95.878019,19155,IA
way,1226439731,2023-11-24,creation,45.836184,-119.694048,41049,OR
way,515596349,2023-11-27,geometry_change,45.497246,-73.563375,,
way,1114969101,2023-11-27,tag_change,45.554044,-122.948802,41067,OR
node,9092482804,2023-11-29,tag_change,39.025485,-77.414700,51107,VA
node,10910914705,2023-11-29,deletion,42.007100,-87.964106,17031,IL
node,10910914706,2023-11-29,deletion,42.007076,-87.966184,17031,IL
way,32560290,2023-11-29,tag_change,38.650399,-121.491946,06067,CA
way,32560292,2023-11-29,tag_change,38.650432,-121.489187,06067,CA
way,37947314,2023-11-29,creation,37.378434,-121.954992,06085,CA
way,45583050,2023-11-29,creation,38.803415,-77.510577,51153,VA
way,48242814,2023-11-29,tag_change,39.021646,-77.432876,51107,VA
way,48242816,2023-11-29,tag_change,39.021569,-77.434794,51107,VA
way,52094269,2023-11-29,tag_change,39.023907,-77.415190,51107,VA
way,52094270,2023-11-29,tag_change,39.023321,-77.413201,51107,VA
way,52094294,2023-11-29,tag_change,39.024755,-77.412204,51107,VA
way,99813512,2023-11-29,tag_change,37.414564,-122.014579,06085,CA
way,116005354,2023-11-29,creation,35.588013,-81.262527,37035,NC
way,128499684,2023-11-29,tag_change,41.994237,-87.962172,17031,IL
way,132746406,2023-11-29,tag_change,37.445897,-122.160776,06085,CA
way,161126131,2023-11-29,tag_change,37.242041,-121.781839,06085,CA
way,174242795,2023-11-29,tag_change,42.000768,-87.950796,17031,IL
way,190868312,2023-11-29,creation,38.644239,-121.498763,06067,CA
way,194049551,2023-11-29,creation,38.646349,-121.486223,06067,CA
way,205823968,2023-11-29,creation,37.375495,-121.988406,06085,CA
way,205823970,2023-11-29,tag_change,37.376118,-121.988688,06085,CA
way,205823971,2023-11-29,tag_change,37.376529,-121.988584,06085,CA
way,205823980,2023-11-29,creation,37.374962,-121.988509,06085,CA
way,300952513,2023-11-29,creation,33.274974,-111.886626,04013,AZ
way,300959969,2023-11-29,tag_change,33.276911,-111.885909,04013,AZ
way,300959970,2023-11-29,creation,33.270855,-111.881912,04013,AZ
way,377032058,2023-11-29,creation,42.001494,-87.952563,17031,IL
way,377032061,2023-11-29,creation,42.001159,-87.955213,17031,IL
way,377212693,2023-11-29,creation,41.974227,-87.967176,17043,IL
way,377345296,2023-11-29,tag_change,41.992040,-87.958172,17043,IL
way,383545769,2023-11-29,creation,41.993658,-87.973509,17031,IL
way,384690290,2023-11-29,creation,41.975762,-87.964685,17043,IL
way,409296605,2023-11-29,tag_change,41.928378,-87.859236,17031,IL
way,435324552,2023-11-29,tag_change,39.025947,-77.414523,51107,VA
way,435817145,2023-11-29,tag_change,39.024327,-77.434034,51107,VA
way,443875726,2023-11-29,creation,40.452324,-80.041865,42003,PA
way,460076753,2023-11-29,tag_change,37.388270,-121.888429,06085,CA
way,537807168,2023-11-29,creation,40.427377,-80.042531,42003,PA
way,589360530,2023-11-29,creation,47.822425,-122.289561,53061,WA
way,597876719,2023-11-29,geometry_change,32.964789,-96.715877,48113,TX
way,597876719,2023-11-29,tag_change,32.964789,-96.715877,48113,TX
way,597876721,2023-11-29,tag_change,32.966281,-96.713212,48113,TX
way,597876722,2023-11-29,tag_change,32.967233,-96.710546,48113,TX
way,597876723,2023-11-29,tag_change,32.966254,-96.711196,48113,TX
way,597876724,2023-11-29,tag_change,32.967241,-96.713308,48113,TX
way,597876726,2023-11-29,tag_change,32.965046,-96.710291,48113,TX
way,597876730,2023-11-29,tag_change,32.965204,-96.712609,48113,TX
way,597876798,2023-11-29,tag_change,32.966076,-96.715587,48113,TX
way,600806974,2023-11-29,creation,37.241199,-121.784763,06085,CA
way,652034566,2023-11-29,creation,35.587060,-81.260273,37035,NC
way,697217134,2023-11-29,creation,37.375877,-121.988566,06085,CA
way,697217134,2023-11-29,deletion,37.375877,-121.988566,06085,CA
way,701930919,2023-11-29,tag_change,39.021167,-77.413220,51107,VA
way,713428715,2023-11-29,tag_change,41.994397,-87.964904,17031,IL
way,713433204,2023-11-29,creation,41.994464,-87.957736,17031,IL
way,713438209,2023-11-29,deletion,32.966082,-96.713145,48113,TX
way,781370600,2023-11-29,creation,33.267576,-111.882532,04013,AZ
way,863162820,2023-11-29,creation,41.999124,-87.957765,17031,IL
way,863162822,2023-11-29,tag_change,42.006844,-87.965190,17031,IL
way,863162825,2023-11-29,creation,42.002601,-87.951135,17031,IL
way,873137563,2023-11-29,creation,35.590392,-81.264570,37035,NC
way,882977350,2023-11-29,tag_change,38.717028,-77.499897,51153,VA
way,977653854,2023-11-29,creation,33.266358,-111.881909,04013,AZ
way,977653858,2023-11-29,creation,33.268766,-111.882516,04013,AZ
way,977653859,2023-11-29,creation,33.269741,-111.881587,04013,AZ
way,983627455,2023-11-29,tag_change,39.026301,-77.434028,51107,VA
way,996899487,2023-11-29,geometry_change,38.735440,-77.505695,51153,VA
way,996899489,2023-11-29,tag_change,38.723182,-77.499009,51153,VA
way,1154636644,2023-11-29,tag_change,41.987919,-88.007265,17043,IL
way,1219083554,2023-11-29,creation,42.023042,-87.975557,17031,IL
way,1227539675,2023-11-29,creation,38.803345,-77.510616,51153,VA
way,1227550179,2023-11-29,creation,32.651234,-97.319709,48439,TX
way,1227604493,2023-11-29,creation,37.242605,-121.783999,06085,CA
way,1227604493,2023-11-29,tag_change,37.242605,-121.783999,06085,CA
way,1227612684,2023-11-29,creation,38.736984,-77.504075,51153,VA
way,1227614417,2023-11-29,creation,38.731495,-77.509112,51153,VA
way,1227614670,2023-11-29,creation,38.714970,-77.495128,51153,VA
way,1227682824,2023-11-29,creation,33.266344,-111.883290,04013,AZ
way,1227684019,2023-11-29,creation,33.271968,-111.881627,04013,AZ
way,1227684020,2023-11-29,creation,33.271937,-111.883282,04013,AZ
way,59294476,2023-11-30,tag_change,39.004699,-77.441764,51107,VA
way,231769626,2023-11-30,tag_change,45.632048,-121.201302,41065,OR
way,299927846,2023-11-30,tag_change,38.993785,-77.450509,51107,VA
way,597835788,2023-11-30,creation,33.000144,-96.661646,48085,TX
way,700431553,2023-11-30,tag_change,45.638529,-121.202404,41065,OR
way,701923200,2023-11-30,geometry_change,38.999515,-77.450171,51107,VA
way,701924664,2023-11-30,tag_change,39.000655,-77.439820,51107,VA
way,701924665,2023-11-30,tag_change,39.002395,-77.437661,51107,VA
way,1025002889,2023-11-30,geometry_change,39.005719,-77.449449,51107,VA
way,1202051225,2023-11-30,creation,41.666799,-93.455955,19153,IA
way,1227777096,2023-11-30,creation,39.003108,-77.439851,51107,VA
way,1227777116,2023-11-30,creation,39.003108,-77.439851,51107,VA
way,1227883682,2023-11-30,creation,41.667657,-93.455482,19153,IA
way,428021796,2023-12-01,geometry_change,34.047326,-118.257514,06037,CA
way,1124864831,2023-12-04,tag_change,38.948258,-77.555911,51107,VA
way,1134911640,2023-12-04,tag_change,38.747596,-77.519475,51153,VA
way,1134911641,2023-12-04,tag_change,38.748374,-77.520705,51153,VA
way,1161094246,2023-12-04,tag_change,38.979147,-77.419905,51107,VA
way,1188680255,2023-12-04,tag_change,38.989553,-77.434801,51107,VA
way,1221862807,2023-12-04,tag_change,38.746975,-77.518528,51153,VA
way,1227612684,2023-12-04,tag_change,38.736984,-77.504075,51153,VA
node,11400893880,2023-12-07,creation,39.594085,-104.843242,08005,CO
way,1227777096,2023-12-07,deletion,39.003108,-77.439851,51107,VA
way,840582927,2023-12-08,creation,39.017644,-78.290959,51069,VA
way,876120402,2023-12-08,creation,38.462545,-78.856797,51660,VA
way,223783259,2023-12-11,creation,47.617788,-122.356693,53033,WA
way,292506449,2023-12-11,creation,39.590131,-104.846963,08005,CO
way,292506452,2023-12-11,creation,39.591352,-104.847039,08005,CO
way,292506452,2023-12-11,tag_change,39.591352,-104.847039,08005,CO
way,321385147,2023-12-11,geometry_change,44.295883,-120.887261,41013,OR
way,373945186,2023-12-11,geometry_change,44.294894,-120.883998,41013,OR
way,706759845,2023-12-11,geometry_change,44.293683,-120.881519,41013,OR
way,772827601,2023-12-11,geometry_change,44.301255,-120.889884,41013,OR
way,675108684,2023-12-13,creation,36.685374,-78.376553,51117,VA
relation,9892863,2023-12-15,deletion,37.488771,-77.246016,51087,VA
relation,14997588,2023-12-15,creation,37.482763,-77.236455,51087,VA
way,429040021,2023-12-15,deletion,37.494407,-77.237500,51087,VA
way,688722307,2023-12-15,creation,37.495809,-77.238286,51087,VA
way,708155014,2023-12-15,creation,37.489001,-77.245886,51087,VA
way,314032203,2023-12-16,creation,47.602499,-117.368944,53063,WA
way,444683815,2023-12-16,creation,47.654226,-117.420003,53063,WA
way,1015704066,2023-12-16,creation,33.352011,-111.647530,04013,AZ
way,708136776,2023-12-19,geometry_change,33.454490,-111.976395,04013,AZ
way,562775657,2023-12-21,tag_change,40.094630,-82.751339,39089,OH
way,1020374277,2023-12-21,tag_change,40.093616,-82.751456,39089,OH
way,1020374278,2023-12-21,tag_change,40.096534,-82.752051,39089,OH
way,1020374279,2023-12-21,tag_change,40.094046,-82.747491,39089,OH
way,151179323,2023-12-22,tag_change,33.494336,-112.070786,04013,AZ
way,756382879,2023-12-22,creation,40.599345,-74.709623,34035,NJ
way,756382880,2023-12-22,creation,40.599719,-74.710112,34035,NJ
way,919948160,2023-12-24,tag_change,42.675665,-87.918405,55101,WI
way,450078003,2023-12-25,creation,38.454937,-77.978187,51047,VA
way,273895868,2023-12-27,creation,38.980925,-77.444247,51107,VA
way,706725650,2023-12-27,tag_change,39.043189,-77.539318,51107,VA
way,714622340,2023-12-27,deletion,38.948332,-77.521599,51107,VA
way,880052062,2023-12-27,creation,38.940669,-94.755232,20091,KS
way,1025002889,2023-12-27,tag_change,39.005719,-77.449449,51107,VA
way,801402632,2023-12-28,geometry_change,34.844123,-86.628432,01089,AL
way,886330269,2023-12-29,tag_change,39.074787,-77.564129,51107,VA
way,986829280,2023-12-29,tag_change,39.075508,-77.563035,51107,VA
way,1235255415,2023-12-29,creation,32.309655,-106.729171,35013,NM
way,918871786,2024-01-02,geometry_change,45.558769,-122.931973,41067,OR
way,1219083554,2024-01-02,tag_change,42.023042,-87.975557,17031,IL
way,152449872,2024-01-03,geometry_change,41.870944,-87.640141,17031,IL
way,195664350,2024-01-06,creation,36.262546,-95.910031,40143,OK
way,109458128,2024-01-09,geometry_change,40.710889,-74.001204,36061,NY
way,109458128,2024-01-09,tag_change,40.710889,-74.001204,36061,NY
way,1141759683,2024-01-09,tag_change,45.554213,-122.950499,41067,OR
way,103363234,2024-01-10,geometry_change,45.978229,-66.588819,,
way,1238705019,2024-01-10,creation,41.361062,-81.632805,39035,OH
node,11526819452,2024-01-18,creation,43.797760,-123.060480,41039,OR
node,6685432442,2024-01-19,geometry_change,39.514096,-119.479592,32029,NV
way,589070714,2024-01-19,tag_change,42.982091,-70.950593,33015,NH
way,819981888,2024-01-20,geometry_change,36.032681,-86.637798,47037,TN
way,210917861,2024-01-21,creation,33.421693,-112.034303,04013,AZ
way,200989527,2024-01-23,creation,39.588307,-104.832435,08005,CO
way,208650151,2024-01-23,creation,43.496894,-80.208647,,
way,208650151,2024-01-23,tag_change,43.496894,-80.208647,,
way,288232465,2024-01-23,creation,43.427523,-80.372049,,
way,398917168,2024-01-23,creation,43.484106,-80.194277,,
way,322816286,2024-01-24,creation,43.594555,-79.753147,,
way,974334074,2024-01-24,creation,43.838256,-79.316775,,
node,11552825696,2024-01-25,creation,39.022090,-77.460607,51107,VA
node,11552825697,2024-01-25,creation,39.023014,-77.449758,51107,VA
node,11552825698,2024-01-25,creation,38.948810,-77.329409,51059,VA
node,11552825699,2024-01-25,creation,39.022756,-77.454865,51107,VA
node,11552825700,2024-01-25,creation,39.004286,-77.484358,51107,VA
node,11552825701,2024-01-25,creation,39.024344,-77.434000,51107,VA
node,11552825702,2024-01-25,creation,39.024417,-77.433978,51107,VA
node,11552825703,2024-01-25,creation,39.006304,-77.467138,51107,VA
node,11552825704,2024-01-25,creation,39.002007,-77.483357,51107,VA
node,11552825705,2024-01-25,creation,39.021081,-77.463573,51107,VA
node,11552825706,2024-01-25,creation,39.021732,-77.452746,51107,VA
node,11552825707,2024-01-25,creation,39.015039,-77.459045,51107,VA
node,11552825708,2024-01-25,creation,39.015429,-77.478281,51107,VA
node,11552825710,2024-01-25,creation,39.015622,-77.481653,51107,VA
node,11552825711,2024-01-25,creation,39.014874,-77.480434,51107,VA
node,11552825712,2024-01-25,creation,39.015899,-77.453145,51107,VA
node,11552825713,2024-01-25,creation,39.016742,-77.452001,51107,VA
node,11552825714,2024-01-25,creation,39.022497,-77.450266,51107,VA
node,11552825715,2024-01-25,creation,39.014494,-77.479973,51107,VA
node,11552825717,2024-01-25,creation,39.015519,-77.478302,51107,VA
node,11552825718,2024-01-25,creation,38.950635,-77.364452,51059,VA
node,11552825719,2024-01-25,creation,39.025944,-77.414576,51107,VA
node,11552825720,2024-01-25,creation,38.777900,-77.547060,51153,VA
node,11552825721,2024-01-25,creation,38.777053,-77.546266,51153,VA
node,11552825722,2024-01-25,creation,38.752506,-77.513120,51153,VA
node,11552825723,2024-01-25,creation,38.752584,-77.513084,51153,VA
node,11552825724,2024-01-25,creation,39.025985,-77.414582,51107,VA
node,11552825725,2024-01-25,creation,39.025965,-77.414579,51107,VA
way,52094270,2024-01-25,tag_change,39.023321,-77.413201,51107,VA
way,239950229,2024-01-25,creation,38.956669,-77.381871,51059,VA
way,708916484,2024-01-25,geometry_change,39.015417,-77.478273,51107,VA
way,899634245,2024-01-26,tag_change,45.554198,-122.937911,41067,OR
way,1243089554,2024-01-26,creation,45.554219,-122.939444,41067,OR
way,1243089555,2024-01-26,creation,45.554219,-122.940954,41067,OR
node,11552825696,2024-01-29,deletion,39.022090,-77.460607,51107,VA
node,11552825697,2024-01-29,deletion,39.023014,-77.449758,51107,VA
node,11552825698,2024-01-29,deletion,38.948810,-77.329409,51059,VA
node,11552825699,2024-01-29,deletion,39.022756,-77.454865,51107,VA
node,11552825700,2024-01-29,deletion,39.004286,-77.484358,51107,VA
node,11552825701,2024-01-29,deletion,39.024344,-77.434000,51107,VA
node,11552825702,2024-01-29,deletion,39.024417,-77.433978,51107,VA
node,11552825703,2024-01-29,deletion,39.006304,-77.467138,51107,VA
node,11552825704,2024-01-29,deletion,39.002007,-77.483357,51107,VA
node,11552825705,2024-01-29,deletion,39.021081,-77.463573,51107,VA
node,11552825706,2024-01-29,deletion,39.021732,-77.452746,51107,VA
node,11552825707,2024-01-29,deletion,39.015039,-77.459045,51107,VA
node,11552825708,2024-01-29,deletion,39.015429,-77.478281,51107,VA
node,11552825710,2024-01-29,deletion,39.015622,-77.481653,51107,VA
node,11552825711,2024-01-29,deletion,39.014874,-77.480434,51107,VA
node,11552825712,2024-01-29,deletion,39.015899,-77.453145,51107,VA
node,11552825713,2024-01-29,deletion,39.016742,-77.452001,51107,VA
node,11552825714,2024-01-29,deletion,39.022497,-77.450266,51107,VA
node,11552825715,2024-01-29,deletion,39.014494,-77.479973,51107,VA
node,11552825717,2024-01-29,deletion,39.015519,-77.478302,51107,VA
node,11552825718,2024-01-29,deletion,38.950635,-77.364452,51059,VA
node,11552825719,2024-01-29,deletion,39.025944,-77.414576,51107,VA
node,11552825720,2024-01-29,deletion,38.777900,-77.547060,51153,VA
node,11552825721,2024-01-29,deletion,38.777053,-77.546266,51153,VA
node,11552825722,2024-01-29,deletion,38.752506,-77.513120,51153,VA
node,11552825723,2024-01-29,deletion,38.752584,-77.513084,51153,VA
node,11552825724,2024-01-29,deletion,39.025985,-77.414582,51107,VA
node,11552825725,2024-01-29,deletion,39.025965,-77.414579,51107,VA
way,52094270,2024-01-29,tag_change,39.023321,-77.413201,51107,VA
way,131891022,2024-01-29,creation,33.420380,-112.041326,04013,AZ
way,239950229,2024-01-29,deletion,38.956669,-77.381871,51059,VA
way,708916484,2024-01-29,geometry_change,39.015417,-77.478273,51107,VA
way,845775548,2024-01-31,creation,39.989087,-105.020703,08014,CO
way,845775548,2024-01-31,tag_change,39.989087,-105.020703,08014,CO
node,2603780321,2024-02-02,deletion,36.144740,-115.077921,32003,NV
way,254583328,2024-02-02,creation,36.144733,-115.077928,32003,NV
way,1011125238,2024-02-02,tag_change,43.051389,-88.216665,55133,WI
way,1017460713,2024-02-02,creation,36.143646,-115.076779,32003,NV
way,1017460715,2024-02-02,creation,36.142764,-115.076696,32003,NV
way,168770080,2024-02-04,tag_change,43.779437,-79.489559,,
way,890011248,2024-02-10,deletion,42.717388,-83.413981,26125,MI
way,610827836,2024-02-19,creation,33.064272,-80.041453,45015,SC
way,714622339,2024-02-19,tag_change,38.942771,-77.526250,51107,VA
way,844371952,2024-02-19,creation,34.913692,-85.747428,01071,AL
way,844371953,2024-02-19,creation,34.913676,-85.745935,01071,AL
way,844389014,2024-02-19,creation,36.624582,-87.261296,47125,TN
way,1000784035,2024-02-19,tag_change,38.743053,-77.533384,51153,VA
way,1059030596,2024-02-19,tag_change,38.744286,-77.533322,51153,VA
way,1069388067,2024-02-19,creation,33.062022,-80.038316,45015,SC
way,1069388075,2024-02-19,creation,33.062174,-80.039660,45015,SC
way,1069388095,2024-02-19,creation,33.062053,-80.041155,45015,SC
way,1069388141,2024-02-19,creation,33.064312,-80.038456,45015,SC
way,1069388147,2024-02-19,creation,33.066436,-80.038428,45015,SC
way,1069388156,2024-02-19,creation,33.064157,-80.043575,45015,SC
way,1069388186,2024-02-19,creation,33.062001,-80.045057,45015,SC
way,1069388211,2024-02-19,creation,33.064435,-80.046068,45015,SC
way,1088203906,2024-02-19,tag_change,39.016744,-77.452001,51107,VA
way,1088203907,2024-02-19,tag_change,39.015886,-77.453145,51107,VA
way,1103333136,2024-02-19,creation,36.624825,-87.263546,47125,TN
way,1103333137,2024-02-19,creation,36.624305,-87.259049,47125,TN
way,1160814413,2024-02-19,creation,34.847334,-86.626919,01089,AL
way,1160814415,2024-02-19,creation,34.843182,-86.628866,01089,AL
way,1160814416,2024-02-19,creation,34.840432,-86.628841,01089,AL
way,1173770902,2024-02-19,tag_change,38.941822,-77.527429,51107,VA
way,1252196797,2024-02-19,creation,38.904297,-77.452474,51059,VA
way,1252196798,2024-02-19,creation,38.904837,-77.454760,51059,VA
way,1252196799,2024-02-19,creation,38.915905,-77.490552,51107,VA
way,1252196800,2024-02-19,creation,38.914990,-77.490976,51107,VA
way,1252196801,2024-02-19,creation,40.092983,-82.747637,39089,OH
way,1252196802,2024-02-19,creation,40.093440,-82.732160,39089,OH
way,1252196803,2024-02-19,creation,40.092158,-82.727551,39089,OH
way,1252196804,2024-02-19,creation,40.092965,-82.726490,39089,OH
way,1252196805,2024-02-19,creation,40.116259,-83.201391,39159,OH
way,1252196806,2024-02-19,creation,40.117400,-83.202082,39159,OH
way,1252196807,2024-02-19,creation,40.119048,-83.200260,39159,OH
way,1252196808,2024-02-19,creation,40.049357,-83.175460,39049,OH
way,1252196809,2024-02-19,creation,40.048131,-83.175284,39049,OH
way,1252196810,2024-02-19,creation,40.047910,-83.177547,39049,OH
way,1252196811,2024-02-19,creation,40.057945,-82.765264,39089,OH
way,1252196812,2024-02-19,creation,40.059342,-82.771776,39049,OH
way,1252196813,2024-02-19,creation,40.060380,-82.750988,39089,OH
way,1252196814,2024-02-19,creation,39.852098,-82.994875,39049,OH
way,1252196815,2024-02-19,creation,38.776186,-77.582644,51153,VA
way,1252196816,2024-02-19,creation,45.858750,-119.605096,41049,OR
way,1252196817,2024-02-19,creation,45.860084,-119.605134,41049,OR
way,1252196818,2024-02-19,creation,45.860969,-119.605153,41049,OR
way,1252196819,2024-02-19,creation,45.841481,-119.651777,41049,OR
way,1252196820,2024-02-19,creation,45.920637,-119.231831,41059,OR
way,1252196821,2024-02-19,creation,45.920647,-119.229981,41059,OR
way,1252196822,2024-02-19,creation,45.797775,-119.361959,41059,OR
way,1252196823,2024-02-19,creation,45.799165,-119.366658,41059,OR
way,1252196824,2024-02-19,creation,39.724020,-82.691170,39045,OH
way,1252196825,2024-02-19,creation,38.746169,-77.517256,51153,VA
way,1252196826,2024-02-19,creation,38.921309,-77.485870,51107,VA
way,191655977,2024-02-21,tag_change,41.221486,-95.863822,19155,IA
way,844394339,2024-02-21,creation,41.123542,-96.144190,31153,NE
way,844394340,2024-02-21,creation,41.120732,-96.144854,31153,NE
way,1073720208,2024-02-21,creation,41.177344,-95.804857,19155,IA
way,1073720209,2024-02-21,tag_change,41.177274,-95.806380,19155,IA
way,1073720210,2024-02-21,tag_change,41.177456,-95.803215,19155,IA
way,1073720211,2024-02-21,tag_change,41.177483,-95.800967,19155,IA
way,1073720212,2024-02-21,tag_change,41.175540,-95.806763,19155,IA
way,1073720213,2024-02-21,tag_change,41.175540,-95.805652,19155,IA
way,1073720214,2024-02-21,tag_change,41.175543,-95.804493,19155,IA
way,1073720215,2024-02-21,tag_change,41.175544,-95.803389,19155,IA
way,1073720216,2024-02-21,tag_change,41.175547,-95.802224,19155,IA
way,1073720217,2024-02-21,tag_change,41.175545,-95.801119,19155,IA
way,1073720218,2024-02-21,tag_change,41.175554,-95.799948,19155,IA
way,1073720219,2024-02-21,tag_change,41.172635,-95.804024,19155,IA
way,1073720220,2024-02-21,tag_change,41.172640,-95.802521,19155,IA
way,1073720221,2024-02-21,tag_change,41.172611,-95.801148,19155,IA
way,1134911640,2024-02-21,tag_change,38.747596,-77.519475,51153,VA
way,1134911641,2024-02-21,tag_change,38.748374,-77.520705,51153,VA
way,1161094246,2024-02-21,tag_change,38.979147,-77.419905,51107,VA
way,1221862807,2024-02-21,tag_change,38.746975,-77.518528,51153,VA
way,1227612684,2024-02-21,tag_change,38.736984,-77.504075,51153,VA
way,1237493975,2024-02-21,creation,41.134920,-96.144073,31153,NE
way,1237494981,2024-02-21,creation,41.134393,-96.155906,31153,NE
way,1253282099,2024-02-21,creation,38.995094,-77.471072,51107,VA
way,1253282100,2024-02-21,creation,41.123573,-96.132894,31153,NE
way,1253282101,2024-02-21,creation,41.114292,-96.142770,31153,NE
way,1253282102,2024-02-21,creation,41.112158,-96.141605,31153,NE
way,1253282103,2024-02-21,creation,41.675578,-93.509627,19153,IA
way,1253282104,2024-02-21,creation,41.675819,-93.506033,19153,IA
way,1254161871,2024-02-23,creation,37.362991,-87.547121,21107,KY
node,11666916913,2024-02-26,creation,33.395586,-111.970076,04013,AZ
way,244490839,2024-02-26,creation,33.416050,-112.009426,04013,AZ
way,460087665,2024-02-27,creation,44.297824,-120.885802,41013,OR
way,1153935548,2024-02-29,geometry_change,45.568459,-122.919969,41067,OR
way,897226573,2024-03-10,geometry_change,38.949327,-77.555569,51107,VA
way,1263819877,2024-03-18,creation,36.064022,-115.221112,32003,NV
node,11759022294,2024-03-24,creation,39.469084,-119.769508,32031,NV
node,11759022294,2024-03-24,deletion,39.469084,-119.769508,32031,NV
way,1080170580,2024-03-25,tag_change,45.556450,-122.939299,41067,OR
way,1114969101,2024-03-25,geometry_change,45.554045,-122.948762,41067,OR
way,244490839,2024-03-26,tag_change,33.416050,-112.009426,04013,AZ
way,168770080,2024-03-27,tag_change,43.779437,-79.489559,,
way,169170979,2024-03-27,tag_change,34.995446,-106.618034,35001,NM
way,205724881,2024-03-27,tag_change,47.495031,-122.290570,53033,WA
way,223783259,2024-03-27,tag_change,47.617788,-122.356693,53033,WA
way,231664575,2024-03-27,tag_change,47.618985,-122.336462,53033,WA
way,417682780,2024-03-27,tag_change,47.619325,-122.348153,53033,WA
way,417682781,2024-03-27,tag_change,47.618920,-122.348596,53033,WA
way,293211683,2024-03-28,tag_change,47.491920,-122.289736,53033,WA
way,293211686,2024-03-28,tag_change,47.493556,-122.290302,53033,WA
way,293211687,2024-03-28,tag_change,47.493411,-122.288858,53033,WA
way,337126739,2024-03-28,tag_change,47.494131,-122.294407,53033,WA
way,337126742,2024-03-28,tag_change,47.492148,-122.293320,53033,WA
way,168770080,2024-03-29,tag_change,43.779437,-79.489559,,
relation,17408363,2024-03-31,creation,45.555235,-122.940050,41067,OR
way,860433344,2024-03-31,deletion,45.555205,-122.939884,41067,OR
way,1116775094,2024-04-01,creation,39.514068,-119.475514,32029,NV
way,1116775095,2024-04-01,creation,39.513871,-119.484853,32029,NV
node,11098469355,2024-04-03,geometry_change,41.876152,-87.631626,17031,IL
way,147350175,2024-04-03,geometry_change,41.876156,-87.631477,17031,IL
way,706725650,2024-04-05,geometry_change,39.043189,-77.539318,51107,VA
node,11815482844,2024-04-13,creation,41.807282,-83.627629,26115,MI
way,1227614417,2024-04-13,deletion,38.731495,-77.509112,51153,VA
way,476609221,2024-04-16,creation,38.802660,-104.521966,08041,CO
way,693385812,2024-04-18,tag_change,38.943154,-77.524369,51107,VA
way,701923202,2024-04-18,tag_change,39.006454,-77.467254,51107,VA
way,701924664,2024-04-18,tag_change,39.000655,-77.439820,51107,VA
way,796933516,2024-04-18,tag_change,39.011810,-77.454561,51107,VA
way,1088241977,2024-04-18,tag_change,39.010411,-77.475189,51107,VA
way,1173770902,2024-04-18,tag_change,38.941822,-77.527429,51107,VA
way,958153769,2024-04-20,tag_change,32.498096,-84.883571,13215,GA
way,958153770,2024-04-20,tag_change,32.498267,-84.883571,13215,GA
way,1188691869,2024-04-20,tag_change,39.017878,-77.481828,51107,VA
way,1188715508,2024-04-20,tag_change,39.019578,-77.450466,51107,VA
way,284044002,2024-04-23,tag_change,33.925511,-84.481616,13067,GA
way,298126010,2024-04-23,tag_change,39.017902,-77.462549,51107,VA
way,298242335,2024-04-23,tag_change,39.019936,-77.459842,51107,VA
way,300162674,2024-04-23,tag_change,39.020113,-77.463071,51107,VA
way,300162675,2024-04-23,tag_change,39.021068,-77.463589,51107,VA
way,300969614,2024-04-23,tag_change,39.003336,-77.487094,51107,VA
way,300969615,2024-04-23,tag_change,39.002752,-77.485449,51107,VA
way,300969616,2024-04-23,tag_change,39.002021,-77.483345,51107,VA
way,300969617,2024-04-23,tag_change,39.002755,-77.481954,51107,VA
way,300969619,2024-04-23,tag_change,39.004292,-77.484355,51107,VA
way,354590432,2024-04-23,creation,40.784739,-74.064358,34017,NJ
way,365733781,2024-04-23,creation,45.574630,-75.398405,,
way,451491797,2024-04-23,creation,40.784134,-74.065560,34017,NJ
way,460175672,2024-04-23,tag_change,39.005052,-77.485612,51107,VA
way,597970806,2024-04-23,tag_change,39.001552,-77.479344,51107,VA
way,597970809,2024-04-23,tag_change,39.000511,-77.480596,51107,VA
way,597970811,2024-04-23,tag_change,39.000010,-77.478070,51107,VA
way,597970813,2024-04-23,tag_change,39.001110,-77.477184,51107,VA
way,649319778,2024-04-23,tag_change,39.017532,-77.465643,51107,VA
way,649365764,2024-04-23,tag_change,39.015466,-77.467319,51107,VA
way,701923203,2024-04-23,tag_change,39.007718,-77.467623,51107,VA
way,701923204,2024-04-23,tag_change,39.012707,-77.465536,51107,VA
way,714139868,2024-04-23,creation,40.784327,-74.065254,34017,NJ
way,1088203907,2024-04-23,tag_change,39.015886,-77.453145,51107,VA
way,376627431,2024-04-24,tag_change,48.757268,-122.480548,53073,WA
way,321385147,2024-04-26,tag_change,44.295883,-120.887261,41013,OR
way,373945186,2024-04-26,tag_change,44.294894,-120.883998,41013,OR
way,379204766,2024-04-26,deletion,30.205930,-97.697965,48453,TX
way,397914434,2024-04-26,tag_change,44.289415,-120.875078,41013,OR
way,455171103,2024-04-26,deletion,30.206994,-97.701114,48453,TX
way,516686211,2024-04-26,creation,35.142789,-80.916208,37119,NC
way,578393557,2024-04-26,creation,44.284573,-120.865823,41013,OR
way,706759845,2024-04-26,tag_change,44.293683,-120.881519,41013,OR
way,713411278,2024-04-26,creation,30.207136,-97.700666,48453,TX
way,713411279,2024-04-26,creation,30.205953,-97.697961,48453,TX
way,1276373853,2024-04-26,creation,44.285754,-120.869921,41013,OR
way,1276518679,2024-04-26,creation,38.986526,-77.435176,51107,VA
way,1276518684,2024-04-26,creation,38.988621,-77.440752,51107,VA
way,1276518687,2024-04-26,creation,38.992269,-77.433932,51107,VA
way,918873142,2024-04-28,geometry_change,45.559469,-122.938247,41067,OR
way,1114969101,2024-04-29,geometry_change,45.554149,-122.949378,41067,OR
way,1141759683,2024-04-29,deletion,45.554213,-122.950499,41067,OR
way,414055237,2024-04-30,creation,41.123391,-104.905342,56021,WY
way,414055239,2024-04-30,creation,41.126231,-104.901876,56021,WY
way,537172525,2024-04-30,creation,41.124033,-104.898089,56021,WY
way,537172526,2024-04-30,creation,41.124037,-104.899269,56021,WY
way,537172527,2024-04-30,creation,41.125284,-104.899271,56021,WY
way,537172528,2024-04-30,creation,41.125287,-104.898083,56021,WY
way,697021949,2024-04-30,geometry_change,38.815816,-77.652696,51153,VA
way,1177975782,2024-04-30,creation,41.125399,-104.907516,56021,WY
way,1177975783,2024-04-30,creation,41.126460,-104.899537,56021,WY
way,1177975784,2024-04-30,creation,41.125411,-104.901978,56021,WY
way,1177975788,2024-04-30,creation,41.122266,-104.908142,56021,WY
way,1177975789,2024-04-30,creation,41.122246,-104.909517,56021,WY
way,269166415,2024-05-02,creation,34.036202,-84.319553,13121,GA
way,813688319,2024-05-02,tag_change,47.407272,-120.213944,53017,WA
way,1173537116,2024-05-02,tag_change,47.418324,-120.207697,53017,WA
node,751881301,2024-05-03,tag_change,38.902888,-77.029149,11001,DC
way,1210421871,2024-05-05,creation,41.041060,-80.633090,39099,OH
way,701931819,2024-05-06,tag_change,38.916990,-77.494409,51107,VA
way,1027471510,2024-05-06,geometry_change,45.846754,-119.609062,41049,OR
way,1181391920,2024-05-06,tag_change,38.917272,-77.495704,51107,VA
way,1252196797,2024-05-06,geometry_change,38.904346,-77.452473,51059,VA
way,1280340212,2024-05-06,creation,38.947361,-77.520226,51107,VA
way,1280340213,2024-05-06,creation,38.983575,-77.417527,51107,VA
way,1280340214,2024-05-06,creation,38.802897,-77.622127,51153,VA
way,1280340215,2024-05-06,creation,38.745120,-77.533094,51153,VA
way,1280340216,2024-05-06,creation,38.814598,-77.654331,51153,VA
way,1280340217,2024-05-06,creation,38.816968,-77.652159,51153,VA
way,1280344148,2024-05-06,creation,40.134190,-83.215834,39159,OH
way,1280344149,2024-05-06,creation,45.920597,-119.228805,41059,OR
way,1280344150,2024-05-06,creation,45.920560,-119.227004,41059,OR
way,1280344151,2024-05-06,creation,45.919515,-119.226090,41059,OR
way,1280344152,2024-05-06,creation,45.879543,-119.341665,41059,OR
way,1280344153,2024-05-06,creation,45.882525,-119.341653,41059,OR
way,1280344154,2024-05-06,creation,45.862253,-119.605112,41049,OR
way,1280344155,2024-05-06,creation,45.858038,-119.604872,41049,OR
way,1280344156,2024-05-06,creation,45.840670,-119.651302,41049,OR
way,1280344157,2024-05-06,creation,45.819931,-119.632086,41049,OR
way,138260136,2024-05-08,creation,40.095259,-88.242031,17019,IL
way,796933516,2024-05-08,tag_change,39.011810,-77.454561,51107,VA
way,54173383,2024-05-10,creation,37.375142,-121.971709,06085,CA
way,684641363,2024-05-13,deletion,34.105172,-84.213203,13117,GA
way,1083841125,2024-05-13,geometry_change,38.786172,-104.788535,08041,CO
way,1282332209,2024-05-13,creation,34.103383,-84.214974,13117,GA
way,231047065,2024-05-14,creation,41.128791,-104.897487,56021,WY
way,414055237,2024-05-14,tag_change,41.123407,-104.905308,56021,WY
way,421273622,2024-05-14,tag_change,41.165469,-96.083388,31153,NE
way,711811006,2024-05-14,creation,41.128700,-104.897032,56021,WY
way,942557184,2024-05-14,creation,41.127843,-96.145045,31153,NE
way,1235150788,2024-05-14,creation,41.180500,-96.084899,31153,NE
way,1282875386,2024-05-14,creation,41.125124,-104.894984,56021,WY
way,996723585,2024-05-16,geometry_change,38.777249,-77.545965,51153,VA
way,1283698132,2024-05-16,creation,38.775507,-77.545200,51153,VA
way,1283734104,2024-05-16,creation,33.446340,-112.373919,04013,AZ
way,156520409,2024-05-20,tag_change,41.853656,-87.618347,17031,IL
node,11924506303,2024-05-22,creation,33.910290,-117.503021,06065,CA
way,933393863,2024-05-22,creation,38.592297,-121.277437,06067,CA
way,933393863,2024-05-22,geometry_change,38.592297,-121.277437,06067,CA
way,147350175,2024-05-24,tag_change,41.876156,-87.631477,17031,IL
way,156520409,2024-05-27,geometry_change,41.853653,-87.618359,17031,IL
node,11938614120,2024-05-28,creation,33.405131,-111.977335,04013,AZ
node,11938631189,2024-05-28,creation,33.413186,-111.971154,04013,AZ
way,1059036248,2024-05-28,geometry_change,38.745959,-77.537509,51153,VA
way,1287260553,2024-05-28,creation,38.774466,-77.585655,51153,VA
way,1287260554,2024-05-28,creation,38.801857,-77.621210,51153,VA
way,1287260555,2024-05-28,creation,38.801257,-77.620481,51153,VA
way,1287260556,2024-05-28,creation,38.774338,-77.542134,51153,VA
way,1287260557,2024-05-28,creation,38.773041,-77.541082,51153,VA
way,1287260558,2024-05-28,creation,38.753238,-77.510865,51153,VA
way,1287260560,2024-05-28,creation,41.173587,-95.792155,19155,IA
way,1287260561,2024-05-28,creation,41.173586,-95.788665,19155,IA
way,1283734104,2024-05-29,tag_change,33.446340,-112.373919,04013,AZ
node,11954315496,2024-06-03,creation,38.747470,-77.674491,51061,VA
way,290101976,2024-06-05,creation,43.825243,-111.782093,16065,ID
way,472761713,2024-06-08,tag_change,41.078302,-74.152918,34003,NJ
way,335468616,2024-06-09,creation,47.671917,-117.095935,53063,WA
way,845775548,2024-06-10,tag_change,39.989087,-105.020703,08014,CO
way,79056848,2024-06-12,creation,43.143619,-70.952473,33017,NH
way,1143804764,2024-06-13,tag_change,39.133685,-76.851407,24027,MD
way,706726088,2024-06-16,geometry_change,39.051432,-77.539399,51107,VA
way,909455922,2024-06-16,creation,39.044099,-77.539674,51107,VA
way,1292897241,2024-06-16,creation,39.042552,-77.538300,51107,VA
way,1292897242,2024-06-16,creation,39.041623,-77.539224,51107,VA
way,1292897243,2024-06-16,creation,39.043502,-77.540874,51107,VA
way,930043986,2024-06-17,tag_change,43.012076,-76.115925,36067,NY
way,443875726,2024-06-18,deletion,40.452324,-80.041865,42003,PA
way,129410909,2024-06-19,deletion,37.373225,-79.253606,51019,VA
way,1296163129,2024-06-25,creation,37.665147,-121.040037,06099,CA
way,1296723872,2024-06-27,creation,29.686402,-98.462649,48029,TX
way,460167186,2024-06-30,tag_change,47.407164,-120.187490,53017,WA
way,460167187,2024-06-30,tag_change,47.408714,-120.189294,53017,WA
way,30666790,2024-07-04,tag_change,34.058102,-118.235393,06037,CA
way,460067225,2024-07-06,geometry_change,40.059902,-83.134258,39049,OH
way,54383197,2024-07-07,creation,37.375558,-121.969610,06085,CA
way,192307107,2024-07-07,tag_change,37.788992,-122.390137,06075,CA
way,460085343,2024-07-07,tag_change,37.788731,-122.390469,06075,CA
way,1092757323,2024-07-08,creation,40.725916,-99.038323,31019,NE
way,155739337,2024-07-09,creation,33.659041,-112.111168,04013,AZ
way,155739337,2024-07-09,tag_change,33.659041,-112.111168,04013,AZ
way,300974499,2024-07-09,tag_change,33.347019,-111.604056,04013,AZ
way,543117031,2024-07-09,tag_change,33.421284,-111.858994,04013,AZ
way,460087665,2024-07-12,tag_change,44.297824,-120.885802,41013,OR
way,1300765126,2024-07-13,creation,32.983668,-96.654273,48113,TX
way,223928497,2024-07-15,tag_change,47.614355,-122.338864,53033,WA
way,231664575,2024-07-15,tag_change,47.618985,-122.336462,53033,WA
way,447803368,2024-07-16,creation,43.067289,-89.436736,55025,WI
way,897226573,2024-07-16,tag_change,38.949282,-77.555356,51107,VA
way,1301654223,2024-07-16,creation,38.948017,-77.558987,51107,VA
way,1301654224,2024-07-16,creation,38.950065,-77.558870,51107,VA
way,844386860,2024-07-20,tag_change,32.442128,-97.062528,48139,TX
way,844386861,2024-07-20,tag_change,32.443580,-97.063427,48139,TX
way,794147655,2024-07-22,geometry_change,39.011764,-77.462457,51107,VA
way,103363234,2024-07-27,geometry_change,45.978226,-66.588826,,
way,1019812125,2024-07-27,creation,45.556621,-122.912213,41067,OR
way,103363234,2024-07-28,tag_change,45.978226,-66.588826,,
way,1114969101,2024-07-28,tag_change,45.554149,-122.949378,41067,OR
node,9669340912,2024-08-08,geometry_change,39.287702,-76.606489,24510,MD
way,1177406123,2024-08-09,tag_change,33.354141,-111.611171,04013,AZ
way,74658241,2024-08-11,creation,43.778999,-79.540349,,
way,129730212,2024-08-11,creation,43.850745,-79.342642,,
way,138643160,2024-08-11,creation,39.912780,-83.723761,39023,OH
way,240724127,2024-08-11,creation,40.563749,-112.047725,49035,UT
way,279410766,2024-08-11,tag_change,40.761831,-74.025025,34017,NJ
way,377585075,2024-08-11,creation,42.447697,-83.262667,26125,MI
way,396296733,2024-08-11,tag_change,47.841811,-122.301690,53061,WA
way,578435601,2024-08-11,tag_change,33.750590,-84.585223,13097,GA
way,713410334,2024-08-11,tag_change,33.744228,-84.581216,13097,GA
way,931732650,2024-08-11,creation,40.564095,-112.050628,49035,UT
way,975064000,2024-08-11,tag_change,33.746562,-84.579738,13097,GA
way,1307072785,2024-08-11,creation,46.827467,-92.130431,27137,MN
node,9982583563,2024-08-13,deletion,36.677959,-78.374586,51117,VA
way,152449872,2024-08-13,tag_change,41.870944,-87.640141,17031,IL
way,209073647,2024-08-13,tag_change,37.378289,-121.958105,06085,CA
way,273895868,2024-08-13,tag_change,38.980925,-77.444247,51107,VA
way,289620443,2024-08-13,tag_change,37.723602,-122.397936,06075,CA
way,388148510,2024-08-13,creation,34.756236,-92.444723,05119,AR
node,11400893880,2024-08-15,tag_change,39.593873,-104.843160,08005,CO
node,12112201416,2024-08-15,creation,39.315931,-84.449464,39017,OH
node,12112236372,2024-08-15,creation,39.745970,-104.994159,08031,CO
node,12112238944,2024-08-15,creation,32.800410,-96.819371,48113,TX
node,12112253571,2024-08-15,creation,36.168612,-115.143090,32003,NV
node,12112266917,2024-08-15,creation,30.245748,-81.581723,12031,FL
node,12112270180,2024-08-15,creation,39.661049,-104.848832,08005,CO
node,12112295055,2024-08-15,creation,35.972729,-86.808495,47187,TN
node,12112361725,2024-08-15,creation,35.850528,-78.829143,37183,NC
node,12112380995,2024-08-15,creation,28.037299,-82.539978,12057,FL
node,12112382397,2024-08-15,creation,40.332648,-111.727875,49049,UT
relation,17408363,2024-08-15,deletion,45.555235,-122.940050,41067,OR
way,28544618,2024-08-15,tag_change,32.800943,-96.819511,48113,TX
way,39083797,2024-08-15,tag_change,34.087005,-84.251752,13121,GA
way,52227492,2024-08-15,creation,44.851593,-93.598831,27019,MN
way,157362579,2024-08-15,creation,33.684674,-112.098357,04013,AZ
way,215630401,2024-08-15,creation,35.135431,-80.936872,37119,NC
way,257581364,2024-08-15,creation,37.646890,-77.438695,51087,VA
way,296374269,2024-08-15,creation,40.635695,-75.457573,42077,PA
way,328703598,2024-08-15,tag_change,45.549821,-122.890851,41067,OR
way,328703599,2024-08-15,tag_change,45.550334,-122.892202,41067,OR
way,329551673,2024-08-15,creation,38.277198,-85.507241,21111,KY
way,329551673,2024-08-15,tag_change,38.277198,-85.507241,21111,KY
way,330276516,2024-08-15,creation,38.242496,-85.733351,21111,KY
way,355926681,2024-08-15,creation,40.620352,-111.986047,49035,UT
way,377545385,2024-08-15,tag_change,39.558971,-104.837553,08035,CO
way,392324240,2024-08-15,tag_change,33.954769,-84.198562,13135,GA
way,471691760,2024-08-15,tag_change,45.558285,-122.917092,41067,OR
way,548184239,2024-08-15,creation,32.994813,-96.752502,48085,TX
way,650412346,2024-08-15,creation,33.007002,-96.666410,48085,TX
way,729696933,2024-08-15,creation,40.756307,-111.954838,49035,UT
way,741629998,2024-08-15,creation,26.190086,-80.193297,12011,FL
way,746278786,2024-08-15,tag_change,36.248165,-115.101261,32003,NV
way,860433344,2024-08-15,creation,45.555204,-122.939851,41067,OR
way,918873142,2024-08-15,tag_change,45.559469,-122.938247,41067,OR
way,942604537,2024-08-15,creation,35.920459,-86.815574,47187,TN
way,1056658555,2024-08-15,creation,40.685525,-111.885044,49035,UT
way,1080170580,2024-08-15,tag_change,45.556450,-122.939299,41067,OR
way,1085608797,2024-08-15,creation,28.073856,-82.368338,12057,FL
way,1097502168,2024-08-15,creation,33.731057,-84.616081,13097,GA
way,1121188409,2024-08-15,creation,40.766786,-111.920292,49035,UT
way,1178609569,2024-08-15,creation,40.152220,-75.477629,42091,PA
way,1210515186,2024-08-15,tag_change,35.951041,-86.833381,47187,TN
way,1258702591,2024-08-15,creation,33.730703,-84.611240,13097,GA
way,1307920829,2024-08-15,creation,35.329754,-80.765782,37119,NC
way,844386860,2024-08-17,geometry_change,32.442130,-97.062488,48139,TX
way,844386861,2024-08-17,geometry_change,32.443556,-97.063333,48139,TX
way,758278314,2024-08-19,creation,35.766751,-78.783986,37183,NC
way,234722029,2024-08-20,tag_change,39.016471,-77.459006,51107,VA
way,298127059,2024-08-20,tag_change,39.015560,-77.460326,51107,VA
way,298127361,2024-08-20,tag_change,39.015987,-77.461248,51107,VA
way,298127420,2024-08-20,tag_change,39.014931,-77.458804,51107,VA
way,298242260,2024-08-20,tag_change,39.021948,-77.460287,51107,VA
way,300969250,2024-08-20,tag_change,39.012538,-77.475393,51107,VA
way,302702428,2024-08-20,creation,42.735740,-73.818339,36001,NY
way,368724474,2024-08-20,creation,38.909139,-77.220557,51059,VA
way,460050155,2024-08-20,tag_change,39.021014,-77.451513,51107,VA
way,596690175,2024-08-20,tag_change,39.023007,-77.449758,51107,VA
way,793888408,2024-08-20,tag_change,39.022500,-77.450256,51107,VA
way,796933516,2024-08-20,tag_change,39.011810,-77.454561,51107,VA
way,1123249721,2024-08-20,tag_change,39.024257,-77.452327,51107,VA
way,1227539675,2024-08-20,tag_change,38.803345,-77.510616,51153,VA
way,1278541792,2024-08-20,creation,41.057431,-81.521972,39153,OH
way,1309123033,2024-08-20,creation,39.015198,-77.459538,51107,VA
way,1309123034,2024-08-20,creation,39.016408,-77.461887,51107,VA
way,1310628998,2024-08-23,creation,29.580141,-98.541327,48029,TX
way,222672860,2024-08-24,tag_change,38.815061,-77.648764,51153,VA
way,460056023,2024-08-24,tag_change,38.990699,-77.448825,51107,VA
way,697020849,2024-08-24,tag_change,38.986279,-77.441842,51107,VA
way,697020850,2024-08-24,tag_change,38.986997,-77.442638,51107,VA
way,697021948,2024-08-24,tag_change,38.815132,-77.652919,51153,VA
way,828135845,2024-08-24,tag_change,38.816103,-77.652499,51153,VA
way,30666790,2024-08-25,tag_change,34.058102,-118.235393,06037,CA
way,460085343,2024-08-25,tag_change,37.788731,-122.390469,06075,CA
way,428021816,2024-08-27,tag_change,34.047892,-118.255546,06037,CA
way,1312295357,2024-08-30,creation,33.642129,-81.842595,45003,SC
way,1312295357,2024-08-30,geometry_change,33.642273,-81.842627,45003,SC
relation,14997588,2024-09-02,tag_change,37.482763,-77.236455,51087,VA
way,204460812,2024-09-02,tag_change,40.544882,-74.495381,34023,NJ
way,283051469,2024-09-02,tag_change,47.246212,-119.813229,53025,WA
way,283051470,2024-09-02,tag_change,47.247653,-119.813187,53025,WA
way,283051471,2024-09-02,tag_change,47.246168,-119.815756,53025,WA
way,283051472,2024-09-02,tag_change,47.245327,-119.815931,53025,WA
way,283051474,2024-09-02,tag_change,47.251412,-119.818753,53025,WA
way,283051478,2024-09-02,tag_change,47.246736,-119.828866,53025,WA
way,321385147,2024-09-02,tag_change,44.295883,-120.887261,41013,OR
way,373945186,2024-09-02,tag_change,44.294894,-120.883998,41013,OR
way,396296733,2024-09-02,tag_change,47.841811,-122.301690,53061,WA
way,438078070,2024-09-02,geometry_change,41.665537,-93.508170,19153,IA
way,460089167,2024-09-02,creation,35.314231,-81.822139,37161,NC
way,460089168,2024-09-02,creation,35.317372,-81.826327,37161,NC
way,517411076,2024-09-02,tag_change,44.288882,-120.870125,41013,OR
way,562775657,2024-09-02,tag_change,40.094630,-82.751339,39089,OH
way,578412815,2024-09-02,tag_change,34.830228,-106.779896,35061,NM
way,626785488,2024-09-02,creation,34.830247,-106.783829,35061,NM
way,671301768,2024-09-02,tag_change,40.068408,-82.750341,39089,OH
way,706759844,2024-09-02,tag_change,44.287277,-120.870216,41013,OR
way,706759845,2024-09-02,tag_change,44.293683,-120.881519,41013,OR
way,756778306,2024-09-02,creation,34.830040,-106.780347,35061,NM
way,762116506,2024-09-02,creation,37.483928,-77.237311,51087,VA
way,772827597,2024-09-02,tag_change,44.299095,-120.879435,41013,OR
way,772827601,2024-09-02,tag_change,44.301255,-120.889884,41013,OR
way,777679751,2024-09-02,creation,34.830283,-106.776471,35061,NM
way,788027103,2024-09-02,geometry_change,41.667737,-93.516307,19153,IA
way,802160675,2024-09-02,tag_change,40.065272,-82.748910,39089,OH
way,815057182,2024-09-02,geometry_change,32.988296,-97.255460,48439,TX
way,830931210,2024-09-02,geometry_change,41.671173,-93.516628,19153,IA
way,844394339,2024-09-02,tag_change,41.123542,-96.144190,31153,NE
way,844394340,2024-09-02,tag_change,41.120732,-96.144854,31153,NE
way,883809860,2024-09-02,creation,35.316555,-81.825132,37161,NC
way,1020374277,2024-09-02,tag_change,40.093616,-82.751456,39089,OH
way,1020374278,2024-09-02,tag_change,40.096534,-82.752051,39089,OH
way,1020374279,2024-09-02,tag_change,40.094046,-82.747491,39089,OH
way,1024051963,2024-09-02,tag_change,40.268288,-112.015077,49049,UT
way,1024051997,2024-09-02,tag_change,40.265564,-112.015127,49049,UT
way,1030970564,2024-09-02,creation,37.481963,-77.233805,51087,VA
way,1035123473,2024-09-02,tag_change,40.272334,-112.015055,49049,UT
way,1054387470,2024-09-02,tag_change,33.600761,-83.700342,13217,GA
way,1054387471,2024-09-02,creation,33.601371,-83.705417,13217,GA
way,1070895993,2024-09-02,creation,33.600094,-83.696839,13217,GA
way,1070895994,2024-09-02,creation,33.598021,-83.695013,13217,GA
way,1152747559,2024-09-02,creation,44.301672,-120.894596,41013,OR
way,1152748037,2024-09-02,creation,44.299288,-120.894595,41013,OR
way,1160814413,2024-09-02,tag_change,34.847334,-86.626919,01089,AL
way,1160814415,2024-09-02,tag_change,34.843182,-86.628866,01089,AL
way,1160814416,2024-09-02,tag_change,34.840432,-86.628841,01089,AL
way,1191496040,2024-09-02,creation,34.825819,-106.778730,35061,NM
way,1193914601,2024-09-02,tag_change,47.244811,-119.817983,53025,WA
way,1193914602,2024-09-02,tag_change,47.244276,-119.814813,53025,WA
way,1213758201,2024-09-02,geometry_change,36.408654,-86.370314,47165,TN
way,1222007663,2024-09-02,geometry_change,40.059633,-82.764527,39089,OH
way,1252196801,2024-09-02,tag_change,40.092983,-82.747637,39089,OH
way,1252196811,2024-09-02,tag_change,40.057957,-82.765285,39089,OH
way,1252196813,2024-09-02,tag_change,40.060380,-82.750988,39089,OH
way,1253282100,2024-09-02,tag_change,41.123573,-96.132894,31153,NE
way,1253282101,2024-09-02,tag_change,41.114329,-96.142837,31153,NE
way,1253282102,2024-09-02,tag_change,41.112163,-96.141555,31153,NE
way,1253282103,2024-09-02,geometry_change,41.675571,-93.509657,19153,IA
way,1253282104,2024-09-02,geometry_change,41.675818,-93.506042,19153,IA
way,1276373853,2024-09-02,tag_change,44.285754,-120.869921,41013,OR
way,1294595615,2024-09-02,creation,36.411865,-86.369661,47165,TN
way,1312792611,2024-09-02,creation,41.888530,-88.721858,17037,IL
way,1312792612,2024-09-02,creation,41.889212,-88.730861,17037,IL
way,1312792613,2024-09-02,creation,41.890308,-88.726953,17037,IL
way,1312795639,2024-09-02,creation,36.411351,-86.366012,47165,TN
way,1312795640,2024-09-02,creation,36.406049,-86.366608,47165,TN
way,1312801354,2024-09-02,creation,41.137910,-96.151431,31153,NE
way,74658241,2024-09-03,tag_change,43.778999,-79.540349,,
way,649365751,2024-09-04,tag_change,39.017182,-77.470376,51107,VA
way,793622740,2024-09-04,tag_change,39.013620,-77.470578,51107,VA
way,1092757323,2024-09-04,tag_change,40.725924,-99.038327,31019,NE
way,1313995085,2024-09-07,creation,37.370643,-121.974507,06085,CA
way,1314010354,2024-09-07,creation,37.364154,-121.946949,06085,CA
way,1314012931,2024-09-07,creation,37.370944,-121.947212,06085,CA
way,1280344157,2024-09-08,tag_change,45.819931,-119.632086,41049,OR
node,11220746124,2024-09-09,deletion,36.062061,-115.213233,32003,NV
way,168129695,2024-09-09,tag_change,40.451369,-80.190118,42003,PA
way,172739950,2024-09-09,creation,36.061739,-115.213292,32003,NV
way,172739953,2024-09-09,tag_change,36.059925,-115.210245,32003,NV
way,368724474,2024-09-09,geometry_change,38.909139,-77.220557,51059,VA
way,368724474,2024-09-09,tag_change,38.909139,-77.220557,51059,VA
way,368724479,2024-09-09,creation,38.908367,-77.219744,51059,VA
way,585998677,2024-09-09,tag_change,36.057834,-115.214258,32003,NV
way,585998678,2024-09-09,geometry_change,36.055707,-115.219628,32003,NV
way,585998678,2024-09-09,tag_change,36.055692,-115.219641,32003,NV
way,617194689,2024-09-09,tag_change,36.055885,-115.214137,32003,NV
way,984796364,2024-09-09,tag_change,36.055586,-115.223061,32003,NV
way,1017048670,2024-09-09,creation,36.059149,-115.213682,32003,NV
way,1034475557,2024-09-09,tag_change,36.059728,-115.147211,32003,NV
way,1124864831,2024-09-09,tag_change,38.948258,-77.555911,51107,VA
way,1281982556,2024-09-09,creation,39.848753,-82.996161,39049,OH
way,1314355599,2024-09-09,creation,36.058130,-115.210388,32003,NV
way,318069356,2024-09-10,creation,35.672444,-105.956575,35049,NM
way,918873142,2024-09-11,tag_change,45.559469,-122.938247,41067,OR
way,978632013,2024-09-11,creation,37.433437,-122.180739,06085,CA
way,634635617,2024-09-13,geometry_change,47.158844,-122.279861,53053,WA
way,634638463,2024-09-13,geometry_change,47.160855,-122.279306,53053,WA
way,109458128,2024-09-14,tag_change,40.710889,-74.001204,36061,NY
way,1132632705,2024-09-15,creation,33.460806,-111.997122,04013,AZ
way,1315636714,2024-09-15,creation,33.464747,-111.997534,04013,AZ
way,635022480,2024-09-22,geometry_change,34.057137,-84.273025,13121,GA
way,59294476,2024-09-24,tag_change,39.004699,-77.441764,51107,VA
way,234722029,2024-09-24,tag_change,39.016471,-77.459006,51107,VA
way,234722720,2024-09-24,tag_change,39.013846,-77.451585,51107,VA
way,298126010,2024-09-24,tag_change,39.017902,-77.462549,51107,VA
way,298127059,2024-09-24,tag_change,39.015560,-77.460326,51107,VA
way,298127361,2024-09-24,tag_change,39.015987,-77.461248,51107,VA
way,298127420,2024-09-24,tag_change,39.014931,-77.458804,51107,VA
way,298242260,2024-09-24,tag_change,39.021948,-77.460287,51107,VA
way,298242335,2024-09-24,tag_change,39.019936,-77.459842,51107,VA
way,300162674,2024-09-24,tag_change,39.020113,-77.463071,51107,VA
way,300162675,2024-09-24,tag_change,39.021068,-77.463589,51107,VA
way,300162689,2024-09-24,tag_change,39.022173,-77.457595,51107,VA
way,300163074,2024-09-24,tag_change,39.022140,-77.453610,51107,VA
way,300163083,2024-09-24,tag_change,39.022765,-77.454869,51107,VA
way,460050155,2024-09-24,tag_change,39.021014,-77.451513,51107,VA
way,460175666,2024-09-24,tag_change,39.021734,-77.452747,51107,VA
way,596690175,2024-09-24,tag_change,39.023007,-77.449758,51107,VA
way,610977485,2024-09-24,tag_change,39.025010,-77.457639,51107,VA
way,649319778,2024-09-24,tag_change,39.017532,-77.465643,51107,VA
way,649365751,2024-09-24,tag_change,39.017182,-77.470376,51107,VA
way,793888408,2024-09-24,tag_change,39.022500,-77.450256,51107,VA
way,793888429,2024-09-24,tag_change,39.018296,-77.472614,51107,VA
way,793888430,2024-09-24,tag_change,39.019869,-77.472595,51107,VA
way,796933516,2024-09-24,tag_change,39.011810,-77.454561,51107,VA
way,1123249721,2024-09-24,tag_change,39.024257,-77.452327,51107,VA
way,1188715508,2024-09-24,tag_change,39.019578,-77.450466,51107,VA
way,1188715510,2024-09-24,geometry_change,39.018052,-77.459450,51107,VA
way,1227777116,2024-09-24,tag_change,39.003108,-77.439851,51107,VA
way,1309123033,2024-09-24,tag_change,39.015198,-77.459538,51107,VA
way,1309123034,2024-09-24,tag_change,39.016408,-77.461887,51107,VA
way,1317733642,2024-09-24,creation,38.960866,-77.491474,51107,VA
way,1317915930,2024-09-24,creation,39.021956,-77.453194,51107,VA
way,234722720,2024-09-25,geometry_change,39.013675,-77.451720,51107,VA
way,796933516,2024-09-25,geometry_change,39.011823,-77.454558,51107,VA
way,1188715510,2024-09-25,geometry_change,39.017948,-77.459474,51107,VA
way,1318322071,2024-09-26,creation,41.495806,-93.787055,19181,IA
way,1318322073,2024-09-26,creation,41.494750,-93.787021,19181,IA
way,1318322780,2024-09-26,creation,41.616851,-93.924402,19049,IA
way,79158387,2024-09-27,geometry_change,38.948446,-77.327284,51059,VA
way,1234741561,2024-09-27,creation,32.540287,-96.802056,48139,TX
way,1318653348,2024-09-27,creation,32.541593,-96.802024,48139,TX
way,1318653349,2024-09-27,creation,32.542941,-96.802035,48139,TX
way,1318653350,2024-09-27,creation,32.544195,-96.802055,48139,TX
way,260996040,2024-09-28,creation,38.750817,-77.196273,51059,VA
way,258343744,2024-09-30,tag_change,38.899652,-77.453440,51059,VA
way,258343749,2024-09-30,tag_change,38.897859,-77.454075,51059,VA
way,1114969101,2024-09-30,geometry_change,45.554152,-122.949319,41067,OR
way,1319637945,2024-09-30,creation,38.949862,-77.549509,51107,VA
way,1319724559,2024-09-30,creation,40.224524,-83.045860,39041,OH
way,1312295357,2024-10-01,tag_change,33.642273,-81.842627,45003,SC
way,1320038649,2024-10-02,creation,33.674583,-78.943696,45051,SC
way,553884511,2024-10-03,creation,38.923512,-92.288624,29019,MO
way,1219083552,2024-10-03,creation,42.023143,-87.972186,17031,IL
way,1219083554,2024-10-03,tag_change,42.023042,-87.975557,17031,IL
node,12221811811,2024-10-04,creation,40.719928,-74.004458,36061,NY
node,12221880448,2024-10-04,creation,40.717677,-74.008441,36061,NY
relation,15884451,2024-10-04,creation,40.643753,-74.285481,34039,NJ
way,122665255,2024-10-04,creation,41.240846,-73.147299,09120,CT
way,122665255,2024-10-04,tag_change,41.240846,-73.147299,09120,CT
way,204460835,2024-10-04,creation,40.547244,-74.459737,34023,NJ
way,204460903,2024-10-04,tag_change,40.552904,-74.459301,34023,NJ
way,204460950,2024-10-04,tag_change,40.553779,-74.457179,34023,NJ
way,460177088,2024-10-04,creation,40.829929,-74.126749,34031,NJ
way,460182351,2024-10-04,creation,40.830586,-74.124514,34031,NJ
way,1054387470,2024-10-04,tag_change,33.600761,-83.700342,13217,GA
way,1054387471,2024-10-04,tag_change,33.601371,-83.705417,13217,GA
way,1070895993,2024-10-04,tag_change,33.600094,-83.696839,13217,GA
way,1320683840,2024-10-04,creation,39.511520,-119.483305,32029,NV
way,708931343,2024-10-06,geometry_change,36.628579,-87.260014,47125,TN
way,209087373,2024-10-09,tag_change,37.372250,-121.948329,06085,CA
way,1114969101,2024-10-13,tag_change,45.554149,-122.949362,41067,OR
way,210222970,2024-10-14,geometry_change,41.848798,-87.645505,17031,IL
way,1281982556,2024-10-14,deletion,39.848753,-82.996161,39049,OH
way,210222970,2024-10-18,geometry_change,41.848798,-87.645505,17031,IL
way,210222970,2024-10-20,geometry_change,41.848797,-87.645510,17031,IL
node,10910879065,2024-10-21,tag_change,41.853383,-87.618607,17031,IL
node,10910879065,2024-10-22,tag_change,41.853383,-87.618607,17031,IL
way,377345296,2024-10-22,tag_change,41.992040,-87.958172,17043,IL
way,530024353,2024-10-22,creation,41.802341,-88.094886,17043,IL
way,543117031,2024-10-26,geometry_change,33.421284,-111.858994,04013,AZ
way,464097467,2024-10-29,creation,39.567105,-119.548574,32031,NV
way,775412066,2024-10-29,creation,39.567714,-119.542363,32031,NV
way,775412067,2024-10-29,creation,39.567501,-119.543210,32031,NV
way,775412068,2024-10-29,creation,39.567160,-119.544388,32031,NV
way,775412069,2024-10-29,creation,39.566921,-119.545227,32031,NV
way,775412072,2024-10-29,creation,39.565758,-119.547974,32031,NV
way,775412073,2024-10-29,creation,39.565106,-119.547690,32031,NV
way,1210199365,2024-10-29,creation,39.569711,-119.537859,32031,NV
way,1210199366,2024-10-29,creation,39.570053,-119.537092,32031,NV
way,1210199367,2024-10-29,creation,39.570592,-119.536034,32031,NV
way,1210199368,2024-10-29,creation,39.570986,-119.535318,32031,NV
way,149379943,2024-10-30,creation,41.874294,-87.629954,17031,IL
way,149379945,2024-10-30,deletion,41.874022,-87.629920,17031,IL
way,400540223,2024-10-30,geometry_change,38.985755,-104.787204,08041,CO
way,813532303,2024-10-30,geometry_change,38.988888,-104.786381,08041,CO
way,916046040,2024-10-30,creation,39.729478,-104.712754,08005,CO
way,1253282101,2024-10-30,geometry_change,41.114329,-96.142837,31153,NE
node,2733736931,2024-10-31,creation,43.644529,-79.384389,,
way,661951723,2024-10-31,creation,43.743841,-79.716657,,
way,662392354,2024-10-31,creation,43.744939,-79.717824,,
node,12303164157,2024-11-01,creation,49.260569,-123.011240,,
way,1177406123,2024-11-04,deletion,33.354141,-111.611171,04013,AZ
way,1188691868,2024-11-08,tag_change,39.020190,-77.475531,51107,VA
node,8109664813,2024-11-11,creation,33.755519,-84.391481,13121,GA
node,12331366645,2024-11-11,creation,33.755986,-84.391171,13121,GA
way,39018550,2024-11-11,deletion,37.334137,-121.891666,06085,CA
way,262879648,2024-11-11,deletion,33.755894,-84.391071,13121,GA
way,270497414,2024-11-11,deletion,33.755455,-84.391560,13121,GA
way,978934687,2024-11-11,geometry_change,41.707419,-87.520193,18089,IN
way,1128589933,2024-11-12,geometry_change,39.069647,-77.560771,51107,VA
way,1128589934,2024-11-12,geometry_change,39.069654,-77.559433,51107,VA
way,1333205262,2024-11-12,creation,39.058427,-77.549757,51107,VA
way,1015704066,2024-11-14,tag_change,33.352011,-111.647530,04013,AZ
way,1281982556,2024-11-17,creation,39.848753,-82.996161,39049,OH
way,526806006,2024-11-26,tag_change,32.897283,-96.982788,48113,TX
way,1019812125,2024-11-26,tag_change,45.556621,-122.912213,41067,OR
way,231047065,2024-11-27,tag_change,41.128791,-104.897487,56021,WY
node,6625492701,2024-12-01,creation,35.092501,-106.653671,35001,NM
node,9808044830,2024-12-01,tag_change,35.088629,-106.652646,35001,NM
node,12387534800,2024-12-01,creation,35.086739,-106.615348,35001,NM
way,813532303,2024-12-02,geometry_change,38.988888,-104.786381,08041,CO
way,231047065,2024-12-03,tag_change,41.128791,-104.897487,56021,WY
way,1339825480,2024-12-03,creation,41.342451,-96.090982,31055,NE
way,138260136,2024-12-06,tag_change,40.095259,-88.242031,17019,IL
way,790870522,2024-12-06,creation,45.623692,-73.381301,,
way,1233556146,2024-12-06,creation,45.622990,-73.382460,,
way,578412815,2024-12-07,tag_change,34.830228,-106.779896,35061,NM
way,626785488,2024-12-07,tag_change,34.830247,-106.783829,35061,NM
way,756778306,2024-12-07,tag_change,34.830040,-106.780347,35061,NM
way,777679751,2024-12-07,tag_change,34.830283,-106.776471,35061,NM
way,1191496040,2024-12-07,tag_change,34.825840,-106.778889,35061,NM
way,1340746574,2024-12-07,creation,34.825916,-106.782039,35061,NM
way,221201212,2024-12-09,creation,47.693324,-122.317317,53033,WA
node,11168593074,2024-12-14,tag_change,39.291759,-76.620402,24510,MD
way,1343100173,2024-12-17,creation,45.143711,-93.387128,27053,MN
way,838817907,2024-12-18,creation,35.173195,-80.928121,37119,NC
way,239147373,2024-12-19,creation,38.920021,-77.211619,51059,VA
way,239147724,2024-12-19,creation,38.919905,-77.213585,51059,VA
way,254773897,2024-12-19,tag_change,33.095064,-96.683764,48085,TX
way,258343748,2024-12-19,creation,38.897902,-77.455102,51059,VA
way,283051473,2024-12-19,deletion,47.252030,-119.813508,53025,WA
way,300970759,2024-12-19,tag_change,39.015549,-77.482138,51107,VA
way,337127817,2024-12-19,tag_change,47.250164,-119.814490,53025,WA
way,337127824,2024-12-19,tag_change,47.243587,-119.865712,53025,WA
way,373913881,2024-12-19,tag_change,33.135980,-96.660952,48085,TX
way,410408073,2024-12-19,tag_change,47.239478,-119.882998,53025,WA
way,410408074,2024-12-19,tag_change,47.238575,-119.883084,53025,WA
way,460167186,2024-12-19,tag_change,47.407164,-120.187490,53017,WA
way,460167187,2024-12-19,tag_change,47.408714,-120.189294,53017,WA
way,460169266,2024-12-19,deletion,39.014628,-77.478373,51107,VA
way,483307714,2024-12-19,tag_change,33.137934,-96.657376,48085,TX
way,499403180,2024-12-19,tag_change,47.239523,-119.887331,53025,WA
way,499403181,2024-12-19,tag_change,47.238590,-119.887375,53025,WA
way,590213770,2024-12-19,geometry_change,33.137805,-96.655926,48085,TX
way,590213771,2024-12-19,tag_change,33.138521,-96.659952,48085,TX
way,610845529,2024-12-19,tag_change,39.213452,-76.682845,24003,MD
way,640148472,2024-12-19,creation,47.243696,-119.869604,53025,WA
way,649365745,2024-12-19,creation,39.017730,-77.471981,51107,VA
way,693390022,2024-12-19,tag_change,38.957922,-77.498062,51107,VA
way,694493125,2024-12-19,tag_change,47.237657,-119.887573,53025,WA
way,694493126,2024-12-19,tag_change,47.237629,-119.883192,53025,WA
way,694493127,2024-12-19,tag_change,47.236721,-119.883291,53025,WA
way,694493128,2024-12-19,tag_change,47.236737,-119.887476,53025,WA
way,694602725,2024-12-19,tag_change,47.253946,-119.813721,53025,WA
way,714622340,2024-12-19,creation,38.948332,-77.521599,51107,VA
way,793087858,2024-12-19,tag_change,39.008677,-77.458221,51107,VA
way,793622740,2024-12-19,tag_change,39.013620,-77.470578,51107,VA
way,793888427,2024-12-19,tag_change,39.014498,-77.479988,51107,VA
way,794147654,2024-12-19,tag_change,39.010157,-77.462785,51107,VA
way,794147655,2024-12-19,tag_change,39.011764,-77.462457,51107,VA
way,990537858,2024-12-19,tag_change,38.958321,-77.505808,51107,VA
way,1003348567,2024-12-19,tag_change,38.998079,-77.475571,51107,VA
way,1071757864,2024-12-19,deletion,47.391921,-120.217373,53017,WA
way,1071774674,2024-12-19,tag_change,47.407586,-120.191601,53017,WA
way,1088241977,2024-12-19,tag_change,39.010411,-77.475189,51107,VA
way,1124864831,2024-12-19,tag_change,38.948258,-77.555911,51107,VA
way,1173770902,2024-12-19,tag_change,38.941822,-77.527429,51107,VA
way,1188680247,2024-12-19,tag_change,38.998772,-77.474264,51107,VA
way,1188691869,2024-12-19,tag_change,39.017878,-77.481828,51107,VA
way,1317733642,2024-12-19,tag_change,38.960866,-77.491474,51107,VA
way,1317915930,2024-12-19,tag_change,39.021956,-77.453194,51107,VA
way,1343760339,2024-12-19,creation,47.252528,-119.813622,53025,WA
way,1343769701,2024-12-19,creation,38.998537,-77.474942,51107,VA
way,1343769701,2024-12-19,tag_change,38.998537,-77.474942,51107,VA
way,1343774537,2024-12-19,creation,39.010718,-77.462113,51107,VA
node,12437277166,2024-12-20,creation,37.366662,-121.962865,06085,CA
way,37947313,2024-12-20,creation,37.378816,-121.955937,06085,CA
way,37947314,2024-12-20,tag_change,37.378434,-121.954992,06085,CA
way,37947315,2024-12-20,tag_change,37.378040,-121.954151,06085,CA
way,38305431,2024-12-20,tag_change,37.372388,-121.973619,06085,CA
way,38305611,2024-12-20,geometry_change,37.373386,-121.972693,06085,CA
way,40608200,2024-12-20,creation,37.365333,-121.961700,06085,CA
way,54173383,2024-12-20,tag_change,37.375142,-121.971709,06085,CA
way,54173753,2024-12-20,creation,37.376302,-121.972084,06085,CA
way,54173755,2024-12-20,creation,37.377383,-121.971840,06085,CA
way,54383196,2024-12-20,creation,37.375196,-121.970690,06085,CA
way,54383197,2024-12-20,tag_change,37.375558,-121.969610,06085,CA
way,205846843,2024-12-20,creation,37.376263,-121.970684,06085,CA
way,209073635,2024-12-20,tag_change,37.377005,-121.952082,06085,CA
way,209073636,2024-12-20,creation,37.375005,-121.953225,06085,CA
way,209073641,2024-12-20,tag_change,37.375823,-121.953335,06085,CA
way,209073645,2024-12-20,creation,37.376730,-121.953149,06085,CA
way,209073649,2024-12-20,tag_change,37.374997,-121.954077,06085,CA
way,209073653,2024-12-20,tag_change,37.374929,-121.955986,06085,CA
way,209073657,2024-12-20,tag_change,37.375023,-121.958096,06085,CA
way,209073659,2024-12-20,creation,37.375026,-121.954881,06085,CA
way,209076412,2024-12-20,tag_change,37.376341,-121.948531,06085,CA
way,209077298,2024-12-20,tag_change,37.377585,-121.950682,06085,CA
way,209087373,2024-12-20,tag_change,37.372250,-121.948329,06085,CA
way,224174031,2024-12-20,creation,37.364310,-121.958799,06085,CA
way,364289074,2024-12-20,tag_change,29.479926,-98.692608,48029,TX
way,379195054,2024-12-20,creation,30.261396,-97.723597,48453,TX
way,379204279,2024-12-20,creation,30.212176,-97.695781,48453,TX
way,379204643,2024-12-20,creation,30.200676,-97.707044,48453,TX
way,379204766,2024-12-20,creation,30.205930,-97.697965,48453,TX
way,382785871,2024-12-20,creation,30.214297,-97.712668,48453,TX
way,383888101,2024-12-20,creation,30.196499,-97.712400,48453,TX
way,383888914,2024-12-20,creation,30.198926,-97.713788,48453,TX
way,455171103,2024-12-20,creation,30.206994,-97.701114,48453,TX
way,509611432,2024-12-20,tag_change,29.466555,-98.688110,48029,TX
way,509611436,2024-12-20,creation,29.474285,-98.680065,48029,TX
way,509611437,2024-12-20,tag_change,29.472016,-98.671737,48029,TX
way,509611438,2024-12-20,tag_change,29.470849,-98.672999,48029,TX
way,509611439,2024-12-20,tag_change,29.470044,-98.672193,48029,TX
way,577628941,2024-12-20,creation,30.199588,-97.713076,48453,TX
way,639176155,2024-12-20,tag_change,29.411954,-98.803985,48029,TX
way,639176157,2024-12-20,tag_change,29.412012,-98.802730,48029,TX
way,777196805,2024-12-20,geometry_change,40.544236,-75.654313,42077,PA
way,888253616,2024-12-20,creation,37.369053,-121.955338,06085,CA
way,990537858,2024-12-20,tag_change,38.958308,-77.505750,51107,VA
way,1010260675,2024-12-20,tag_change,29.412977,-98.806374,48325,TX
way,1010260676,2024-12-20,tag_change,29.415797,-98.803316,48029,TX
way,1010260677,2024-12-20,tag_change,29.415796,-98.804515,48029,TX
way,1121592786,2024-12-20,creation,29.470679,-98.670630,48029,TX
way,1160688107,2024-12-20,creation,37.376079,-121.973057,06085,CA
way,1344366214,2024-12-20,creation,29.418349,-98.787806,48029,TX
way,1344366214,2024-12-20,tag_change,29.418349,-98.787806,48029,TX
way,1344369104,2024-12-20,creation,29.450736,-98.638714,48029,TX
way,1344369111,2024-12-20,creation,29.418454,-98.788808,48029,TX
way,1344376231,2024-12-20,creation,37.375755,-121.956269,06085,CA
way,1344376232,2024-12-20,creation,37.368975,-121.955365,06085,CA
way,28596260,2024-12-21,creation,43.704980,-79.360484,,
way,33186030,2024-12-21,creation,43.598248,-79.750131,,
way,33710942,2024-12-21,creation,43.603318,-79.735379,,
way,56863431,2024-12-21,creation,43.838339,-79.323514,,
way,58361249,2024-12-21,creation,43.740704,-79.620952,,
way,67138292,2024-12-21,creation,43.844291,-79.364817,,
way,67138303,2024-12-21,creation,43.846881,-79.333203,,
way,193611211,2024-12-21,tag_change,40.776428,-74.069776,34017,NJ
way,290916394,2024-12-21,creation,43.601319,-79.746273,,
way,302107922,2024-12-21,creation,43.650925,-79.361778,,
way,437396883,2024-12-21,creation,43.604880,-79.740148,,
way,440105283,2024-12-21,creation,43.605623,-79.741216,,
way,661048287,2024-12-21,creation,43.833330,-79.320579,,
way,661065569,2024-12-21,creation,43.826865,-79.343198,,
way,843321913,2024-12-21,creation,44.337364,-79.670439,,
node,11954315496,2024-12-22,deletion,38.747470,-77.674491,51061,VA
way,46831933,2024-12-22,tag_change,38.778111,-77.594876,51153,VA
way,79298926,2024-12-22,tag_change,38.950586,-77.364548,51059,VA
way,79818498,2024-12-22,creation,38.948468,-77.372370,51059,VA
way,79818564,2024-12-22,deletion,38.948303,-77.371794,51059,VA
way,124088810,2024-12-22,creation,41.772165,-88.217091,17043,IL
way,199252950,2024-12-22,creation,41.796674,-88.243537,17043,IL
way,221897579,2024-12-22,creation,38.961571,-77.377423,51059,VA
way,222672860,2024-12-22,tag_change,38.815061,-77.648764,51153,VA
way,225745958,2024-12-22,creation,38.747445,-77.674454,51061,VA
way,667573133,2024-12-22,tag_change,38.779381,-77.541725,51153,VA
way,697021948,2024-12-22,tag_change,38.815132,-77.652919,51153,VA
way,828135845,2024-12-22,tag_change,38.816103,-77.652499,51153,VA
way,996723585,2024-12-22,tag_change,38.777249,-77.545965,51153,VA
way,996723586,2024-12-22,tag_change,38.777917,-77.547073,51153,VA
way,996723587,2024-12-22,tag_change,38.780152,-77.539884,51153,VA
way,996723588,2024-12-22,tag_change,38.778451,-77.539427,51153,VA
way,996723589,2024-12-22,tag_change,38.779342,-77.542896,51153,VA
way,1090837713,2024-12-22,tag_change,38.754693,-77.517447,51153,VA
way,1134104431,2024-12-22,creation,38.951451,-77.364004,51059,VA
way,1134911642,2024-12-22,tag_change,38.752524,-77.513116,51153,VA
way,1283698132,2024-12-22,tag_change,38.775507,-77.545200,51153,VA
way,1287260556,2024-12-22,tag_change,38.774353,-77.542176,51153,VA
way,1287260557,2024-12-22,tag_change,38.773036,-77.541079,51153,VA
way,1287260558,2024-12-22,tag_change,38.753238,-77.510865,51153,VA
way,1304357577,2024-12-22,creation,38.768145,-77.538751,51153,VA
way,1344897823,2024-12-22,creation,38.802417,-77.582398,51153,VA
way,300969614,2024-12-23,tag_change,39.003336,-77.487094,51107,VA
way,300969616,2024-12-23,tag_change,39.002021,-77.483345,51107,VA
way,300969619,2024-12-23,tag_change,39.004292,-77.484355,51107,VA
way,460175672,2024-12-23,tag_change,39.005052,-77.485612,51107,VA
way,597970806,2024-12-23,tag_change,39.001552,-77.479344,51107,VA
way,597970809,2024-12-23,tag_change,39.000511,-77.480596,51107,VA
way,597970811,2024-12-23,tag_change,39.000010,-77.478070,51107,VA
way,597970813,2024-12-23,tag_change,39.001110,-77.477184,51107,VA
way,701923200,2024-12-23,tag_change,38.999515,-77.450171,51107,VA
way,701923202,2024-12-23,tag_change,39.006454,-77.467254,51107,VA
way,701923203,2024-12-23,tag_change,39.007718,-77.467623,51107,VA
way,817338831,2024-12-23,geometry_change,38.981455,-77.417550,51107,VA
way,1003348567,2024-12-23,tag_change,38.998079,-77.475571,51107,VA
way,1022744244,2024-12-23,tag_change,38.981034,-77.417795,51107,VA
way,1022744248,2024-12-23,tag_change,38.987830,-77.411108,51107,VA
way,1022757169,2024-12-23,tag_change,38.981619,-77.426058,51107,VA
way,1177893426,2024-12-23,geometry_change,38.981546,-77.419357,51107,VA
way,1188680253,2024-12-23,tag_change,38.995355,-77.455183,51107,VA
way,1188680254,2024-12-23,tag_change,38.995199,-77.456888,51107,VA
way,1276518684,2024-12-23,tag_change,38.988621,-77.440752,51107,VA
way,1317733642,2024-12-23,tag_change,38.960866,-77.491474,51107,VA
way,1344901575,2024-12-23,creation,38.997959,-77.430254,51107,VA
node,12452254071,2024-12-25,creation,40.550350,-74.456856,34023,NJ
relation,2744301,2024-12-25,geometry_change,40.544256,-74.496521,34023,NJ
way,204460681,2024-12-25,tag_change,40.549213,-74.458210,34023,NJ
way,288909509,2024-12-25,tag_change,39.290121,-94.685051,29165,MO
way,345650474,2024-12-25,creation,40.552819,-74.456676,34023,NJ
way,362662493,2024-12-25,tag_change,40.557163,-74.484187,34023,NJ
way,460182320,2024-12-25,creation,40.537986,-74.545659,34035,NJ
way,460182335,2024-12-25,creation,40.536020,-74.553409,34035,NJ
way,618339179,2024-12-25,creation,40.581474,-74.573878,34035,NJ
way,761185667,2024-12-25,creation,40.555692,-74.705596,34035,NJ
way,998933381,2024-12-25,creation,40.544526,-74.537758,34035,NJ
way,998933389,2024-12-25,creation,40.540839,-74.537492,34035,NJ
relation,7805491,2024-12-27,creation,40.100657,-82.814358,39049,OH
way,31250931,2024-12-27,creation,39.303896,-84.311580,39165,OH
way,31250931,2024-12-27,tag_change,39.303896,-84.311580,39165,OH
way,46128119,2024-12-27,tag_change,39.102695,-84.517898,39061,OH
way,95349317,2024-12-27,creation,39.389019,-84.221875,39165,OH
way,547156394,2024-12-27,creation,40.103860,-82.810626,39049,OH
way,547156405,2024-12-27,creation,40.104550,-82.804945,39049,OH
way,547277699,2024-12-27,creation,40.103677,-82.808939,39049,OH
way,1281982572,2024-12-27,creation,40.099074,-82.751474,39089,OH
way,1346610234,2024-12-27,creation,39.385239,-84.566131,39017,OH
way,1346610234,2024-12-27,tag_change,39.385239,-84.566131,39017,OH
node,4922135764,2024-12-30,creation,43.857356,-79.356543,,
way,55462937,2024-12-30,creation,43.809294,-79.342591,,
way,67138303,2024-12-30,tag_change,43.846881,-79.333203,,
way,571010571,2024-12-30,creation,41.113092,-73.388649,09190,CT
way,661065639,2024-12-30,creation,43.826951,-79.334480,,
way,878795698,2024-12-30,creation,41.091833,-73.516716,09190,CT
way,952159044,2024-12-31,creation,33.393518,-111.995016,04013,AZ
node,12471740457,2025-01-03,creation,40.785395,-74.075012,34017,NJ
way,193611192,2025-01-03,tag_change,40.778602,-74.072301,34017,NJ
way,193611211,2025-01-03,tag_change,40.776428,-74.069776,34017,NJ
way,193611219,2025-01-03,tag_change,40.777420,-74.075917,34017,NJ
way,451497833,2025-01-03,creation,40.787550,-74.068048,34017,NJ
way,714139865,2025-01-03,creation,40.777519,-74.072700,34017,NJ
way,714139868,2025-01-03,tag_change,40.784327,-74.065254,34017,NJ
way,1109881281,2025-01-03,tag_change,40.121879,-75.420877,42091,PA
way,42323063,2025-01-06,tag_change,38.629262,-90.197175,29510,MO
way,253682978,2025-01-06,creation,38.629761,-90.196420,29510,MO
relation,18518989,2025-01-07,creation,34.844123,-86.628423,01089,AL
way,801402632,2025-01-07,deletion,34.844123,-86.628432,01089,AL
way,773848531,2025-01-11,tag_change,42.235327,-83.444141,26163,MI
way,460182320,2025-01-14,tag_change,40.537986,-74.545659,34035,NJ
way,427068319,2025-01-15,creation,33.809660,-117.922181,06059,CA
way,1304357577,2025-01-15,geometry_change,38.768143,-77.538648,51153,VA
way,761185667,2025-01-20,tag_change,40.555692,-74.705596,34035,NJ
way,417682780,2025-01-24,tag_change,47.619325,-122.348153,53033,WA
way,417682781,2025-01-24,tag_change,47.618920,-122.348596,53033,WA
way,93210344,2025-01-26,geometry_change,39.058563,-76.964322,24031,MD
way,899634245,2025-01-27,geometry_change,45.554197,-122.937912,41067,OR
way,909742340,2025-01-27,geometry_change,45.558764,-122.929631,41067,OR
way,918871786,2025-01-27,geometry_change,45.558780,-122.931906,41067,OR
way,918871787,2025-01-27,geometry_change,45.558801,-122.935220,41067,OR
way,918873142,2025-01-27,geometry_change,45.559469,-122.938247,41067,OR
way,1114969101,2025-01-27,geometry_change,45.554064,-122.949312,41067,OR
way,1243089554,2025-01-27,geometry_change,45.554216,-122.939427,41067,OR
way,1243089555,2025-01-27,geometry_change,45.554217,-122.940939,41067,OR
node,12550746951,2025-02-02,creation,37.322868,-121.947418,06085,CA
way,39083797,2025-02-02,tag_change,34.087005,-84.251752,13121,GA
way,808979618,2025-02-04,tag_change,33.344131,-111.619552,04013,AZ
way,1177397497,2025-02-04,geometry_change,33.356672,-111.634693,04013,AZ
way,1356594646,2025-02-04,creation,33.353823,-111.612327,04013,AZ
way,685011021,2025-02-07,geometry_change,33.452133,-111.977301,04013,AZ
way,708136776,2025-02-07,deletion,33.454490,-111.976395,04013,AZ
way,1357825755,2025-02-07,creation,33.454526,-111.976467,04013,AZ
way,1292169104,2025-02-09,creation,41.442405,-81.802864,39035,OH
way,34770750,2025-02-16,geometry_change,34.082226,-84.267450,13121,GA
node,12634611897,2025-03-03,creation,49.283550,-123.108711,,
way,509611423,2025-03-03,tag_change,29.472846,-98.689547,48029,TX
way,1365213539,2025-03-07,creation,44.775219,-122.615931,41043,OR
way,581234765,2025-03-08,tag_change,38.872132,-99.300187,20051,KS
way,509611432,2025-03-16,tag_change,29.466555,-98.688110,48029,TX
way,729696933,2025-03-17,tag_change,40.756307,-111.954838,49035,UT
relation,13924557,2025-03-18,creation,41.515954,-93.711719,19153,IA
way,830881731,2025-03-18,tag_change,41.516741,-93.702542,19153,IA
way,830881732,2025-03-18,tag_change,41.515843,-93.702513,19153,IA
way,830881733,2025-03-18,tag_change,41.515818,-93.706301,19153,IA
way,830881734,2025-03-18,tag_change,41.516712,-93.706351,19153,IA
way,830881742,2025-03-18,tag_change,41.518502,-93.706331,19153,IA
way,830881743,2025-03-18,tag_change,41.517607,-93.706312,19153,IA
way,830881744,2025-03-18,tag_change,41.517641,-93.702493,19153,IA
way,830881745,2025-03-18,tag_change,41.518538,-93.702525,19153,IA
way,1010260674,2025-03-18,tag_change,29.418988,-98.787471,48029,TX
way,1344366214,2025-03-18,tag_change,29.418349,-98.787806,48029,TX
way,1344369111,2025-03-18,tag_change,29.418454,-98.788808,48029,TX
way,1368776076,2025-03-18,creation,41.515864,-93.720312,19153,IA
way,1368776077,2025-03-18,creation,41.516864,-93.719767,19153,IA
way,283051487,2025-03-19,creation,47.244360,-119.864633,53025,WA
way,337127824,2025-03-19,tag_change,47.243587,-119.865712,53025,WA
way,410408073,2025-03-19,tag_change,47.239478,-119.882998,53025,WA
way,410408074,2025-03-19,tag_change,47.238575,-119.883084,53025,WA
way,499403180,2025-03-19,tag_change,47.239523,-119.887331,53025,WA
way,499403181,2025-03-19,tag_change,47.238590,-119.887375,53025,WA
way,545730285,2025-03-19,creation,41.667587,-93.512639,19153,IA
way,556564909,2025-03-19,tag_change,41.667071,-93.506466,19153,IA
way,694493125,2025-03-19,tag_change,47.237657,-119.887573,53025,WA
way,694493126,2025-03-19,tag_change,47.237629,-119.883192,53025,WA
way,694493127,2025-03-19,tag_change,47.236721,-119.883291,53025,WA
way,694493128,2025-03-19,tag_change,47.236737,-119.887476,53025,WA
way,700001774,2025-03-19,creation,47.237769,-119.887710,53025,WA
way,788027103,2025-03-19,tag_change,41.667737,-93.516307,19153,IA
way,830885773,2025-03-19,tag_change,41.497871,-93.787039,19181,IA
way,830885774,2025-03-19,tag_change,41.498913,-93.787075,19181,IA
way,830885779,2025-03-19,creation,41.498213,-93.788565,19181,IA
way,830931210,2025-03-19,tag_change,41.671173,-93.516628,19153,IA
way,998245264,2025-03-19,creation,42.076952,-88.133891,17031,IL
way,1075278060,2025-03-19,tag_change,41.496830,-93.786996,19181,IA
node,8329219853,2025-03-20,deletion,45.486662,-73.755976,,
node,12682482760,2025-03-20,creation,42.735631,-73.818665,36001,NY
way,47222712,2025-03-20,creation,45.475192,-73.800693,,
way,302702428,2025-03-20,deletion,42.735740,-73.818339,36001,NY
way,584390127,2025-03-20,creation,45.486663,-73.756182,,
way,709060288,2025-03-20,tag_change,46.795633,-71.306600,,
way,848201800,2025-03-20,creation,45.474637,-73.800069,,
way,943987942,2025-03-20,creation,46.941424,-122.625044,53067,WA
way,1254197167,2025-03-20,creation,45.474126,-73.799491,,
node,10537283366,2025-03-24,tag_change,41.872881,-87.633440,17031,IL
node,11098469355,2025-03-24,tag_change,41.875940,-87.631466,17031,IL
node,12695496267,2025-03-24,creation,41.853558,-87.618048,17031,IL
node,12695496267,2025-03-24,tag_change,41.853558,-87.618048,17031,IL
way,147350175,2025-03-24,deletion,41.876156,-87.631477,17031,IL
way,199252950,2025-03-24,tag_change,41.796674,-88.243537,17043,IL
way,210222970,2025-03-24,tag_change,41.848797,-87.645510,17031,IL
way,243242167,2025-03-24,creation,41.812557,-87.972843,17043,IL
way,383545769,2025-03-24,tag_change,41.993658,-87.973509,17031,IL
way,841813139,2025-03-24,tag_change,41.862798,-87.641304,17031,IL
way,863162825,2025-03-24,tag_change,42.002601,-87.951135,17031,IL
way,978934687,2025-03-24,tag_change,41.707419,-87.520193,18089,IN
way,1219083554,2025-03-24,tag_change,42.023042,-87.975557,17031,IL
node,12699734832,2025-03-25,creation,49.284509,-123.111689,,
way,1371348227,2025-03-25,creation,39.744048,-93.997376,29025,MO
way,379195054,2025-03-27,tag_change,30.261396,-97.723597,48453,TX
way,379199519,2025-03-27,creation,30.261043,-97.722102,48453,TX
node,12708029111,2025-03-28,creation,40.315558,-74.668851,34021,NJ
way,1296723872,2025-03-28,geometry_change,29.686403,-98.462648,48029,TX
way,1372772726,2025-03-29,creation,33.353652,-111.678047,04013,AZ
way,383728972,2025-04-04,geometry_change,37.489865,-121.931017,06001,CA
way,1280344152,2025-04-05,deletion,45.879543,-119.341665,41059,OR
way,1280344153,2025-04-05,geometry_change,45.882517,-119.341652,41059,OR
way,1374895921,2025-04-05,creation,45.879533,-119.341636,41059,OR
way,1374895922,2025-04-05,creation,45.882525,-119.339690,41059,OR
way,1375443893,2025-04-06,creation,40.059248,-82.762698,39089,OH
way,1173569101,2025-04-07,geometry_change,41.534990,-93.863444,19049,IA
way,1375475071,2025-04-07,creation,41.533916,-93.863439,19049,IA
way,1375475072,2025-04-07,creation,41.532838,-93.863462,19049,IA
way,1375475073,2025-04-07,creation,41.531814,-93.863442,19049,IA
way,45448535,2025-04-08,creation,44.991458,-93.280292,27053,MN
way,1268789798,2025-04-08,creation,41.182601,-104.068498,56021,WY
way,383728972,2025-04-09,tag_change,37.489865,-121.931017,06001,CA
way,384310269,2025-04-09,tag_change,37.471827,-121.920311,06001,CA
way,516686211,2025-04-10,tag_change,35.142789,-80.916208,37119,NC
way,414055237,2025-04-12,geometry_change,41.123415,-104.905301,56021,WY
way,424945845,2025-04-14,creation,33.921742,-118.386436,06037,CA
way,718465287,2025-04-15,tag_change,44.070816,-92.522121,27109,MN
way,844359205,2025-04-15,creation,36.057797,-115.009052,32003,NV
way,844359206,2025-04-15,tag_change,36.056288,-115.008577,32003,NV
way,844359207,2025-04-15,tag_change,36.058802,-115.008797,32003,NV
node,12766117170,2025-04-18,creation,40.657696,-74.004816,36047,NY
way,545895086,2025-04-18,creation,43.599915,-96.794707,46099,SD
way,1339825480,2025-04-18,tag_change,41.342451,-96.090982,31055,NE
node,12112253571,2025-04-21,deletion,36.168612,-115.143090,32003,NV
way,1379421123,2025-04-21,creation,36.168644,-115.143145,32003,NV
way,571010571,2025-04-22,tag_change,41.113092,-73.388649,09190,CT
way,1380114462,2025-04-22,creation,38.737213,-77.826249,51061,VA
way,1380114463,2025-04-22,creation,38.738222,-77.825806,51061,VA
way,79298926,2025-04-25,tag_change,38.950586,-77.364548,51059,VA
way,103363234,2025-04-25,geometry_change,45.978226,-66.588826,,
way,1134104431,2025-04-25,tag_change,38.951451,-77.364004,51059,VA
node,12793428582,2025-04-27,creation,36.099474,-95.838283,40143,OK
way,223928497,2025-04-28,tag_change,47.614355,-122.338864,53033,WA
way,1188680253,2025-04-28,tag_change,38.995355,-77.455183,51107,VA
way,1188680254,2025-04-28,tag_change,38.995199,-77.456888,51107,VA
way,1344901567,2025-04-28,creation,39.000420,-77.460751,51107,VA
way,1344901568,2025-04-28,creation,38.999134,-77.460835,51107,VA
way,1381994242,2025-04-28,creation,39.002358,-77.471992,51107,VA
node,11220746125,2025-04-29,deletion,36.066913,-115.138527,32003,NV
way,172579457,2025-04-29,creation,36.066968,-115.138663,32003,NV
way,383728972,2025-04-29,tag_change,37.489865,-121.931017,06001,CA
way,1292169104,2025-04-29,tag_change,41.442495,-81.802852,39035,OH
way,1382205749,2025-04-29,creation,41.442469,-81.802154,39035,OH
way,424945845,2025-05-01,geometry_change,33.921742,-118.386436,06037,CA
way,1287260560,2025-05-02,geometry_change,41.173595,-95.792203,19155,IA
way,1287260561,2025-05-02,geometry_change,41.173597,-95.788678,19155,IA
way,193611216,2025-05-06,creation,40.774852,-74.068890,34017,NJ
way,193611216,2025-05-06,tag_change,40.774852,-74.068890,34017,NJ
way,193612533,2025-05-06,tag_change,40.786164,-74.069182,34017,NJ
way,247427998,2025-05-06,creation,40.607380,-74.173180,36085,NY
way,247428943,2025-05-06,creation,40.606985,-74.174886,36085,NY
way,387208881,2025-05-06,creation,40.736726,-74.173925,34013,NJ
way,428021816,2025-05-06,geometry_change,34.047892,-118.255546,06037,CA
way,714139864,2025-05-06,creation,40.775068,-74.068677,34017,NJ
way,714139868,2025-05-06,tag_change,40.784327,-74.065254,34017,NJ
way,1092283612,2025-05-06,creation,41.052330,-73.971839,36087,NY
way,1238955720,2025-05-06,creation,41.036270,-73.987494,36087,NY
way,1238955733,2025-05-06,creation,41.034484,-73.975764,36087,NY
way,1383904559,2025-05-06,creation,40.741359,-74.003209,36061,NY
way,1383904559,2025-05-06,deletion,40.741359,-74.003209,36061,NY
way,1383913490,2025-05-06,creation,41.039943,-73.989651,36087,NY
way,1383916144,2025-05-06,creation,40.784971,-74.065267,34017,NJ
way,365941471,2025-05-11,creation,18.446827,-66.051687,72127,PR
way,1126159715,2025-05-13,geometry_change,45.905094,-119.320167,41059,OR
way,1386016627,2025-05-13,creation,40.102429,-82.750129,39089,OH
way,1386016628,2025-05-13,creation,40.101978,-82.751912,39089,OH
way,1386016629,2025-05-13,creation,40.094219,-82.732112,39089,OH
way,1386016630,2025-05-13,creation,40.094378,-82.729281,39089,OH
way,1386016631,2025-05-13,creation,40.095502,-82.732004,39089,OH
way,1386016632,2025-05-13,creation,40.056520,-82.772049,39049,OH
way,1386016633,2025-05-13,creation,40.053927,-82.767611,39049,OH
way,1386016634,2025-05-13,creation,40.061496,-82.740545,39089,OH
way,1386016635,2025-05-13,creation,40.065239,-82.741149,39089,OH
way,1386016636,2025-05-13,creation,40.135797,-83.212644,39159,OH
way,1386016637,2025-05-13,creation,40.120072,-83.199309,39159,OH
way,1386016638,2025-05-13,creation,40.119301,-83.203217,39159,OH
way,1386016639,2025-05-13,creation,40.118112,-83.202523,39159,OH
way,1386016640,2025-05-13,creation,40.050176,-83.175524,39049,OH
way,1386016641,2025-05-13,creation,40.051528,-83.175716,39049,OH
way,1386016642,2025-05-13,creation,40.016418,-83.125858,39049,OH
way,1386016643,2025-05-13,creation,40.021017,-83.126024,39049,OH
way,1386017490,2025-05-13,creation,45.851731,-119.619663,41049,OR
way,1386017491,2025-05-13,creation,45.853100,-119.619685,41049,OR
way,1386017492,2025-05-13,creation,45.818707,-119.632005,41049,OR
way,1386017493,2025-05-13,creation,45.818696,-119.636269,41049,OR
way,1386017494,2025-05-13,creation,45.819957,-119.636287,41049,OR
way,1386017495,2025-05-13,creation,45.809637,-119.268615,41059,OR
way,1386017496,2025-05-13,creation,45.808273,-119.268613,41059,OR
way,1386017497,2025-05-13,creation,45.799021,-119.361733,41059,OR
way,1386017498,2025-05-13,creation,45.799687,-119.358445,41059,OR
way,1386017499,2025-05-13,creation,45.797739,-119.358920,41059,OR
way,1386017500,2025-05-13,creation,41.124393,-104.897013,56021,WY
way,1386017501,2025-05-13,creation,41.125383,-104.908910,56021,WY
way,1386926534,2025-05-15,creation,34.997983,-90.034867,47157,TN
way,1387080629,2025-05-15,creation,35.568135,-95.512417,40101,OK
way,706725650,2025-05-16,deletion,39.043189,-77.539318,51107,VA
way,909455922,2025-05-16,tag_change,39.044099,-77.539674,51107,VA
way,1292897241,2025-05-16,tag_change,39.042552,-77.538300,51107,VA
way,1292897242,2025-05-16,tag_change,39.041623,-77.539224,51107,VA
way,1292897243,2025-05-16,tag_change,39.043502,-77.540874,51107,VA
way,1387391200,2025-05-16,creation,39.043726,-77.537412,51107,VA
way,1387391201,2025-05-16,creation,39.044219,-77.538007,51107,VA
way,221201212,2025-05-20,tag_change,47.693324,-122.317317,53033,WA
node,10537283366,2025-05-23,tag_change,41.872881,-87.633440,17031,IL
way,149379943,2025-05-23,tag_change,41.874294,-87.629954,17031,IL
way,709060288,2025-05-24,tag_change,46.795633,-71.306600,,
way,758306877,2025-05-24,creation,42.833654,-88.733980,55127,WI
relation,19187352,2025-05-28,creation,46.795220,-71.305320,,
way,709060288,2025-05-28,tag_change,46.795633,-71.306600,,
way,1369409326,2025-05-28,creation,46.794780,-71.303670,,
way,826001605,2025-05-29,creation,36.023218,-86.791532,47187,TN
way,923148801,2025-05-29,creation,41.505066,-81.657775,39035,OH
way,1132541700,2025-05-29,creation,37.477845,-77.226455,51087,VA
way,1356594646,2025-05-29,geometry_change,33.353820,-111.612327,04013,AZ
way,860433344,2025-05-30,geometry_change,45.555205,-122.939884,41067,OR
way,1080170579,2025-05-30,creation,45.555391,-122.941087,41067,OR
way,1080170580,2025-05-30,geometry_change,45.556424,-122.939296,41067,OR
way,836938516,2025-06-01,deletion,33.373852,-86.798562,01073,AL
way,1287260556,2025-06-04,geometry_change,38.774423,-77.542221,51153,VA
way,1287260557,2025-06-04,geometry_change,38.773043,-77.541169,51153,VA
way,1391966326,2025-06-04,creation,45.132197,-93.095622,27003,MN
way,314032203,2025-06-07,deletion,47.602499,-117.368944,53063,WA
way,598261190,2025-06-09,geometry_change,38.940113,-94.867688,20091,KS
way,598261190,2025-06-09,tag_change,38.940113,-94.867688,20091,KS
way,598263496,2025-06-09,geometry_change,38.935643,-94.864471,20091,KS
way,598263496,2025-06-09,tag_change,38.935643,-94.864471,20091,KS
way,1392657385,2025-06-09,creation,38.939200,-94.860185,20091,KS
way,166431620,2025-06-14,creation,41.318005,-96.050345,31055,NE
way,166431620,2025-06-14,tag_change,41.318005,-96.050345,31055,NE
way,611308188,2025-06-15,creation,40.456593,-109.528999,49047,UT
way,1217649348,2025-06-18,creation,41.913983,-87.917466,17031,IL
way,1217649350,2025-06-18,creation,41.912962,-87.917492,17031,IL
way,1154349280,2025-06-19,creation,41.707134,-87.975956,17043,IL
way,518921099,2025-06-20,creation,33.353955,-111.675922,04013,AZ
way,1083297858,2025-06-20,creation,33.343292,-111.629683,04013,AZ
way,1340746574,2025-06-20,geometry_change,34.825823,-106.782468,35061,NM
way,1356594646,2025-06-20,tag_change,33.353820,-111.612327,04013,AZ
way,1372772726,2025-06-20,geometry_change,33.353230,-111.678090,04013,AZ
way,109458128,2025-06-24,deletion,40.710889,-74.001204,36061,NY
way,563533017,2025-06-25,deletion,37.415939,-79.144220,51680,VA
way,813688319,2025-06-26,geometry_change,47.407243,-120.213966,53017,WA
way,813688320,2025-06-26,tag_change,47.407417,-120.214134,53017,WA
way,1071772119,2025-06-26,tag_change,47.416868,-120.207688,53017,WA
way,1173537116,2025-06-26,geometry_change,47.418324,-120.207710,53017,WA
way,492699069,2025-06-29,creation,33.707506,-117.844104,06059,CA
way,835601088,2025-06-29,creation,37.062799,-113.544749,49053,UT
way,1411056682,2025-07-01,creation,40.052673,-83.127423,39049,OH
way,1221574918,2025-07-02,creation,30.215399,-97.618961,48453,TX
way,700001774,2025-07-06,geometry_change,47.237769,-119.887710,53025,WA
way,451413811,2025-07-09,tag_change,37.333638,-121.887975,06085,CA
way,821081357,2025-07-09,geometry_change,40.102573,-83.199699,39049,OH
way,821081358,2025-07-09,geometry_change,40.103587,-83.199764,39049,OH
way,1154503131,2025-07-09,geometry_change,40.101766,-83.199583,39049,OH
way,1154503132,2025-07-09,geometry_change,40.100768,-83.199475,39049,OH
way,1154503133,2025-07-09,geometry_change,40.099787,-83.199260,39049,OH
way,354590432,2025-07-18,geometry_change,40.784739,-74.064358,34017,NJ
way,1383916144,2025-07-18,geometry_change,40.784904,-74.065357,34017,NJ
way,844359205,2025-07-22,geometry_change,36.057797,-115.009052,32003,NV
node,13019681063,2025-07-23,creation,33.356679,-111.635236,04013,AZ
way,518921099,2025-07-23,geometry_change,33.353968,-111.675896,04013,AZ
way,1083297858,2025-07-23,tag_change,33.343278,-111.629678,04013,AZ
way,1177397497,2025-07-23,deletion,33.356672,-111.634693,04013,AZ
way,1356594646,2025-07-23,geometry_change,33.353803,-111.612277,04013,AZ
way,55462937,2025-07-24,tag_change,43.809294,-79.342591,,
way,916148870,2025-07-25,tag_change,43.044985,-78.749207,36029,NY
way,1417637306,2025-07-26,creation,46.406897,-105.820645,30017,MT
way,1417637306,2025-07-26,geometry_change,46.406897,-105.820645,30017,MT
way,843314844,2025-07-27,creation,32.092706,-110.787424,04019,AZ
way,1042260902,2025-07-27,creation,31.972675,-110.304752,04003,AZ
node,13042311881,2025-08-02,creation,34.058479,-118.235914,06037,CA
way,221993418,2025-08-06,creation,45.484206,-73.760437,,
way,221993418,2025-08-06,deletion,45.484206,-73.760437,,
way,1420458489,2025-08-06,creation,45.480849,-73.769822,,
way,585998678,2025-08-09,geometry_change,36.055707,-115.219628,32003,NV
way,984796364,2025-08-09,geometry_change,36.055586,-115.223061,32003,NV
way,1263819877,2025-08-09,tag_change,36.064022,-115.221112,32003,NV
way,1421212901,2025-08-09,creation,36.065208,-115.222045,32003,NV
way,617194689,2025-08-10,geometry_change,36.055885,-115.214137,32003,NV
way,1019812125,2025-08-10,tag_change,45.556621,-122.912213,41067,OR
way,400540223,2025-08-12,geometry_change,38.985746,-104.787270,08041,CO
way,1414729942,2025-08-12,creation,44.189237,-105.610480,56005,WY
way,1381264361,2025-08-13,creation,35.059960,-90.156452,47157,TN
way,1381264361,2025-08-13,tag_change,35.059960,-90.156452,47157,TN
way,1386926534,2025-08-13,tag_change,34.997983,-90.034867,47157,TN
way,1422101108,2025-08-13,creation,41.339142,-96.084669,31055,NE
way,1422101112,2025-08-13,creation,41.341939,-96.087719,31055,NE
way,1422101116,2025-08-13,creation,41.345162,-96.093533,31055,NE
way,588273961,2025-08-14,deletion,40.497772,-74.613038,34035,NJ
way,1422191450,2025-08-14,creation,46.013550,-98.572441,38021,ND
way,1340746574,2025-08-16,tag_change,34.825823,-106.782468,35061,NM
way,1421212901,2025-08-18,tag_change,36.065208,-115.222045,32003,NV
way,87058670,2025-08-22,creation,43.076119,-70.808043,33015,NH
way,709060288,2025-08-22,geometry_change,46.795633,-71.306600,,
way,1369409326,2025-08-22,tag_change,46.794780,-71.303670,,
way,886330269,2025-08-23,tag_change,39.074787,-77.564129,51107,VA
way,986829280,2025-08-23,tag_change,39.075508,-77.563035,51107,VA
way,1128589933,2025-08-23,tag_change,39.069647,-77.560771,51107,VA
way,1128589934,2025-08-23,tag_change,39.069654,-77.559433,51107,VA
way,174242795,2025-08-25,geometry_change,42.000775,-87.950769,17031,IL
way,383545769,2025-08-25,geometry_change,41.993668,-87.973518,17031,IL
way,844391357,2025-08-26,creation,40.058435,-82.766519,39089,OH
way,1425043212,2025-08-26,creation,40.055684,-82.756375,39089,OH
way,1425043213,2025-08-26,creation,40.053120,-82.756577,39089,OH
way,1425043214,2025-08-26,creation,40.063562,-82.758169,39089,OH
way,1425043215,2025-08-26,creation,40.065109,-82.758056,39089,OH
way,435817145,2025-08-27,tag_change,39.024327,-77.434034,51107,VA
way,983627455,2025-08-27,tag_change,39.026301,-77.434028,51107,VA
way,435817145,2025-08-28,geometry_change,39.024327,-77.434034,51107,VA
way,818167571,2025-08-28,creation,41.257291,-95.937849,31055,NE
way,199252950,2025-08-31,tag_change,41.796711,-88.243603,17043,IL
way,435324552,2025-08-31,tag_change,39.025947,-77.414523,51107,VA
way,701930919,2025-08-31,tag_change,39.021167,-77.413220,51107,VA
way,1126774147,2025-08-31,creation,39.322352,-94.595558,29047,MO
way,1234741561,2025-09-02,deletion,32.540287,-96.802056,48139,TX
way,1318653348,2025-09-02,deletion,32.541593,-96.802024,48139,TX
way,1318653349,2025-09-02,deletion,32.542941,-96.802035,48139,TX
way,1318653350,2025-09-02,deletion,32.544195,-96.802055,48139,TX
way,1343764880,2025-09-02,creation,38.922773,-77.427871,51059,VA
way,1343764881,2025-09-02,creation,38.921125,-77.426553,51059,VA
way,1343764882,2025-09-02,creation,38.922692,-77.426307,51059,VA
way,1426525184,2025-09-02,creation,32.538994,-96.793169,48139,TX
way,1426525212,2025-09-02,creation,32.545518,-96.802099,48139,TX
way,1426525213,2025-09-02,creation,32.544205,-96.802081,48139,TX
way,1426525214,2025-09-02,creation,32.542913,-96.802085,48139,TX
way,1426525215,2025-09-02,creation,32.541602,-96.802099,48139,TX
way,1426525216,2025-09-02,creation,32.540290,-96.802106,48139,TX
way,1426525217,2025-09-02,creation,32.542674,-96.793610,48139,TX
way,1426525218,2025-09-02,creation,32.543993,-96.793611,48139,TX
way,1426525219,2025-09-02,creation,32.545297,-96.793648,48139,TX
way,1426525220,2025-09-02,creation,32.543965,-96.788507,48139,TX
way,1426525221,2025-09-02,creation,32.545297,-96.788491,48139,TX
way,1426663252,2025-09-02,creation,38.923101,-77.424979,51059,VA
way,1426663253,2025-09-02,creation,38.936479,-77.424690,51059,VA
way,254756938,2025-09-03,tag_change,36.143713,-115.083388,32003,NV
way,427068319,2025-09-04,deletion,33.809660,-117.922181,06059,CA
way,518921099,2025-09-05,geometry_change,33.353968,-111.675896,04013,AZ
way,844391358,2025-09-06,tag_change,40.061145,-82.764294,39089,OH
way,1222007663,2025-09-06,tag_change,40.059633,-82.764527,39089,OH
way,1252196811,2025-09-06,tag_change,40.057957,-82.765285,39089,OH
way,1252196812,2025-09-06,tag_change,40.059342,-82.771776,39049,OH
way,1386016632,2025-09-06,tag_change,40.056520,-82.772049,39049,OH
way,1386016633,2025-09-06,tag_change,40.053927,-82.767611,39049,OH
way,1425043214,2025-09-06,tag_change,40.063562,-82.758169,39089,OH
way,1425043215,2025-09-06,tag_change,40.065109,-82.758056,39089,OH
node,751881301,2025-09-07,tag_change,38.902888,-77.029149,11001,DC
way,844391358,2025-09-07,tag_change,40.061145,-82.764294,39089,OH
way,1222007663,2025-09-07,tag_change,40.059633,-82.764527,39089,OH
way,1252196811,2025-09-07,tag_change,40.057957,-82.765285,39089,OH
way,1252196812,2025-09-07,tag_change,40.059342,-82.771776,39049,OH
way,1386016632,2025-09-07,tag_change,40.056520,-82.772049,39049,OH
way,1386016633,2025-09-07,tag_change,40.053927,-82.767611,39049,OH
way,1386016634,2025-09-07,tag_change,40.061496,-82.740545,39089,OH
way,1386016635,2025-09-07,tag_change,40.065239,-82.741149,39089,OH
way,1425043212,2025-09-07,tag_change,40.055684,-82.756375,39089,OH
way,1425043213,2025-09-07,tag_change,40.053120,-82.756577,39089,OH
way,1425043214,2025-09-07,tag_change,40.063562,-82.758169,39089,OH
way,1425043215,2025-09-07,tag_change,40.065109,-82.758056,39089,OH
way,1427613543,2025-09-07,creation,40.053940,-82.764447,39089,OH
way,1427613544,2025-09-07,creation,40.102497,-82.746954,39089,OH
way,1427613545,2025-09-07,creation,40.100532,-82.747116,39089,OH
way,1427613546,2025-09-07,creation,40.098765,-82.747243,39089,OH
way,796933516,2025-09-08,tag_change,39.011823,-77.454558,51107,VA
way,708931343,2025-09-11,geometry_change,36.628576,-87.260011,47125,TN
way,1269259655,2025-09-11,creation,38.740436,-77.503984,51683,VA
way,1154349280,2025-09-12,geometry_change,41.707134,-87.975956,17043,IL
way,499403180,2025-09-15,geometry_change,47.239487,-119.887407,53025,WA
way,499403181,2025-09-15,deletion,47.238590,-119.887375,53025,WA
way,694493126,2025-09-15,geometry_change,47.237628,-119.883198,53025,WA
way,694493127,2025-09-15,geometry_change,47.236722,-119.883290,53025,WA
way,1429883881,2025-09-15,creation,47.238592,-119.887412,53025,WA
way,203432103,2025-09-16,geometry_change,39.174419,-86.500703,18105,IN
way,283051477,2025-09-18,geometry_change,47.246985,-119.827782,53025,WA
way,1387391201,2025-09-18,geometry_change,39.044222,-77.538008,51107,VA
node,9092482804,2025-09-19,tag_change,39.025485,-77.414700,51107,VA
node,13154826377,2025-09-19,creation,39.013792,-77.453798,51107,VA
node,13154826378,2025-09-19,creation,39.016014,-77.471954,51107,VA
node,13154826379,2025-09-19,creation,38.799973,-77.609964,51153,VA
way,52094269,2025-09-19,tag_change,39.023907,-77.415190,51107,VA
way,52094270,2025-09-19,tag_change,39.023321,-77.413201,51107,VA
way,52094294,2025-09-19,tag_change,39.024755,-77.412204,51107,VA
way,273895868,2025-09-19,tag_change,38.980925,-77.444247,51107,VA
way,273896089,2025-09-19,tag_change,38.984418,-77.423817,51107,VA
way,273896102,2025-09-19,tag_change,38.983604,-77.424105,51107,VA
way,298242335,2025-09-19,tag_change,39.019936,-77.459842,51107,VA
way,299927846,2025-09-19,tag_change,38.993785,-77.450509,51107,VA
way,299929061,2025-09-19,tag_change,38.988723,-77.447671,51107,VA
way,300163074,2025-09-19,tag_change,39.022140,-77.453610,51107,VA
way,460056023,2025-09-19,tag_change,38.990699,-77.448825,51107,VA
way,460056024,2025-09-19,tag_change,38.991693,-77.448579,51107,VA
way,460175666,2025-09-19,tag_change,39.021734,-77.452747,51107,VA
way,465062053,2025-09-19,tag_change,38.990964,-77.441870,51107,VA
way,556599693,2025-09-19,tag_change,39.027908,-77.457503,51107,VA
way,556599694,2025-09-19,tag_change,39.029570,-77.459683,51107,VA
way,556599695,2025-09-19,tag_change,39.028774,-77.458246,51107,VA
way,649365751,2025-09-19,tag_change,39.017182,-77.470376,51107,VA
way,649365764,2025-09-19,tag_change,39.015466,-77.467319,51107,VA
way,697020849,2025-09-19,tag_change,38.986279,-77.441842,51107,VA
way,697020850,2025-09-19,tag_change,38.986997,-77.442638,51107,VA
way,701923204,2025-09-19,tag_change,39.012707,-77.465536,51107,VA
way,701924664,2025-09-19,tag_change,39.000655,-77.439820,51107,VA
way,701924665,2025-09-19,tag_change,39.002395,-77.437661,51107,VA
way,744496741,2025-09-19,tag_change,39.023698,-77.419095,51107,VA
way,744496750,2025-09-19,tag_change,39.024346,-77.420439,51107,VA
way,793087858,2025-09-19,tag_change,39.008677,-77.458221,51107,VA
way,793888430,2025-09-19,tag_change,39.019869,-77.472595,51107,VA
way,958662382,2025-09-19,tag_change,38.995012,-77.435359,51107,VA
way,985207884,2025-09-19,tag_change,39.001779,-77.438071,51107,VA
way,1025002889,2025-09-19,tag_change,39.005719,-77.449449,51107,VA
way,1184066765,2025-09-19,geometry_change,39.322676,-94.597970,29047,MO
way,1188680255,2025-09-19,tag_change,38.989553,-77.434801,51107,VA
way,1188691868,2025-09-19,tag_change,39.020190,-77.475531,51107,VA
way,1227777116,2025-09-19,tag_change,39.003108,-77.439851,51107,VA
way,1276518679,2025-09-19,tag_change,38.986526,-77.435176,51107,VA
way,1276518684,2025-09-19,tag_change,38.988621,-77.440752,51107,VA
way,1276518687,2025-09-19,tag_change,38.992269,-77.433932,51107,VA
way,321385147,2025-09-22,tag_change,44.295883,-120.887261,41013,OR
way,373945186,2025-09-22,tag_change,44.294894,-120.883998,41013,OR
way,460087665,2025-09-22,tag_change,44.297824,-120.885802,41013,OR
way,517411076,2025-09-22,deletion,44.288882,-120.870125,41013,OR
way,548184239,2025-09-22,tag_change,32.994813,-96.752502,48085,TX
way,578393557,2025-09-22,tag_change,44.284573,-120.865823,41013,OR
way,706759844,2025-09-22,deletion,44.287277,-120.870216,41013,OR
way,706759845,2025-09-22,tag_change,44.293683,-120.881519,41013,OR
way,772827597,2025-09-22,tag_change,44.299095,-120.879435,41013,OR
way,772827601,2025-09-22,tag_change,44.301255,-120.889884,41013,OR
way,1152747559,2025-09-22,tag_change,44.301672,-120.894596,41013,OR
way,1152748037,2025-09-22,tag_change,44.299288,-120.894595,41013,OR
way,1276373853,2025-09-22,deletion,44.285754,-120.869921,41013,OR
way,1280340214,2025-09-22,tag_change,38.802897,-77.622127,51153,VA
way,1287260554,2025-09-22,tag_change,38.801857,-77.621210,51153,VA
way,1287260555,2025-09-22,tag_change,38.801257,-77.620481,51153,VA
way,1432637060,2025-09-24,creation,29.449680,-98.714387,48029,TX
way,1432637061,2025-09-24,creation,29.450931,-98.713891,48029,TX
way,1432637062,2025-09-24,creation,29.452230,-98.714047,48029,TX
way,747985149,2025-09-28,creation,33.953378,-98.524731,48485,TX
way,974334074,2025-09-28,tag_change,43.838256,-79.316775,,
way,1301559332,2025-09-28,creation,32.341774,-97.730583,48221,TX
way,1184066765,2025-09-29,tag_change,39.322676,-94.597970,29047,MO
way,1301559332,2025-10-01,tag_change,32.341774,-97.730583,48221,TX
way,1320038649,2025-10-02,tag_change,33.674583,-78.943696,45051,SC
way,178331621,2025-10-03,creation,39.377776,-77.411518,24021,MD
way,377585075,2025-10-03,tag_change,42.447697,-83.262667,26125,MI
way,1433936352,2025-10-06,creation,39.322637,-94.594924,29047,MO
way,680666647,2025-10-07,geometry_change,47.159521,-122.279745,53053,WA
way,903236619,2025-10-07,creation,42.326180,-83.069759,26163,MI
way,408012357,2025-10-10,tag_change,34.736541,-86.673099,01089,AL
node,13226718075,2025-10-11,creation,43.067716,-89.392279,55025,WI
node,13226718091,2025-10-11,creation,43.071517,-89.252050,55025,WI
node,13226718091,2025-10-11,deletion,43.071517,-89.252050,55025,WI
way,199252950,2025-10-13,tag_change,41.796711,-88.243603,17043,IL
way,1109643936,2025-10-14,geometry_change,43.082056,-79.030723,36063,NY
way,460056017,2025-10-15,geometry_change,38.915805,-77.491987,51107,VA
way,701931819,2025-10-15,geometry_change,38.917011,-77.494366,51107,VA
way,1181391920,2025-10-15,geometry_change,38.917256,-77.495674,51107,VA
way,1252196826,2025-10-15,geometry_change,38.921313,-77.485800,51107,VA
way,1317733642,2025-10-15,geometry_change,38.960856,-77.491432,51107,VA
way,1344901567,2025-10-16,geometry_change,39.000446,-77.460774,51107,VA
way,1344901568,2025-10-16,geometry_change,38.999113,-77.460867,51107,VA
way,208650151,2025-10-17,tag_change,43.496894,-80.208647,,
way,398917168,2025-10-17,tag_change,43.484106,-80.194277,,
way,1154349280,2025-10-17,geometry_change,41.707134,-87.975956,17043,IL
way,298127361,2025-10-18,geometry_change,39.015987,-77.461248,51107,VA
way,349925359,2025-10-18,creation,39.717184,-85.941330,18059,IN
way,349925359,2025-10-18,tag_change,39.717184,-85.941330,18059,IN
way,483286527,2025-10-18,creation,33.009299,-96.676545,48085,TX
way,931729011,2025-10-18,creation,33.008953,-96.676104,48085,TX
way,1054387470,2025-10-18,tag_change,33.600761,-83.700342,13217,GA
way,1054387471,2025-10-18,tag_change,33.601371,-83.705417,13217,GA
way,1070895993,2025-10-18,tag_change,33.600094,-83.696839,13217,GA
way,1070895994,2025-10-18,tag_change,33.598021,-83.695013,13217,GA
way,1235846520,2025-10-18,creation,36.221893,-115.147055,32003,NV
way,1235846520,2025-10-18,tag_change,36.221893,-115.147055,32003,NV
way,1252196824,2025-10-19,geometry_change,39.724010,-82.691127,39045,OH
way,1443187163,2025-10-19,creation,39.011203,-77.460436,51107,VA
way,231664575,2025-10-20,tag_change,47.618985,-122.336462,53033,WA
way,526806006,2025-10-20,tag_change,32.897283,-96.982788,48113,TX
way,989325195,2025-10-20,tag_change,32.972155,-97.156611,48439,TX
way,203432103,2025-10-21,tag_change,39.174419,-86.500703,18105,IN
way,300969616,2025-10-21,geometry_change,39.002021,-77.483345,51107,VA
way,1443620406,2025-10-21,creation,32.549823,-97.074855,48439,TX
way,1128589933,2025-10-22,tag_change,39.069647,-77.560771,51107,VA
way,1128589934,2025-10-22,tag_change,39.069654,-77.559433,51107,VA
way,1333205263,2025-10-22,creation,39.066015,-77.558570,51107,VA
way,1426663253,2025-10-22,deletion,38.936479,-77.424690,51059,VA
way,1443922527,2025-10-22,creation,39.055994,-77.547338,51107,VA
way,1443922528,2025-10-22,creation,39.057819,-77.546733,51107,VA
way,1443922535,2025-10-22,creation,39.082191,-77.565112,51107,VA
node,13252574597,2025-10-23,creation,45.636864,-74.287993,,
node,13252574597,2025-10-23,tag_change,45.636864,-74.287993,,
way,465530450,2025-10-25,creation,39.589248,-104.877933,08005,CO
way,1426663253,2025-10-25,creation,38.936479,-77.424690,51059,VA
way,650412346,2025-10-26,tag_change,33.007052,-96.666354,48085,TX
way,1387391201,2025-10-29,geometry_change,39.044247,-77.537998,51107,VA
way,1271571726,2025-10-30,creation,41.988967,-88.007257,17043,IL
way,1446350367,2025-10-30,creation,41.986914,-88.008004,17043,IL
way,1446350370,2025-10-30,creation,41.989095,-88.004765,17043,IL
relation,19787207,2025-11-03,creation,38.802411,-77.582379,51153,VA
way,1167564435,2025-11-03,deletion,32.309837,-90.856487,28149,MS
way,1344897823,2025-11-03,deletion,38.802417,-77.582398,51153,VA
way,1447029365,2025-11-03,creation,38.799956,-77.583380,51153,VA
way,1447029365,2025-11-03,geometry_change,38.799956,-77.583380,51153,VA
way,1447049070,2025-11-03,creation,40.020761,-83.124176,39049,OH
way,1447049071,2025-11-03,creation,40.021202,-83.123188,39049,OH
node,10880725408,2025-11-07,tag_change,37.971081,-122.043738,06013,CA
node,12550746951,2025-11-07,tag_change,37.322868,-121.947418,06085,CA
way,923914065,2025-11-07,creation,25.784218,-100.179552,,
way,923914065,2025-11-07,geometry_change,25.784218,-100.179549,,
way,1448241854,2025-11-07,creation,25.766724,-100.193330,,
way,1448242872,2025-11-07,creation,25.724118,-100.132721,,
way,1448242872,2025-11-07,tag_change,25.724118,-100.132721,,
way,1448291730,2025-11-07,creation,25.649223,-100.358583,,
way,1448291730,2025-11-07,tag_change,25.649223,-100.358583,,
way,1448293080,2025-11-07,creation,29.085507,-110.960712,,
way,713410334,2025-11-08,tag_change,33.744228,-84.581216,13097,GA
way,746278786,2025-11-09,tag_change,36.248165,-115.101261,32003,NV
node,10014176940,2025-11-10,tag_change,18.417436,-66.108990,72061,PR
relation,19787207,2025-11-10,tag_change,38.802411,-77.582379,51153,VA
way,1387391201,2025-11-10,tag_change,39.044247,-77.537998,51107,VA
way,1447029365,2025-11-10,tag_change,38.799956,-77.583380,51153,VA
way,444683815,2025-11-11,tag_change,47.654226,-117.420003,53063,WA
node,1825907839,2025-11-12,tag_change,35.103293,-106.589349,35001,NM
way,138260136,2025-11-12,geometry_change,40.095259,-88.242031,17019,IL
way,1450418654,2025-11-14,creation,30.573314,-97.080185,48331,TX
way,1450422488,2025-11-14,creation,31.969859,-96.513289,48349,TX
way,1450788161,2025-11-15,creation,37.089239,-88.703058,21145,KY
way,1420458489,2025-11-16,geometry_change,45.480819,-73.769903,,
node,13311012216,2025-11-17,creation,36.065941,-115.139883,32003,NV
node,13311012216,2025-11-17,tag_change,36.065941,-115.139883,32003,NV
way,172579457,2025-11-17,deletion,36.066968,-115.138663,32003,NV
way,349925359,2025-11-18,geometry_change,39.717184,-85.941330,18059,IN
way,349925359,2025-11-18,tag_change,39.717184,-85.941330,18059,IN
way,597876719,2025-11-18,tag_change,32.964789,-96.715877,48113,TX
way,597876721,2025-11-18,tag_change,32.966281,-96.713212,48113,TX
way,597876722,2025-11-18,tag_change,32.967233,-96.710546,48113,TX
way,597876723,2025-11-18,tag_change,32.966254,-96.711196,48113,TX
way,597876724,2025-11-18,tag_change,32.967241,-96.713308,48113,TX
way,597876798,2025-11-18,tag_change,32.966076,-96.715587,48113,TX
way,95782052,2025-11-20,tag_change,40.796864,-74.031141,34017,NJ
way,451413811,2025-11-20,geometry_change,37.333638,-121.887975,06085,CA
way,451413811,2025-11-20,tag_change,37.333638,-121.887975,06085,CA
way,1443187163,2025-11-20,geometry_change,39.011212,-77.460405,51107,VA
way,214321737,2025-11-25,creation,42.630262,-71.304424,25017,MA
way,214321737,2025-11-25,tag_change,42.630262,-71.304424,25017,MA
way,1312792612,2025-11-25,geometry_change,41.889284,-88.731054,17037,IL
way,1312792613,2025-11-25,geometry_change,41.890275,-88.726355,17037,IL
way,471658485,2025-11-26,creation,32.783714,-96.794571,48113,TX
way,471658485,2025-11-27,geometry_change,32.783712,-96.794575,48113,TX
way,545730285,2025-11-27,tag_change,41.669694,-93.511438,19153,IA
way,714941629,2025-11-27,tag_change,41.121754,-96.143721,31153,NE
way,788027103,2025-11-27,geometry_change,41.667737,-93.516399,19153,IA
way,795853621,2025-11-27,tag_change,41.121947,-96.133644,31153,NE
way,1038780426,2025-11-27,creation,41.114107,-96.143657,31153,NE
way,1253282104,2025-11-27,geometry_change,41.675823,-93.506031,19153,IA
way,617511179,2025-11-28,creation,38.636569,-90.255393,29510,MO
way,1126774147,2025-11-29,tag_change,39.322352,-94.595558,29047,MO
way,1184066765,2025-11-29,tag_change,39.322651,-94.598064,29047,MO
way,1333289545,2025-11-29,creation,44.735030,-93.062627,27037,MN
way,1377162298,2025-11-29,creation,41.465298,-83.638355,39173,OH
way,1453996659,2025-11-29,creation,43.510374,-88.816523,55027,WI
relation,13924557,2025-11-30,geometry_change,41.515966,-93.711829,19153,IA
way,1454813845,2025-11-30,creation,41.514853,-93.720886,19153,IA
way,1454813846,2025-11-30,creation,41.513888,-93.721410,19153,IA
way,1426146790,2025-12-01,creation,41.795384,-88.246923,17043,IL
way,1455361421,2025-12-02,creation,31.513474,-103.448621,48475,TX
way,1083297858,2025-12-03,geometry_change,33.343278,-111.629678,04013,AZ
way,471658485,2025-12-04,tag_change,32.783712,-96.794575,48113,TX
way,1178649864,2025-12-04,creation,43.463141,-116.267508,16001,ID
way,1454573842,2025-12-04,creation,44.734759,-93.061860,27037,MN
way,1454573843,2025-12-04,creation,44.734508,-93.064881,27037,MN
way,1455907959,2025-12-04,creation,41.077903,-104.825498,56021,WY
way,1455915217,2025-12-04,creation,43.463149,-116.268228,16001,ID
way,1455915218,2025-12-04,creation,43.463349,-116.272085,16001,ID
relation,18518989,2025-12-05,geometry_change,34.844245,-86.628317,01089,AL
way,1381994242,2025-12-06,tag_change,39.002358,-77.471992,51107,VA
relation,7805491,2025-12-08,deletion,40.100657,-82.814358,39049,OH
way,79158387,2025-12-08,geometry_change,38.948464,-77.327295,51059,VA
way,321385147,2025-12-08,tag_change,44.295883,-120.887261,41013,OR
way,373945186,2025-12-08,tag_change,44.294894,-120.883998,41013,OR
way,460087665,2025-12-08,tag_change,44.297824,-120.885802,41013,OR
way,517411076,2025-12-08,creation,44.288882,-120.870125,41013,OR
way,567575425,2025-12-08,creation,33.347021,-111.604139,04013,AZ
way,567575428,2025-12-08,creation,33.346798,-111.604318,04013,AZ
way,578393557,2025-12-08,tag_change,44.284573,-120.865823,41013,OR
way,706759844,2025-12-08,creation,44.287277,-120.870216,41013,OR
way,706759845,2025-12-08,tag_change,44.293683,-120.881519,41013,OR
way,772827597,2025-12-08,tag_change,44.299095,-120.879435,41013,OR
way,772827601,2025-12-08,tag_change,44.301255,-120.889884,41013,OR
way,827888890,2025-12-08,creation,33.344298,-111.621964,04013,AZ
way,1083297858,2025-12-08,tag_change,33.343592,-111.630306,04013,AZ
way,1152747559,2025-12-08,tag_change,44.301672,-120.894596,41013,OR
way,1152748037,2025-12-08,tag_change,44.299288,-120.894595,41013,OR
way,1276373853,2025-12-08,creation,44.285754,-120.869921,41013,OR
way,1456953254,2025-12-08,creation,37.600177,-82.678763,21071,KY
way,1456975947,2025-12-08,creation,33.347187,-111.632463,04013,AZ
way,1456975948,2025-12-08,creation,33.346322,-111.628917,04013,AZ
way,1456975949,2025-12-08,creation,33.347169,-111.625968,04013,AZ
way,492699069,2025-12-09,tag_change,33.707506,-117.844104,06059,CA
way,1019770124,2025-12-10,creation,41.889040,-88.728569,17037,IL
way,1312792611,2025-12-10,tag_change,41.888530,-88.721858,17037,IL
way,1312792612,2025-12-10,tag_change,41.889284,-88.731054,17037,IL
way,1312792613,2025-12-10,tag_change,41.890275,-88.726355,17037,IL
way,1457383500,2025-12-10,creation,31.194176,-94.796772,48005,TX
node,11526819452,2025-12-12,tag_change,43.797155,-123.055946,41039,OR
way,154377787,2025-12-15,creation,49.259428,-123.029697,,
way,1458626323,2025-12-15,creation,32.440117,-97.060915,48139,TX
way,1459680304,2025-12-18,creation,36.327032,-88.320073,47079,TN
way,1157356188,2025-12-19,creation,44.877165,-91.919999,55033,WI
way,1459880367,2025-12-19,creation,32.597993,-90.091852,28089,MS
way,952159044,2025-12-21,deletion,33.393518,-111.995016,04013,AZ
relation,19988712,2025-12-22,creation,44.297788,-120.885875,41013,OR
way,290307022,2025-12-22,creation,33.400255,-112.047900,04013,AZ
way,460087665,2025-12-22,deletion,44.297824,-120.885802,41013,OR
way,1017518460,2025-12-22,creation,26.184997,-80.286916,12011,FL
relation,19988712,2025-12-23,geometry_change,44.298443,-120.886383,41013,OR
relation,19993392,2025-12-23,creation,44.284557,-120.865881,41013,OR
way,37877544,2025-12-23,creation,37.373439,-121.987813,06085,CA
way,38305568,2025-12-23,tag_change,37.371519,-121.969697,06085,CA
way,54119665,2025-12-23,creation,37.397579,-121.980869,06085,CA
way,54119665,2025-12-23,tag_change,37.397579,-121.980869,06085,CA
way,54119667,2025-12-23,creation,37.398618,-121.981112,06085,CA
way,54119667,2025-12-23,tag_change,37.398618,-121.981112,06085,CA
way,54121151,2025-12-23,creation,37.393975,-121.978297,06085,CA
way,54121151,2025-12-23,geometry_change,37.393984,-121.978310,06085,CA
way,58708529,2025-12-23,creation,37.392722,-121.978397,06085,CA
way,102129663,2025-12-23,creation,29.429371,-98.486906,48029,TX
way,131874718,2025-12-23,creation,44.972253,-93.147460,27123,MN
way,209073636,2025-12-23,geometry_change,37.375017,-121.953250,06085,CA
way,209073658,2025-12-23,creation,37.375777,-121.955193,06085,CA
way,209076412,2025-12-23,tag_change,37.376341,-121.948531,06085,CA
way,209087373,2025-12-23,tag_change,37.372250,-121.948329,06085,CA
way,209117217,2025-12-23,creation,37.389540,-121.961946,06085,CA
way,224139416,2025-12-23,creation,37.418407,-121.943085,06085,CA
way,224998784,2025-12-23,tag_change,37.362066,-121.946436,06085,CA
way,271893323,2025-12-23,creation,37.372104,-121.986031,06085,CA
way,319857331,2025-12-23,creation,29.438279,-98.506522,48029,TX
way,358455179,2025-12-23,tag_change,37.361687,-121.943911,06085,CA
way,460159928,2025-12-23,tag_change,37.370438,-121.969830,06085,CA
way,578393557,2025-12-23,deletion,44.284573,-120.865823,41013,OR
way,706726088,2025-12-23,geometry_change,39.051432,-77.539400,51107,VA
way,1065780801,2025-12-23,creation,37.389933,-121.965990,06085,CA
way,1075445245,2025-12-23,creation,37.361140,-121.942306,06085,CA
way,1314010354,2025-12-23,tag_change,37.364032,-121.946845,06085,CA
way,1314012931,2025-12-23,tag_change,37.370936,-121.947216,06085,CA
way,1333205262,2025-12-23,tag_change,39.058427,-77.549757,51107,VA
way,1344376231,2025-12-23,tag_change,37.375755,-121.956269,06085,CA
way,1351049826,2025-12-23,creation,37.407299,-121.965956,06085,CA
way,1460776170,2025-12-23,creation,39.055262,-77.544822,51107,VA
way,1460776171,2025-12-23,creation,39.054122,-77.545995,51107,VA
way,1460776171,2025-12-23,tag_change,39.054122,-77.545995,51107,VA
way,1460776174,2025-12-23,creation,39.051020,-77.534749,51107,VA
way,1460847458,2025-12-23,creation,37.383718,-121.965388,06085,CA
way,1460855151,2025-12-23,creation,37.361932,-121.953744,06085,CA
way,1460861317,2025-12-23,creation,29.293005,-98.391626,48029,TX
relation,19988712,2025-12-24,geometry_change,44.298468,-120.886336,41013,OR
node,13409186015,2025-12-26,creation,40.087919,-75.339720,42091,PA
relation,19988712,2025-12-26,geometry_change,44.298443,-120.886383,41013,OR
relation,19993392,2025-12-26,geometry_change,44.284558,-120.865884,41013,OR
way,290703004,2025-12-26,creation,32.817559,-96.873065,48113,TX
way,366049843,2025-12-26,creation,40.127058,-75.408638,42091,PA
way,369728508,2025-12-26,tag_change,45.526684,-122.875504,41067,OR
way,460076753,2025-12-26,tag_change,37.388270,-121.888429,06085,CA
way,465032201,2025-12-26,creation,32.806955,-96.868589,48113,TX
way,465032380,2025-12-26,tag_change,32.837967,-96.878393,48113,TX
way,465032484,2025-12-26,creation,32.827998,-96.884382,48113,TX
way,465032487,2025-12-26,creation,32.827550,-96.873750,48113,TX
way,465032631,2025-12-26,creation,32.821738,-96.873598,48113,TX
way,465042594,2025-12-26,creation,32.807973,-96.857355,48113,TX
way,517411076,2025-12-26,geometry_change,44.288882,-120.870125,41013,OR
way,840582927,2025-12-26,tag_change,39.017644,-78.290959,51069,VA
way,1178609569,2025-12-26,geometry_change,40.152220,-75.477629,42091,PA
way,1461896928,2025-12-26,creation,32.837814,-96.879846,48113,TX
way,47222712,2025-12-27,deletion,45.475192,-73.800693,,
way,95782052,2025-12-27,tag_change,40.796864,-74.031141,34017,NJ
way,452116337,2025-12-27,creation,40.821454,-74.134186,34013,NJ
way,584390127,2025-12-27,tag_change,45.486663,-73.756182,,
way,818790301,2025-12-27,creation,40.833450,-74.140219,34031,NJ
way,848201800,2025-12-27,tag_change,45.474637,-73.800069,,
way,31803515,2025-12-28,creation,32.842309,-117.169345,06073,CA
way,384310259,2025-12-28,creation,37.475337,-121.922113,06001,CA
way,1386017500,2025-12-28,tag_change,41.124393,-104.897013,56021,WY
way,1386017501,2025-12-28,tag_change,41.125383,-104.908910,56021,WY
way,132746406,2025-12-30,geometry_change,37.445895,-122.160782,06085,CA
way,551387747,2025-12-30,creation,40.115717,-83.002566,39049,OH
way,1462886682,2025-12-30,creation,40.115816,-83.001549,39049,OH
way,1077131079,2025-12-31,creation,34.993488,-90.034170,28033,MS
way,1386926534,2025-12-31,tag_change,34.997983,-90.034867,47157,TN
relation,19390019,2026-01-01,creation,46.815097,-96.844326,38017,ND
way,1221574918,2026-01-02,geometry_change,30.215399,-97.618961,48453,TX
way,1090837713,2026-01-05,tag_change,38.754693,-77.517447,51153,VA
way,1134911642,2026-01-05,tag_change,38.752517,-77.513111,51153,VA
way,1252196815,2026-01-05,tag_change,38.776123,-77.582524,51153,VA
way,1252196825,2026-01-05,geometry_change,38.746146,-77.517215,51153,VA
way,1287260553,2026-01-05,tag_change,38.774417,-77.585627,51153,VA
way,1287260558,2026-01-05,tag_change,38.753195,-77.510797,51153,VA
way,1287260559,2026-01-05,creation,38.758875,-77.516652,51153,VA
way,1464257783,2026-01-05,creation,38.779293,-77.586339,51153,VA
way,1464257784,2026-01-05,creation,38.752551,-77.512523,51153,VA
way,578438011,2026-01-07,tag_change,41.221658,-95.864498,19155,IA
way,1465196735,2026-01-07,creation,45.572028,-122.918489,41067,OR
way,1465196736,2026-01-07,creation,45.570077,-122.919898,41067,OR
way,355926681,2026-01-14,tag_change,40.620352,-111.986047,49035,UT
way,417682780,2026-01-14,tag_change,47.619325,-122.348153,53033,WA
way,417682781,2026-01-14,tag_change,47.618920,-122.348596,53033,WA
way,1343761104,2026-01-14,creation,47.243645,-119.869051,53025,WA
way,790870522,2026-01-15,tag_change,45.623692,-73.381301,,
way,1233556146,2026-01-15,tag_change,45.622990,-73.382460,,
node,13465438761,2026-01-19,creation,32.778447,-96.798496,48113,TX
way,30827429,2026-01-19,creation,32.778301,-96.798437,48113,TX
way,30827429,2026-01-19,tag_change,32.778301,-96.798437,48113,TX
way,1381264361,2026-01-19,tag_change,35.059960,-90.156452,47157,TN
way,283051493,2026-01-24,deletion,47.240224,-119.863212,53025,WA
way,410408067,2026-01-24,geometry_change,47.237633,-119.864487,53025,WA
way,499403698,2026-01-24,geometry_change,47.238561,-119.864453,53025,WA
way,1470108469,2026-01-24,creation,47.240179,-119.863207,53025,WA
relation,14930068,2026-01-25,tag_change,35.049942,-106.542822,35001,NM
way,706081342,2026-01-25,tag_change,35.048349,-106.542175,35001,NM
way,844389014,2026-01-25,tag_change,36.624582,-87.261296,47125,TN
way,1103333136,2026-01-25,tag_change,36.624830,-87.263515,47125,TN
way,1103333137,2026-01-25,tag_change,36.624303,-87.259027,47125,TN
way,1470261550,2026-01-25,creation,36.624055,-87.256917,47125,TN
way,626226408,2026-01-26,geometry_change,33.063780,-80.042158,45015,SC
way,383796776,2026-01-27,creation,41.432431,-82.719027,39043,OH
way,1472128597,2026-01-29,creation,33.448361,-84.522652,13113,GA
way,1472128598,2026-01-29,creation,33.450932,-84.523619,13113,GA
way,362662493,2026-01-30,geometry_change,40.556966,-74.484009,34023,NJ
way,362662493,2026-01-31,geometry_change,40.556965,-74.484007,34023,NJ
way,39083541,2026-02-01,creation,34.094797,-84.235697,13121,GA
way,615593145,2026-02-01,creation,34.096584,-84.237391,13121,GA
way,1473440674,2026-02-01,creation,40.265856,-112.019420,49049,UT
way,1473440676,2026-02-01,creation,40.269876,-112.019453,49049,UT
node,6808047613,2026-02-04,deletion,33.971688,-96.402849,40013,OK
node,6808047613,2026-02-04,tag_change,33.971688,-96.402849,40013,OK
way,726150321,2026-02-04,creation,33.971722,-96.402855,40013,OK
way,766768556,2026-02-04,creation,44.204455,-88.344876,55015,WI
way,1092283612,2026-02-04,tag_change,41.052330,-73.971839,36087,NY
node,13527396782,2026-02-05,creation,47.958744,-122.191532,53061,WA
way,1301559332,2026-02-05,geometry_change,32.341745,-97.731228,48221,TX
way,1221574918,2026-02-09,geometry_change,30.215402,-97.618965,48453,TX
node,13546262077,2026-02-12,creation,38.353177,-81.696182,54039,WV
way,1316005112,2026-02-14,creation,42.023080,-87.961463,17031,IL
way,253670255,2026-02-19,creation,42.679421,-76.948614,36123,NY
way,253670255,2026-02-19,tag_change,42.679421,-76.948614,36123,NY
way,387378765,2026-02-19,tag_change,34.035390,-84.061075,13135,GA
way,387379196,2026-02-19,tag_change,34.037099,-84.057704,13135,GA
way,1381264361,2026-02-19,tag_change,35.059960,-90.156452,47157,TN
way,1481581947,2026-02-21,creation,41.802878,-88.246755,17043,IL
way,1481581948,2026-02-21,creation,41.806932,-88.241103,17043,IL
way,383796776,2026-02-22,tag_change,41.432354,-82.718774,39043,OH
way,1344901569,2026-02-22,creation,39.001754,-77.452708,51107,VA
way,258343748,2026-02-23,tag_change,38.897902,-77.455102,51059,VA
way,284044002,2026-02-23,tag_change,33.925491,-84.481613,13067,GA
way,299946152,2026-02-23,deletion,38.994637,-77.447902,51107,VA
way,460175664,2026-02-23,tag_change,38.994227,-77.448189,51107,VA
way,1343764880,2026-02-23,tag_change,38.922773,-77.427871,51059,VA
way,1343764881,2026-02-23,tag_change,38.921125,-77.426553,51059,VA
way,1343764882,2026-02-23,tag_change,38.922692,-77.426307,51059,VA
way,1426663252,2026-02-23,tag_change,38.923101,-77.424979,51059,VA
way,1482073995,2026-02-23,creation,40.878239,-78.728798,42033,PA
way,1203535554,2026-02-24,creation,41.689750,-86.467368,18141,IN
way,1303947602,2026-02-24,creation,41.667555,-86.473742,18141,IN
node,12634611897,2026-02-26,tag_change,49.283550,-123.108711,,
node,13603878193,2026-02-26,creation,45.743079,-108.603014,30111,MT
node,13604170383,2026-02-26,creation,49.286962,-123.119472,,
node,13604170384,2026-02-26,creation,49.284456,-123.111783,,
node,13604170385,2026-02-26,creation,49.284417,-123.111845,,
node,13604194266,2026-02-26,creation,49.287624,-123.115111,,
way,1154349280,2026-02-26,tag_change,41.707134,-87.975956,17043,IL
way,844391358,2026-02-28,geometry_change,40.061155,-82.764336,39089,OH
way,1222007663,2026-02-28,geometry_change,40.059613,-82.764471,39089,OH
way,1252196811,2026-02-28,geometry_change,40.057941,-82.765312,39089,OH
way,1252196812,2026-02-28,geometry_change,40.059364,-82.771785,39049,OH
way,383796776,2026-03-01,tag_change,41.432354,-82.718774,39043,OH
node,13527396782,2026-03-02,deletion,47.958744,-122.191532,53061,WA
way,474660915,2026-03-02,creation,33.138993,-96.658977,48085,TX
way,590213770,2026-03-02,tag_change,33.137805,-96.655926,48085,TX
way,1484435248,2026-03-02,creation,33.140636,-96.659531,48085,TX
way,210222970,2026-03-04,tag_change,41.848797,-87.645510,17031,IL
way,1121188409,2026-03-04,tag_change,40.766786,-111.920292,49035,UT
way,1455907959,2026-03-05,geometry_change,41.079250,-104.825750,56021,WY
way,698281598,2026-03-06,creation,45.214549,-123.967686,41057,OR
way,698281598,2026-03-06,tag_change,45.214549,-123.967686,41057,OR
way,699531374,2026-03-06,creation,45.641479,-123.937935,41057,OR
way,849866087,2026-03-06,creation,43.247676,-124.383891,41011,OR
way,849866087,2026-03-06,tag_change,43.247676,-124.383891,41011,OR
way,1034475557,2026-03-06,tag_change,36.059728,-115.147211,32003,NV
way,1125255454,2026-03-06,creation,43.251490,-124.385450,41011,OR
way,1125255454,2026-03-06,tag_change,43.251490,-124.385450,41011,OR
way,1455907959,2026-03-06,geometry_change,41.079250,-104.825750,56021,WY
way,138260136,2026-03-07,tag_change,40.095259,-88.242031,17019,IL
way,849866087,2026-03-07,tag_change,43.247676,-124.383891,41011,OR
way,1125255454,2026-03-07,tag_change,43.251490,-124.385450,41011,OR
way,79159494,2026-03-09,tag_change,38.948816,-77.329410,51059,VA
way,698281598,2026-03-09,tag_change,45.214549,-123.967686,41057,OR
way,699531374,2026-03-09,tag_change,45.641479,-123.937935,41057,OR
way,849866087,2026-03-09,tag_change,43.247676,-124.383891,41011,OR
way,1125255454,2026-03-09,tag_change,43.251490,-124.385450,41011,OR
way,1486780799,2026-03-09,creation,33.006006,-96.657094,48085,TX
node,13639231258,2026-03-11,creation,46.974172,-96.873940,38017,ND
way,525060850,2026-03-13,creation,35.031549,-85.297254,47065,TN
way,1420458489,2026-03-13,tag_change,45.480819,-73.769903,,
way,776316726,2026-03-15,creation,36.215697,-86.784094,47037,TN
way,819981891,2026-03-15,creation,36.032601,-86.637596,47037,TN
way,1333205262,2026-03-15,deletion,39.058427,-77.549757,51107,VA
way,1489113575,2026-03-15,creation,36.282180,-86.797121,47037,TN
way,849866087,2026-03-16,deletion,43.247676,-124.383891,41011,OR
way,1125255454,2026-03-16,deletion,43.251490,-124.385450,41011,OR
way,777196805,2026-03-18,geometry_change,40.544236,-75.654314,42077,PA
way,1490401523,2026-03-19,creation,33.777261,-100.868906,48125,TX
relation,19710316,2026-03-21,creation,32.484596,-91.635039,22083,LA
way,671301768,2026-03-21,tag_change,40.068408,-82.750341,39089,OH
way,708899010,2026-03-21,creation,40.064611,-82.750244,39089,OH
way,802160675,2026-03-21,tag_change,40.065897,-82.749092,39089,OH
way,844391357,2026-03-21,tag_change,40.058202,-82.767008,39089,OH
way,1252196813,2026-03-21,tag_change,40.060380,-82.750988,39089,OH
way,1281938077,2026-03-21,creation,40.064091,-82.740961,39089,OH
way,1281938083,2026-03-21,creation,40.063888,-82.758034,39089,OH
way,1312295357,2026-03-21,tag_change,33.642142,-81.844035,45003,SC
way,1443960771,2026-03-21,creation,32.270736,-86.328518,01101,AL
way,1344901575,2026-03-22,tag_change,38.997959,-77.430254,51107,VA
way,256728809,2026-03-25,tag_change,41.261419,-95.936495,31055,NE
way,698281598,2026-03-25,deletion,45.214549,-123.967686,41057,OR
way,699531374,2026-03-25,deletion,45.641479,-123.937935,41057,OR
way,1493169641,2026-03-26,creation,30.487997,-97.672545,48491,TX
node,13685576464,2026-03-27,creation,37.489234,-77.247476,51087,VA
node,13685576464,2026-03-27,tag_change,37.489234,-77.247476,51087,VA
node,13685576465,2026-03-27,creation,37.488616,-77.246210,51087,VA
node,13685576465,2026-03-27,tag_change,37.488616,-77.246210,51087,VA
node,13685576466,2026-03-27,creation,37.487858,-77.244826,51087,VA
node,13685576466,2026-03-27,tag_change,37.487858,-77.244826,51087,VA
relation,14997588,2026-03-27,deletion,37.482763,-77.236455,51087,VA
way,429040021,2026-03-27,creation,37.494407,-77.237500,51087,VA
way,439365340,2026-03-27,creation,37.360636,-77.331721,51041,VA
way,550355261,2026-03-27,creation,37.360065,-77.327101,51041,VA
way,688722307,2026-03-27,tag_change,37.495809,-77.238286,51087,VA
way,708155012,2026-03-27,creation,37.482770,-77.236442,51087,VA
way,708155014,2026-03-27,tag_change,37.487577,-77.246892,51087,VA
way,762116507,2026-03-27,creation,37.478127,-77.226733,51087,VA
way,800436891,2026-03-27,creation,37.355605,-77.333675,51041,VA
way,1085712184,2026-03-27,creation,37.356296,-77.333657,51041,VA
way,1132541732,2026-03-27,creation,37.485005,-77.242320,51087,VA
way,1307940905,2026-03-27,creation,37.479564,-77.251789,51087,VA
way,1449347339,2026-03-27,creation,37.360575,-77.325717,51041,VA
way,1493516619,2026-03-27,creation,37.485233,-77.250127,51087,VA
way,1493516619,2026-03-27,tag_change,37.485233,-77.250127,51087,VA
way,1493516620,2026-03-27,creation,37.484829,-77.249269,51087,VA
way,1493516620,2026-03-27,tag_change,37.484829,-77.249269,51087,VA
way,1493516621,2026-03-27,creation,37.483858,-77.247765,51087,VA
way,1493516621,2026-03-27,tag_change,37.483858,-77.247765,51087,VA
way,1493516623,2026-03-27,creation,37.488174,-77.240062,51087,VA
way,1493516624,2026-03-27,creation,37.487092,-77.240983,51087,VA
way,1493516625,2026-03-27,creation,37.486066,-77.241891,51087,VA
way,1493516626,2026-03-27,creation,37.484848,-77.242984,51087,VA
way,1493516628,2026-03-27,creation,37.483901,-77.243764,51087,VA
way,1493516629,2026-03-27,creation,37.480504,-77.251622,51087,VA
way,1493516629,2026-03-27,tag_change,37.480504,-77.251622,51087,VA
way,1493516630,2026-03-27,creation,37.479727,-77.252210,51087,VA
way,1493516630,2026-03-27,tag_change,37.479727,-77.252210,51087,VA
way,1493516631,2026-03-27,creation,37.478510,-77.252996,51087,VA
way,1493516631,2026-03-27,tag_change,37.478510,-77.252996,51087,VA
way,1493516632,2026-03-27,creation,37.477015,-77.249692,51087,VA
way,1493516632,2026-03-27,tag_change,37.477015,-77.249692,51087,VA
way,1493516633,2026-03-27,creation,37.477917,-77.248977,51087,VA
way,1493516633,2026-03-27,tag_change,37.477917,-77.248977,51087,VA
way,1493522238,2026-03-27,creation,37.498304,-77.234990,51087,VA
way,1493522239,2026-03-27,creation,37.476659,-77.239326,51087,VA
way,1493522240,2026-03-27,creation,37.506124,-77.255032,51087,VA
way,1493522241,2026-03-27,creation,37.604853,-77.422842,51087,VA
way,1493522242,2026-03-27,creation,37.358163,-77.324252,51041,VA
way,1056658555,2026-03-31,tag_change,40.685525,-111.885044,49035,UT
way,1494498031,2026-03-31,creation,39.509983,-119.483041,32029,NV
way,1494498032,2026-03-31,creation,39.508198,-119.483237,32029,NV
way,729696933,2026-04-01,tag_change,40.756307,-111.954838,49035,UT
way,118650988,2026-04-02,creation,39.094415,-94.579432,29095,MO
way,667573133,2026-04-09,tag_change,38.779381,-77.541725,51153,VA
way,996723585,2026-04-09,tag_change,38.777249,-77.545965,51153,VA
way,996723586,2026-04-09,tag_change,38.777917,-77.547073,51153,VA
way,996723587,2026-04-09,tag_change,38.780152,-77.539884,51153,VA
way,996723588,2026-04-09,tag_change,38.778451,-77.539427,51153,VA
way,996723589,2026-04-09,tag_change,38.779342,-77.542896,51153,VA
way,1283698132,2026-04-09,tag_change,38.775507,-77.545200,51153,VA
way,1287260556,2026-04-09,tag_change,38.774423,-77.542221,51153,VA
way,1287260557,2026-04-09,tag_change,38.773043,-77.541169,51153,VA
way,1304357577,2026-04-09,tag_change,38.768143,-77.538648,51153,VA
way,1455361421,2026-04-09,tag_change,31.513429,-103.448531,48475,TX
way,1498005255,2026-04-09,creation,37.278406,-98.588462,20007,KS
node,13720841436,2026-04-10,creation,36.153294,-95.989193,40143,OK
node,13720841437,2026-04-10,creation,36.148501,-95.990514,40143,OK
node,13720841438,2026-04-10,creation,36.148452,-95.990820,40143,OK
way,159959672,2026-04-10,creation,36.158588,-95.988631,40143,OK
way,99861735,2026-04-11,creation,44.807096,-93.375413,27053,MN
way,159959672,2026-04-11,tag_change,36.158588,-95.988631,40143,OK
way,882977350,2026-04-11,tag_change,38.717028,-77.499897,51153,VA
way,996899489,2026-04-11,tag_change,38.723182,-77.499009,51153,VA
way,1227614670,2026-04-11,tag_change,38.714970,-77.495128,51153,VA
way,1498670679,2026-04-11,creation,31.057389,-97.298344,48027,TX
way,99861735,2026-04-12,geometry_change,44.807093,-93.375403,27053,MN
way,680666647,2026-04-12,geometry_change,47.159411,-122.279858,53053,WA
way,54121151,2026-04-13,geometry_change,37.393987,-121.978309,06085,CA
way,626281456,2026-04-13,geometry_change,31.231899,-85.455834,01069,AL
way,99861735,2026-04-14,tag_change,44.807103,-93.375414,27053,MN
way,1344901568,2026-04-15,geometry_change,38.999135,-77.460811,51107,VA
way,239147724,2026-04-16,tag_change,38.919905,-77.213585,51059,VA
relation,19710316,2026-04-17,tag_change,32.484596,-91.635039,22083,LA
way,1273968634,2026-04-18,creation,39.734100,-104.707994,08005,CO
way,1501120016,2026-04-19,creation,39.724080,-82.687567,39045,OH
node,2590601520,2026-04-20,deletion,42.437882,-123.328630,41033,OR
node,11526819452,2026-04-20,deletion,43.797155,-123.055946,41039,OR
relation,19988712,2026-04-20,tag_change,44.298443,-120.886383,41013,OR
relation,19993392,2026-04-20,tag_change,44.284558,-120.865884,41013,OR
way,42000820,2026-04-20,creation,44.668112,-74.980571,36089,NY
way,321385147,2026-04-20,tag_change,44.295883,-120.887261,41013,OR
way,325096144,2026-04-20,tag_change,45.550185,-122.931588,41067,OR
way,328702348,2026-04-20,creation,45.546507,-122.893794,41067,OR
way,328702378,2026-04-20,tag_change,45.547312,-122.897449,41067,OR
way,328702750,2026-04-20,tag_change,45.547617,-122.891958,41067,OR
way,328703598,2026-04-20,tag_change,45.549821,-122.890851,41067,OR
way,328703599,2026-04-20,tag_change,45.550334,-122.892202,41067,OR
way,331132308,2026-04-20,creation,45.544622,-122.882318,41067,OR
way,331132308,2026-04-20,tag_change,45.544622,-122.882318,41067,OR
way,373945186,2026-04-20,tag_change,44.294894,-120.883998,41013,OR
way,397914434,2026-04-20,tag_change,44.289415,-120.875078,41013,OR
way,460070135,2026-04-20,tag_change,45.915836,-119.266323,41059,OR
way,460070136,2026-04-20,tag_change,45.915836,-119.266527,41059,OR
way,460070137,2026-04-20,tag_change,45.915836,-119.266726,41059,OR
way,460070138,2026-04-20,tag_change,45.915836,-119.267112,41059,OR
way,460070139,2026-04-20,tag_change,45.915843,-119.267316,41059,OR
way,460070140,2026-04-20,tag_change,45.915832,-119.267512,41059,OR
way,460070141,2026-04-20,tag_change,45.915836,-119.267717,41059,OR
way,460070143,2026-04-20,tag_change,45.916404,-119.267776,41059,OR
way,460070144,2026-04-20,tag_change,45.841003,-119.652769,41049,OR
way,460070145,2026-04-20,tag_change,45.852235,-119.629888,41049,OR
way,460070147,2026-04-20,tag_change,45.850881,-119.630524,41049,OR
way,471691760,2026-04-20,tag_change,45.558285,-122.917092,41067,OR
way,480762078,2026-04-20,tag_change,45.318731,-122.765874,41005,OR
way,517411076,2026-04-20,tag_change,44.288882,-120.870125,41013,OR
way,592171280,2026-04-20,tag_change,45.840443,-119.654979,41049,OR
way,592257327,2026-04-20,tag_change,45.917448,-119.267734,41059,OR
way,633034071,2026-04-20,tag_change,45.841414,-119.657933,41049,OR
way,633034074,2026-04-20,creation,45.839826,-119.653894,41049,OR
way,653416730,2026-04-20,creation,44.086105,-121.283041,41017,OR
way,697413741,2026-04-20,tag_change,45.913883,-119.267714,41059,OR
way,697415321,2026-04-20,tag_change,45.841174,-119.655449,41049,OR
way,697415323,2026-04-20,tag_change,45.853786,-119.630036,41049,OR
way,697417726,2026-04-20,tag_change,45.846655,-119.603709,41049,OR
way,706759844,2026-04-20,tag_change,44.287277,-120.870216,41013,OR
way,706759845,2026-04-20,tag_change,44.293683,-120.881519,41013,OR
way,706776322,2026-04-20,tag_change,45.797809,-119.366616,41059,OR
way,729192992,2026-04-20,tag_change,45.558767,-122.927830,41067,OR
way,752001022,2026-04-20,tag_change,44.047407,-121.328550,41017,OR
way,772827597,2026-04-20,tag_change,44.299095,-120.879435,41013,OR
way,772827601,2026-04-20,tag_change,44.301255,-120.889884,41013,OR
way,832656125,2026-04-20,creation,43.083492,-79.002940,36063,NY
way,832656868,2026-04-20,creation,43.083258,-79.003061,36063,NY
way,832658041,2026-04-20,creation,43.083031,-79.003982,36063,NY
way,909742340,2026-04-20,tag_change,45.558764,-122.929631,41067,OR
way,914613836,2026-04-20,tag_change,45.837924,-119.688355,41049,OR
way,914616809,2026-04-20,tag_change,45.837540,-119.693129,41049,OR
way,914616810,2026-04-20,tag_change,45.846655,-119.605645,41049,OR
way,918871786,2026-04-20,tag_change,45.558780,-122.931906,41067,OR
way,918871787,2026-04-20,tag_change,45.558801,-122.935220,41067,OR
way,918871788,2026-04-20,tag_change,45.558781,-122.932946,41067,OR
way,1019812125,2026-04-20,tag_change,45.556621,-122.912213,41067,OR
way,1027471509,2026-04-20,tag_change,45.846668,-119.607039,41049,OR
way,1027471510,2026-04-20,tag_change,45.846754,-119.609062,41049,OR
way,1057230915,2026-04-20,tag_change,45.836542,-119.689866,41049,OR
way,1114969101,2026-04-20,tag_change,45.554064,-122.949312,41067,OR
way,1126159710,2026-04-20,tag_change,45.901450,-119.320522,41059,OR
way,1126159711,2026-04-20,tag_change,45.902763,-119.320498,41059,OR
way,1126159714,2026-04-20,tag_change,45.903851,-119.320487,41059,OR
way,1126159715,2026-04-20,tag_change,45.905094,-119.320167,41059,OR
way,1126386234,2026-04-20,creation,45.847608,-119.602775,41049,OR
way,1127951468,2026-04-20,tag_change,45.915710,-119.269981,41059,OR
way,1152747559,2026-04-20,tag_change,44.301672,-120.894596,41013,OR
way,1152748037,2026-04-20,tag_change,44.299288,-120.894595,41013,OR
way,1226439731,2026-04-20,tag_change,45.836184,-119.694048,41049,OR
way,1229749890,2026-04-20,creation,43.082029,-79.003417,36063,NY
way,1229749891,2026-04-20,creation,43.082178,-79.003509,36063,NY
way,1229749892,2026-04-20,creation,43.082796,-79.003288,36063,NY
way,1229749893,2026-04-20,creation,43.083130,-79.003111,36063,NY
way,1229749894,2026-04-20,creation,43.083206,-79.003335,36063,NY
way,1229749895,2026-04-20,creation,43.083165,-79.003903,36063,NY
way,1229749896,2026-04-20,creation,43.083284,-79.003904,36063,NY
way,1252196816,2026-04-20,tag_change,45.858750,-119.605096,41049,OR
way,1252196817,2026-04-20,tag_change,45.860084,-119.605134,41049,OR
way,1252196818,2026-04-20,tag_change,45.860969,-119.605153,41049,OR
way,1252196819,2026-04-20,tag_change,45.841481,-119.651777,41049,OR
way,1252196820,2026-04-20,tag_change,45.920637,-119.231831,41059,OR
way,1252196821,2026-04-20,tag_change,45.920647,-119.229981,41059,OR
way,1252196822,2026-04-20,tag_change,45.797775,-119.361959,41059,OR
way,1252196823,2026-04-20,tag_change,45.799165,-119.366658,41059,OR
way,1276373853,2026-04-20,tag_change,44.285754,-120.869921,41013,OR
way,1280344149,2026-04-20,tag_change,45.920597,-119.228805,41059,OR
way,1280344150,2026-04-20,tag_change,45.920560,-119.227004,41059,OR
way,1280344151,2026-04-20,tag_change,45.919515,-119.226090,41059,OR
way,1280344153,2026-04-20,tag_change,45.882517,-119.341652,41059,OR
way,1280344154,2026-04-20,tag_change,45.862253,-119.605112,41049,OR
way,1280344155,2026-04-20,tag_change,45.858038,-119.604872,41049,OR
way,1280344156,2026-04-20,tag_change,45.840670,-119.651302,41049,OR
way,1280344157,2026-04-20,tag_change,45.819931,-119.632086,41049,OR
way,1334234454,2026-04-20,creation,41.082625,-76.151419,42079,PA
way,1334234455,2026-04-20,creation,41.083339,-76.151446,42079,PA
way,1334234458,2026-04-20,creation,41.083987,-76.143507,42079,PA
way,1374895921,2026-04-20,tag_change,45.879533,-119.341636,41059,OR
way,1374895922,2026-04-20,tag_change,45.882525,-119.339690,41059,OR
way,1386017490,2026-04-20,tag_change,45.851731,-119.619663,41049,OR
way,1386017491,2026-04-20,tag_change,45.853100,-119.619685,41049,OR
way,1386017492,2026-04-20,tag_change,45.818707,-119.632005,41049,OR
way,1386017493,2026-04-20,tag_change,45.818696,-119.636269,41049,OR
way,1386017494,2026-04-20,tag_change,45.819957,-119.636287,41049,OR
way,1386017495,2026-04-20,tag_change,45.809637,-119.268615,41059,OR
way,1386017496,2026-04-20,tag_change,45.808273,-119.268613,41059,OR
way,1386017497,2026-04-20,tag_change,45.799021,-119.361733,41059,OR
way,1386017498,2026-04-20,tag_change,45.799687,-119.358445,41059,OR
way,1386017499,2026-04-20,tag_change,45.797739,-119.358920,41059,OR
way,1442054199,2026-04-20,creation,43.082416,-79.003220,36063,NY
way,1501436323,2026-04-20,creation,45.853872,-119.619713,41049,OR
way,1501436323,2026-04-20,tag_change,45.853872,-119.619713,41049,OR
way,1501436324,2026-04-20,creation,45.855238,-119.619725,41049,OR
way,1501436324,2026-04-20,tag_change,45.855238,-119.619725,41049,OR
way,1501455347,2026-04-20,creation,45.811749,-119.268669,41059,OR
way,1501455347,2026-04-20,tag_change,45.811749,-119.268669,41059,OR
way,1501455348,2026-04-20,creation,45.810378,-119.268665,41059,OR
way,1501455348,2026-04-20,tag_change,45.810378,-119.268665,41059,OR
way,1501456882,2026-04-20,creation,45.811226,-119.278255,41059,OR
way,1501456882,2026-04-20,tag_change,45.811226,-119.278255,41059,OR
node,13746843366,2026-04-21,creation,45.521257,-122.681754,41051,OR
node,13746843366,2026-04-21,tag_change,45.521257,-122.681754,41051,OR
node,13746843367,2026-04-21,creation,45.476214,-122.776087,41067,OR
node,13746843368,2026-04-21,creation,45.475634,-122.776410,41067,OR
node,13747461175,2026-04-21,creation,43.779373,-79.489782,,
node,13748555787,2026-04-21,creation,45.531690,-122.683765,41051,OR
node,13748859030,2026-04-21,creation,44.050607,-123.092978,41039,OR
relation,4645970,2026-04-21,creation,45.534205,-122.955960,41067,OR
relation,19988712,2026-04-21,tag_change,44.298443,-120.886383,41013,OR
way,31800424,2026-04-21,tag_change,32.827866,-117.129934,06073,CA
way,52059176,2026-04-21,tag_change,45.549584,-122.937393,41067,OR
way,168770080,2026-04-21,deletion,43.779437,-79.489559,,
way,328702378,2026-04-21,tag_change,45.547312,-122.897449,41067,OR
way,328702401,2026-04-21,creation,45.543917,-122.896513,41067,OR
way,328702750,2026-04-21,tag_change,45.547617,-122.891958,41067,OR
way,397914434,2026-04-21,tag_change,44.289415,-120.875078,41013,OR
way,460089167,2026-04-21,tag_change,35.314231,-81.822139,37161,NC
way,460089168,2026-04-21,tag_change,35.317372,-81.826327,37161,NC
way,471691757,2026-04-21,creation,45.549393,-122.927835,41067,OR
way,517411076,2026-04-21,tag_change,44.288882,-120.870125,41013,OR
way,653416730,2026-04-21,tag_change,44.086105,-121.283041,41017,OR
way,673532692,2026-04-21,tag_change,40.061152,-83.135173,39049,OH
way,706759844,2026-04-21,tag_change,44.287277,-120.870216,41013,OR
way,860433343,2026-04-21,creation,45.552863,-122.937924,41067,OR
way,874506250,2026-04-21,tag_change,40.060147,-83.134907,39049,OH
way,883809860,2026-04-21,tag_change,35.316555,-81.825132,37161,NC
way,883809862,2026-04-21,tag_change,35.315698,-81.824747,37161,NC
way,899634245,2026-04-21,tag_change,45.554197,-122.937912,41067,OR
way,967131562,2026-04-21,creation,42.332460,-122.880426,41029,OR
way,975484796,2026-04-21,tag_change,40.059325,-83.134606,39049,OH
way,975484797,2026-04-21,tag_change,40.058309,-83.134091,39049,OH
way,975484798,2026-04-21,tag_change,40.060780,-83.132753,39049,OH
way,1109074150,2026-04-21,creation,35.315667,-81.822059,37161,NC
way,1243089554,2026-04-21,tag_change,45.554216,-122.939427,41067,OR
way,1243089555,2026-04-21,tag_change,45.554217,-122.940939,41067,OR
way,1243089557,2026-04-21,creation,45.552859,-122.938026,41067,OR
way,1243089557,2026-04-21,tag_change,45.552859,-122.938026,41067,OR
way,1276373853,2026-04-21,tag_change,44.285754,-120.869921,41013,OR
way,1454598380,2026-04-21,creation,45.548028,-122.937785,41067,OR
way,1465196735,2026-04-21,tag_change,45.572028,-122.918489,41067,OR
way,1465196736,2026-04-21,tag_change,45.570077,-122.919898,41067,OR
way,1501805557,2026-04-21,creation,45.514773,-123.078778,41067,OR
way,1501805557,2026-04-21,tag_change,45.514779,-123.078710,41067,OR
way,1501824325,2026-04-21,creation,45.711023,-119.822800,41049,OR
way,1501824325,2026-04-21,tag_change,45.711023,-119.822800,41049,OR
way,1501824326,2026-04-21,creation,45.711318,-119.826235,41049,OR
way,1501824327,2026-04-21,creation,45.711934,-119.824764,41049,OR
way,1501824328,2026-04-21,creation,45.708272,-119.822273,41049,OR
way,1501824329,2026-04-21,creation,45.709321,-119.821212,41049,OR
way,1501825871,2026-04-21,creation,44.893082,-74.072723,36033,NY
way,1453996659,2026-04-22,tag_change,43.510374,-88.816523,55027,WI
way,557140229,2026-04-23,creation,32.850459,-97.070282,48439,TX
way,1502710557,2026-04-23,creation,29.479083,-98.697699,48029,TX
way,1502711381,2026-04-23,creation,29.470218,-98.698841,48029,TX
way,1502711381,2026-04-23,geometry_change,29.470220,-98.698835,48029,TX
way,409027020,2026-04-24,creation,33.850752,-118.304081,06037,CA
way,1501825871,2026-04-24,tag_change,44.893082,-74.072723,36033,NY
way,302107922,2026-04-26,tag_change,43.650925,-79.361778,,
way,891031651,2026-04-27,geometry_change,34.075792,-84.264267,13121,GA
way,1080170580,2026-04-27,geometry_change,45.556428,-122.939337,41067,OR
way,1114969101,2026-04-27,geometry_change,45.554064,-122.949312,41067,OR
way,1243089557,2026-04-27,tag_change,45.552884,-122.938007,41067,OR
way,1504463315,2026-04-27,creation,31.750011,-106.309919,48141,TX
way,1421212901,2026-04-28,tag_change,36.065208,-115.222045,32003,NV
node,13747461175,2026-04-29,tag_change,43.779373,-79.489782,,
way,1379421123,2026-04-30,tag_change,36.168644,-115.143145,32003,NV
node,8973042667,2026-05-06,tag_change,45.412619,-74.050506,,
way,131891022,2026-05-06,tag_change,33.420380,-112.041326,04013,AZ
node,13747461175,2026-05-07,tag_change,43.779373,-79.489782,,
way,1252196820,2026-05-08,geometry_change,45.920613,-119.231837,41059,OR
way,1252196821,2026-05-08,geometry_change,45.920589,-119.229994,41059,OR
way,1280344149,2026-05-08,geometry_change,45.920584,-119.228858,41059,OR
way,1280344150,2026-05-08,geometry_change,45.920591,-119.227011,41059,OR
way,1280344151,2026-05-08,tag_change,45.919514,-119.226131,41059,OR
way,1280344153,2026-05-08,geometry_change,45.882515,-119.341668,41059,OR
way,1374895922,2026-05-08,geometry_change,45.882523,-119.339697,41059,OR
way,1443567519,2026-05-08,creation,45.623168,-121.206661,41065,OR
way,1482076328,2026-05-08,creation,38.777132,-77.556149,51153,VA
way,1501456882,2026-05-08,geometry_change,45.811206,-119.278250,41059,OR
way,1510420026,2026-05-08,creation,42.673302,-87.896839,55101,WI
way,1510517629,2026-05-08,creation,45.809819,-119.858896,41049,OR
way,1510517630,2026-05-08,creation,45.624777,-121.208425,41065,OR
way,1510517631,2026-05-08,creation,32.411926,-90.187827,28089,MS
way,1510517632,2026-05-08,creation,32.411936,-90.189523,28089,MS
way,1510517633,2026-05-08,creation,32.411960,-90.190547,28089,MS
way,1510517634,2026-05-08,creation,32.411922,-90.192242,28089,MS
way,1510517635,2026-05-08,creation,33.462278,-84.523709,13113,GA
way,1510517636,2026-05-08,creation,33.463902,-84.529191,13113,GA
way,1510517637,2026-05-08,creation,38.775165,-77.539972,51153,VA
way,1510517638,2026-05-08,creation,38.789367,-77.581987,51153,VA
way,1510517639,2026-05-08,creation,38.789446,-77.579688,51153,VA
way,1510517640,2026-05-08,creation,38.746606,-77.497211,51683,VA
way,1510517641,2026-05-08,creation,38.747637,-77.494778,51683,VA
way,1510517642,2026-05-08,creation,38.749546,-77.493026,51683,VA
way,25706343,2026-05-09,geometry_change,32.832714,-97.041045,48439,TX
relation,20669718,2026-05-10,creation,31.533467,-103.803733,48389,TX
relation,20669718,2026-05-10,geometry_change,31.533468,-103.803733,48389,TX
way,1511639842,2026-05-10,creation,31.532749,-103.806271,48389,TX
way,1511639843,2026-05-10,creation,31.532749,-103.805229,48389,TX
way,1511639844,2026-05-10,creation,31.532761,-103.804192,48389,TX
way,1511639845,2026-05-10,creation,31.533345,-103.800415,48389,TX
way,1511639887,2026-05-10,creation,31.537221,-103.817247,48389,TX
way,435518280,2026-05-11,tag_change,25.782379,-80.193075,12086,FL
relation,16356926,2026-05-13,creation,35.060449,-90.155860,47157,TN
way,99861735,2026-05-13,geometry_change,44.807195,-93.375448,27053,MN
way,318069356,2026-05-13,tag_change,35.672446,-105.956569,35049,NM
way,1513177952,2026-05-13,creation,34.998066,-90.037283,47157,TN
way,1513177953,2026-05-13,creation,34.993452,-90.034243,28033,MS
relation,14930068,2026-05-14,tag_change,35.049942,-106.542822,35001,NM
way,706081342,2026-05-14,tag_change,35.048349,-106.542175,35001,NM
relation,12901583,2026-05-18,creation,42.533518,-83.177479,26125,MI
way,961071564,2026-05-18,tag_change,34.745431,-86.691883,01089,AL
way,169170979,2026-05-19,tag_change,34.995446,-106.618034,35001,NM
way,701930930,2026-05-19,geometry_change,39.036294,-77.449795,51107,VA
way,251716311,2026-05-21,creation,38.905910,-77.468970,51059,VA
way,258520532,2026-05-21,creation,38.908150,-77.475219,51059,VA
way,300969617,2026-05-21,geometry_change,39.002755,-77.481954,51107,VA
way,556599694,2026-05-21,geometry_change,39.029562,-77.459655,51107,VA
way,793087859,2026-05-21,tag_change,39.018507,-77.438839,51107,VA
way,826001604,2026-05-21,creation,35.972582,-86.808121,47187,TN
way,852039781,2026-05-21,tag_change,39.016930,-77.439387,51107,VA
way,886028872,2026-05-21,tag_change,39.016082,-77.438384,51107,VA
way,930226814,2026-05-21,creation,35.993398,-86.495897,47149,TN
way,1482076330,2026-05-21,creation,38.989342,-77.449801,51107,VA
way,1518445423,2026-05-21,creation,39.597031,-86.456346,18109,IN
node,13860564221,2026-05-22,creation,38.998240,-77.449146,51107,VA
way,300162689,2026-05-22,geometry_change,39.022173,-77.457595,51107,VA
way,300163083,2026-05-22,geometry_change,39.022765,-77.454869,51107,VA
way,300970759,2026-05-22,tag_change,39.015549,-77.482138,51107,VA
way,649319778,2026-05-22,geometry_change,39.017532,-77.465643,51107,VA
way,701923200,2026-05-22,tag_change,38.999515,-77.450171,51107,VA
way,701923202,2026-05-22,tag_change,39.006626,-77.466409,51107,VA
way,794147654,2026-05-22,tag_change,39.010157,-77.462785,51107,VA
way,794147655,2026-05-22,tag_change,39.011764,-77.462457,51107,VA
way,1025002889,2026-05-22,tag_change,39.005719,-77.449449,51107,VA
way,1064211366,2026-05-22,creation,38.995838,-77.456110,51107,VA
way,1188680253,2026-05-22,tag_change,38.995355,-77.455183,51107,VA
way,1188680254,2026-05-22,tag_change,38.995199,-77.456888,51107,VA
way,1188691869,2026-05-22,tag_change,39.017878,-77.481828,51107,VA
way,1227777116,2026-05-22,tag_change,39.003212,-77.440175,51107,VA
way,1344901569,2026-05-22,tag_change,39.001754,-77.452708,51107,VA
way,1381994242,2026-05-22,tag_change,39.002358,-77.471992,51107,VA
way,1443187163,2026-05-22,tag_change,39.011212,-77.460405,51107,VA
way,1482076330,2026-05-22,tag_change,38.989471,-77.449736,51107,VA
way,1518717349,2026-05-22,creation,39.006244,-77.468289,51107,VA
way,1518761569,2026-05-22,creation,39.002889,-77.439385,51107,VA
way,557140229,2026-05-23,tag_change,32.850459,-97.070282,48439,TX
way,701924664,2026-05-23,tag_change,39.000655,-77.439820,51107,VA
way,1519367009,2026-05-23,creation,32.380506,-106.481066,35013,NM
node,13873419223,2026-05-24,creation,36.153287,-95.989191,40143,OK
way,1019812125,2026-05-24,geometry_change,45.556396,-122.912231,41067,OR
way,262058094,2026-05-25,creation,38.927120,-77.424073,51059,VA
way,642755041,2026-05-25,creation,40.194481,-92.581218,29001,MO
way,1343764880,2026-05-25,tag_change,38.922773,-77.427871,51059,VA
way,1343764881,2026-05-25,tag_change,38.921125,-77.426553,51059,VA
way,1343764882,2026-05-25,tag_change,38.922692,-77.426307,51059,VA
way,1426663252,2026-05-25,tag_change,38.923122,-77.424979,51059,VA
way,1426663253,2026-05-25,tag_change,38.936479,-77.424690,51059,VA
way,1521913706,2026-05-25,creation,38.935604,-77.426710,51059,VA
way,1521913707,2026-05-25,creation,38.937288,-77.425787,51059,VA
node,13154826377,2026-05-26,deletion,39.013792,-77.453798,51107,VA
node,13311012216,2026-05-26,geometry_change,36.065929,-115.138560,32003,NV
way,39083797,2026-05-26,geometry_change,34.087003,-84.251748,13121,GA
way,1088203906,2026-05-26,tag_change,39.016744,-77.452001,51107,VA
way,1088203907,2026-05-26,tag_change,39.015886,-77.453145,51107,VA
way,1188715510,2026-05-26,tag_change,39.017948,-77.459474,51107,VA
way,1426663253,2026-05-26,tag_change,38.936479,-77.424690,51059,VA
way,1522636324,2026-05-26,creation,39.013398,-77.453794,51107,VA
node,13891340203,2026-05-28,creation,38.998508,-77.440637,51107,VA
node,13891340204,2026-05-28,creation,38.999405,-77.441790,51107,VA
way,1344901575,2026-05-28,tag_change,38.997955,-77.430229,51107,VA
way,1501825871,2026-05-28,tag_change,44.893082,-74.072723,36033,NY
way,1518761569,2026-05-28,tag_change,39.002889,-77.439385,51107,VA
way,509611423,2026-05-29,geometry_change,29.472910,-98.689488,48029,TX
way,509611426,2026-05-29,geometry_change,29.470344,-98.686210,48029,TX
way,509611429,2026-05-29,geometry_change,29.470223,-98.687650,48029,TX
node,6685432442,2026-05-30,deletion,39.514096,-119.479592,32029,NV
way,509611432,2026-05-30,geometry_change,29.466555,-98.688110,48029,TX
way,671301768,2026-05-30,tag_change,40.068408,-82.750341,39089,OH
way,802160675,2026-05-30,tag_change,40.065897,-82.749092,39089,OH
way,1116775094,2026-05-30,tag_change,39.514068,-119.475514,32029,NV
way,1116775095,2026-05-30,tag_change,39.513871,-119.484853,32029,NV
way,1252196813,2026-05-30,tag_change,40.060380,-82.750988,39089,OH
way,1320683840,2026-05-30,tag_change,39.511520,-119.483305,32029,NV
way,1386016634,2026-05-30,tag_change,40.061496,-82.740545,39089,OH
way,1386016635,2026-05-30,tag_change,40.065239,-82.741149,39089,OH
way,1427613543,2026-05-30,geometry_change,40.053911,-82.763927,39089,OH
way,1494498031,2026-05-30,tag_change,39.509983,-119.483041,32029,NV
way,1494498032,2026-05-30,tag_change,39.508198,-119.483237,32029,NV
way,1524488060,2026-05-30,creation,29.466521,-98.688315,48029,TX
way,1524488060,2026-05-30,geometry_change,29.466521,-98.688315,48029,TX
way,1524488060,2026-05-30,tag_change,29.466521,-98.688315,48029,TX
way,713410334,2026-05-31,tag_change,33.744233,-84.581213,13097,GA
way,714139868,2026-05-31,tag_change,40.784327,-74.065254,34017,NJ
way,975064000,2026-05-31,geometry_change,33.746561,-84.579740,13097,GA
way,975064004,2026-05-31,geometry_change,33.755025,-84.587268,13097,GA
way,1097502168,2026-05-31,geometry_change,33.731057,-84.616081,13097,GA
way,1383916144,2026-05-31,tag_change,40.784904,-74.065357,34017,NJ
way,1482073995,2026-05-31,deletion,40.878239,-78.728798,42033,PA
way,1510517635,2026-06-01,geometry_change,33.462265,-84.523720,13113,GA
way,1510517636,2026-06-01,geometry_change,33.463912,-84.529192,13113,GA
way,1422101116,2026-06-03,geometry_change,41.345470,-96.093670,31055,NE
way,1422191450,2026-06-03,tag_change,46.013550,-98.572441,38021,ND
way,1422191468,2026-06-03,creation,46.012321,-98.573098,38021,ND
way,1422191469,2026-06-03,creation,46.012399,-98.573742,38021,ND
way,1422191470,2026-06-03,creation,46.013502,-98.571671,38021,ND
way,1422191471,2026-06-03,creation,46.013489,-98.571106,38021,ND
way,1422191472,2026-06-03,creation,46.013508,-98.572299,38021,ND
way,1422191473,2026-06-03,creation,46.013522,-98.572900,38021,ND
way,1422191474,2026-06-03,creation,46.013531,-98.574046,38021,ND
way,1422191475,2026-06-03,creation,46.013516,-98.573490,38021,ND
way,1422191476,2026-06-03,creation,46.012395,-98.572618,38021,ND
way,1422191477,2026-06-03,creation,46.012641,-98.574463,38021,ND
node,13908533343,2026-06-04,creation,41.141044,-78.097405,42033,PA
way,40940603,2026-06-04,creation,45.392644,-71.930886,,
way,221897579,2026-06-06,tag_change,38.961571,-77.377423,51059,VA
way,273896096,2026-06-07,tag_change,38.984887,-77.425649,51107,VA
way,713410334,2026-06-07,geometry_change,33.744233,-84.581213,13097,GA
way,975064000,2026-06-07,geometry_change,33.746561,-84.579740,13097,GA
way,1022744244,2026-06-07,deletion,38.981034,-77.417795,51107,VA
way,1022744248,2026-06-07,deletion,38.987830,-77.411108,51107,VA
way,1022757169,2026-06-07,deletion,38.981619,-77.426058,51107,VA
way,1269259655,2026-06-09,geometry_change,38.740436,-77.503984,51683,VA
way,300970759,2026-06-11,tag_change,39.015549,-77.482138,51107,VA
way,300970761,2026-06-11,tag_change,39.015490,-77.483376,51107,VA
way,1188691869,2026-06-11,tag_change,39.017878,-77.481828,51107,VA
way,1203535554,2026-06-11,tag_change,41.689750,-86.467368,18141,IN
way,1307423829,2026-06-11,creation,42.676383,-87.900112,55101,WI
way,1471517731,2026-06-11,creation,41.688555,-86.473046,18141,IN
way,1471517732,2026-06-11,creation,41.688537,-86.469860,18141,IN
way,1471517733,2026-06-11,creation,41.692064,-86.464887,18141,IN
way,1471517734,2026-06-11,creation,41.688545,-86.471894,18141,IN
way,1471517735,2026-06-11,creation,41.688563,-86.475072,18141,IN
way,1471517736,2026-06-11,creation,41.692065,-86.466896,18141,IN
way,1471517737,2026-06-11,creation,41.692052,-86.463726,18141,IN
way,1528327802,2026-06-11,creation,42.122119,-83.883278,26161,MI
way,1528485106,2026-06-11,creation,41.458811,-88.054217,17197,IL
way,1528490093,2026-06-11,creation,42.690879,-87.932407,55101,WI
way,1528490094,2026-06-11,creation,42.676084,-87.909755,55101,WI
way,1528887658,2026-06-12,creation,42.997217,-77.645829,36055,NY
way,234722720,2026-06-13,tag_change,39.013675,-77.451720,51107,VA
way,476609221,2026-06-13,tag_change,38.802660,-104.521966,08041,CO
way,1188715510,2026-06-13,tag_change,39.017948,-77.459474,51107,VA
way,1293777436,2026-06-15,creation,33.564056,-112.386824,04013,AZ
way,1529510642,2026-06-15,creation,33.576842,-112.329629,04013,AZ
way,483286527,2026-06-16,tag_change,33.009299,-96.676545,48085,TX
way,592488661,2026-06-16,creation,40.479779,-111.905898,49035,UT
way,597835788,2026-06-16,tag_change,33.000144,-96.661646,48085,TX
way,650412346,2026-06-16,tag_change,33.007052,-96.666354,48085,TX
way,671637259,2026-06-16,creation,32.981124,-96.656368,48113,TX
way,714070441,2026-06-16,creation,40.479794,-111.904791,49035,UT
way,714072077,2026-06-16,creation,40.481303,-111.904983,49035,UT
way,943698949,2026-06-16,creation,40.590815,-111.903786,49035,UT
way,971762036,2026-06-16,creation,40.481143,-111.903937,49035,UT
way,1133047980,2026-06-16,creation,40.511452,-111.888255,49035,UT
way,1173822721,2026-06-16,deletion,47.359497,-120.160091,53007,WA
way,1173822722,2026-06-16,deletion,47.358426,-120.159976,53007,WA
way,1173822723,2026-06-16,deletion,47.357433,-120.159546,53007,WA
way,1300765126,2026-06-16,tag_change,32.983668,-96.654273,48113,TX
way,1316023545,2026-06-16,creation,32.980951,-96.659382,48113,TX
way,1316023546,2026-06-16,creation,32.980934,-96.657940,48113,TX
way,1443620406,2026-06-16,tag_change,32.549823,-97.074855,48439,TX
way,1486780799,2026-06-16,tag_change,33.006006,-96.657094,48085,TX
way,1525436762,2026-06-16,creation,32.974448,-96.650202,48113,TX
way,1530196328,2026-06-16,creation,40.480596,-111.906384,49035,UT
way,1530197817,2026-06-16,creation,32.976438,-96.650123,48113,TX
way,1530199676,2026-06-16,creation,32.979575,-96.658356,48113,TX
way,1530200859,2026-06-16,creation,33.009002,-96.675138,48085,TX
way,45448535,2026-06-17,tag_change,44.991458,-93.280292,27053,MN
way,1493516625,2026-06-17,tag_change,37.486066,-77.241891,51087,VA
way,1019816009,2026-06-18,creation,33.500660,-86.820819,01073,AL
way,45448535,2026-06-19,tag_change,44.991458,-93.280292,27053,MN
way,343333944,2026-06-19,creation,44.988766,-93.276610,27053,MN
