osm_type,osm_id,name,operator,operator_wikidata,ref,lat,lon,footprint_m2,county_fips,state,first_seen
node,751881301,CoreSite DC1,CoreSite,Q5170140,,38.902888,-77.029149,0.0,11001,DC,2023-04-26
node,1825907839,Southwest Cyberport,,,,35.103293,-106.589349,0.0,35001,NM,2020-03-27
node,2607827436,SDSU Computer Room,,,,32.775025,-117.070888,0.0,06073,CA,2020-11-13
node,3406467087,NocRoom Miami IT Services,,,,25.791545,-80.317748,0.0,12086,FL,2023-02-28
node,3406476814,NocRoom Miami IT Services,,,,25.646562,-80.423435,0.0,12086,FL,2023-02-28
node,3468203102,Center for Computation & Technology (CCT),,,,30.407446,-91.172545,0.0,22033,LA,2019-09-22
node,3732415309,The Pittock Internet Exchange,Alco Properties,,,45.521425,-122.680562,0.0,41051,OR,2020-08-29
node,4879481820,Google Fiber,Google,Q95,,33.771568,-84.366859,0.0,13121,GA,2022-04-12
node,5146323411,Open Computing Facility,,,,37.869852,-122.259823,0.0,06001,CA,2020-01-05
node,5225685660,Lumos Networks,,,,37.415688,-79.142706,0.0,51680,VA,2017-11-13
node,6401035673,Rack59 Data Center,,,,35.467205,-97.649745,0.0,40109,OK,2021-02-24
node,6625492701,Oso Grande,Oso Grande,,OSO,35.092501,-106.653671,0.0,35001,NM,2024-12-01
node,6793837329,Morgan Wireless,,,,39.630985,-78.225320,0.0,54065,WV,2019-09-13
node,6856057098,VIRTBIZ,,,,32.782546,-96.782815,0.0,48113,TX,2019-10-06
node,7171975407,FirstLight Data Center,FirstLight,,,43.657839,-70.261379,0.0,23005,ME,2021-05-01
node,7264976228,Learning GIS!,,,,40.421790,-86.914155,0.0,18157,IN,2020-03-04
node,7264976991,Agricultural and Biological Engineering,,,,40.421854,-86.916545,0.0,18157,IN,2020-03-04
node,7324132050,Windstream Communications,,,,35.881397,-78.851552,0.0,37063,NC,2020-03-24
node,7324132051,Level 3 Communications,,,,35.881364,-78.851573,0.0,37063,NC,2020-03-24
node,7557854384,OptimumHQ,,,,33.380415,-111.752668,0.0,04013,AZ,2020-05-26
node,7557868585,The Chatfield Group,,,,33.380601,-111.752889,0.0,04013,AZ,2020-05-26
node,7578821329,All About Serving Process Server,,,,33.319916,-111.809686,0.0,04013,AZ,2020-06-01
node,7737996606,Emailage,,,,33.302965,-111.840539,0.0,04013,AZ,2020-07-22
node,7821940847,Alliance Technology,,,,33.379986,-111.728405,0.0,04013,AZ,2020-08-18
node,7985753364,8100 Boone Boulevard,Digital Realty,Q5275969,,38.913724,-77.225882,0.0,51059,VA,2020-10-07
node,8017899486,HiPerGator,University of Florida,,Version 3.0,29.672819,-82.299762,0.0,12001,FL,2020-10-18
node,8109664813,Atlanta ATL13,Digital Realty,Q5275969,ATL13,33.755519,-84.391481,0.0,13121,GA,2024-11-11
node,8165754026,Data Holdings Data Center,,,,43.043941,-87.953979,0.0,55079,WI,2020-11-25
node,8238715059,STACK Infrastructure,"Stack Infrastructure, Incorporated",,,37.402745,-121.891051,0.0,06085,CA,2020-12-17
node,8238715061,STACK Infrastructure,"Stack Infrastructure, Incorporated",,,37.402634,-121.891057,0.0,06085,CA,2020-12-17
node,8477460442,Digital West Data Center,,,,35.255316,-120.641513,0.0,06079,CA,2021-03-02
node,8641856300,Chick-fil-A Hiring Center,Dennis Sampier,,,42.627942,-82.988394,0.0,26099,MI,2021-04-19
node,8767284091,Ergonomic Group,,,,41.707078,-72.589864,0.0,09110,CT,2021-05-26
node,8897151054,San Jose Colocation Center,CoreSite,Q5170140,SV1,37.334118,-121.891646,0.0,06085,CA,2021-07-06
node,9092482804,Amazon Web Services IAD69,Amazon Web Services,Q456157,IAD69,39.025485,-77.414700,0.0,51107,VA,2021-09-14
node,9190480200,Stream Data Centers Houston,,,,30.178137,-95.486046,0.0,48339,TX,2021-10-21
node,9669340912,Crown Castle Baltimore,Crown Castle Fiber,,Baltimore,39.287702,-76.606489,0.0,24510,MD,2022-04-16
node,9669405859,AiNET One Market Center,AiNET,,BW1,39.291758,-76.620374,0.0,24510,MD,2022-04-16
node,9669639033,Lumen McLean,Lumen Technologies,Q5063092,,38.920854,-77.211571,0.0,51059,VA,2022-04-16
node,9721703993,TierPoint Milwaukee,,,,43.009794,-87.961093,0.0,55079,WI,2022-05-06
node,9736262934,Frontier Science,,,,42.990201,-78.812384,0.0,36029,NY,2022-05-13
node,9808044830,505 Marquette,,,,35.088629,-106.652646,0.0,35001,NM,2022-06-10
node,9808044840,123 Central,bigbyte.cc,,,35.084449,-106.648985,0.0,35001,NM,2022-06-10
node,9861806598,,,,,39.101182,-94.578821,0.0,29095,MO,2022-07-02
node,9922928085,Netrality Data Centers,,,,39.100907,-94.581145,0.0,29095,MO,2022-07-31
node,10014176940,Microsoft,Microsoft,Q2283,,18.417436,-66.108990,0.0,72061,PR,2022-09-10
node,10537283366,Netrality,Netrality,,,41.872881,-87.633440,0.0,17031,IL,2023-01-10
node,10567817971,Brandaleone Lab for Data and Visualization,Duke Libraries,,,36.003099,-78.938532,0.0,37063,NC,2023-01-19
node,10648552506,Frontier (supercomputer),Oak Ridge National Laboratory,,,35.929513,-84.310567,0.0,47145,TN,2023-02-11
node,10780794741,,Ntirety,,,37.779653,-122.394001,0.0,06075,CA,2023-04-03
node,10796113031,VaultLogix,,,,33.627367,-111.901703,0.0,04013,AZ,2023-04-09
node,10796113033,Profit Finder Pro Software,,,,33.627248,-111.902048,0.0,04013,AZ,2023-04-09
node,10798644674,DataPro USA Web Development,,,,33.611662,-111.913983,0.0,04013,AZ,2023-04-10
node,10880725408,e360,,,,37.971081,-122.043738,0.0,06013,CA,2023-05-09
node,10910879064,Digital Realty ORD10,Digital Realty,Q5275969,ORD10,41.853351,-87.618307,0.0,17031,IL,2023-05-19
node,10910879065,Centersquare Chicago Data Center - ORD1,Centersquare,Q127304226,ORD1,41.853383,-87.618607,0.0,17031,IL,2023-05-19
node,10938672218,K-Motion Interactive,,,,33.634484,-111.884346,0.0,04013,AZ,2023-05-30
node,10945121336,West Monroe,,,,41.880527,-87.635938,0.0,17031,IL,2023-06-01
node,11018926315,Iron Mountain Data Centers AZS-1,,,,33.644666,-111.896098,0.0,04013,AZ,2023-07-02
node,11098469355,CoreSite Chicago Data Center (CH1),CoreSite,Q5170140,CH1,41.875940,-87.631466,0.0,17031,IL,2023-08-08
node,11113161710,Accelera Data Systems,,,,33.664746,-112.111714,0.0,04013,AZ,2023-08-14
node,11167641842,Expedient Owings Mills,Expedient,,,39.427318,-76.811550,0.0,24005,MD,2023-09-04
node,11168593074,Lumen Baltimore,Lumen Technologies,Q5063092,,39.291759,-76.620402,0.0,24510,MD,2023-09-05
node,11168593094,Expedient Tidepoint,Expedient,,,39.274655,-76.591671,0.0,24510,MD,2023-09-05
node,11400893880,Flexential - Denver - Centennial Data Center,Flexential,Q115417504,,39.593873,-104.843160,0.0,08005,CO,2023-12-07
node,11666916913,EdgeConneX Data Center,EdgeConneX,Q115477226,,33.395586,-111.970076,0.0,04013,AZ,2024-02-26
node,11815482844,,,,,41.807282,-83.627629,0.0,26115,MI,2024-04-13
node,11924506303,IT,,,,33.910290,-117.503021,0.0,06065,CA,2024-05-22
node,11938614120,"Alembic Computer Services, Inc.",,,,33.405131,-111.977335,0.0,04013,AZ,2024-05-28
node,11938631189,J-Curve Technologies,,,,33.413186,-111.971154,0.0,04013,AZ,2024-05-28
node,12112201416,Flexential Cincinnati,Flexential,Q115417504,,39.315931,-84.449464,0.0,39017,OH,2024-08-15
node,12112236372,Flexential Denver - Downtown,Flexential,Q115417504,,39.745970,-104.994159,0.0,08031,CO,2024-08-15
node,12112238944,Flexential Dallas - Downtown Dallas,Flexential,Q115417504,,32.800410,-96.819371,0.0,48113,TX,2024-08-15
node,12112266917,Flexential Jacksonville,Flexential,Q115417504,,30.245748,-81.581723,0.0,12031,FL,2024-08-15
node,12112270180,Flexential - Denver - Aurora,Flexential,Q115417504,,39.661049,-104.848832,0.0,08005,CO,2024-08-15
node,12112295055,Flexential Nashville - Brentwood,Flexential,Q115417504,,35.972729,-86.808495,0.0,47187,TN,2024-08-15
node,12112361725,Flexential Raleigh,Flexential,Q115417504,,35.850528,-78.829143,0.0,37183,NC,2024-08-15
node,12112380995,Flexential Tampa - West,Flexential,Q115417504,,28.037299,-82.539978,0.0,12057,FL,2024-08-15
node,12112382397,Flexential Salt Lake City - Lindon,Flexential,Q115417504,,40.332648,-111.727875,0.0,49049,UT,2024-08-15
node,12221811811,Digital Realty New York JFK13,Digital Realty,Q5275969,JFK13,40.719928,-74.004458,0.0,36061,NY,2024-10-04
node,12221880448,Digital Realty New York JFK12,Digital Realty,Q5275969,JFK12,40.717677,-74.008441,0.0,36061,NY,2024-10-04
node,12331366645,CoreSite AT1,CoreSite,Q5170140,AT1,33.755986,-84.391171,0.0,13121,GA,2024-11-11
node,12387534800,UNM Data Center,UNM,,UNM,35.086739,-106.615348,0.0,35001,NM,2024-12-01
node,12437277166,Prime Santa Clara,Prime,,,37.366662,-121.962865,0.0,06085,CA,2024-12-20
node,12452254071,Open Data Centers Piscataway,,,,40.550350,-74.456856,0.0,34023,NJ,2024-12-25
node,12471740457,H5 Secaucus,H5,,,40.785395,-74.075012,0.0,34017,NJ,2025-01-03
node,12550746951,"Forescout Technologies, Inc.",,,,37.322868,-121.947418,0.0,06085,CA,2025-02-02
node,12682482760,Lumen Albany 4,Lumen Technologies,Q5063092,,42.735631,-73.818665,0.0,36001,NY,2025-03-20
node,12695496267,Equinix Chicago Data Center - CH1,Equinix,Q851641,CH1,41.853558,-87.618048,0.0,17031,IL,2025-03-24
node,12708029111,501 West,,,,40.315558,-74.668851,0.0,34021,NJ,2025-03-28
node,12766117170,Dataverge,Dataverge,,,40.657696,-74.004816,0.0,36047,NY,2025-04-18
node,12793428582,TulsaConnect DC3,,,,36.099474,-95.838283,0.0,40143,OK,2025-04-27
node,13019681063,Comarch,,,,33.356679,-111.635236,0.0,04013,AZ,2025-07-23
node,13042311881,CoreSite - LA2,CoreSite,Q5170140,LA2,34.058479,-118.235914,0.0,06037,CA,2025-08-02
node,13154826378,NTT Ashburn VA7 Data Center,NTT,Q1054787,VA7,39.016014,-77.471954,0.0,51107,VA,2025-09-19
node,13154826379,NTT VA11 Data Center,NTT,Q1054787,VA11,38.799973,-77.609964,0.0,51153,VA,2025-09-19
node,13226718075,Lumen Madison 1 Data Center,Lumen Technologies,Q5063092,,43.067716,-89.392279,0.0,55025,WI,2025-10-11
node,13311012216,Fiberhub LAS1,Fiberhub,,LAS1,36.065929,-115.138560,0.0,32003,NV,2025-11-17
node,13409186015,DāStor: 3400 Horizon Drive,,,,40.087919,-75.339720,0.0,42091,PA,2025-12-26
node,13465438761,Rad Web Hosting,,,,32.778447,-96.798496,0.0,48113,TX,2026-01-19
node,13546262077,Alpha Federal,Alpha Innovations,,,38.353177,-81.696182,0.0,54039,WV,2026-02-12
node,13603878193,Parsec Data Management,,,,45.743079,-108.603014,0.0,30111,MT,2026-02-26
node,13639231258,Applied Digital,,,,46.974172,-96.873940,0.0,38017,ND,2026-03-11
node,13685576464,RIC1 DC1,Quality Technology Services,Q18392800,,37.489234,-77.247476,0.0,51087,VA,2026-03-27
node,13685576465,RIC1 DC2,Quality Technology Services,Q18392800,,37.488616,-77.246210,0.0,51087,VA,2026-03-27
node,13685576466,RIC1 DC3,Quality Technology Services,Q18392800,,37.487858,-77.244826,0.0,51087,VA,2026-03-27
node,13720841436,TulsaConnect,,,,36.153294,-95.989193,0.0,40143,OK,2026-04-10
node,13720841437,Windstream,,,,36.148501,-95.990514,0.0,40143,OK,2026-04-10
node,13720841438,TulsaConnect,,,,36.148452,-95.990820,0.0,40143,OK,2026-04-10
node,13746843366,Digital Fortress - Portland 1,"Digital Fortress, Inc",,,45.521257,-122.681754,0.0,41051,OR,2026-04-21
node,13746843367,Digital Fortress - Portland 2,"Digital Fortress, Inc",,,45.476214,-122.776087,0.0,41067,OR,2026-04-21
node,13746843368,Digital Fortress - Portland 3,"Digital Fortress, Inc",,,45.475634,-122.776410,0.0,41067,OR,2026-04-21
node,13748555787,H5 DC - Portland,H5 Data Centers,Q136332488,,45.531690,-122.683765,0.0,41051,OR,2026-04-21
node,13748859030,Date Center West - Eugene,"Data Center West, Inc.",,,44.050607,-123.092978,0.0,41039,OR,2026-04-21
node,13873419223,OCOSA,,,,36.153287,-95.989191,0.0,40143,OK,2026-05-24
node,13891340203,Vantage VA16,,,,38.998508,-77.440637,0.0,51107,VA,2026-05-28
node,13908533343,Iron City No. 1 Power Generator and Compute Center,,,,41.141044,-78.097405,0.0,42033,PA,2026-06-04
node,14045039387,CloudHQ LC10,CloudHQ,,LC10,39.003920,-77.472678,0.0,51107,VA,
node,14045039388,CloudHQ LC9,CloudHQ,,LC9,39.003503,-77.470436,0.0,51107,VA,
node,14045039389,CloudHQ LC8,CloudHQ,,LC8,39.002060,-77.468333,0.0,51107,VA,
node,14045039390,CloudHQ LC14,CloudHQ,,LC14,39.006121,-77.475951,0.0,51107,VA,
node,14045039391,CloudHQ LC13,CloudHQ,,LC13,39.004995,-77.476723,0.0,51107,VA,
node,14045039392,CloudHQ LC1,CloudHQ,,LC1,39.005445,-77.478515,0.0,51107,VA,
node,14045039393,CloudHQ LC11,CloudHQ,,LC11,39.006588,-77.477699,0.0,51107,VA,
node,14045039394,CloudHQ LC5,CloudHQ,,LC5,39.009805,-77.476734,0.0,51107,VA,
node,14045039395,Cologix ASH2,Cologix,Q18348355,,39.019496,-77.457953,0.0,51107,VA,
node,14045092726,Sabey Data Centers Ashburn - Building A,Sabey Data Centers,Q104864464,,39.013795,-77.476938,0.0,51107,VA,
node,14045092727,NTT Ashburn VA8 Data Center,NTT,Q1054787,VA8,39.018788,-77.475672,0.0,51107,VA,
way,25706343,Cyxtera Dallas-Fort Worth Data Center,Cyxtera,Q111143924,,32.832714,-97.041045,28636.9,48439,TX,2023-09-25
way,28544618,Equinix Infomart,Equinix,Q851641,,32.800943,-96.819511,22281.5,48113,TX,2022-12-27
way,29827954,CoreSite BO1,,,BO1,42.376706,-71.079758,12445.3,25017,MA,2023-04-26
way,30666790,USPO Terminal Annex,United States Postal Service,Q668687,,34.058102,-118.235393,9222.6,06037,CA,2023-04-26
way,30827429,DataBank,,,,32.778301,-96.798437,4047.3,48113,TX,2026-01-19
way,31250931,CyrusOne Cincinnati-Mason CIN3,CyrusOne,Q16953751,CIN3,39.303896,-84.311580,7693.6,39165,OH,2024-12-27
way,31800424,LightEdge SAN1,,,,32.827866,-117.129934,7764.5,06073,CA,2023-04-26
way,31803515,EdgeConneX San Diego,EdgeConneX,Q115477226,,32.842309,-117.169345,3642.3,06073,CA,2025-12-28
way,32560290,RagingWire CA2,NTT,Q1054787,CA2,38.650400,-121.491946,19017.5,06067,CA,2023-04-26
way,32560292,RagingWire CA1,NTT,Q1054787,CA1,38.650432,-121.489186,17865.5,06067,CA,2023-04-26
way,34770750,Hewlett-Packard,,,,34.082226,-84.267450,120244.7,13121,GA,2022-02-24
way,35491576,Equinix SV1,Equinix,Q851641,SV1,37.241587,-121.783320,12544.1,06085,CA,2016-12-16
way,36897140,,,,,39.294048,-84.412113,1214.7,39061,OH,2021-06-07
way,37877544,Lumen Sunnyvale 1,Lumen Technologies,Q5063092,,37.373439,-121.987813,7165.9,06085,CA,2025-12-23
way,37947313,OpenColo,,,,37.378816,-121.955937,6082.5,06085,CA,2024-12-20
way,37947314,Equinix Santa Clara SV2,Equinix,Q851641,SV2,37.378434,-121.954992,7535.0,06085,CA,2016-12-16
way,37947315,Layer42 Santa Clara,Layer42,,,37.378040,-121.954151,2325.5,06085,CA,2016-12-17
way,38305431,Digital Realty Silicon Valley SJC34,Digital Realty,Q5275969,,37.372388,-121.973619,12007.0,06085,CA,2016-12-17
way,38305568,Csquare SFO1,Csquare,,,37.371519,-121.969697,8565.1,06085,CA,2016-12-17
way,38305611,,Vantage,,,37.373386,-121.972693,8295.6,06085,CA,2016-12-17
way,39083541,Strategic Datasphere,,,,34.094797,-84.235697,11844.0,13121,GA,2026-02-01
way,39083797,Flexential Atlanta - Alpharetta Data Center,Flexential,Q115417504,,34.087003,-84.251748,7071.1,13121,GA,2023-04-08
way,39083830,Secure Data Center,,,,34.093708,-84.250876,17095.3,13121,GA,2022-01-29
way,40608200,Cologix Santa Clara SV1 Data Center,Cologix,,SV1,37.365333,-121.961700,7496.0,06085,CA,2024-12-20
way,42000820,Old Main,Clarkson University,,,44.668112,-74.980571,2290.0,36089,NY,2026-04-20
way,42323063,Netrality Data Centers,,,,38.629262,-90.197175,2145.5,29510,MO,2022-10-31
way,45448535,,Verizon,Q919641,,44.991458,-93.280292,4754.9,27053,MN,2025-04-08
way,45583050,,,,,38.803415,-77.510577,4915.2,51153,VA,2023-11-29
way,45776978,Amazon IAD11,Amazon Web Services,Q456157,Amazon IAD11,38.790500,-77.541111,11378.3,51153,VA,2016-12-16
way,45776979,Amazon IAD24,Amazon Web Services,Q456157,IAD24,38.790350,-77.540006,2916.1,51153,VA,2016-12-16
way,45776988,Amazon IAD7,Amazon Web Services,Q456157,Amazon IAD-7,38.791204,-77.538277,10165.7,51153,VA,2016-12-16
way,46128119,CyrusOne CIN2,CyrusOne,Q16953751,CIN2,39.102695,-84.517898,2743.8,39061,OH,2019-10-23
way,46831933,VA 4,Digital Realty,Q5275969,,38.778111,-77.594876,24483.6,51153,VA,2021-08-03
way,48242814,Amazon IAD10,Amazon Web Services,Q456157,IAD10,39.021646,-77.432876,10472.6,51107,VA,2016-12-16
way,48242816,Amazon IAD32,Amazon Web Services,Q456157,IAD32,39.021569,-77.434794,3316.7,51107,VA,2016-12-16
way,52059176,NTT RagingWire DC - Hillsboro,NTT,Q1054787,HI1,45.549584,-122.937393,24186.3,41067,OR,2021-03-23
way,52094269,Centersquare IAD1-B,Centersquare,Q127304226,IAD1-B,39.023907,-77.415190,7345.9,51107,VA,2016-12-17
way,52094270,Centersquare IAD1-A,Centersquare,Q127304226,IAD1-A,39.023321,-77.413201,8345.5,51107,VA,2016-12-17
way,52094294,Centersquare IAD1-C,Centersquare,Q127304226,IAD1-C,39.024756,-77.412204,12577.5,51107,VA,2016-12-17
way,52227492,Flexential Minneapolis - Chaska,Flexential,Q115417504,,44.851593,-93.598831,12588.9,27019,MN,2024-08-15
way,52958203,Pearl Plaza Office Building,,,,39.745230,-104.979332,4532.5,08031,CO,2023-04-26
way,54119665,Csquare SFO2,Csquare,,SFO2,37.397579,-121.980869,13573.0,06085,CA,2025-12-23
way,54119667,Csquare SFO2,Csquare,,SFO2,37.398618,-121.981112,10748.2,06085,CA,2025-12-23
way,54121151,QTS Santa Clara 1,Quality Technology Services,Q18392800,,37.393987,-121.978309,2948.2,06085,CA,2025-12-23
way,54173383,CoreSite SV3,CoreSite,,SV3,37.375142,-121.971709,5370.7,06085,CA,2024-05-10
way,54173753,CoreSite SV6,CoreSite,,SV6,37.376302,-121.972084,5673.2,06085,CA,2024-12-20
way,54173755,CoreSite SV8,CoreSite,,SV8,37.377383,-121.971840,3865.7,06085,CA,2024-12-20
way,54383196,CoreSite SV5,CoreSite,,SV5,37.375196,-121.970690,4724.8,06085,CA,2024-12-20
way,54383197,CoreSite SV9,CoreSite,,SV9,37.375559,-121.969610,5611.7,06085,CA,2024-07-07
way,58708529,QTS Santa Clara 2,Quality Technology Services,Q18392800,,37.392722,-121.978397,3419.6,06085,CA,2025-12-23
way,59294476,STACK NVA01A - Northern Virginia,Stack Infrastructure,Q115477173,NVA01A,39.004699,-77.441764,16660.4,51107,VA,2020-09-19
way,63619642,Minnesota Gateway Data Center,,,,44.971302,-93.254652,8147.4,27053,MN,2023-03-20
way,69827429,IBM Building,,,,42.649353,-73.752745,1426.6,36001,NY,2023-04-26
way,71187940,,Verizon Wireless,,DTRT.PP2,42.326266,-83.076986,2316.4,26163,MI,2021-07-02
way,79056848,,University of New Hampshire,,,43.143619,-70.952473,2838.6,33017,NH,2024-06-12
way,79158387,VA3,Digital Realty,Q5275969,VA3,38.948464,-77.327295,8941.1,51059,VA,2017-10-10
way,79159494,IAD1,Evocative,Q136332656,IAD1,38.948816,-77.329410,1795.4,51059,VA,2023-09-12
way,79298926,CoreSite Reston Campus VA1,CoreSite,Q5170140,,38.950586,-77.364548,12823.9,51059,VA,2023-01-21
way,79818498,CoreSite Reston VA3,CoreSite,,,38.948468,-77.372370,23198.6,51059,VA,2024-12-22
way,87058670,,FirstLight,,,43.076119,-70.808043,865.5,33015,NH,2025-08-22
way,89784186,Insurance Exchange Building,,,,39.745572,-104.995691,1840.2,08031,CO,2023-04-26
way,93210344,Lincoln Rackhouse Maryland,Lincoln Rackhouse,,,39.058563,-76.964322,13591.9,24031,MD,2023-09-05
way,95349317,CyrusOne Cincinnati-Lebanon,,,,39.389019,-84.221875,18432.3,39165,OH,2024-12-27
way,95782052,Equinix NY7 Data Center,Equinix,Q851641,NY7,40.796864,-74.031141,6377.9,34017,NJ,2016-12-17
way,99813512,Equinix SV4,Equinix,Q851641,SV4,37.414564,-122.014580,11368.5,06085,CA,2016-12-16
way,99861735,Verizon - Bloomington Network,Verizon,Q919641,,44.807196,-93.375448,6359.8,27053,MN,2026-04-11
way,102129663,H5 Data Centers San Antonio,H5 Data Centers,,,29.429371,-98.486906,1941.5,48029,TX,2025-12-23
way,104082694,Aureon,,,,41.587999,-93.631009,1045.5,19153,IA,2020-09-29
way,116005354,,,,,35.588013,-81.262527,52434.8,37035,NC,2023-11-29
way,118650988,,"Patmos Hosting, Inc.",,,39.094415,-94.579432,17130.3,29095,MO,2026-04-02
way,122665255,Digital Realty New York HVN10,Digital Realty,Q5275969,HVN10,41.240846,-73.147299,12540.3,09120,CT,2024-10-04
way,124088810,Lincoln Rackhouse,,,,41.772165,-88.217091,6514.7,17043,IL,2024-12-22
way,128499684,Digital Realty CH1,Digital Realty,Q5275969,CH1,41.994237,-87.962172,43641.8,17031,IL,2023-05-19
way,131874718,H5 Minneapolis,H5,,,44.972253,-93.147460,10052.3,27123,MN,2025-12-23
way,131891022,Iron Mountain Records Storage,Iron Mountain,Q1673079,,33.420380,-112.041326,13548.3,04013,AZ,2024-01-29
way,132746406,Equinix SV8,Equinix,Q851641,SV8,37.445895,-122.160782,1118.1,06085,CA,2016-12-16
way,138260136,NCSA Petascale Computing Facility,,,,40.095259,-88.242031,4238.3,17019,IL,2024-05-08
way,138643160,LexisNexus Springfield,,,,39.912780,-83.723761,7426.4,39023,OH,2024-08-11
way,149379943,Digital Realty ORD11,Digital Realty,Q5275969,ORD11,41.874293,-87.629954,844.7,17031,IL,2024-10-30
way,151179323,Lumen,Lumen Technologies,Q5063092,,33.494336,-112.070786,2365.0,04013,AZ,2022-04-16
way,152163711,L3Harris Technologies Inc,,,,33.305358,-111.671704,1344.3,04013,AZ,2021-01-11
way,152163722,AZ Labs,,,,33.306272,-111.671700,2938.1,04013,AZ,2021-01-11
way,152449872,Serverfarm CH1,Serverfarm,,CH1,41.870944,-87.640141,5241.5,17031,IL,2023-02-07
way,154213519,Stack Infrastructure PHX01 Campus,,,,33.417241,-112.355509,277662.3,04013,AZ,
way,155739337,Aligned Energy Data Center,,,,33.659041,-112.111168,47642.1,04013,AZ,2024-07-09
way,156468497,,,,,38.913702,-77.225838,1818.9,51059,VA,2016-12-17
way,156520409,Lakeside Technology Center,,,,41.853653,-87.618359,11999.0,17031,IL,2022-02-14
way,157362579,Flexential Phoenix - Deer Valley,Flexential,Q115417504,,33.684674,-112.098357,10221.5,04013,AZ,2024-08-15
way,159959672,TierPoint,,,TUL,36.158588,-95.988631,1761.2,40143,OK,2026-04-10
way,161126131,Equinix SV5,Equinix,Q851641,SV5,37.242040,-121.781839,15451.1,06085,CA,2016-12-16
way,166431620,"Union Pacific Jack Koraleski Technology, Research & Development Center",Union Pacific Railroad,Q725793,,41.318005,-96.050345,5052.7,31055,NE,2025-06-14
way,168129695,DataBank Pittsburgh PIT2,,,,40.451369,-80.190118,5574.9,42003,PA,2022-11-01
way,169170979,Molina Healthcare,Molina Healthcare,,MHDC,34.995446,-106.618034,2375.4,35001,NM,2023-02-10
way,172739950,Switch12,Switch,,,36.061739,-115.213292,35167.0,32003,NV,2024-09-09
way,172739953,Switch Las Vegas 7,Switch,,,36.059925,-115.210245,30167.0,32003,NV,2021-09-19
way,174242795,EdgeConneX CHI01,EdgeConneX,Q115477226,CHI01,42.000775,-87.950769,11166.2,17031,IL,2023-05-19
way,178331621,,,,,39.377776,-77.411519,5948.0,24021,MD,2025-10-03
way,186515922,,,,,35.898326,-81.547464,13831.9,37027,NC,2020-09-04
way,187574082,Verizon Wireline Network Building,,,,40.494903,-74.443095,2995.9,34023,NJ,2021-08-11
way,190868312,RagingWire CA3,NTT,Q1054787,CA3,38.644239,-121.498763,14062.4,06067,CA,2023-11-29
way,191655977,,,,,41.221486,-95.863822,21157.1,19155,IA,2020-09-04
way,192307107,360 Spear Street Data Center,Digital Realty,Q5275969,,37.788992,-122.390137,3214.4,06075,CA,2016-12-16
way,193611192,Equinix New York Secaucus NY5,Equinix,Q851641,,40.778602,-74.072301,19644.9,34017,NJ,2016-12-17
way,193611211,Equinix New York Secaucus NY4,Equinix,Q851641,NY4,40.776428,-74.069776,29475.5,34017,NJ,2016-12-17
way,193611216,Equinix NY3,Equinix,Q851641,Equinix NY3,40.774852,-74.068890,25485.8,34017,NJ,2025-05-06
way,193611219,Equinix New York Secaucus NY2,Equinix,Q851641,NY2,40.777420,-74.075917,37436.3,34017,NJ,2016-12-17
way,193612533,Centersquare NYC3 Data Center,Centersquare,,,40.786164,-74.069182,13300.3,34017,NJ,2023-04-26
way,194049551,QTS Sacramento,Quality Technology Services,Q18392800,,38.646349,-121.486223,8379.5,06067,CA,2023-11-29
way,195165330,,,,,39.290601,-94.675865,5488.6,29165,MO,2022-07-02
way,195165354,,,,,39.295658,-94.673472,22308.0,29165,MO,2022-07-02
way,195165374,Black Rock Financial Management,,,,39.295492,-94.678025,7434.6,29165,MO,2022-07-02
way,195169261,,,,,39.302406,-94.684792,4751.1,29165,MO,2022-07-02
way,195664350,Cherokee Data Center,,,,36.262546,-95.910031,38538.8,40143,OK,2024-01-06
way,199252950,CyrusOne Chicago Aurora CME,CyrusOne,Q16953751,,41.796711,-88.243603,44881.8,17043,IL,2024-12-22
way,200989527,Xfinity/Comcast Data Center,,,,39.588307,-104.832435,4769.5,08005,CO,2024-01-23
way,203432103,IU Data Center,Indiana University,,,39.174419,-86.500703,8760.6,18105,IN,2023-09-11
way,204316962,IO Datacenter,,,,40.520901,-74.347317,77101.1,34023,NJ,2021-09-19
way,204460681,DataBank Piscataway EWR2,,,,40.549213,-74.458210,4705.2,34023,NJ,2016-12-17
way,204460799,Optimum,,,,40.546826,-74.492029,6329.1,34023,NJ,2021-08-10
way,204460812,Equinix,Equinix,Q851641,,40.544882,-74.495381,5790.8,34023,NJ,2021-08-10
way,204460835,Barclays Datacenter,Barclays,,,40.547244,-74.459737,32728.5,34023,NJ,2024-10-04
way,204460903,Digital Realty New York EWR12,Digital Realty,Q5275969,EWR12,40.552905,-74.459301,28130.7,34023,NJ,2016-12-17
way,204460950,Digital Realty New York EWR11,Digital Realty,Q5275969,EWR11,40.553779,-74.457179,8929.3,34023,NJ,2016-12-17
way,205724881,Intergate Seattle East Building 2,,,,47.495031,-122.290570,9970.3,53033,WA,2016-12-17
way,205724885,Intergate Seattle East Building 1,Sabey,,,47.494860,-122.288194,9091.7,53033,WA,2016-12-17
way,205823968,Equinix SV15,Equinix,Q851641,SV15,37.375495,-121.988406,3550.0,06085,CA,2023-11-29
way,205823970,Equinix SV16,Equinix,Q851641,SV16,37.376118,-121.988688,2447.8,06085,CA,2022-02-20
way,205823971,Equinix SV17,Equinix,Q851641,SV17,37.376529,-121.988584,3935.4,06085,CA,2022-02-20
way,205823980,Equinix SV14,Equinix,Q851641,SV14,37.374962,-121.988509,1877.9,06085,CA,2023-11-29
way,205846843,CoreSite SV4,CoreSite,,SV4,37.376263,-121.970684,4824.3,06085,CA,2024-12-20
way,209073635,Lumen Santa Clara,Lumen Technologies,Q5063092,,37.377005,-121.952082,2362.0,06085,CA,2016-12-17
way,209073636,Prime Santa Clara,Prime,,,37.375017,-121.953250,2793.2,06085,CA,2024-12-20
way,209073641,Digital Realty Silicon Valley SJC10,Digital Realty,Q5275969,SJC10,37.375823,-121.953335,5300.3,06085,CA,2016-12-17
way,209073645,Colovore,,,,37.376729,-121.953149,2244.7,06085,CA,2024-12-20
way,209073647,Digital Realty Silicon Valley SJC30,Digital Realty,Q5275969,SJC30,37.378289,-121.958105,4509.4,06085,CA,2016-12-17
way,209073649,Digital Realty Silicon Valley SJC15,Digital Realty,Q5275969,SJC15,37.374997,-121.954077,2286.9,06085,CA,2016-12-17
way,209073653,Digital Realty Silicon Valley SJC16,Digital Realty,Q5275969,SJC16,37.374929,-121.955986,3948.8,06085,CA,2016-12-17
way,209073657,Digital Realty Silicon Valley SJC29,Digital Realty,Q5275969,,37.375023,-121.958096,3742.9,06085,CA,2016-12-17
way,209073658,Csquare SFO4,Csquare,,SFO4,37.375777,-121.955193,2535.0,06085,CA,2016-12-17
way,209073659,Prime SANTA CLARA DATA CENTER,Prime,,,37.375026,-121.954881,2399.3,06085,CA,2024-12-20
way,209076412,Digital Realty Silicon Valley SJC11,Digital Realty,Q5275969,SJC11,37.376341,-121.948531,4090.3,06085,CA,2016-12-17
way,209077298,Lumen,Lumen Technologies,Q5063092,,37.377585,-121.950682,1471.7,06085,CA,2016-12-17
way,209087373,Silicon Valley SJC31,Digital Realty,Q5275969,SJC31,37.372250,-121.948329,13619.3,06085,CA,2016-12-17
way,209105766,,,,,37.379779,-121.949910,1752.5,06085,CA,2022-02-23
way,209117217,Evocative Santa Clara SJC11,,,SJC11,37.389540,-121.961946,4776.9,06085,CA,2025-12-23
way,209786637,QTS Chicago,Quality Technology Services,Q18392800,,41.842187,-87.669008,24815.6,17031,IL,2017-10-16
way,210222970,Iron Mountain Data & Record Storage,Iron Mountain,Q1673079,,41.848797,-87.645510,9850.8,17031,IL,2021-01-21
way,210917861,Data Storage Centers,,,,33.421693,-112.034303,3540.5,04013,AZ,2024-01-21
way,211832626,,TierPoint,,,42.685709,-71.208599,4771.0,25009,MA,2022-11-05
way,214321737,Markley Data Center,Markley Group,,,42.630262,-71.304424,11488.9,25017,MA,2025-11-25
way,215630401,Flexential Charlotte - South,Flexential,Q115417504,,35.135431,-80.936872,3134.7,37119,NC,2024-08-15
way,220518160,Digital Realty Data Center,Digital Realty,Q5275969,,33.344648,-111.899227,6277.3,04013,AZ,2021-09-12
way,221201212,,Comcast,,,47.693324,-122.317317,745.6,53033,WA,2024-12-09
way,221897579,Equinix DC97,Equinix,Q851641,,38.961571,-77.377423,4086.9,51059,VA,2024-12-22
way,222672860,Amazon IAD-55,Amazon Web Services,Q456157,IAD55,38.815062,-77.648764,21194.9,51153,VA,2021-09-14
way,223783259,CTI Biopharma,,,,47.617788,-122.356693,1913.9,53033,WA,2023-12-11
way,223928497,Westin Building,Digital Realty,Q5275969,SEA10,47.614355,-122.338864,1218.6,53033,WA,2016-12-17
way,224100721,COPT Data Center,,,,38.747281,-77.531845,11887.5,51153,VA,2023-07-14
way,224139416,Dell 350 Holger Way,,,,37.418407,-121.943085,4206.9,06085,CA,2025-12-23
way,224174031,SV Colo,SV Colo,,,37.364310,-121.958799,5361.4,06085,CA,2016-12-16
way,224998784,Microsoft,Microsoft,Q2283,,37.362066,-121.946436,15482.9,06085,CA,2016-12-16
way,225745958,OVH US East Vint Hill,,,,38.747445,-77.674454,7969.5,51061,VA,2024-12-22
way,231047065,NCAR-Wyoming Supercomputing Center,University Corporation for Atmospheric Research,Q3366349,,41.128790,-104.897487,9395.2,56021,WY,2024-05-14
way,231664575,The Seattle Times,H5 Data Centers,,,47.618985,-122.336462,4514.1,53033,WA,2021-03-03
way,231769626,Google Data Center The Dalles Oregon,Google,Q95,,45.632048,-121.201302,138183.8,41065,OR,2016-12-16
way,233888384,Segra Data Center,,,,35.724992,-78.662363,4286.7,37183,NC,2023-01-12
way,234722029,Equinix Ashburn DC2,Equinix,Q851641,DC2,39.016471,-77.459006,16278.0,51107,VA,2016-12-16
way,234722720,H5 Data Centers Ashburn,H5 Data Centers,Q136332488,Ashburn,39.013675,-77.451720,7772.0,51107,VA,2020-11-18
way,239032142,TierPoint Sioux Falls West Data Center,,,,43.606971,-96.809195,5199.2,46099,SD,2021-09-28
way,239147373,Lumen McLean,Lumen Technologies,Q5063092,,38.920021,-77.211619,3907.2,51059,VA,2024-12-19
way,239147724,DataBank McLean IAD2,DataBank,Q117314439,IAD2,38.919905,-77.213585,2132.8,51059,VA,2024-12-19
way,240724127,eBay,,,,40.563749,-112.047725,17016.8,49035,UT,2024-08-11
way,243242167,Equinix Chicago Data CH7,Equinix,Q851641,,41.812557,-87.972843,4397.7,17043,IL,2025-03-24
way,244490839,PhoenixNAP,,,,33.416051,-112.009426,7360.1,04013,AZ,2024-02-26
way,247427998,Merrill Lynch Data Center,Merrill Lynch,,,40.607380,-74.173180,5893.3,36085,NY,2025-05-06
way,247428943,Telehouse Teleport,Telehouse,,,40.606985,-74.174887,6503.1,36085,NY,2025-05-06
way,250052753,32 Avenue of the Americas,,,,40.719998,-74.004636,3938.7,36061,NY,2023-04-26
way,251716311,,,,,38.905910,-77.468970,4737.5,51059,VA,2026-05-21
way,251716328,Digital Realty,Digital Realty,Q5275969,,38.910133,-77.472580,6720.4,51059,VA,2016-12-17
way,253670255,Greenidge Power Plant and Data Center,Greenidge Generation Holdings Inc.,,,42.679421,-76.948614,8908.8,36123,NY,2026-02-19
way,253682978,TierPoint,,,,38.629761,-90.196420,2233.3,29510,MO,2025-01-06
way,254583328,Verizon,,,,36.144733,-115.077928,2404.8,32003,NV,2024-02-02
way,254742608,,,,A,29.446674,-98.640690,11851.1,48029,TX,2017-07-23
way,254742609,,,,B,29.447922,-98.641129,13258.4,48029,TX,2017-07-23
way,254742610,,,,Connector,29.447199,-98.640993,3345.8,48029,TX,2017-07-23
way,254756938,CenturyLink,Lumen Technologies,Q5063092,,36.143716,-115.083386,4572.0,32003,NV,2022-01-01
way,254773884,,,,,33.095994,-96.681565,11303.2,48085,TX,2017-08-15
way,254773897,Evoque Allen DA1,Centersquare,Q127304226,DA1,33.095064,-96.683764,10640.6,48085,TX,2017-08-15
way,256728809,First National Technical Center,First National of Nebraska,,,41.261419,-95.936495,6430.7,31055,NE,2022-10-20
way,257581364,Flexential - Richmond,Flexential,Q115417504,,37.646890,-77.438695,3695.5,51087,VA,2024-08-15
way,258343744,Amazon IAD-9,Amazon Web Services,Q456157,IAD-9,38.899652,-77.453440,7976.2,51059,VA,2016-12-16
way,258343748,Amazon IAD22,Amazon Web Services,Q456157,IAD22,38.897902,-77.455102,2800.1,51059,VA,2024-12-19
way,258343749,Amazon IAD-1,Amazon Web Services,Q456157,IAD-1,38.897859,-77.454075,8722.0,51059,VA,2016-12-16
way,258519934,,,,,38.909245,-77.472245,4025.6,51059,VA,2016-12-17
way,258519959,,,,,38.909798,-77.473466,2993.6,51059,VA,2016-12-17
way,258520532,,,,,38.908150,-77.475219,1709.4,51059,VA,2026-05-21
way,260996040,,,,,38.750817,-77.196273,5207.2,51059,VA,2024-09-28
way,262058094,Menlo Digital MD-DC1,,,,38.927120,-77.424073,4201.9,51059,VA,2026-05-25
way,269166415,Cox Data Center,,,,34.036202,-84.319553,11878.5,13121,GA,2024-05-02
way,269847438,QTS Atlanta Data Center 1,Quality Technology Services,Q18392800,,33.777681,-84.421100,66865.8,13121,GA,2022-09-03
way,271893323,Csquare SFO3,Csquare,,SFO3,37.372104,-121.986031,6615.6,06085,CA,2025-12-23
way,273895868,Centersquare IAD3,Centersquare,Q127304226,IAD3,38.980925,-77.444247,12146.9,51107,VA,2023-12-27
way,273896089,Centersquare IAD2-A,Centersquare,Q127304226,IAD2-A,38.984418,-77.423817,4473.6,51107,VA,2021-09-13
way,273896096,,CyrusOne,Q16953751,CyrusOne Northern Virginia Sterling IV,38.984887,-77.425649,11867.8,51107,VA,2021-06-14
way,273896102,Centersquare IAD2-B,Centersquare,Q127304226,IAD2-B,38.983604,-77.424105,6672.2,51107,VA,2021-06-14
way,278560778,Digital Realty Data Center,Digital Realty,Q5275969,,33.657032,-84.415203,11964.5,13121,GA,2022-03-04
way,279410762,Cyxtera (Digital Realty Trust) Citibank Data Center,Cyxtera,Q111143924,,40.760765,-74.025758,5421.5,34017,NJ,2016-12-17
way,279410766,Digital Realty New Jersey EWR10,Digital Realty,Q5275969,EWR10,40.761831,-74.025025,11795.0,34017,NJ,2016-12-17
way,283051469,,,,,47.246212,-119.813229,14119.1,53025,WA,2019-07-23
way,283051470,,,,,47.247687,-119.813075,19035.9,53025,WA,2019-07-25
way,283051471,,,,,47.246168,-119.815756,12570.7,53025,WA,2019-07-23
way,283051472,Intergate Quincy Data Center,Sabey Data Centers,Q104864464,,47.245327,-119.815931,401203.2,53025,WA,2016-12-17
way,283051473,Vantage Quincy Campus,Vantage,,,47.252030,-119.813508,264486.2,53025,WA,2016-12-17
way,283051474,H5 Data Center,Intuit,,,47.251412,-119.818753,250894.7,53025,WA,2016-12-17
way,283051475,,,,,47.252574,-119.819665,22926.5,53025,WA,2019-07-23
way,283051477,Yahoo Data Center,Yahoo,,,47.246984,-119.827782,201720.4,53025,WA,2016-12-17
way,283051478,,,,,47.246736,-119.828866,14048.2,53025,WA,2019-07-23
way,283051481,,,,,47.245991,-119.829791,3330.4,53025,WA,2019-07-23
way,283051482,,,,,47.245989,-119.829170,3337.6,53025,WA,2019-07-23
way,283051483,,,,,47.245989,-119.828159,3142.4,53025,WA,2019-07-23
way,283051484,,,,,47.246003,-119.827542,3129.8,53025,WA,2019-07-23
way,283051485,,,,,47.246067,-119.828662,1771.5,53025,WA,2019-07-23
way,283051487,NTTData Data Center,,,,47.244360,-119.864633,285079.2,53025,WA,2025-03-19
way,283051497,Microsoft Columbia Data Center,,,,47.239202,-119.862522,287817.2,53025,WA,2019-07-23
way,284044002,CoreSite AT2 - Marietta Data Center,CoreSite,,Atlanta,33.925491,-84.481613,6951.3,13067,GA,2022-05-01
way,288909509,,,,,39.290121,-94.685051,2872.9,29165,MO,2022-07-02
way,289620443,Digital Realty San Francisco SFO10,Digital Realty,Q5275969,SFO10,37.723602,-122.397936,9742.5,06075,CA,2016-12-16
way,289884123,33 Thomas Street,,,,40.716525,-74.005913,2860.6,36061,NY,2023-10-05
way,290101976,VentureData,,,,43.825243,-111.782093,1697.3,16065,ID,2024-06-05
way,290307022,Cogent Data Center,"Cogent Communications, Inc.",,,33.400255,-112.047900,4800.8,04013,AZ,2025-12-22
way,290703004,CoreSpace Dallas,CoreSpace,,,32.817559,-96.873065,2938.2,48113,TX,2025-12-26
way,292506449,,,,,39.590131,-104.846963,10077.6,08005,CO,2023-12-11
way,292506452,zColo by Zayo,,,,39.591352,-104.847039,5776.5,08005,CO,2023-12-11
way,293211683,Intergate Seattle East Building 5,Sabey,,,47.491920,-122.289736,18592.2,53033,WA,2016-12-17
way,293211686,Intergate Seattle East Building 3,Sabey,,,47.493556,-122.290302,18895.4,53033,WA,2016-12-17
way,293211687,Intergate Seattle East Building 4,Digital Realty,Q5275969,,47.493411,-122.288858,10853.7,53033,WA,2016-12-17
way,296374269,Flexential Allentown Data Center,Flexential,Q115417504,,40.635695,-75.457573,4551.8,42077,PA,2024-08-15
way,298126010,Digital Realty ACC4,Digital Realty,Q5275969,ACC4,39.017902,-77.462549,27328.0,51107,VA,2016-12-16
way,298127059,Equinix Ashburn DC1,Equinix,Q851641,DC1,39.015560,-77.460327,5551.6,51107,VA,2020-11-18
way,298127361,Equinix Ashburn DC5,Equinix,Q851641,DC5,39.015987,-77.461248,8794.7,51107,VA,2016-12-16
way,298127420,Equinix Ashburn DC11,Equinix,Q851641,DC11,39.014931,-77.458804,12346.6,51107,VA,2016-12-16
way,298242260,Equinix Ashburn DC3,Equinix,Q851641,DC3,39.022308,-77.461119,9384.4,51107,VA,2016-12-16
way,298242335,Digital Realty ACC3,Digital Realty,Q5275969,ACC3,39.019936,-77.459842,14080.7,51107,VA,2016-12-16
way,299388896,CoreSite SV2,"CoreSite Real Estate 1656 McCarthy, L.P.",,SV2,37.405683,-121.916241,8355.7,06085,CA,2020-12-18
way,299927846,Amazon IAD76,Amazon Web Services,Q456157,IAD76,38.993785,-77.450509,12827.2,51107,VA,2016-12-16
way,299929061,Amazon IAD12,Amazon Web Services,Q456157,Amazon IAD12,38.988723,-77.447671,13898.2,51107,VA,2016-12-16
way,300162674,Digital Realty ACC5,Digital Realty,Q5275969,ACC5,39.020113,-77.463071,27765.0,51107,VA,2016-12-16
way,300162675,Digital Realty ACC6,Digital Realty,Q5275969,ACC6,39.021068,-77.463590,21010.3,51107,VA,2016-12-16
way,300162689,Level 3 Ashburn,Lumen Technologies,Q5063092,,39.022173,-77.457595,4554.4,51107,VA,2023-09-04
way,300163074,Centersquare IAD4-B,Centersquare,Q127304226,IAD4-B,39.022140,-77.453610,8364.0,51107,VA,2016-12-16
way,300163083,NTT Ashburn VA1 Data Center,NTT,Q1054787,VA1,39.022764,-77.454869,12867.7,51107,VA,2018-07-26
way,300952513,Digital Realty Phoenix PHX15,Digital Realty,Q5275969,PHX15,33.274974,-111.886626,27376.5,04013,AZ,2023-11-29
way,300959969,H5 Phoenix,H5,,Phoenix,33.276911,-111.885909,4731.2,04013,AZ,2021-08-29
way,300959970,CyrusOne PHX1,CyrusOne,,PHX1,33.270855,-111.881912,12760.7,04013,AZ,2023-11-29
way,300969250,Equinix DC13,Equinix,Q851641,DC13,39.012537,-77.475393,11669.9,51107,VA,2016-12-17
way,300969614,Digital Realty Northern Virginia IAD14,Digital Realty,Q5275969,IAD14,39.003336,-77.487093,12495.8,51107,VA,2016-12-16
way,300969615,Amazon Web Services Building C,Amazon Web Services,Q456157,,39.002752,-77.485449,10841.7,51107,VA,2016-12-16
way,300969616,Digital Realty Northern Virginia IAD12,Digital Realty,Q5275969,IAD12,39.002022,-77.483345,16747.6,51107,VA,2016-12-16
way,300969617,Digital Realty Building A,Digital Realty,Q5275969,,39.002755,-77.481954,12384.6,51107,VA,2016-12-16
way,300969619,Digital Realty Northern Virginia IAD24,Digital Realty,Q5275969,IAD24,39.004292,-77.484355,10630.8,51107,VA,2016-12-16
way,300970759,Databank Ashburn IAD1,DataBank,Q117314439,IAD1,39.015549,-77.482138,13446.8,51107,VA,2019-07-31
way,300970761,DataBank Ashburn IAD4,DataBank,Q117314439,IAD4,39.015490,-77.483376,7537.2,51107,VA,2021-04-17
way,300974499,Apple Data Center,Apple Inc.,Q312,,33.347019,-111.604056,124328.7,04013,AZ,2018-03-07
way,304754549,UHG Data Center,,,,44.808284,-93.634125,28092.0,27019,MN,
way,317466755,VISA,VISA,,,42.216757,-87.952847,5109.8,17097,IL,2019-06-03
way,318069356,John F. Simms Building,SONM,,Simms,35.672446,-105.956569,2905.2,35049,NM,2024-09-10
way,319857331,Lumen San Antonio 2,Lumen Technologies,Q5063092,,29.438279,-98.506522,1181.9,48029,TX,2025-12-23
way,321385147,Meta,Meta,Q380,,44.295883,-120.887261,25050.7,41013,OR,2016-12-16
way,325096144,Adobe Data Center,,,,45.550185,-122.931588,10670.3,41067,OR,2021-03-23
way,328702348,TGN Hillsboro,Tata Communications,,,45.546507,-122.893794,2226.7,41067,OR,2026-04-20
way,328702378,Stack Infrastructure - POR02,Stack Infrastructure,Q115477173,POR02A,45.547312,-122.897449,19994.4,41067,OR,2021-02-12
way,328702401,Oracle,,,,45.543916,-122.896513,6182.2,41067,OR,2026-04-21
way,328702750,Digital Realty PDX10 Data Center,Digital Realty,Q5275969,,45.547617,-122.891958,6392.4,41067,OR,2021-02-12
way,328703598,Flexential Portland - Hillsboro 1,Flexential,Q115417504,,45.549821,-122.890851,3831.9,41067,OR,2021-02-17
way,328703599,Flexential Portland - Hillsboro 1,Flexential,Q115417504,,45.550334,-122.892202,4095.9,41067,OR,2021-02-12
way,329551673,Flexential Louisville - East,Flexential,Q115417504,,38.277198,-85.507241,3232.6,21111,KY,2024-08-15
way,330276516,Flexential Louisville - Downtown,Flexential,Q115417504,,38.242496,-85.733351,3393.3,21111,KY,2024-08-15
way,331132308,Verizon Hillsboro (Tanasbourne) Data Center,Verizon Business,Q467752,,45.544622,-122.882318,5694.9,41067,OR,2026-04-20
way,334264478,Terminal Commerce Building,,,,39.959810,-75.160832,11116.8,42101,PA,2022-10-31
way,335468616,TierPoint,,,,47.671917,-117.095935,1341.1,53063,WA,2024-06-09
way,336387583,Baltimore Technology Park,,,,39.275384,-76.625527,2799.3,24510,MD,2022-11-04
way,337126739,Intergate Seattle West Building C,Sabey,,,47.494131,-122.294407,1838.7,53033,WA,2016-12-17
way,337126741,Intergate Seattle West Building B,Sabey,,,47.493076,-122.293684,1778.2,53033,WA,2016-12-17
way,337126742,Intergate Seattle West Building A,Sabey,,,47.492148,-122.293320,3581.2,53033,WA,2016-12-17
way,337127817,Vantage WA11,,,,47.250165,-119.814490,13696.8,53025,WA,2019-07-23
way,337127824,NTT Data Quincy,NTT,Q1054787,,47.243588,-119.865712,9268.1,53025,WA,2019-07-25
way,337127832,,,,,47.238819,-119.859359,4121.7,53025,WA,2019-07-25
way,337127833,,,,,47.238262,-119.859366,2982.8,53025,WA,2019-07-25
way,342664739,Geneseo Communications Inc,,,,41.550269,-90.482409,5015.3,19163,IA,2020-03-29
way,343333944,Lumen Minneapolis 3,Lumen Technologies,Q5063092,,44.988766,-93.276610,1245.0,27053,MN,2026-06-19
way,343593591,,,,,41.905355,-88.219514,1351.8,17043,IL,2022-02-23
way,345650474,,,,,40.552819,-74.456676,5691.6,34023,NJ,2024-12-25
way,349925359,,Verizon Wireless,,,39.717184,-85.941330,1951.5,18059,IN,2025-10-18
way,354590432,,,,,40.784739,-74.064358,3201.7,34017,NJ,2024-04-23
way,355926681,Flexential Salt Lake City - South Valley,Flexential,Q115417504,,40.620352,-111.986047,2837.9,49035,UT,2024-08-15
way,358455179,Digital Realty Silicon Valley SC1,Digital Realty,Q5275969,,37.361687,-121.943911,27680.3,06085,CA,2016-12-16
way,358946546,QES Computers,,,,37.699475,-121.903799,87.4,06001,CA,2023-05-23
way,359930465,Equinix SE3 Data Center,Equinix,,SE3,47.614423,-122.339743,1168.3,53033,WA,2015-07-11
way,362662493,QTS Piscataway Data Center,Quality Technology Services,Q18392800,NJ1,40.556965,-74.484007,31907.1,34023,NJ,2017-10-10
way,363017375,AiNET,,,,39.052823,-76.925908,4000.2,24033,MD,2022-11-04
way,364289073,Microsoft,Microsoft,Q2283,,29.478216,-98.690721,23986.8,48029,TX,2017-07-23
way,364289074,Microsoft San Antonio,Microsoft,Q2283,,29.479926,-98.692608,44467.4,48029,TX,2017-07-23
way,364289077,Microsoft,Microsoft,Q2283,,29.481066,-98.696559,18108.4,48029,TX,2017-07-23
way,365941471,,Claro,,,18.446827,-66.051687,2149.6,72127,PR,2025-05-11
way,366049843,Lumen Norristown,Lumen Technologies,Q5063092,,40.127058,-75.408638,3179.5,42091,PA,2025-12-26
way,368724474,Equinix DC7,Equinix,Q851641,DC7,38.909139,-77.220557,7405.3,51059,VA,2024-08-20
way,368724479,Element Critical VA1,,,,38.908367,-77.219744,1903.0,51059,VA,2024-09-09
way,369452572,Pittock Block,,,,45.521544,-122.680704,3860.7,41051,OR,2023-04-26
way,369728508,Data Center,Oregon Health & Science University,,,45.526684,-122.875504,2350.2,41067,OR,2023-01-22
way,373913881,Cisco Allen,,,,33.135980,-96.660952,15052.5,48085,TX,2017-08-15
way,373945186,Meta,Meta,Q380,,44.294894,-120.883998,21537.8,41013,OR,2016-12-16
way,376627431,CSSNW Bellingham,CSS Communications,,,48.757268,-122.480548,400.6,53073,WA,2023-04-26
way,377032058,EdgeConneX CHI02,EdgeConneX,Q115477226,CHI02,42.001494,-87.952563,5979.1,17031,IL,2023-11-29
way,377032061,Equinix Chicago CH3,Equinix,Q851641,CH3,42.001159,-87.955213,12616.3,17031,IL,2023-11-29
way,377212693,Element Critical CH2,Element Critical,,CH2,41.974227,-87.967176,4121.1,17043,IL,2023-11-29
way,377345296,Centersquare Elk Grove Village Data Center Campus ORD2,Centersquare,Q127304226,ORD2,41.992040,-87.958172,18424.9,17043,IL,2023-05-19
way,377545385,Flexential Denver - Englewood,Flexential,Q115417504,,39.558971,-104.837553,18466.6,08035,CO,2020-03-07
way,377585075,EdgeConneX Detroit DET01,EdgeConneX,Q115477226,DET01,42.447697,-83.262667,3769.5,26125,MI,2024-08-11
way,379195054,Lumen Austin 3,Lumen Technologies,Q5063092,,30.261396,-97.723597,470.9,48453,TX,2024-12-20
way,379199519,Alpheus DataCenter,Alpheus,,,30.261043,-97.722102,3352.8,48453,TX,2025-03-27
way,379204279,Digital Realty Austin AUS11,,,AUS11,30.212176,-97.695781,7430.9,48453,TX,2024-12-20
way,379204643,LightEdge Austin II,,,,30.200676,-97.707044,8031.1,48453,TX,2024-12-20
way,379204766,CyrusOne Austin Data Center II,,,AUS2,30.205930,-97.697965,7186.6,48453,TX,2023-11-09
way,379205427,Data Foundry Austin 1 Data Center,,,,30.215504,-97.696074,4688.0,48453,TX,2023-11-24
way,380282154,VISA Data Center,,,,39.048728,-77.445416,32514.9,51107,VA,2020-07-11
way,382785871,LightEdge Austin I,,,,30.214297,-97.712668,2868.6,48453,TX,2024-12-20
way,383545769,Skybox Chicago I,Skybox,,Chicago I,41.993668,-87.973519,16218.6,17031,IL,2023-11-29
way,383728972,Hurricane Electric Fremont 1,Hurricane Electric,,fmt1,37.489865,-121.931017,3125.3,06001,CA,2020-06-08
way,383796776,,Aligned Data Centers,,,41.432430,-82.719028,58852.8,39043,OH,2026-01-27
way,383888101,Lumen Austin 1,,,,30.196499,-97.712400,6942.0,48453,TX,2024-12-20
way,383888914,Data Foundry - Texas 1,,,,30.198926,-97.713788,12736.6,48453,TX,2024-12-20
way,384310259,XO Fremont,XO,,,37.475337,-121.922113,6114.4,06001,CA,2025-12-28
way,384310269,Hurricane Electric Fremont 2,Hurricane Electric,,fmt2,37.471827,-121.920311,16840.4,06001,CA,2020-06-08
way,384396017,Element Critical,,,,30.342800,-97.696176,5758.0,48453,TX,2023-11-14
way,384690290,Element Critical CH1,Element Critical,,CH1,41.975762,-87.964685,8554.2,17043,IL,2023-11-29
way,387208881,165 Halsey / Equinix NY1 / Databank EWR1,Tishman,,,40.736726,-74.173925,8302.1,34013,NJ,2025-05-06
way,387378765,QTS Suwanee Data Center 1,Quality Technology Services,Q18392800,,34.035390,-84.061075,28845.4,13135,GA,2023-09-12
way,387379196,QTS Suwanee Data Center 2,Quality Technology Services,Q18392800,,34.037099,-84.057703,33480.4,13135,GA,2023-09-12
way,388148510,TierPoint Little Rock,,,,34.756236,-92.444724,2958.6,05119,AR,2024-08-13
way,390287635,Equinix SV6,Equinix,,SV6,37.399602,-122.014563,2014.0,06085,CA,2016-12-16
way,392324240,Flexential Atlanta - Norcross,Flexential,Q115417504,,33.954769,-84.198562,3001.6,13135,GA,2023-04-08
way,396296733,Centersquare Lynnwood SE1,Centersquare,,SE1,47.841811,-122.301690,9704.7,53061,WA,2022-01-04
way,397914434,Apple,Apple Inc.,Q312,,44.289416,-120.875077,857.4,41013,OR,2016-12-16
way,400540223,Walmart Colorado Data Center,Walmart,,,38.985746,-104.787270,20396.2,08041,CO,2023-11-24
way,405034574,Verizon,,,,41.338321,-96.027774,1099.7,31055,NE,2023-10-04
way,405034584,Verizon,,,,41.338436,-96.028614,8117.4,31055,NE,2023-10-04
way,408012357,George C. Wallace Alabama Supercomputer Center,Alabama Supercomputer Authority,,,34.736541,-86.673099,1386.1,01089,AL,2022-11-15
way,409027020,Equinix,Equinix,Q851641,LA7,33.850752,-118.304081,10013.0,06037,CA,2026-04-24
way,409296605,Digital Realty Chicago ORD12,Digital Realty,Q5275969,ORD12,41.928378,-87.859236,8376.7,17031,IL,2023-05-19
way,410408067,,,,,47.237633,-119.864487,3429.9,53025,WA,2019-07-25
way,410408073,Microsoft,Microsoft,Q2283,,47.239479,-119.882998,14051.2,53025,WA,2019-07-25
way,410408074,Microsoft,Microsoft,Q2283,,47.238575,-119.883084,13742.4,53025,WA,2019-07-25
way,410408079,,,,,47.239488,-119.859406,4351.1,53025,WA,2019-07-25
way,414055237,Microsoft CYS Datacenter,Microsoft,Q2283,CYS,41.123415,-104.905302,776040.0,56021,WY,2024-04-30
way,414055239,,,,,41.126231,-104.901876,13078.9,56021,WY,2024-04-30
way,417682780,KOMO Plaza East,,,,47.619325,-122.348153,4249.7,53033,WA,2021-03-03
way,417682781,KOMO Plaza West,,,,47.618920,-122.348596,1880.4,53033,WA,2021-03-03
way,421273622,Fidelity,Fidelity,,,41.165469,-96.083388,3782.5,31153,NE,2023-04-30
way,424945736,,Centurylink,,,33.917729,-118.386313,6642.7,06037,CA,2016-12-17
way,424945845,Serverfarm - LAX1,Serverfarm LLC.,,LAX1,33.921742,-118.386436,11065.0,06037,CA,2025-04-14
way,424945852,DRT LAX12,Digital Realty,Q5275969,LAX4,33.915649,-118.384630,10526.9,06037,CA,2016-12-17
way,426586135,Google - Thornton,Google,Q95,,39.922419,-104.983245,7995.2,08001,CO,2022-02-19
way,428021796,DRT LAX10,,,LAX6,34.047326,-118.257514,6222.6,06037,CA,2016-12-17
way,428021816,One Wilshire,,,,34.047892,-118.255546,4073.8,06037,CA,2016-12-17
way,429040021,,Bank of America,Q487907,,37.494407,-77.237500,18108.2,51087,VA,2019-10-24
way,429782814,UF Research Computing Center,University of Florida,,1635,29.672591,-82.299930,3378.9,12001,FL,2020-10-18
way,435324552,"CyrusOne NVA1, NVA2 & NVA3",CyrusOne,Q16953751,NVA1;NVA2;NVA3,39.025947,-77.414523,24675.2,51107,VA,2016-12-17
way,435518280,NAP of the Americas,,,,25.782379,-80.193075,11392.3,12086,FL,2018-01-08
way,435531451,,,,,25.797544,-80.230034,1478.2,12086,FL,2023-04-26
way,435817145,CyrusOne NVA5,CyrusOne,Q16953751,NVA5,39.024327,-77.434034,47097.1,51107,VA,2016-12-16
way,438077632,Microsoft,Microsoft,Q2283,,41.540616,-93.824949,3636.8,19049,IA,2016-08-20
way,438078069,Facebook Altoona Data Center 1,Meta,Q380,,41.664241,-93.514728,29301.7,19153,IA,2016-12-16
way,438078070,Facebook Altoona Data Center 2,Meta,Q380,,41.665537,-93.508170,28555.7,19153,IA,2016-12-16
way,439365340,Virginia Information Technologies Agency,,,,37.360636,-77.331721,14653.8,51041,VA,2026-03-27
way,441502816,Lumen Technologies,,,,33.716778,-117.805801,7957.9,06059,CA,2023-10-23
way,444683815,Lumen,Lumen Technologies,Q5063092,,47.654226,-117.420003,2359.7,53063,WA,2023-12-16
way,447803368,,,,,43.067289,-89.436736,852.5,55025,WI,2024-07-16
way,450078003,Equinix CU2,Equinix,Q851641,,38.454937,-77.978187,120768.2,51047,VA,2023-12-25
way,451413811,,,,,37.333638,-121.887975,9476.5,06085,CA,2018-06-11
way,451491797,,,,,40.784134,-74.065560,14023.8,34017,NJ,2024-04-23
way,451497833,Evocative Secaucus,Evocative,,,40.787550,-74.068048,9411.5,34017,NJ,2025-01-03
way,452116337,BT Radianz: 492 River Road,bt,,,40.821454,-74.134186,10020.3,34013,NJ,2025-12-27
way,453969917,Time Warner Datacenter,,,,39.598960,-104.860377,3140.6,08005,CO,2023-11-16
way,453969923,Time Warner Datacenter,,,,39.599931,-104.860182,5707.5,08005,CO,2023-11-16
way,455171103,CyrusOne Austin Data Center III,,,AUS3,30.206994,-97.701114,17644.3,48453,TX,2023-11-09
way,459188722,Apollo Cable Landing Station,Apollo,,,40.157044,-74.101582,2406.6,34025,NJ,2016-12-12
way,459188725,Cable & Wireless Cable Landing Station,,,,40.843660,-72.883345,3413.8,36103,NY,2016-12-12
way,460050155,Equinix Ashburn DC10,Equinix,Q851641,DC10,39.021014,-77.451513,14158.2,51107,VA,2016-12-16
way,460053028,Amazon Web Services Datacenter Complex,Amazon Web Services,Q456157,,39.026575,-77.451065,101083.2,51107,VA,2016-12-16
way,460053030,Amazon Web Services,Amazon Web Services,Q456157,,39.028870,-77.458662,94979.0,51107,VA,2016-12-16
way,460056017,Amazon IAD-61,Amazon Web Services,Q456157,Amazon IAD-61,38.915805,-77.491987,14148.2,51107,VA,2016-12-16
way,460056018,,,,,38.986502,-77.442196,65934.8,51107,VA,2016-12-16
way,460056019,Amazon IAD51,Amazon Web Services,Q456157,Amazon IAD51,38.991414,-77.436507,5957.7,51107,VA,2016-12-16
way,460056020,Amazon IAD56,Amazon Web Services,Q456157,Amazon IAD56,38.990568,-77.437062,7287.5,51107,VA,2016-12-16
way,460056023,Amazon IAD16,Amazon Web Services,Q456157,Amazon IAD16,38.990699,-77.448825,7043.7,51107,VA,2016-12-16
way,460056024,Amazon IAD15,Amazon Web Services,Q456157,Amazon IAD15,38.991693,-77.448580,9611.1,51107,VA,2016-12-16
way,460059465,Amazon IAD14,Amazon Web Services,Q456157,IAD14,38.789932,-77.548217,10980.5,51153,VA,2016-12-16
way,460060340,Amazon IAD59,Amazon Web Services,Q456157,IAD59,38.792226,-77.548450,11824.8,51153,VA,2016-12-16
way,460060341,Amazon IAD52,Amazon Web Services,Q456157,IAD52,38.791069,-77.548372,11770.8,51153,VA,2016-12-16
way,460067220,Amazon Web Services Datacenter Complex,Amazon Web Services,Q456157,,40.093883,-82.751711,102779.7,39089,OH,2016-12-16
way,460067225,Amazon AWS: Hilliard Data Center,Amazon Web Services us-east-2 datacenter,,,40.059902,-83.134258,239549.8,39049,OH,2016-12-16
way,460070135,Amazon Web Services,Amazon Web Services,Q456157,,45.915836,-119.266324,242.1,41059,OR,2023-05-31
way,460070136,Amazon Web Services,Amazon Web Services,Q456157,,45.915836,-119.266527,242.3,41059,OR,2023-05-31
way,460070137,Amazon Web Services,Amazon Web Services,Q456157,,45.915836,-119.266726,242.1,41059,OR,2023-05-31
way,460070138,Amazon Web Services,Amazon Web Services,Q456157,,45.915836,-119.267112,242.1,41059,OR,2023-05-31
way,460070139,Amazon Web Services,Amazon Web Services,Q456157,,45.915843,-119.267316,242.1,41059,OR,2023-05-31
way,460070140,Amazon Web Services,Amazon Web Services,Q456157,,45.915832,-119.267512,242.1,41059,OR,2023-05-31
way,460070141,Amazon Web Services,Amazon Web Services,Q456157,,45.915836,-119.267717,242.1,41059,OR,2023-05-31
way,460070143,Amazon Web Services,Amazon Web Services,Q456157,PDX2,45.916404,-119.267776,12361.1,41059,OR,2019-07-23
way,460070144,Amazon Web Services,Amazon Web Services,Q456157,PDX4,45.841003,-119.652769,11843.6,41049,OR,2019-07-23
way,460070145,Amazon Web Services,Amazon Web Services,Q456157,PDX50/53,45.852235,-119.629888,24847.1,41049,OR,2016-12-16
way,460070147,Amazon Web Services,Amazon Web Services,Q456157,PDX1,45.850881,-119.630524,9593.2,41049,OR,2016-12-16
way,460076753,Equinix San Jose SV3,Equinix,Q851641,SV3,37.388270,-121.888429,10190.0,06085,CA,2016-12-16
way,460085343,365 Main Street Data Center,Digital Realty,Q5275969,,37.788731,-122.390469,3652.8,06075,CA,2016-12-16
way,460089167,Meta,Meta,Q380,FRC,35.314231,-81.822139,22401.4,37161,NC,2016-12-16
way,460089168,Meta,Meta,Q380,FRC,35.317341,-81.826325,21719.1,37161,NC,2016-12-16
way,460159925,,NTT Limited,,,37.403904,-121.889297,6990.9,06085,CA,2016-12-17
way,460159928,Csquare SFO1,Csquare,,,37.370438,-121.969830,7796.6,06085,CA,2016-12-17
way,460159955,,Vantage,,,37.371779,-121.972505,7031.5,06085,CA,2016-12-17
way,460167186,Intergate Columbia B,Sabey Data Centers,Q104864464,,47.407164,-120.187490,17919.9,53017,WA,2016-12-17
way,460167187,Intergate Columbia A,Sabey Data Centers,Q104864464,,47.408714,-120.189294,24375.8,53017,WA,2016-12-17
way,460167190,Intergate Columbia,,,,47.407588,-120.191731,257442.8,53017,WA,2019-07-23
way,460175664,QTS Ashburn-Moran,Quality Technology Services,Q18392800,,38.994227,-77.448189,3320.4,51107,VA,2016-12-17
way,460175666,Centersquare IAD4-A,Centersquare,Q127304226,IAD4-A,39.021734,-77.452747,7223.2,51107,VA,2016-12-17
way,460175672,AWS Building E,Amazon Web Services,Q456157,,39.005052,-77.485612,14247.2,51107,VA,2016-12-17
way,460177088,Digital Realty New Jersey EWR20,Digital Realty,Q5275969,EWR20,40.829929,-74.126749,2751.3,34031,NJ,2016-12-17
way,460182320,CyrusOne Somerset,CyrusOne,Q16953751,,40.537986,-74.545659,29597.4,34035,NJ,2024-12-25
way,460182335,BNY Mellon Somerset,,,,40.536020,-74.553409,11241.5,34035,NJ,2016-12-17
way,460182337,,Digital Realty,,,40.537538,-74.555540,11675.0,34035,NJ,2016-12-17
way,460182351,Digital Realty New Jersey EWR21,Digital Realty,Q5275969,EWR21,40.830586,-74.124514,6656.1,34031,NJ,2016-12-17
way,460212563,,Centurylink,,,34.199869,-118.343789,4007.9,06037,CA,2016-12-17
way,463571875,Amazon IAD78,Amazon Web Services,Q456157,IAD78,39.026368,-77.449520,13747.8,51107,VA,2019-07-24
way,463571876,Amazon IAD79,Amazon Web Services,Q456157,IAD79,39.026357,-77.450870,13812.7,51107,VA,2019-07-24
way,464097467,,,,,39.567105,-119.548574,25705.1,32031,NV,2024-10-29
way,464371693,Kaiser Data Center,,,,38.254085,-122.273098,15123.8,06055,CA,2021-01-19
way,465032201,Lumen Dallas - 3180 Irving Blvd.,Lumen Technologies,Q5063092,,32.806955,-96.868589,7512.1,48113,TX,2025-12-26
way,465032380,Prime DFW01-01,Prime,,DFW01-01,32.837967,-96.878393,8257.4,48113,TX,2022-10-31
way,465032484,Lumen Dallas 6,Lumen Technologies,Q5063092,,32.827998,-96.884382,1205.7,48113,TX,2025-12-26
way,465032487,Digital Realty DFW36,Digital Realty,Q5275969,DFW36,32.827550,-96.873750,2276.1,48113,TX,2025-12-26
way,465032631,DataBank Dallas Empire Central Data Center,DataBank,,,32.821738,-96.873598,6291.2,48113,TX,2025-12-26
way,465042594,TierPoint Dallas Data Center,TierPoint,,,32.807973,-96.857355,6629.5,48113,TX,2025-12-26
way,465062052,Amazon IAD87,Amazon Web Services,Q456157,IAD87,38.991814,-77.441168,13693.0,51107,VA,2019-07-31
way,465062053,Amazon IAD88,Amazon Web Services,Q456157,IAD88,38.990964,-77.441870,13700.3,51107,VA,2019-07-31
way,465530450,Verizon,Verizon,,,39.589248,-104.877933,748.8,08005,CO,2025-10-25
way,468707940,Stream Data Centers PHX-1,,,,33.419491,-112.359988,38392.3,04013,AZ,2023-10-14
way,471658485,Live Oak Data Center,,,,32.783712,-96.794575,4631.5,48113,TX,2025-11-26
way,471691757,Stack Infrastructure - POR01,Stack Infrastructure,Q115477173,POR01A,45.549393,-122.927835,8363.1,41067,OR,2026-04-21
way,471691760,Flexential Portland - Hillsboro 2,Flexential,Q115417504,,45.558286,-122.917092,19905.4,41067,OR,2021-03-22
way,472761713,NYSE Data Center,nyse,,,41.078302,-74.152918,18655.4,34003,NJ,2019-09-28
way,472954201,AT&T,,,,34.579984,-118.114024,1615.5,06037,CA,2019-09-20
way,474660915,,,,,33.138993,-96.658977,181997.2,48085,TX,2026-03-02
way,476609221,,,,600,38.802660,-104.521966,3960.2,08041,CO,2024-04-16
way,480762078,Siemens EDA - HDC / Data Center,Siemens Digital Industries Software,,Juniper,45.318731,-122.765874,2309.0,41005,OR,2022-08-24
way,483286527,Aligned  DFW-01,Aligned,,DFW-01,33.009299,-96.676544,10070.9,48085,TX,2025-10-18
way,483307714,Tierpoint Dallas-Allen,,,,33.137934,-96.657376,2847.7,48085,TX,2017-08-15
way,487170215,,DXC Technology,,,30.018698,-95.863676,32724.8,48201,TX,2018-04-21
way,490997243,Amazon IAD73,Amazon Web Services,Q456157,IAD73,38.777979,-77.559099,13578.9,51153,VA,2021-10-26
way,490997244,Amazon IAD74,Amazon Web Services,Q456157,IAD74,38.777437,-77.557891,13701.4,51153,VA,2021-10-26
way,491914767,H5 Data Center,,,,41.506357,-81.683598,6637.0,39035,OH,2021-09-28
way,492699069,TPx Colocation Datacenter,TPx Communications,Q7695734,,33.707506,-117.844104,3443.5,06059,CA,2025-06-29
way,495115494,,,,,34.047915,-118.255569,2369.5,06037,CA,2023-04-26
way,497151852,Cologix Jacksonville JAX1,,,,30.331430,-81.662426,2805.8,12031,FL,2023-11-24
way,499403180,Microsoft,Microsoft,Q2283,,47.239487,-119.887407,13326.0,53025,WA,2019-07-25
way,499403698,,,,,47.238561,-119.864453,4129.2,53025,WA,2019-07-25
way,499403699,,,,,47.247601,-119.825429,12870.3,53025,WA,2019-07-23
way,500820007,Facebook Fort Worth Datacenter,Meta,Q380,,32.983784,-97.259343,58937.3,48439,TX,2018-04-10
way,502927599,Data Center Lenexa,,,,38.925170,-94.770290,4139.1,20091,KS,2022-07-02
way,507673418,CITIGROUP TECHNOLOGY INC,,,,33.006381,-97.245290,22532.4,48121,TX,2020-06-11
way,507673437,QTS Data Center,Quality Technology Services,Q18392800,,32.988855,-97.259202,25826.7,48439,TX,2020-06-11
way,509611414,Texas Cryptologic Center,National Security Agency,,,29.447439,-98.640686,41369.2,48029,TX,2017-07-23
way,509611423,Lowe's Data Center,Lowe's,,,29.472910,-98.689488,8757.7,48029,TX,2017-07-23
way,509611426,,CHRISTUS Health,,,29.470344,-98.686210,4535.1,48029,TX,2017-07-23
way,509611429,,Frost Bank,,,29.470223,-98.687650,6372.4,48029,TX,2017-07-23
way,509611432,CyrusOne San Antonio I,CyrusOne,Q16953751,,29.466555,-98.688110,9506.1,48029,TX,2017-07-23
way,509611436,Valero Wiserman,Valero,,,29.474285,-98.680064,5416.6,48029,TX,2017-07-23
way,509611437,Stream San Antonio II,,,,29.472017,-98.671737,6626.3,48029,TX,2017-07-23
way,509611438,CyrusOne San Antonio II,CyrusOne,,,29.470849,-98.672999,10085.1,48029,TX,2017-07-23
way,509611439,CyrusOne San Antonio III,CyrusOne,,,29.470044,-98.672193,9340.2,48029,TX,2017-07-23
way,516686211,Spectrum Charlotte National Data Center,,,,35.142789,-80.916208,8696.1,37119,NC,2024-04-26
way,517411076,Apple,Apple Inc.,Q312,,44.288882,-120.870125,35067.0,41013,OR,2017-08-21
way,518921099,Google Data Center,Google,Q95,,33.353734,-111.675770,657471.4,04013,AZ,2025-06-20
way,521300038,Microsoft Texas Research Park Campus,Microsoft,Q2283,,29.414696,-98.804116,672738.6,48029,TX,2017-09-04
way,523886201,Cyxtera Tampa TP1,Cyxtera,Q111143924,TPA1,27.945532,-82.351162,9042.5,12057,FL,2023-11-24
way,525060850,DC Blox Chattanooga,,,,35.031549,-85.297254,750.6,47065,TN,2026-03-13
way,526806006,QTS Irving - Dallas Data Center Campus,Quality Technology Services,Q18392800,DAL10,32.897283,-96.982788,28448.2,48113,TX,2023-05-31
way,530024353,Centersquare Lisle ORD4 Data Center,Centersquare,Q127304226,ORD4,41.802341,-88.094886,33557.1,17043,IL,2024-10-22
way,530982335,GoDaddy - Gilbert,,,,33.361914,-111.839309,8529.6,04013,AZ,2020-07-19
way,531709017,AT&T Center,American Telephone & Telegraph,,,32.747575,-117.158948,8260.1,06073,CA,2021-07-21
way,533842335,,,,,36.140481,-86.764147,962.0,47037,TN,2023-05-01
way,536784688,CenturyLink,,,CenturyLink,33.765144,-84.383736,2141.1,13121,GA,2022-03-04
way,537172525,,,,,41.124033,-104.898089,5844.9,56021,WY,2024-04-30
way,537172526,,,,,41.124037,-104.899269,6298.6,56021,WY,2024-04-30
way,537172527,,,,,41.125284,-104.899271,5811.6,56021,WY,2024-04-30
way,537172528,,,,,41.125287,-104.898083,5877.5,56021,WY,2024-04-30
way,537807168,Expedient Pittsburgh South,Expedient,,,40.427377,-80.042532,2549.4,42003,PA,2023-11-29
way,543117031,Centersquare: Phoenix - (PHX1 - Mesa),Centersquare,Q127304226,,33.421284,-111.858994,5387.7,04013,AZ,2020-07-28
way,543316327,,DXC Technology,,,29.995201,-95.563254,24542.5,48201,TX,2018-05-08
way,543404966,,DXC Technology,,,29.997307,-95.563985,10588.3,48201,TX,2018-05-08
way,544536822,Liquid Web,,,,42.687951,-84.642995,2144.1,26045,MI,2020-11-22
way,544596573,Amazon IAD63,Amazon Web Services,Q456157,IAD63,38.916885,-77.493251,13376.2,51107,VA,2021-12-26
way,545060574,"Liquid Web, Inc",,,,42.705390,-84.666089,6767.4,26045,MI,2020-11-22
way,545396372,Amazon IAD62,Amazon Web Services,Q456157,IAD62,38.949322,-77.519875,13930.1,51107,VA,2021-10-06
way,545704217,,,,,34.070704,-84.675908,1724.2,13067,GA,2022-03-01
way,545730285,Altoona Meta Data Center,Meta,Q380,,41.669694,-93.511438,2468302.3,19153,IA,2025-03-19
way,545895086,ADP South Dakota,,,,43.599915,-96.794707,22587.1,46099,SD,2025-04-18
way,547156394,TJX Corporate Techno,,,,40.103860,-82.810626,9539.4,39049,OH,2024-12-27
way,547156405,Compugen New Albany,,,,40.104550,-82.804945,4111.0,39049,OH,2024-12-27
way,547277699,Compugen New Albany,,,,40.103677,-82.808939,2993.6,39049,OH,2024-12-27
way,548184239,Flexential Dallas - Richardson,Flexential,Q115417504,,32.994813,-96.752502,6365.7,48085,TX,2024-08-15
way,549418041,Experian McKinney Data Center,,,,33.171796,-96.725505,7118.6,48085,TX,2022-12-04
way,550355261,Digital Fortress: Richmond,Digital Fortress,Q14883323,,37.360065,-77.327101,22640.3,51041,VA,2026-03-27
way,551387747,,,,,40.115717,-83.002565,5227.4,39049,OH,2025-12-30
way,553223628,Stack Infrastructure,Stack Infrastructure,Q115477173,,37.402559,-121.893382,7256.2,06085,CA,2020-12-17
way,553223629,Stack Infrastructure,Stack Infrastructure,Q115477173,,37.402213,-121.892384,10032.9,06085,CA,2020-12-17
way,553884511,Carfax,,,,38.923512,-92.288624,3668.6,29019,MO,2024-10-03
way,556564909,Facebook Altoona Data Center 3,Meta,Q380,,41.667071,-93.506466,35094.6,19153,IA,2020-04-04
way,556599693,Amazon IAD71,Amazon Web Services,Q456157,IAD71,39.027908,-77.457503,11257.7,51107,VA,2019-07-24
way,556599694,Amazon IAD50,Amazon Web Services,Q456157,IAD50,39.029562,-77.459655,18774.1,51107,VA,2019-07-24
way,556599695,Amazon IAD60,Amazon Web Services,Q456157,IAD60,39.028774,-77.458246,10309.1,51107,VA,2019-07-24
way,557140229,Amazon Web Services,Amazon Web Services,Q456157,,32.850459,-97.070282,4761.3,48439,TX,2026-04-23
way,562775657,Amazon Web Services  CMH50,Amazon Web Services,Q456157,CMH50,40.094630,-82.751339,15020.9,39089,OH,2023-11-08
way,567575425,,,,,33.347021,-111.604139,117362.4,04013,AZ,2025-12-08
way,567575428,Apple Mesa Data Center,Apple,,,33.346798,-111.604318,370117.4,04013,AZ,2025-12-08
way,570397131,Thin-nology,,,,30.421141,-97.591603,855.6,48453,TX,2023-09-27
way,571010571,CyrusOne Norwalk,CyrusOne,Q16953751,,41.113092,-73.388649,7225.8,09190,CT,2024-12-30
way,577628941,Data Foundry - Texas 2,,,,30.199588,-97.713076,9741.6,48453,TX,2024-12-20
way,578412815,Meta Los Lunas Data Center,Meta,Q380,,34.830228,-106.779896,2028683.0,35061,NM,2021-11-01
way,578435601,Google Datacenter - Douglas County,Google,Q95,,33.750590,-84.585223,242338.1,13097,GA,2021-12-27
way,578438011,Google Council Bluffs Data Center,Google,Q95,,41.221658,-95.864498,214117.8,19155,IA,2023-11-24
way,578443547,Microsoft - Azure Datacenter,Microsoft,Q2283,,41.923006,-87.918241,28499.5,17031,IL,2018-04-10
way,581234765,Cloud Storage Corp,,,,38.872132,-99.300187,1074.1,20051,KS,2020-04-21
way,585998677,Switch Las Vegas 8,Switch,,,36.057834,-115.214258,24564.7,32003,NV,2021-09-19
way,585998678,Switch Las Vegas 9,Switch,,,36.055708,-115.219628,26586.7,32003,NV,2021-09-19
way,587103676,,,,,29.821506,-95.570785,9122.6,48201,TX,2018-05-10
way,589070714,Information Technology Data Center,Phillips Exeter Academy,Q1426464,,42.982091,-70.950593,718.5,33015,NH,2023-06-04
way,589360530,Digital Fortress Lynnwood,,,,47.822425,-122.289561,2317.4,53061,WA,2023-11-29
way,590213770,,,,,33.137805,-96.655926,3071.8,48085,TX,2018-05-22
way,590213771,CyrusOne Allen,CyrusOne,Q16953751,,33.138521,-96.659952,25211.9,48085,TX,2018-05-22
way,592171280,Amazon Web Services,Amazon Web Services,Q456157,PDX52,45.840444,-119.654979,14108.0,41049,OR,2019-07-23
way,592257327,Amazon Web Services,Amazon Web Services,Q456157,PDX51/54,45.917448,-119.267734,24229.7,41059,OR,2019-07-23
way,592488661,DataBank SLC3,DataBank,Q117314439,SLC3,40.479780,-111.905898,7679.7,49035,UT,2026-06-16
way,596690174,Amazon IAD80,Amazon Web Services,Q456157,IAD80,39.027109,-77.452829,13976.7,51107,VA,2019-07-24
way,596690175,Equinix Ashburn DC12,Equinix,Q851641,DC12,39.023007,-77.449758,8954.1,51107,VA,2019-06-13
way,597835788,Stream DFW IV,Stream,,DFW IV,33.000144,-96.661646,1828.8,48085,TX,2023-11-30
way,597876719,Rackspace Richardson DFW3,Rackspace,,DFW3,32.964789,-96.715877,10493.5,48113,TX,2023-04-21
way,597876721,Digital Realty Dallas DFW17,Digital Realty,Q5275969,DFW17,32.966281,-96.713212,7768.1,48113,TX,2023-04-21
way,597876722,Digital Realty Dallas DFW29,Digital Realty,Q5275969,DFW29,32.967233,-96.710546,11374.8,48113,TX,2023-04-21
way,597876723,,,,,32.966254,-96.711196,5802.8,48113,TX,2023-04-21
way,597876724,Digital Realty Dallas DFW28,Digital Realty,Q5275969,DFW28,32.967241,-96.713308,11335.6,48113,TX,2023-04-21
way,597876726,Digital Realty Dallas DFW35,Digital Realty,Q5275969,DFW35,32.965046,-96.710291,10826.9,48113,TX,2023-04-21
way,597876730,Digital Realty Dallas DFW18,Digital Realty,Q5275969,DFW18,32.965204,-96.712609,20655.6,48113,TX,2023-04-21
way,597876798,Digital Realty Dallas DFW16,Digital Realty,Q5275969,DFW16,32.966077,-96.715587,10170.2,48113,TX,2023-04-21
way,597970806,Digital Realty Northern Virginia IAD36,Digital Realty,Q5275969,IAD36,39.001552,-77.479344,10453.2,51107,VA,2018-07-26
way,597970809,Digital Realty Northern Virginia IAD35,Digital Realty,Q5275969,IAD35,39.000511,-77.480595,19159.0,51107,VA,2018-07-26
way,597970811,Digital Realty Northern Virginia IAD37,Digital Realty,Q5275969,IAD37,39.000010,-77.478070,13405.8,51107,VA,2018-07-26
way,597970813,Digital Realty Northern Virginia IAD38,Digital Realty,Q5275969,IAD38,39.001110,-77.477184,10641.4,51107,VA,2018-07-26
way,598263496,U.S. Bank National Data Process Center,,,,38.935643,-94.864471,15059.4,20091,KS,2022-07-02
way,600806974,Equinix SV10,Equinix,Q851641,SV10,37.241199,-121.784763,8021.3,06085,CA,2023-11-29
way,607483487,,,,,39.830930,-75.195323,3814.5,34015,NJ,2021-06-06
way,607753694,,Verizon Wireless,,,41.220408,-96.147619,3611.5,31055,NE,2021-05-23
way,609126465,,,,,28.617468,-81.393439,9991.6,12095,FL,2022-01-24
way,610827836,Google,Google,Q95,,33.064272,-80.041453,13621.8,45015,SC,2020-09-04
way,610845529,TierPoint Baltimore BWI,,,,39.213452,-76.682845,3100.4,24003,MD,2022-11-02
way,610977485,NTT Ashburn VA2 Data Center,NTT,Q1054787,VA2,39.025010,-77.457639,6893.2,51107,VA,2018-07-26
way,611308188,Strata Networks,,,,40.456593,-109.528999,1205.1,49047,UT,2025-06-15
way,612045611,Goldman Sachs,,,,40.570372,-74.670330,25709.1,34035,NJ,2021-06-20
way,615593145,Mapletree Industrial,,,,34.096584,-84.237391,10855.0,13121,GA,2026-02-01
way,617194689,Switch Las Vegas 11,Switch,,,36.055885,-115.214137,21392.0,32003,NV,2021-09-19
way,617511179,Genome Data Center,Washington University in St. Louis,,,38.636569,-90.255393,2277.9,29510,MO,2025-11-28
way,618339179,365 Bridgewater NJ,,,,40.581474,-74.573878,2644.8,34035,NJ,2024-12-25
way,626226408,Google Berkeley County Data Center,Google,Q95,,33.063780,-80.042159,772112.6,45015,SC,2022-06-13
way,626281456,AngelTrax Data Center,AngelTrax Mobile Video Surveillance Solutions,,,31.231899,-85.455834,993.0,01069,AL,2020-08-31
way,626785488,Meta,Meta,Q380,3,34.830247,-106.783829,60798.9,35061,NM,2024-09-02
way,633034071,Amazon Web Services,Amazon Web Services,Q456157,PDX58/61,45.841414,-119.657933,26387.6,41049,OR,2019-07-23
way,633034074,Amazon Web Services,Amazon Web Services,Q456157,,45.839826,-119.653894,1852.1,41049,OR,2026-04-20
way,634635617,Centeris SH2 Build-to-Suit,,,,47.158844,-122.279862,8690.1,53053,WA,2023-11-24
way,634638463,Centeris SH1 Colocation,,,,47.160855,-122.279306,10757.0,53053,WA,2023-11-24
way,635022480,Ascent - Atlanta Data Center,Ascent,,,34.057137,-84.273025,55306.9,13121,GA,2022-02-24
way,639176155,Microsoft TRP2,Microsoft,Q2283,,29.411954,-98.803985,15773.3,48029,TX,2019-03-03
way,639176157,Microsoft TRP1,Microsoft,Q2283,,29.412012,-98.802730,16487.4,48029,TX,2019-03-03
way,640148472,CyrusOne Quincy,CyrusOne,Q16953751,,47.243696,-119.869604,165327.0,53025,WA,2024-12-19
way,642755041,,AT&T,,,40.194481,-92.581218,788.4,29001,MO,2026-05-25
way,649319778,Digital Realty ACC7,Digital Realty,Q5275969,ACC7,39.017532,-77.465643,38042.0,51107,VA,2018-11-27
way,649365745,NTT Ashburn Campus,,,,39.017730,-77.471981,196595.4,51107,VA,2024-12-19
way,649365751,NTT Ashburn VA3 Data Center,NTT,Q1054787,VA3,39.017182,-77.470376,21546.5,51107,VA,2018-11-27
way,649365764,Digital Realty ACC9,Digital Realty,Q5275969,ACC9,39.015466,-77.467319,30589.0,51107,VA,2018-11-27
way,650412346,Flexential Dallas - Plano,Flexential,Q115417504,Dallas - Plano,33.007052,-96.666354,20239.0,48085,TX,2024-08-15
way,652034566,,,,,35.587060,-81.260273,19238.7,37035,NC,2023-11-29
way,653416730,US Signal - OR01 Bend,US Signal,,,44.086105,-121.283041,2797.4,41017,OR,2026-04-20
way,664938835,Expedient Milwaukee,,,,42.863177,-87.977858,2424.7,55079,WI,2023-11-24
way,667573133,Amazon Web Services,Amazon Web Services,Q456157,IAD85,38.779382,-77.541725,13848.6,51153,VA,2021-10-26
way,667796922,Oxford Networks,FirstLight,,,43.895071,-69.923151,5145.3,23005,ME,2021-05-01
way,671301768,NAO 1/NAO 2,Meta,Q380,,40.068408,-82.750341,61616.9,39089,OH,2020-09-04
way,671637259,NTT,NTT,Q1054787,,32.981124,-96.656368,18999.3,48113,TX,2026-06-16
way,671838900,Rice Data Center,,,,29.658146,-95.443328,2367.9,48201,TX,2022-10-14
way,673145182,Facebook Fort Worth Datacenter,Meta,Q380,,32.984994,-97.255075,40432.1,48439,TX,2020-06-11
way,673532692,Amazon Web Services,Amazon Web Services,Q456157,,40.061152,-83.135173,15032.6,39049,OH,2023-06-12
way,675108684,Microsoft Boydton Data Center,Microsoft,Q2283,,36.684879,-78.376464,1102062.5,51117,VA,2023-12-13
way,680666647,Centeris,,,,47.159447,-122.279845,190683.4,53053,WA,2023-11-24
way,682979410,Google Project Cardinal,Google,,,35.892932,-81.546167,212199.1,37027,NC,
way,685011021,Iron Mountain AZP-2,Iron Mountain,,AZP-2,33.452141,-111.977304,43050.9,04013,AZ,2020-12-29
way,688722307,Bank of America Data Center,,,,37.495809,-77.238286,205312.3,51087,VA,2023-12-15
way,693381106,Amazon IAD68,Amazon Web Services,Q456157,IAD68,38.948687,-77.520952,16889.3,51107,VA,2021-10-06
way,693381107,Amazon IAD81,Amazon Web Services,Q456157,IAD81,38.948386,-77.521831,17178.5,51107,VA,2021-10-06
way,693385812,Google,Google,Q95,ARA1,38.943154,-77.524369,20060.4,51107,VA,2020-09-04
way,693390022,Amazon IAD120,Amazon Web Services,Q456157,IAD120,38.957922,-77.498061,17496.8,51107,VA,2023-03-22
way,693390023,Amazon IAD121,Amazon Web Services,Q456157,IAD121,38.956783,-77.497787,14382.8,51107,VA,2023-03-22
way,694493125,Microsoft,Microsoft,Q2283,,47.237657,-119.887573,10408.5,53025,WA,2019-07-25
way,694493126,Microsoft,Microsoft,Q2283,,47.237628,-119.883198,10776.9,53025,WA,2019-07-25
way,694493127,Microsoft,Microsoft,Q2283,,47.236722,-119.883290,14603.6,53025,WA,2019-07-25
way,694493128,Microsoft,Microsoft,Q2283,,47.236737,-119.887476,15106.9,53025,WA,2019-07-25
way,694602725,Vantage WA12,,,,47.253946,-119.813721,11584.6,53025,WA,2019-07-23
way,696978351,,,,,39.012027,-77.471561,4514.3,51107,VA,2019-06-13
way,696985482,,,,,38.999459,-77.449876,37375.7,51107,VA,2022-01-26
way,696992451,,,,,38.790982,-77.548317,91885.4,51153,VA,2021-10-26
way,697020849,Amazon IAD58,Amazon Web Services,Q456157,IAD58,38.986279,-77.441842,12706.4,51107,VA,2019-07-31
way,697020850,Amazon IAD57,Amazon Web Services,Q456157,IAD57,38.986997,-77.442638,10826.3,51107,VA,2019-07-31
way,697021948,Amazon IAD64,Amazon Web Services,Q456157,IAD64,38.815132,-77.652919,13707.7,51153,VA,2020-07-20
way,697021949,,Amazon,,,38.815816,-77.652696,118752.8,51153,VA,2021-06-01
way,697413741,Amazon Web Services,Amazon Web Services,Q456157,PDX57/60,45.913883,-119.267714,25231.6,41059,OR,2021-04-05
way,697415321,Amazon Web Services,Amazon Web Services,Q456157,PDX55,45.841174,-119.655449,11483.0,41049,OR,2019-07-23
way,697415323,Amazon Web Services,Amazon Web Services,Q456157,PDX56/59,45.853786,-119.630036,24496.0,41049,OR,2019-06-15
way,697417726,Amazon Web Services,Amazon Web Services,Q456157,PDX62,45.846655,-119.603709,19693.8,41049,OR,2021-03-08
way,700001774,Microsoft MWH Data Center,Microsoft,,,47.237769,-119.887710,778620.8,53025,WA,2019-07-23
way,700431553,Google Taylor Lake Data Center,Google,Q95,,45.638529,-121.202404,102280.1,41065,OR,2019-07-23
way,700963231,Switch - The Citadel,,,,39.511244,-119.481782,1101330.4,32029,NV,
way,700974839,Apple Reno Data Center,Apple Inc.,,,39.568513,-119.541659,831882.9,32031,NV,
way,701923200,QTS Ashburn 1,Quality Technology Services,Q18392800,DC1,38.999515,-77.450171,15249.5,51107,VA,2022-01-26
way,701923202,Digital Realty Northern Virginia IAD73,Digital Realty,Q5275969,IAD73,39.006626,-77.466409,12497.2,51107,VA,2019-07-30
way,701923203,Digital Realty Northern Virginia IAD39,Digital Realty,Q5275969,IAD39,39.007718,-77.467623,51024.6,51107,VA,2019-07-30
way,701923204,Digital Realty ACC10,Digital Realty,Q5275969,ACC10,39.012707,-77.465536,26853.0,51107,VA,2019-07-31
way,701924664,Sentinel Ashburn Nexus Data Center,GI Partners,,,39.000655,-77.439820,20868.0,51107,VA,2019-07-05
way,701924665,Vantage VA11,Vantage Data Centers,Q133440987,VA11,39.002395,-77.437661,11852.4,51107,VA,2019-07-05
way,701924667,Amazon IAD90,Amazon Web Services,Q456157,IAD90,38.988603,-77.411652,13726.4,51107,VA,2019-07-05
way,701924668,Amazon IAD91,Amazon Web Services,Q456157,IAD91,38.987847,-77.411119,13887.8,51107,VA,2019-07-05
way,701924669,Amazon IAD92,Amazon Web Services,Q456157,IAD92,38.986943,-77.410475,13922.3,51107,VA,2019-07-05
way,701929066,Amazon IAD144,Amazon Web Services,Q456157,IAD144,38.981643,-77.427422,13971.2,51107,VA,2021-06-14
way,701930919,CyrusOne NVA8,CyrusOne,Q16953751,NVA8,39.021167,-77.413220,14308.1,51107,VA,2021-07-14
way,701930920,Amazon IAD98,Amazon Web Services,Q456157,IAD98,39.020225,-77.433886,14012.3,51107,VA,2019-07-31
way,701930921,Amazon IAD99,Amazon Web Services,Q456157,IAD99,39.019169,-77.434030,14010.2,51107,VA,2019-07-31
way,701930929,Amazon IAD114,Amazon Web Services,Q456157,IAD114,39.035494,-77.450699,13750.2,51107,VA,2019-07-31
way,701930930,Amazon IAD115,Amazon Web Services,Q456157,IAD115,39.036294,-77.449795,13595.0,51107,VA,2019-07-31
way,701931819,Amazon IAD65,Amazon Web Services,Q456157,IAD65,38.917011,-77.494366,14061.5,51107,VA,2021-12-26
way,701931820,Amazon IAD150,Amazon Web Services,Q456157,IAD150,38.916076,-77.477251,19843.7,51107,VA,2021-10-04
way,706081342,,,,725,35.048349,-106.542175,3995.9,35001,NM,2023-02-03
way,706726088,Stonewall Creek Business Park,Google,Q95,,39.051432,-77.539400,120008.0,51107,VA,2021-10-28
way,706759844,Apple,Apple Inc.,Q312,,44.287277,-120.870216,32020.5,41013,OR,2019-07-23
way,706759845,Meta,Meta,Q380,,44.293683,-120.881519,30507.2,41013,OR,2019-07-23
way,706776322,Amazon Web Services,Amazon Web Services,Q456157,PDX80,45.797809,-119.366616,20039.5,41059,OR,2019-07-23
way,708155012,,,,,37.482770,-77.236442,431841.0,51087,VA,2026-03-27
way,708155014,QTS Richmond 1 Data Center,Quality Technology Services,Q18392800,,37.487576,-77.246892,538155.6,51087,VA,2023-12-15
way,708899010,Meta New Albany Data Center,Meta,,,40.064610,-82.750244,924772.4,39089,OH,2026-03-21
way,708916484,Sabey Data Centers Ashburn - Building C,Sabey Data Centers,Q104864464,,39.015417,-77.478273,13413.6,51107,VA,2019-07-31
way,708931343,Google Montgomery Data Center,Google LLC,,,36.628576,-87.260011,2472353.4,47125,TN,2023-03-10
way,710070925,Google Data Center,Google,Q95,,39.052641,-77.539577,13065.4,51107,VA,2020-09-04
way,711811006,,University Corporation for Atmospheric Research,Q3366349,,41.128700,-104.897032,53117.9,56021,WY,2024-05-14
way,713410334,Centersquare Atlanta ATL1,Centersquare,Q127304226,ATL1,33.744233,-84.581213,23056.9,13097,GA,2021-08-20
way,713411278,,,,,30.207132,-97.700676,46609.4,48453,TX,2024-04-26
way,713411279,,,,,30.205948,-97.697937,23050.3,48453,TX,2024-04-26
way,713428715,Digital Realty CH3,Digital Realty,Q5275969,CH3,41.994396,-87.964904,32350.8,17031,IL,2023-05-19
way,713433204,Digital Realty CH2,Digital Realty,Q5275969,CH2,41.994464,-87.957736,28147.2,17031,IL,2023-11-29
way,714070441,DataBank SLC2,DataBank,Q117314439,SLC2,40.479794,-111.904791,6657.6,49035,UT,2026-06-16
way,714072077,DataBank SLC4,DataBank,Q117314439,SLC4,40.481303,-111.904983,2764.2,49035,UT,2026-06-16
way,714120969,DataBank Plano Data Center,DataBank,Q117314439,DFW3,33.087022,-96.815460,61809.6,48085,TX,2023-11-24
way,714139864,Equinix,Equinix,,,40.775068,-74.068677,49713.4,34017,NJ,2025-05-06
way,714139865,Equinix Secaucus NY6,Equinix,Q851641,,40.777519,-74.072700,6590.4,34017,NJ,2025-01-03
way,714139868,CoreSite Secaucus Campus,CoreSite,Q5170140,,40.784310,-74.065274,38954.3,34017,NJ,2024-04-23
way,714622339,Google Data Center,Google,Q95,,38.942771,-77.526250,199104.8,51107,VA,2023-07-22
way,714622340,Amazon Fadeley III,,,,38.948332,-77.521599,153751.4,51107,VA,2023-04-12
way,714776107,Skybox Houston One,Skybox,,,29.802868,-95.755450,32008.9,48201,TX,2023-11-24
way,714889192,Google Jackson County Data Center,Google LLC,,,34.914334,-85.748261,704404.7,01071,AL,2023-04-09
way,714941629,Sarpy Meta Data Center,Meta,Q380,,41.121754,-96.143721,550201.7,31153,NE,2021-05-13
way,714943309,PSE&G Delivery Emergency Response Center,PSE&G,,,40.579894,-74.519393,7899.6,34035,NJ,2019-08-17
way,715098032,T5 Charlotte Campus,,,,35.250450,-81.395009,35302.3,37045,NC,2022-09-03
way,718465287,Epic / Mayo Data Center,,,,44.070816,-92.522121,4488.9,27109,MN,2022-09-08
way,723116259,Compass Datacenters Goodyear Campus,,,,33.442204,-112.379096,794156.6,04013,AZ,
way,723117951,STACK New Albany,,,NAL01,40.106354,-82.800748,52330.8,39049,OH,2023-11-24
way,726150321,Choctaw Nation of Oklahoma Data Center,Choctaw Nation of oklahoma,,,33.971721,-96.402855,1253.7,40013,OK,2026-02-04
way,729192992,QTS Data Center - Hillsboro 1,Quality Technology Services,Q18392800,,45.558767,-122.927830,14665.1,41067,OR,2021-03-23
way,729376485,,,,,40.584344,-74.243508,14786.5,34023,NJ,2019-09-28
way,729696933,Flexential Salt Lake City - Downtown,Flexential,Q115417504,,40.756307,-111.954838,5886.6,49035,UT,2024-08-15
way,733721782,Oregon State Data Center,State of Oregon,,,44.926549,-123.001861,4323.4,41047,OR,2021-05-07
way,734323663,Digital Realty PDX11 Data Center,Digital Realty,Q5275969,,45.567993,-122.916853,26296.8,41067,OR,2021-03-21
way,741629998,Flexential Fort Lauderdale,Flexential,Q115417504,,26.190086,-80.193297,6835.9,12011,FL,2024-08-15
way,744177375,,,,,30.177783,-95.486526,11717.1,48339,TX,2021-10-21
way,744491691,Amazon IAD145,Amazon Web Services,Q456157,IAD145,38.982552,-77.424625,9630.7,51107,VA,2021-06-14
way,744496741,Amazon Web Services IAD117,Amazon Web Services,Q456157,IAD117,39.023698,-77.419095,9518.2,51107,VA,2021-07-14
way,744496750,Amazon Web Services IAD116,Amazon Web Services,Q456157,IAD116,39.024346,-77.420439,9534.6,51107,VA,2021-07-14
way,746278786,Flexential Las Vegas - North,Flexential,Q115417504,,36.248165,-115.101261,10287.1,32003,NV,2019-11-17
way,747985149,,,,,33.953378,-98.524731,3635.1,48485,TX,2025-09-28
way,752001022,Fort Rock DC,Fort Rock Data Center,,,44.047407,-121.328550,1045.1,41017,OR,2022-10-31
way,755540694,,,,,42.968713,-83.779602,3422.1,26049,MI,2023-01-11
way,756382879,,,,,40.599345,-74.709623,1816.4,34035,NJ,2023-12-22
way,756382880,,,,,40.599719,-74.710112,5065.8,34035,NJ,2023-12-22
way,756778306,Meta,Meta,Q380,2,34.830040,-106.780347,50514.8,35061,NM,2024-09-02
way,758278314,iGLASS Networks,,,,35.766751,-78.783986,755.7,37183,NC,2024-08-19
way,758306877,Central Office,AT&T,,,42.833654,-88.733980,836.3,55127,WI,2025-05-24
way,758426349,,,,,46.332132,-113.292672,140.3,30039,MT,2019-12-24
way,758580536,Vital Records,,,,40.528072,-74.682816,737.9,34035,NJ,2022-02-08
way,761185667,Verizon Wireless NE Headquarters,,,,40.555692,-74.705596,14557.2,34035,NJ,2024-12-25
way,762116506,Meta Henrico Data Center,Meta,Q380,,37.483928,-77.237311,54644.7,51087,VA,2024-09-02
way,762116507,,,,,37.478127,-77.226733,231439.2,51087,VA,2026-03-27
way,766768556,,Involta,,,44.204455,-88.344876,5591.0,55015,WI,2026-02-04
way,769205607,Microsoft Goodyear Airpark Campus,,,,33.413188,-112.366023,1074798.5,04013,AZ,
way,772827597,Meta,Meta,Q380,,44.299095,-120.879435,58543.9,41013,OR,2020-02-16
way,772827601,Meta,Meta,Q380,,44.301255,-120.889884,57876.9,41013,OR,2020-02-16
way,773848531,,US Signal,,,42.235327,-83.444141,2285.4,26163,MI,2020-02-18
way,775412066,,,,,39.567714,-119.542363,8345.7,32031,NV,2024-10-29
way,775412067,,,,,39.567501,-119.543209,8321.5,32031,NV,2024-10-29
way,775412068,,,,,39.567160,-119.544388,8230.7,32031,NV,2024-10-29
way,775412069,,,,,39.566921,-119.545227,8559.5,32031,NV,2024-10-29
way,775412072,,,,,39.565758,-119.547974,8427.4,32031,NV,2024-10-29
way,775412073,,,,,39.565106,-119.547690,8275.5,32031,NV,2024-10-29
way,776316726,Tennessee Processing Center LLC,,,,36.215697,-86.784094,53891.0,47037,TN,2026-03-15
way,777196805,Allentown-TekPark,,,,40.544236,-75.654313,13574.8,42077,PA,2021-10-10
way,777679751,Meta,Meta,Q380,1,34.830283,-106.776471,60816.0,35061,NM,2024-09-02
way,778989332,,,,,39.559072,-104.833588,2613.6,08035,CO,2021-06-08
way,780063735,PG&E Datacenter,,,,38.246259,-122.067210,5134.8,06095,CA,2020-03-11
way,781370600,CyrusOne PHX6,CyrusOne,,PHX6,33.267576,-111.882532,9137.5,04013,AZ,2023-11-29
way,788027103,Facebook Altoona Data Center 4,Meta,Q380,,41.667737,-93.516399,56388.3,19153,IA,2020-04-04
way,793087858,Digital Realty IAD41 (Building P),Digital Realty,Q5275969,IAD41,39.008677,-77.458221,36881.1,51107,VA,2020-04-19
way,793087859,Amazon IAD118,Amazon Web Services,Q456157,IAD118,39.018507,-77.438839,9813.3,51107,VA,2020-07-11
way,793622740,Aligned Ashburn IAD-01,Aligned,,IAD-01,39.013620,-77.470578,13019.5,51107,VA,2020-04-19
way,793888408,Equinix Ashburn DC15,Equinix,Q851641,DC15,39.022500,-77.450256,7122.5,51107,VA,2020-04-20
way,793888427,Sabey Data Centers Ashburn - Building B,Sabey Data Centers,Q104864464,,39.014498,-77.479988,12260.1,51107,VA,2020-04-20
way,793888429,NTT Ashburn VA5 Data Center,NTT,Q1054787,VA5,39.018296,-77.472614,11524.3,51107,VA,2020-04-20
way,793888430,NTT Ashburn VA4 Data Center,NTT,Q1054787,VA4,39.019869,-77.472595,14890.7,51107,VA,2020-04-20
way,794147654,CloudHQ LC1,CloudHQ,Q136332516,LC1,39.010157,-77.462785,46376.8,51107,VA,2020-04-20
way,794147655,CloudHQ LC2,CloudHQ,Q136332516,LC2,39.011764,-77.462457,23483.2,51107,VA,2020-04-20
way,794147657,Amazon IAD146,Amazon Web Services,Q456157,IAD146,38.996725,-77.435598,9576.2,51107,VA,2020-04-20
way,795384117,PHX-10,Microsoft,Q2283,PHX-10,33.407946,-112.364830,22871.3,04013,AZ,2023-04-12
way,795853621,Sarpy Meta Data Center,Meta,Q380,,41.121947,-96.133644,579980.0,31153,NE,2023-02-13
way,796933516,Equinix Ashburn DC21,Equinix,Q851641,DC21,39.011823,-77.454558,7335.8,51107,VA,2022-08-22
way,800436891,PowerHouse CTP-03,,,,37.355605,-77.333675,261050.0,51041,VA,2026-03-27
way,802054282,,,,,40.951270,-73.897901,1247.3,36119,NY,2020-05-09
way,802160675,NAO 3,Meta,Q380,,40.065897,-82.749092,33995.2,39089,OH,2020-09-04
way,807374322,,,,,47.237098,-119.895156,20145.9,53025,WA,2020-05-22
way,808979618,EdgeCore,,,,33.344131,-111.619553,10488.9,04013,AZ,2020-05-28
way,812630939,Comcast,Comcast,,,42.213902,-83.198214,88.6,26163,MI,2020-06-03
way,813365101,Microsoft Goodyear Campus,,,,33.489555,-112.438859,732673.9,04013,AZ,
way,813532303,SAP COS02,SAP,,COS02,38.988888,-104.786381,4431.9,08041,CO,2023-11-24
way,813688319,,,,,47.407243,-120.213965,9477.4,53017,WA,2022-06-20
way,813688320,Actapio,Actapio,,,47.407417,-120.214134,33679.2,53017,WA,2022-06-20
way,814061068,,,,,47.392149,-120.217462,1295.7,53017,WA,2022-06-20
way,814061069,,,,,47.391794,-120.217877,372.0,53017,WA,2022-06-20
way,814061070,,,,,47.391757,-120.217514,371.9,53017,WA,2022-06-20
way,814061071,,,,,47.391759,-120.216901,716.0,53017,WA,2022-06-20
way,815057182,Facebook Fort Worth Datacenter,Meta,Q380,,32.988296,-97.255460,69974.0,48439,TX,2020-06-11
way,815078625,Charles Schwab Data Center,,,,33.004502,-97.246155,7403.3,48121,TX,2020-06-11
way,817338831,Amazon IAD140,Amazon Web Services,Q456157,IAD140,38.981455,-77.417550,19983.1,51107,VA,2021-06-14
way,817338832,Amazon IAD141,Amazon Web Services,Q456157,IAD141,38.982388,-77.416786,20146.0,51107,VA,2021-06-14
way,818167571,1623 Farnam,News-Press & Gazette Company,,,41.257291,-95.937849,3315.6,31055,NE,2025-08-28
way,818790301,Credit Suisse: Clifton Data Center,,,,40.833450,-74.140219,13032.3,34031,NJ,2025-12-27
way,819981888,,,,,36.032681,-86.637798,8669.6,47037,TN,2023-09-24
way,819981891,HCA Information Technology & Services Data Center,,,,36.032601,-86.637596,50680.9,47037,TN,2026-03-15
way,819981908,TierPoint,,,,35.924510,-86.855687,26546.2,47187,TN,2023-09-24
way,821081357,Amazon Web Services,Amazon Web Services,Q456157,,40.102573,-83.199699,14093.7,39049,OH,2023-06-12
way,821081358,Amazon Web Services,Amazon Web Services,Q456157,,40.103587,-83.199764,14783.1,39049,OH,2023-06-12
way,826001604,Flexential Brentwood Data Center,,,,35.972582,-86.808121,88830.3,47187,TN,2026-05-21
way,826001605,,,,,36.023219,-86.791532,170436.9,47187,TN,2025-05-29
way,827888890,EdgeCore Digital,,,,33.344298,-111.621964,148877.7,04013,AZ,2025-12-08
way,828135845,Amazon IAD84,Amazon Web Services,Q456157,IAD84,38.816103,-77.652499,14185.7,51153,VA,2020-07-20
way,828228235,StrongMind,,,,33.342616,-111.840974,1914.2,04013,AZ,2020-07-20
way,828902103,NorthMark Strategies Data Center,,,,34.923364,-81.849274,353183.2,45083,SC,
way,830138727,BB&T Data Center,,,,35.839325,-78.328127,13286.2,37183,NC,2023-05-02
way,830881731,Microsoft,Microsoft,Q2283,,41.516741,-93.702542,14303.1,19153,IA,2020-07-27
way,830881732,Microsoft,Microsoft,Q2283,,41.515843,-93.702513,13856.5,19153,IA,2020-07-27
way,830881733,Microsoft,Microsoft,Q2283,,41.515818,-93.706301,13417.9,19153,IA,2020-07-27
way,830881734,Microsoft,Microsoft,Q2283,,41.516712,-93.706351,13608.7,19153,IA,2020-07-27
way,830881742,Microsoft,Microsoft,Q2283,,41.518502,-93.706331,13483.5,19153,IA,2020-07-27
way,830881743,Microsoft,Microsoft,Q2283,,41.517607,-93.706312,13298.7,19153,IA,2020-07-27
way,830881744,Microsoft,Microsoft,Q2283,,41.517641,-93.702493,13100.9,19153,IA,2020-07-27
way,830881745,Microsoft,Microsoft,Q2283,,41.518538,-93.702525,13120.3,19153,IA,2020-07-27
way,830885773,Microsoft,Microsoft,Q2283,,41.497871,-93.787039,22229.0,19181,IA,2020-07-27
way,830885774,Microsoft,Microsoft,Q2283,,41.498913,-93.787075,22638.5,19181,IA,2020-07-27
way,830885779,Project Osmium,Microsoft,Q2283,,41.497489,-93.786898,657144.4,19181,IA,2025-03-19
way,830931210,Facebook Altoona Data Center 5,Meta,Q380,,41.671173,-93.516629,58343.5,19153,IA,2020-07-27
way,832622369,,Blockfusion,,,43.074838,-78.944802,1509.0,36063,NY,2022-11-02
way,832656125,Blockfusion Niagra Falls,,,,43.083493,-79.002940,47.8,36063,NY,2026-04-20
way,832656868,Blockfusion Niagra Falls,,,,43.083258,-79.003061,29.0,36063,NY,2026-04-20
way,832658041,Blockfusion Niagra Falls,,,,43.083032,-79.003982,29.1,36063,NY,2026-04-20
way,835601088,Lumen,Lumen Technologies,Q5063092,,37.062799,-113.544749,170.4,49053,UT,2025-06-29
way,836908998,Sungard Systems International,,,,33.404716,-86.911457,61833.4,01073,AL,2023-03-17
way,836947535,Myndshift Technologies,,,,33.475421,-111.719165,1976.9,04013,AZ,2020-08-13
way,837139011,ForceAmp.com,,,,41.703998,-91.587078,251.7,19103,IA,2020-08-14
way,838817907,TierPoint - Charlotte Data Center,TierPoint,,CL4,35.173196,-80.928121,5720.9,37119,NC,2024-12-18
way,838817943,SEGRA,,,,35.180053,-80.926357,1681.1,37119,NC,2022-10-31
way,840582927,Middletown Data Center,,,,39.017644,-78.290960,25381.0,51069,VA,2023-12-08
way,841813139,CoreSite Chicago Data Center (CH2),CoreSite,Q5170140,,41.862798,-87.641304,5738.9,17031,IL,2020-09-15
way,842544718,Norma Beach Cable Landing Station,Unity Cable System,,,47.864698,-122.284158,220.2,53061,WA,2020-08-31
way,843314844,,DirecTV,Q1056839,,32.092706,-110.787424,1335.4,04019,AZ,2025-07-27
way,844359205,Google Henderson Data Center,Google,,,36.057797,-115.009052,189324.8,32003,NV,2025-04-15
way,844359206,Google,Google,Q95,,36.056288,-115.008577,13365.9,32003,NV,2020-09-04
way,844359207,Google,Google,Q95,,36.058802,-115.008797,13120.5,32003,NV,2020-09-04
way,844371952,Google,Google,Q95,,34.913692,-85.747428,13470.7,01071,AL,2020-09-04
way,844371953,Google,Google,Q95,,34.913676,-85.745935,13187.4,01071,AL,2020-09-04
way,844372538,,,,,35.892547,-81.546917,59757.6,37027,NC,2020-09-04
way,844374689,,,,,39.050608,-77.540026,13021.1,51107,VA,2021-10-28
way,844386860,Google,Google,Q95,,32.442130,-97.062488,13431.4,48139,TX,2020-09-04
way,844386861,Google,Google,Q95,,32.443555,-97.063333,12842.1,48139,TX,2020-09-04
way,844389014,Google,Google,Q95,SPC2A,36.624582,-87.261296,15769.0,47125,TN,2020-09-04
way,844391357,Google New Albany Data Center,Google,Q95,,40.058202,-82.767008,1616081.0,39089,OH,2025-08-26
way,844391358,Google NBY-1,Google,Q95,,40.061155,-82.764336,13127.3,39089,OH,2020-09-04
way,844394339,Meta Sarpy Data center,Meta,Q380,,41.123542,-96.144190,61909.1,31153,NE,2020-09-04
way,844394340,Meta Sarpy Data center,Meta,Q380,,41.120732,-96.144854,47853.0,31153,NE,2020-09-04
way,844394357,Google,Google,Q95,,41.134975,-96.146730,14166.5,31153,NE,2020-09-04
way,844394359,Google Papillion Data Center,Google,,,41.136164,-96.147777,1057391.3,31153,NE,
way,845775548,JPMorgan Chase,JPMorgan Chase,,,39.989087,-105.020703,17480.7,08014,CO,2024-01-31
way,850342266,Marquette-Adams Telephone Coop,,,,43.782184,-89.574809,767.1,55077,WI,2020-09-23
way,850965775,Compass Data Center,,,,32.538722,-96.804396,3873.4,48139,TX,2020-09-24
way,852039781,Amazon IAD119,Amazon Web Services,Q456157,IAD119,39.016930,-77.439387,11808.4,51107,VA,2020-09-27
way,860433343,,Stack Infrastructure,Q115477173,,45.552863,-122.937924,62188.1,41067,OR,2026-04-21
way,860433344,Flexential Portland - Hillsboro 4,Flexential,Q115417504,,45.555205,-122.939884,9061.4,41067,OR,2021-03-23
way,863162820,Stream Chicago II,Stream,,Chicago II,41.999124,-87.957765,20059.9,17031,IL,2023-11-29
way,863162822,STACK Chicago CHI01,Stack Infrastructure,Q115477173,CHI01,42.006844,-87.965190,27728.9,17031,IL,2023-05-19
way,863162825,Stream Chicago I,Stream,,,42.002601,-87.951135,11205.6,17031,IL,2023-11-29
way,871694597,Turnkey Internet,,,,42.745441,-73.759200,972.3,36001,NY,2022-10-31
way,871745265,Microsoft,Microsoft,Q2283,,41.540709,-93.827895,20507.0,19049,IA,2022-07-02
way,873137563,,,,,35.590392,-81.264570,18897.5,37035,NC,2023-11-29
way,874506250,Amazon Web Services,Amazon Web Services,Q456157,,40.060147,-83.134907,15027.8,39049,OH,2023-06-12
way,874888709,Lightedge Data Center,,,,44.808475,-93.637648,11502.1,27019,MN,
way,876020641,Iron Mountain,,,,47.594616,-117.537148,1308.6,53063,WA,2021-02-24
way,876120402,DBT Data - Harrisonburg Center,,,,38.462545,-78.856797,46986.2,51660,VA,2023-12-08
way,878795698,amnet Data Center,,,,41.091833,-73.516716,978.0,09190,CT,2024-12-30
way,880052062,,TierPoint,,,38.940669,-94.755232,5397.3,20091,KS,2023-12-27
way,882977350,CloudHQ MCC1,CloudHQ,Q136332516,MCC1,38.717028,-77.499897,37153.4,51153,VA,2021-10-27
way,883809860,Meta,Meta,Q380,FRC,35.316555,-81.825132,29713.2,37161,NC,2024-09-02
way,883809862,Meta Forest City Data Center,"Meta Platforms, Inc",Q380,,35.315698,-81.824747,450534.7,37161,NC,2022-11-01
way,886028872,Amazon IAD129,Amazon Web Services,Q456157,IAD129,39.016082,-77.438384,9823.1,51107,VA,2020-12-17
way,886330269,Microsoft,Microsoft,Q2283,,39.074787,-77.564129,14429.5,51107,VA,2023-07-11
way,888253616,NTT Silicon Valley SV1 Data Center,NTT,Q1054787,SV1,37.369053,-121.955338,3600.9,06085,CA,2024-12-20
way,891031651,T5 Data Center,,,,34.075792,-84.264267,9200.5,13121,GA,2022-02-24
way,894425613,,BNYM,,,36.215352,-86.783684,17798.9,47037,TN,2021-01-12
way,897226569,Microsoft Data Center,Microsoft,Q2283,,38.949194,-77.559459,137060.8,51107,VA,2021-01-19
way,897226573,Arcola Tech Park,,,,38.949282,-77.555356,161230.4,51107,VA,2021-01-19
way,897226574,Amazon IAD125,Amazon Web Services,Q456157,IAD125,38.948090,-77.560545,9702.0,51107,VA,2021-01-19
way,897226575,Amazon IAD124,Amazon Web Services,Q456157,IAD124,38.949895,-77.560452,9702.3,51107,VA,2021-01-19
way,899634245,Stack Infrastructure - POR03,Stack Infrastructure,Q115477173,POR03A,45.554197,-122.937912,8733.9,41067,OR,2021-03-23
way,903236619,,Quicken Loans,,,42.326180,-83.069759,4294.0,26163,MI,2025-10-07
way,903642490,Family History Center,The Church of Jesus Christ of Latter-day Saints,,,42.317296,-111.304245,379.2,16007,ID,2021-02-04
way,904342655,Apple Data Center,,,,41.623178,-93.918142,1742168.5,19049,IA,
way,904453635,,,,,36.328074,-83.376704,114.5,47057,TN,2021-02-06
way,909455922,42310 THUNDERBALL DR,True North Data Solutions,,,39.044099,-77.539674,7330.8,51107,VA,2024-06-16
way,909742340,QTS Data Center - Hillsboro 2,Quality Technology Services,Q18392800,,45.558764,-122.929631,16044.2,41067,OR,2022-09-26
way,914613836,Amazon Web Services,Amazon Web Services,Q456157,PDX91,45.837924,-119.688355,19602.0,41049,OR,2021-03-08
way,914616809,Amazon Web Services,Amazon Web Services,Q456157,PDX92,45.837540,-119.693129,19605.0,41049,OR,2021-03-08
way,914616810,Amazon Web Services,Amazon Web Services,Q456157,PDX64,45.846655,-119.605645,19689.8,41049,OR,2021-03-08
way,916046040,,,,,39.729478,-104.712754,17119.8,08005,CO,2024-10-30
way,916148870,,,,,43.044985,-78.749207,3896.2,36029,NY,2021-03-12
way,918871786,QTS Data Center - Hillsboro 2,Quality Technology Services,Q18392800,,45.558780,-122.931906,15940.8,41067,OR,2023-08-22
way,918871787,QTS Data Center - Hillsboro 2,Quality Technology Services,Q18392800,,45.558801,-122.935220,15693.4,41067,OR,2023-11-14
way,918871788,QTS Data Center - Hillsboro 2,Quality Technology Services,Q18392800,,45.558781,-122.932946,16164.5,41067,OR,2023-10-02
way,918873142,Flexential Portland - Hillsboro 3,Flexential,Q115417504,,45.559469,-122.938247,31333.9,41067,OR,2021-03-23
way,919948160,,,,,42.675665,-87.918405,844.9,55101,WI,2021-09-21
way,923148801,Lumen Cleveland,,,,41.505066,-81.657775,2739.8,39035,OH,2025-05-29
way,923167491,,,,,35.179383,-80.570175,56498.2,37179,NC,2021-03-28
way,930043986,SU Green Data Center,Syracuse University,,,43.012076,-76.115925,1130.6,36067,NY,2021-04-13
way,930226814,Tennessee South Data Center,State of Tennessee,,,35.993397,-86.495897,22487.7,47149,TN,2026-05-21
way,930540164,,,,,33.153600,-117.238846,1263.2,06073,CA,2021-04-14
way,930849744,Amazon IAD163,Amazon Web Services,Q456157,IAD163,39.032305,-77.429702,12257.3,51107,VA,2023-04-06
way,931369845,Johns Hopkins Data Center,,,,39.293559,-76.551738,360.5,24510,MD,2021-04-16
way,931729011,,,,,33.008953,-96.676104,56207.1,48085,TX,2025-10-18
way,931732650,Ebay,,,,40.564095,-112.050628,13601.8,49035,UT,2024-08-11
way,931739891,Stream Data Centers PHXA Campus,,,,33.414966,-112.359934,473238.1,04013,AZ,
way,933393863,Edgeconnex Data Center,EdgeConneX,Q115477226,,38.592297,-121.277437,2723.8,06067,CA,2024-05-22
way,936368014,,,,,40.524216,-74.548017,26182.0,34035,NJ,2021-04-28
way,938592711,,,,,33.439468,-112.377058,20870.8,04013,AZ,2023-10-14
way,940821791,Omnis Network,,,,33.394410,-111.952491,1575.3,04013,AZ,2021-05-08
way,942557184,Travelers Insurance,Travelers Insurance,,,41.127843,-96.145045,16946.3,31153,NE,2024-05-14
way,942604537,Flexential Nashville - Franklin,Flexential,Q115417504,,35.920459,-86.815574,6961.6,47187,TN,2024-08-15
way,943698949,Verizon,,,,40.590814,-111.903786,1470.6,49035,UT,2026-06-16
way,943987942,Wave Broadband Tahoma Terra Facility,,,,46.941424,-122.625044,849.1,53067,WA,2025-03-20
way,944024849,,,,,41.558083,-93.527662,649.5,19153,IA,2022-07-02
way,944024851,,,,,41.558131,-93.528157,1572.0,19153,IA,2022-07-02
way,946014659,,,,,36.081251,-95.854149,798.0,40143,OK,2021-05-23
way,952157194,1GServers,,,,33.396547,-112.000173,1544.6,04013,AZ,
way,954433119,Amazon IAD175,Amazon Web Services,Q456157,IAD175,38.979868,-77.425480,8036.4,51107,VA,2021-12-26
way,958153769,DLI ONE,DLI ONE,,,32.498096,-84.883571,39093.2,13215,GA,2023-11-24
way,958153770,,,,,32.498267,-84.883571,10838.1,13215,GA,2023-08-28
way,958662382,Amazon IAD147,Amazon Web Services,Q456157,IAD147,38.995012,-77.435359,9547.4,51107,VA,2021-12-26
way,958728802,E-Foam,,,,28.577943,-81.564545,780.7,12095,FL,2021-06-28
way,959969621,,,,,41.478807,-72.801006,5013.7,09170,CT,2023-06-06
way,961071564,SimpleHelix,,,,34.745431,-86.691883,1524.7,01089,AL,2023-04-08
way,965755845,CenturyLink,CenturyLink,,,44.938030,-123.033685,2278.9,41047,OR,2021-07-19
way,967131562,Date Center West - Eugene,"Data Center West, Inc.",,,42.332460,-122.880426,183.0,41029,OR,2026-04-21
way,971762036,DataBank SLC5,DataBank,Q117314439,SLC5,40.481143,-111.903937,8462.1,49035,UT,2026-06-16
way,975064000,Digital Realty Atlanta ATL11,Digital Realty,Q5275969,ATL11,33.746561,-84.579741,29126.7,13097,GA,2021-08-20
way,975064004,Switch Data Center,Switch,,,33.755025,-84.587268,15932.9,13097,GA,2021-08-20
way,975484796,Amazon Web Services,Amazon Web Services,Q456157,,40.059325,-83.134606,15879.2,39049,OH,2021-08-22
way,975484797,Amazon Web Services,Amazon Web Services,Q456157,,40.058309,-83.134091,12422.1,39049,OH,2021-08-22
way,975484798,Amazon Web Services,Amazon Web Services,Q456157,,40.060780,-83.132753,13219.9,39049,OH,2021-08-22
way,977653854,CyrusOne PHX7,,,,33.266358,-111.881909,12883.0,04013,AZ,2023-11-29
way,977653858,CyrusOne PHX4,CyrusOne,,PHX4,33.268766,-111.882516,9569.8,04013,AZ,2023-11-29
way,977653859,CyrusOne PHX5,CyrusOne,,PHX5,33.269741,-111.881587,9565.1,04013,AZ,2023-11-29
way,978632013,Northwest Data Center and Communications Hub,,,,37.433437,-122.180739,942.6,06085,CA,2024-09-11
way,978934687,Digital Crossroad,Digital Crossroad,,,41.707418,-87.520193,10778.1,18089,IN,2023-07-09
way,983627455,CyrusOne NVA7,CyrusOne,Q16953751,NVA7,39.026301,-77.434028,5660.7,51107,VA,2021-09-17
way,984796364,Switch Las Vegas 10,,,,36.055586,-115.223061,19176.3,32003,NV,2021-09-19
way,984953813,Amazon IAD174,Amazon Web Services,Q456157,IAD174,39.028916,-77.427473,12299.3,51107,VA,2023-04-06
way,984953814,Amazon IAD164,Amazon Web Services,Q456157,IAD164,39.030473,-77.428942,12298.0,51107,VA,2023-04-06
way,985207884,Vantage VA12,Vantage Data Centers,Q133440987,VA12,39.001779,-77.438071,10740.9,51107,VA,2021-09-20
way,986829280,Microsoft,Microsoft,Q2283,,39.075508,-77.563035,9065.6,51107,VA,2023-07-11
way,989325195,Verizon Wireless Mew Building,,,,32.972155,-97.156611,16386.5,48439,TX,2022-07-24
way,989352911,,,,,40.543339,-74.538435,24078.1,34035,NJ,2021-10-04
way,989735623,Amazon IAD152,Amazon Web Services,Q456157,IAD152,38.916576,-77.479742,14552.7,51107,VA,2021-10-04
way,989735624,Amazon IAD151,Amazon Web Services,Q456157,IAD151,38.916151,-77.478705,14450.4,51107,VA,2021-10-04
way,990537813,Amazon IAD83,Amazon Web Services,Q456157,IAD83,38.947946,-77.523108,14508.4,51107,VA,2021-10-06
way,990537821,Amazon Web Services,Amazon Web Services,Q456157,IAD93,38.946539,-77.522188,1555.2,51107,VA,2023-11-09
way,990537857,Amazon IAD122,Amazon Web Services,Q456157,IAD122,38.955863,-77.497180,14239.6,51107,VA,2023-03-22
way,990537858,CyrusOne Sterling IX,CyrusOne,Q16953751,,38.958317,-77.505751,24985.7,51107,VA,2021-10-06
way,996723585,Iron Mountain VA-2,Iron Mountain,Q1673079,VA-2,38.777249,-77.545965,14740.4,51153,VA,2021-10-26
way,996723586,Iron Mountain VA-1,Iron Mountain,Q1673079,VA-1,38.777917,-77.547073,15216.6,51153,VA,2021-10-26
way,996723587,Amazon Web Services,Amazon Web Services,Q456157,IAD96,38.780151,-77.539884,13848.6,51153,VA,2021-10-26
way,996723588,Amazon Web Services,Amazon Web Services,Q456157,IAD95,38.778451,-77.539427,19950.8,51153,VA,2021-10-26
way,996723589,Amazon Web Services,Amazon Web Services,Q456157,IAD75,38.779343,-77.542896,19942.8,51153,VA,2021-10-26
way,996899486,Amazon IAD102,Amazon Web Services,Q456157,IAD102,38.735970,-77.504901,19912.7,51153,VA,2021-10-27
way,996899487,Amazon IAD101,Amazon Web Services,Q456157,IAD101,38.735440,-77.505695,19912.0,51153,VA,2021-10-27
way,996899488,Amazon IAD100,Amazon Web Services,Q456157,IAD100,38.734598,-77.506642,19938.1,51153,VA,2021-10-27
way,996899489,CloudHQ MCC2,CloudHQ,Q136332516,MCC2,38.723182,-77.499009,32617.5,51153,VA,2021-10-27
way,998245264,Microsoft Data Center - Hoffman Estates,,,,42.076952,-88.133891,195586.4,17031,IL,2025-03-19
way,998933381,Rackspace Somerset NYC1,,,,40.544526,-74.537758,1710.1,34035,NJ,2024-12-25
way,998933389,Rackspace Belmont NYC2,,,,40.540839,-74.537492,5339.3,34035,NJ,2024-12-25
way,1000784035,Amazon Web Services,Amazon Web Services,Q456157,,38.743053,-77.533384,10451.9,51153,VA,2023-07-14
way,1003348567,QTS Ashburn-Shellhorn DC1,Quality Technology Services,Q18392800,,38.998079,-77.475571,14568.1,51107,VA,2022-01-13
way,1007825570,QTS Atlanta Data Center 2,Quality Technology Services,Q18392800,,33.777505,-84.419552,26320.1,13121,GA,2021-11-30
way,1010260674,,,,,29.418988,-98.787471,10171.9,48029,TX,2021-12-08
way,1010260675,Microsoft TRP3 (SAT46),Microsoft,Q2283,,29.412977,-98.806374,21265.3,48325,TX,2021-12-08
way,1010260676,Microsoft,Microsoft,Q2283,,29.415797,-98.803316,21263.9,48029,TX,2021-12-08
way,1010260677,Microsoft,Microsoft,Q2283,,29.415796,-98.804515,21264.2,48029,TX,2021-12-08
way,1011125238,Pewaukee Data Center,WE Energies,,,43.051389,-88.216665,4394.2,55133,WI,2022-01-27
way,1012918195,,,,,34.061028,-84.274024,14028.1,13121,GA,2022-02-24
way,1013396352,CenturyLink,,,,36.182998,-115.062670,1077.8,32003,NV,2021-12-18
way,1015258645,StreamData Center,,,,44.807353,-93.637035,5993.9,27019,MN,
way,1015704066,EdgeConneX PHX02 Data Center,EdgeConneX,Q115477226,,33.352011,-111.647530,60768.5,04013,AZ,2023-12-16
way,1015995259,Amazon IAD601,Amazon Web Services,Q456157,IAD601,38.778857,-77.557115,1344.3,51153,VA,2023-06-12
way,1017048670,Switch Edge 1,,,,36.059149,-115.213682,2570.6,32003,NV,2024-09-09
way,1017460713,Switch Las Vegas 4,Switch,,,36.143646,-115.076779,2580.6,32003,NV,2024-02-02
way,1017460715,Switch Las Vegas 5,Switch,,,36.142764,-115.076697,1396.0,32003,NV,2024-02-02
way,1017518460,T-Mobile Everglades MSO Data Center,,,,26.184997,-80.286916,4573.9,12011,FL,2025-12-22
way,1019770124,DeKalb Meta Data Center,Meta Platforms,,,41.889040,-88.728569,1188531.8,17037,IL,2025-12-10
way,1019812125,EdgeConneX - Portland,EdgeConneX,Q115477226,,45.556396,-122.912231,7847.7,41067,OR,2024-07-27
way,1019816009,DC Blox Data Center,,,,33.500660,-86.820818,2496.8,01073,AL,2026-06-18
way,1020374277,Amazon Web Services  CMH53,Amazon Web Services,Q456157,CMH53,40.093616,-82.751455,14309.8,39089,OH,2023-11-08
way,1020374278,Amazon Web Services CMH56,Amazon Web Services,Q456157,CMH56,40.096534,-82.752051,14370.0,39089,OH,2023-11-08
way,1020374279,Amazon Web Services  CMH59,Amazon Web Services,Q456157,CMH59,40.094046,-82.747491,14968.9,39089,OH,2023-11-08
way,1020721870,Searcy Information Technologies,City of Searcy,,,35.249216,-91.740906,425.5,05145,AR,2022-01-13
way,1020877488,Amazon Web Services,Amazon Web Services,Q456157,IAD162,38.995848,-77.471291,12214.6,51107,VA,2022-01-13
way,1020877489,Amazon Web Services,Amazon Web Services,Q456157,IAD161,38.996608,-77.473262,12215.2,51107,VA,2022-01-13
way,1020953454,Digital Loudoun Plaza,,,,39.004679,-77.484980,63782.4,51107,VA,2022-01-13
way,1020953461,Digital Loudoun Plaza,,,,39.001698,-77.481596,265693.2,51107,VA,2022-01-13
way,1022757170,,,,,38.984732,-77.425784,35684.6,51107,VA,2022-01-20
way,1024051963,Meta,Meta,Q380,,40.268288,-112.015077,32032.0,49049,UT,2023-02-23
way,1024051997,Meta,Meta,Q380,,40.265564,-112.015127,58191.9,49049,UT,2023-02-23
way,1024384322,,,,,38.926806,-94.768373,456.4,20091,KS,2022-07-02
way,1025002889,Digital Realty IAD42 (Building R),Digital Realty,Q5275969,IAD42,39.005719,-77.449449,20269.1,51107,VA,2022-01-26
way,1027471509,Amazon Web Services,Amazon Web Services,Q456157,PDX66,45.846668,-119.607038,19689.8,41049,OR,2022-02-03
way,1027471510,Amazon Web Services,Amazon Web Services,Q456157,PDX68,45.846754,-119.609063,20583.9,41049,OR,2022-02-03
way,1030970564,Meta Henrico Data Center,Meta,Q380,,37.481963,-77.233805,30464.8,51087,VA,2024-09-02
way,1034230196,,,,,28.294077,-81.834848,2097.6,12105,FL,2022-02-22
way,1034475557,DataBank Las Vegas LAS1,DataBank,Q117314439,,36.059728,-115.147211,5439.2,32003,NV,2022-02-23
way,1035123473,Meta,Meta,Q380,,40.272334,-112.015055,58358.5,49049,UT,2023-02-23
way,1035123482,Meta Eagle Mountain Data Center,Meta,,,40.268191,-112.017719,2112082.7,49049,UT,2023-02-23
way,1037871048,Amazon IAD601,Amazon Web Services,Q456157,IAD601,39.015263,-77.437770,1336.4,51107,VA,2023-05-31
way,1038780426,Sarpy Meta Data Center,,,,41.114107,-96.143656,726262.5,31153,NE,2025-11-27
way,1040223402,Project Ginger West,Microsoft,,,41.532095,-93.862514,619409.1,19049,IA,
way,1040259757,Project Mountain,Microsoft,,,41.540067,-93.826780,165354.7,19049,IA,
way,1040376296,Project Alluvion,Microsoft,,,41.517008,-93.704916,552532.7,19153,IA,
way,1040376305,Project Ginger East,Microsoft,,,41.514780,-93.719703,485142.4,19153,IA,
way,1042260902,,DirecTV,Q1056839,,31.972675,-110.304752,700.4,04003,AZ,2025-07-27
way,1052182309,,,,,33.493408,-112.070639,27341.3,04013,AZ,2022-04-16
way,1054387470,Meta Stanton Springs Data Center,Meta,Q380,,33.600761,-83.700342,839138.0,13217,GA,2022-04-24
way,1054387471,,Meta,Q380,,33.601371,-83.705417,61340.1,13217,GA,2024-09-02
way,1056658555,Flexential Salt Lake City - Millcreek,Flexential,Q115417504,,40.685525,-111.885044,2609.9,49035,UT,2024-08-15
way,1057230915,Amazon Web Services,Amazon Web Services,Q456157,PDX93,45.836542,-119.689866,19865.3,41049,OR,2022-05-04
way,1059030596,Amazon Web Services,Amazon Web Services,Q456157,,38.744286,-77.533322,10377.1,51153,VA,2023-07-14
way,1059036248,,,,,38.745959,-77.537509,23965.3,51153,VA,2023-07-14
way,1059037050,COPT Innovation Park Data Center,Amazon Web Services,Q456157,IAD132,38.743886,-77.530625,13861.8,51153,VA,2023-06-12
way,1059037051,COPT Data Center Bldg 2,Amazon Web Services,Q456157,IAD133,38.744055,-77.529196,9672.6,51153,VA,2023-06-12
way,1064211366,QTS Ashburn Lockridge,Quality Technology Services,Q18392800,ASH2,38.995837,-77.456110,115619.3,51107,VA,2026-05-22
way,1065780801,Amazon,Amazon Web Services,Q456157,,37.389933,-121.965990,9117.8,06085,CA,2025-12-23
way,1069388067,,Google,,,33.062022,-80.038316,16968.4,45015,SC,2024-02-19
way,1069388075,Google,Google,Q95,,33.062174,-80.039660,16839.7,45015,SC,2024-02-19
way,1069388095,Google,Google,Q95,,33.062053,-80.041154,19161.5,45015,SC,2024-02-19
way,1069388141,Google,Google,Q95,,33.064312,-80.038456,16875.4,45015,SC,2024-02-19
way,1069388147,Google,Google,Q95,,33.066436,-80.038428,12190.4,45015,SC,2024-02-19
way,1069388156,Google,Google,Q95,,33.064157,-80.043575,23162.6,45015,SC,2024-02-19
way,1069388186,Google,Google,Q95,,33.062001,-80.045057,64830.8,45015,SC,2024-02-19
way,1069388211,Google,Google,Q95,,33.064435,-80.046068,13520.5,45015,SC,2024-02-19
way,1070895993,,Meta,Q380,,33.600094,-83.696839,70932.1,13217,GA,2024-09-02
way,1070895994,,Meta,Q380,,33.598021,-83.695013,31855.2,13217,GA,2024-09-02
way,1071772119,Microsoft EAT02,Microsoft,Q2283,,47.416868,-120.207688,22866.2,53017,WA,2022-06-20
way,1071774674,Intergate Columbia D,Sabey Data Centers,Q104864464,,47.407585,-120.191601,12543.8,53017,WA,2022-06-20
way,1073720208,Google,Google,Q95,,41.177344,-95.804857,7061.2,19155,IA,2024-02-21
way,1073720209,Google,Google,Q95,,41.177274,-95.806380,29630.6,19155,IA,2022-06-27
way,1073720210,Google,Google,Q95,,41.177456,-95.803215,23989.7,19155,IA,2022-06-27
way,1073720211,Google,Google,Q95,,41.177483,-95.800967,19653.1,19155,IA,2022-06-27
way,1073720212,Google,Google,Q95,,41.175540,-95.806763,12215.9,19155,IA,2022-06-27
way,1073720213,Google,Google,Q95,,41.175540,-95.805652,12061.4,19155,IA,2022-06-27
way,1073720214,Google,Google,Q95,,41.175543,-95.804493,12274.2,19155,IA,2022-06-27
way,1073720215,Google,Google,Q95,,41.175544,-95.803390,12286.9,19155,IA,2022-06-27
way,1073720216,Google,Google,Q95,,41.175547,-95.802224,12153.7,19155,IA,2022-06-27
way,1073720217,Google,Google,Q95,,41.175545,-95.801119,12042.9,19155,IA,2022-06-27
way,1073720218,Google,Google,Q95,,41.175554,-95.799948,12490.3,19155,IA,2022-06-27
way,1073720219,Google,Google,Q95,,41.172635,-95.804024,16189.7,19155,IA,2022-06-27
way,1073720220,Google,Google,Q95,,41.172640,-95.802521,16219.4,19155,IA,2022-06-27
way,1073720221,Google,Google,Q95,,41.172611,-95.801148,14701.2,19155,IA,2022-06-27
way,1074588578,,,,,36.679906,-78.373974,2376.4,51117,VA,
way,1074588579,,,,,36.679248,-78.374261,2755.3,51117,VA,
way,1074588580,,,,,36.677861,-78.374648,24681.4,51117,VA,
way,1074588582,,,,,36.677471,-78.377007,2965.5,51117,VA,
way,1074588583,,,,,36.678007,-78.376849,2966.2,51117,VA,
way,1074588584,,,,,36.678538,-78.376687,2965.8,51117,VA,
way,1074588585,,,,,36.679179,-78.376494,2965.7,51117,VA,
way,1074588586,,,,,36.679714,-78.376329,2965.0,51117,VA,
way,1074591450,,,,,36.682923,-78.376868,13062.1,51117,VA,
way,1074591451,,,,,36.683001,-78.375752,13060.8,51117,VA,
way,1074591452,,,,,36.686062,-78.377220,13060.4,51117,VA,
way,1074591453,,,,,36.686145,-78.376106,13059.9,51117,VA,
way,1074591454,,,,,36.689498,-78.377594,13059.7,51117,VA,
way,1074591455,,,,,36.689577,-78.376486,13058.8,51117,VA,
way,1074595308,,,,,36.692492,-78.376790,16561.1,51117,VA,
way,1074595309,,,,,36.692464,-78.377965,17297.8,51117,VA,
way,1074595310,,,,,36.694897,-78.376338,8865.9,51117,VA,
way,1075278060,Microsoft,Microsoft,Q2283,,41.496830,-93.786996,22507.7,19181,IA,2022-07-02
way,1075278061,Microsoft,Microsoft,Q2283,,41.539814,-93.826314,8367.4,19049,IA,2022-07-02
way,1075278062,Microsoft,Microsoft,Q2283,,41.539670,-93.828665,7482.3,19049,IA,2022-07-02
way,1075445245,,,,,37.361140,-121.942306,10065.7,06085,CA,2025-12-23
way,1077131079,xAI Macrohardrr,xAI,,,34.993488,-90.034170,75526.1,28033,MS,2025-12-31
way,1080170579,Flexential Portland - Hillsboro 4 Expansion,Flexential,Q115417504,,45.555391,-122.941087,1862.0,41067,OR,2025-05-30
way,1080170580,Flexential Portland - Hillsboro 5,Flexential,Q115417504,,45.556428,-122.939337,16780.6,41067,OR,2023-02-20
way,1081973944,QTS San Antonio II,Quality Technology Services,Q18392800,,29.449156,-98.653145,13036.3,48029,TX,2022-07-28
way,1083297858,Meta Data Center,Meta,Q380,,33.343592,-111.630305,1379700.6,04013,AZ,2025-06-20
way,1083841125,T5@Colorado Springs,,,,38.786172,-104.788535,6903.4,08041,CO,2022-08-04
way,1085608797,Flexential Tampa - North,Flexential,Q115417504,,28.073856,-82.368338,2846.9,12057,FL,2024-08-15
way,1085712184,,PowerHouse,,,37.356296,-77.333657,25831.7,51041,VA,2026-03-27
way,1088203906,Amazon IAD-169,Amazon Web Services,Q456157,IAD-169,39.016744,-77.452001,8953.3,51107,VA,2023-07-10
way,1088203907,Amazon IAD-179,Amazon Web Services,Q456157,IAD-179,39.015886,-77.453145,8952.8,51107,VA,2023-07-10
way,1088241977,Aligned IAD-02,Aligned,,,39.010411,-77.475189,19341.3,51107,VA,2022-08-22
way,1088241982,,,,,39.013054,-77.473100,13996.8,51107,VA,
way,1090837713,QTS Manassas DC5,Quality Technology Services,Q18392800,,38.754693,-77.517447,14263.6,51153,VA,2023-06-27
way,1091128478,PHX-11,Microsoft,Q2283,PHX-11,33.409031,-112.364803,23120.4,04013,AZ,2023-04-12
way,1092283612,,,,,41.052330,-73.971839,24412.4,36087,NY,2025-05-06
way,1092757323,Compute North,,,,40.725916,-99.038323,32827.8,31019,NE,2024-07-08
way,1097502168,Flexential Atlanta - Douglasville 1,Flexential,Q115417504,,33.731057,-84.616081,19872.7,13097,GA,2024-08-15
way,1103333136,Google,Google,Q95,SPC1A,36.624830,-87.263515,15768.8,47125,TN,2024-02-19
way,1103333137,SPC3A,Google,Q95,Building 3,36.624303,-87.259027,15770.2,47125,TN,2024-02-19
way,1106454555,Amazon Web Services,Amazon Web Services,Q456157,IAD143,38.979557,-77.417490,12308.9,51107,VA,2022-10-23
way,1109074150,Meta,Meta,Q380,,35.315667,-81.822059,9345.8,37161,NC,2026-04-21
way,1109643936,,US Bitcoin,,,43.082056,-79.030723,5719.0,36063,NY,2022-11-02
way,1109881281,TierPoint Valley Forge,TierPoint,,,40.121879,-75.420877,5794.8,42091,PA,2022-11-03
way,1114969101,Aligned DC - PDX-01,Aligned Data Centers,Q136332540,,45.554064,-122.949312,14439.0,41067,OR,2022-11-17
way,1116775094,Tahoe Reno 1,Switch,Q7659059,,39.514068,-119.475514,58425.2,32029,NV,2024-04-01
way,1116775095,Tahoe Reno 2,Switch,Q7659059,,39.513870,-119.484853,27549.9,32029,NV,2024-04-01
way,1121188409,Flexential Salt Lake City - Fair Park,Flexential,Q115417504,,40.766786,-111.920292,1167.3,49035,UT,2024-08-15
way,1121592786,CyrusOne San Antonio IV,,,,29.470679,-98.670630,8597.6,48029,TX,2024-12-20
way,1123249721,Equinix Ashburn DC16,Equinix,Q851641,DC16,39.024257,-77.452327,8160.9,51107,VA,2023-07-10
way,1124864831,Microsoft IAD11,Microsoft,Q2283,,38.948258,-77.555911,22514.6,51107,VA,2023-07-11
way,1126159710,Amazon Web Services,Amazon Web Services,Q456157,PDX63,45.901450,-119.320522,21124.0,41059,OR,2023-05-31
way,1126159711,Amazon Web Services,Amazon Web Services,Q456157,PDX65,45.902763,-119.320498,20199.5,41059,OR,2023-05-31
way,1126159714,Amazon Web Services,Amazon Web Services,Q456157,PDX67,45.903851,-119.320487,20429.4,41059,OR,2023-05-31
way,1126159715,Amazon Web Services,Amazon Web Services,Q456157,PDX69,45.905094,-119.320167,20414.1,41059,OR,2023-05-31
way,1126386234,Amazon Web Services,Amazon Web Services,Q456157,,45.847608,-119.602775,1627.9,41049,OR,2026-04-20
way,1126774147,Meta Kansas City Data Center,Meta,,,39.322352,-94.595558,1255752.8,29047,MO,2025-08-31
way,1127951468,Amazon Web Services,Amazon Web Services,Q456157,PDX132,45.915710,-119.269981,1422.7,41059,OR,2023-05-31
way,1128589933,,,,,39.069647,-77.560771,22542.0,51107,VA,2023-07-11
way,1128589934,,,,,39.069654,-77.559433,22952.8,51107,VA,2023-07-11
way,1132541700,Meta Henrico Data Center,Meta,Q380,,37.477845,-77.226455,56178.2,51087,VA,2025-05-29
way,1132541732,QTS Richmond 2 Data Center,Quality Technology Services,Q18392800,,37.485005,-77.242320,407798.5,51087,VA,2026-03-27
way,1132632705,QTS,Quality Technology Services,Q18392800,,33.460806,-111.997122,14540.6,04013,AZ,2024-09-15
way,1133047980,FiberState Datacenter,,,,40.511452,-111.888255,968.5,49035,UT,2026-06-16
way,1133944585,,,,,38.810560,-89.948703,19.0,17119,IL,2023-01-21
way,1134104431,CoreSite Reston Campus VA2,CoreSite,Q5170140,,38.951451,-77.364004,3764.2,51059,VA,2024-12-22
way,1134911640,AWS IAD105,Amazon Web Services,Q456157,IAD105,38.747596,-77.519475,19906.4,51153,VA,2023-01-24
way,1134911641,AWS IAD104,Amazon Web Services,Q456157,IAD104,38.748374,-77.520705,19905.3,51153,VA,2023-01-24
way,1134911642,QTS Manassas DC1,Quality Technology Services,Q18392800,,38.752517,-77.513111,11470.9,51153,VA,2023-01-24
way,1143804764,,,,,39.133685,-76.851407,10424.3,24027,MD,2023-02-11
way,1152747559,Meta,Meta,Q380,,44.301672,-120.894596,42308.3,41013,OR,2024-09-02
way,1152748037,Meta,Meta,Q380,,44.299288,-120.894595,22406.7,41013,OR,2024-09-02
way,1153935548,Digital Realty PDX11 Data Center,Digital Realty,Q5275969,,45.568459,-122.919969,26742.0,41067,OR,2023-03-13
way,1154349280,Datacenter (386),UChicago Argonne LLC,,386,41.707134,-87.975956,1153.2,17043,IL,2025-06-19
way,1154503131,Amazon Web Services,Amazon Web Services,Q456157,,40.101767,-83.199583,14007.6,39049,OH,2023-06-12
way,1154503132,Amazon Web Services,Amazon Web Services,Q456157,,40.100768,-83.199475,13955.1,39049,OH,2023-06-12
way,1154503133,Amazon Web Services,Amazon Web Services,Q456157,,40.099786,-83.199260,12243.4,39049,OH,2023-06-12
way,1154636644,NTT Chicago CH1,NTT,Q1054787,CH1,41.987919,-88.007265,10547.9,17043,IL,2023-06-12
way,1157356188,,West Wisconsin Telcom,,,44.877165,-91.919999,312.9,55033,WI,2025-12-19
way,1160688107,CoreSite SV7,CoreSite,,SV7,37.376079,-121.973057,5666.1,06085,CA,2024-12-20
way,1160814413,Meta Huntsville Data center,Meta,Q380,,34.847334,-86.626919,53729.8,01089,AL,2024-02-19
way,1160814415,Meta Huntsville Data center,Meta,Q380,,34.843182,-86.628866,32762.4,01089,AL,2024-02-19
way,1160814416,Meta Huntsville Data center,Meta,Q380,,34.840432,-86.628841,79631.8,01089,AL,2024-02-19
way,1161094246,Amazon Web Services,Amazon Web Services,Q456157,IAD142,38.979147,-77.419905,12037.2,51107,VA,2023-04-10
way,1161730862,,,,,38.957335,-77.497593,141618.8,51107,VA,2023-04-12
way,1173537116,Microsoft EAT03,Microsoft,Q2283,,47.418324,-120.207710,21871.1,53017,WA,2023-05-16
way,1173537117,Microsoft EAT04,Microsoft,Q2283,,47.419637,-120.213821,21816.9,53017,WA,2023-05-16
way,1173569101,Microsoft,Microsoft,Q2283,,41.534990,-93.863444,23271.0,19049,IA,2023-05-17
way,1173770902,Google: Arcola 2,Google,Q95,ARA2,38.941821,-77.527429,26931.7,51107,VA,2023-05-17
way,1177794153,,,,,32.894762,-96.981946,13172.6,48113,TX,2023-05-31
way,1177893426,Amazon IAD603,Amazon Web Services,Q456157,IAD603,38.981546,-77.419357,1368.7,51107,VA,2023-05-31
way,1177975782,,,,,41.125399,-104.907516,2710.7,56021,WY,2024-04-30
way,1177975783,,,,,41.126460,-104.899537,3126.9,56021,WY,2024-04-30
way,1177975784,,,,,41.125411,-104.901978,4792.9,56021,WY,2024-04-30
way,1177975788,,,,,41.122266,-104.908142,20291.9,56021,WY,2024-04-30
way,1177975789,,,,,41.122246,-104.909517,20148.8,56021,WY,2024-04-30
way,1178609569,Flexential Philadelphia - Collegeville,Flexential,Q115417504,,40.152220,-75.477629,10306.8,42091,PA,2024-08-15
way,1178649864,Meta Kuna Data Center,Meta,,,43.463142,-116.267508,1481965.8,16001,ID,2025-12-04
way,1181391920,Amazon IAD86,Amazon Web Services,Q456157,IAD86,38.917256,-77.495674,13945.9,51107,VA,2023-06-12
way,1181391921,Amazon IAD130,Amazon Web Services,Q456157,IAD130,38.760361,-77.519302,9581.0,51153,VA,2023-06-12
way,1181391922,Amazon IAD131,Amazon Web Services,Q456157,IAD131,38.761105,-77.518221,9726.7,51153,VA,2023-06-12
way,1184066765,Meta Data Center,Meta,Q380,,39.322651,-94.598064,57222.5,29047,MO,2023-06-21
way,1188680247,QTS Ashburn-Shellhorn DC2,Quality Technology Services,Q18392800,,38.998772,-77.474264,14165.1,51107,VA,2023-07-10
way,1188680253,QTS Ashburn Lockridge,Quality Technology Services,Q18392800,,38.995355,-77.455183,14237.7,51107,VA,2023-07-10
way,1188680254,QTS Ashburn Lockridge,Quality Technology Services,Q18392800,,38.995199,-77.456888,12594.9,51107,VA,2023-07-10
way,1188680255,Amazon IAD192,Amazon Web Services,Q456157,IAD192,38.989554,-77.434801,12350.7,51107,VA,2023-07-10
way,1188691867,NTT Ashburn VA6 Data Center,NTT,Q1054787,VA6,39.017102,-77.473267,8478.8,51107,VA,2023-07-10
way,1188691868,NTT Ashburn VA9 Data Center,NTT,Q1054787,VA9,39.020190,-77.475531,10334.7,51107,VA,2023-07-10
way,1188691869,DataBank Ashburn IAD3,DataBank,Q117314439,IAD3,39.017878,-77.481828,13585.6,51107,VA,2023-07-10
way,1188715508,CyrusOne NVA14,PowerHouse,,ABX-1,39.019578,-77.450465,12199.0,51107,VA,2023-07-10
way,1188715510,Cologix ASH1,Cologix,Q18348355,,39.017948,-77.459474,14690.5,51107,VA,2023-07-10
way,1191496040,Meta,Meta,Q380,4,34.825840,-106.778889,54672.6,35061,NM,2024-09-02
way,1193914601,,,,,47.244811,-119.817984,26034.7,53025,WA,2023-08-02
way,1193914602,,,,,47.244276,-119.814813,13682.6,53025,WA,2023-08-02
way,1197757146,Microsoft Cheyenne Business Parkway Data Center,,,,41.142122,-104.716232,245707.1,56021,WY,
way,1197757147,,,,,41.141335,-104.716760,22973.9,56021,WY,
way,1202051225,Lightedge Des Moines 2,,,,41.666799,-93.455955,5260.8,19153,IA,2023-11-30
way,1203535554,Project Ranier AWS Data Center,,,,41.689750,-86.467368,827938.5,18141,IN,2026-02-24
way,1207052719,QTS Suwanee,Quality Technology Services,Q18392800,,34.036231,-84.059266,134899.2,13135,GA,2023-09-12
way,1210199365,,,,,39.569711,-119.537859,8344.2,32031,NV,2024-10-29
way,1210199366,,,,,39.570053,-119.537092,8344.2,32031,NV,2024-10-29
way,1210199367,,,,,39.570592,-119.536034,8344.7,32031,NV,2024-10-29
way,1210199368,,,,,39.570986,-119.535318,8344.9,32031,NV,2024-10-29
way,1210421871,Carrier Services Group,,,,41.041060,-80.633090,7003.0,39099,OH,2024-05-05
way,1210515186,Flexential Nashville - Cool Springs,Flexential,Q115417504,,35.951041,-86.833381,6434.6,47187,TN,2023-09-24
way,1211362828,,,,,43.638333,-89.721403,33.6,55021,WI,2023-09-27
way,1213386673,Microsoft SAT14,,,,29.475653,-98.681366,145845.3,48029,TX,
way,1213758201,Gallatin Data Center,Meta,Q380,,36.408654,-86.370314,1583534.4,47165,TN,2023-10-07
way,1217649348,Aligned Data Center - Chicago ORD-01,Aligned,,ORD-01,41.913983,-87.917465,18074.4,17031,IL,2025-06-18
way,1217649350,Aligned Data Center - Chicago ORD-02,Aligned,,ORD-02,41.912962,-87.917492,10351.5,17031,IL,2025-06-18
way,1219083552,,,,,42.023143,-87.972186,10263.2,17031,IL,2024-10-03
way,1219083554,T5 Chicago II,T5 Data Centers,Q115477191,Chicago II,42.023042,-87.975557,15165.3,17031,IL,2023-11-29
way,1221574918,Cortex supercomputer,,,,30.215402,-97.618965,39591.4,48453,TX,2025-07-02
way,1221862807,AWS IAD106,Amazon Web Services,Q456157,IAD106,38.746975,-77.518528,19064.3,51153,VA,2023-11-07
way,1222007663,Google NBY-2,Google,Q95,,40.059613,-82.764471,13215.8,39089,OH,2023-11-08
way,1222134968,Amazon Web Services,Amazon Web Services,Q456157,IAD609,38.949135,-77.523580,1322.5,51107,VA,2023-11-09
way,1226436454,,,,,41.212099,-95.877914,10957.9,19155,IA,2023-11-24
way,1226436457,CyrusOne OCB1 Council Bluffs,CyrusOne,,OCB1,41.212215,-95.878018,32701.1,19155,IA,2023-11-24
way,1226439731,Amazon Web Services,Amazon Web Services,Q456157,PDX90,45.836184,-119.694048,19866.3,41049,OR,2023-11-24
way,1227539675,Equinix DC14,Equinix,Q851641,DC14,38.803345,-77.510616,20703.2,51153,VA,2023-11-29
way,1227550179,Novartis,,,,32.651234,-97.319709,3966.2,48439,TX,2023-11-29
way,1227604493,Equinix SV11,Equinix,Q851641,SV11,37.242605,-121.783999,7151.4,06085,CA,2023-11-29
way,1227612684,Amazon IAD103,Amazon Web Services,Q456157,IAD103,38.736984,-77.504075,13184.3,51153,VA,2023-11-29
way,1227614670,CloudHQ MCC3,CloudHQ,Q136332516,MCC3,38.714970,-77.495128,11417.0,51153,VA,2023-11-29
way,1227682824,CyrusOne PHX8,,,,33.266344,-111.883290,12891.9,04013,AZ,2023-11-29
way,1227684019,CyrusOne PHX3,,,,33.271968,-111.881627,9998.1,04013,AZ,2023-11-29
way,1227684020,CyrusOne PHX4,,,,33.271937,-111.883282,10122.5,04013,AZ,2023-11-29
way,1227777116,Vantage VA13,Vantage Data Centers,Q133440987,VA13,39.003212,-77.440175,11417.4,51107,VA,2023-11-30
way,1227883682,Lightedge Des Moines 1,,,,41.667657,-93.455482,2794.4,19153,IA,2023-11-30
way,1229749890,Blockfusion Niagra Falls,,,,43.082029,-79.003417,144.5,36063,NY,2026-04-20
way,1229749891,Blockfusion Niagra Falls,,,,43.082178,-79.003509,52.8,36063,NY,2026-04-20
way,1229749892,Blockfusion Niagra Falls,,,,43.082796,-79.003288,1910.5,36063,NY,2026-04-20
way,1229749893,Blockfusion Niagra Falls,,,,43.083130,-79.003111,229.2,36063,NY,2026-04-20
way,1229749894,Blockfusion Niagra Falls,,,,43.083206,-79.003335,220.1,36063,NY,2026-04-20
way,1229749895,Blockfusion Niagra Falls,,,,43.083165,-79.003903,112.2,36063,NY,2026-04-20
way,1229749896,Blockfusion Niagra Falls,,,,43.083284,-79.003904,111.5,36063,NY,2026-04-20
way,1235150788,Yahoo,Yahoo,,,41.180500,-96.084899,22082.3,31153,NE,2024-05-14
way,1235255415,,CenturyLink,,,32.309655,-106.729171,2957.8,35013,NM,2023-12-29
way,1235846520,Verizon North Las Vegas,Verizon,,,36.221893,-115.147055,2331.5,32003,NV,2025-10-18
way,1237493975,Google,Google,Q95,,41.134920,-96.144073,27215.2,31153,NE,2024-02-21
way,1237494981,Google,Google,Q95,,41.134393,-96.155906,27633.0,31153,NE,2024-02-21
way,1237884677,,,,,41.084313,-76.147544,365825.1,42079,PA,
way,1238705019,Involta Independence,,,,41.361062,-81.632805,2452.0,39035,OH,2024-01-10
way,1238955720,Bloomberg Data Center,Bloomberg,,,41.036270,-73.987494,16958.5,36087,NY,2025-05-06
way,1238955733,fifteenfortyseven CSR ORNY1,fifteenfortyseven Critical Systems Realty,,,41.034485,-73.975764,14076.3,36087,NY,2025-05-06
way,1243089554,Stack Infrastructure - POR03,Stack Infrastructure,Q115477173,POR03B,45.554216,-122.939427,8462.8,41067,OR,2024-01-26
way,1243089555,Stack Infrastructure - POR03,Stack Infrastructure,Q115477173,POR03C,45.554217,-122.940939,8665.5,41067,OR,2024-01-26
way,1243089557,Stack Infrastructure - POR03,Stack Infrastructure,Q115477173,POR03D,45.552884,-122.938007,9099.1,41067,OR,2026-04-21
way,1252196797,Amazon Web Services,Amazon Web Services,Q456157,,38.904346,-77.452473,11236.3,51059,VA,2024-02-19
way,1252196798,Amazon Web Services,Amazon Web Services,Q456157,,38.904837,-77.454760,11054.4,51059,VA,2024-02-19
way,1252196799,Amazon Web Services,Amazon Web Services,Q456157,,38.915905,-77.490552,8142.5,51107,VA,2024-02-19
way,1252196800,Amazon Web Services,Amazon Web Services,Q456157,,38.914990,-77.490976,1289.4,51107,VA,2024-02-19
way,1252196801,Amazon Web Services CMH62,Amazon Web Services,Q456157,CMH62,40.092983,-82.747637,12665.5,39089,OH,2024-02-19
way,1252196802,Amazon Web Services,Amazon Web Services,Q456157,,40.093440,-82.732160,19911.9,39089,OH,2024-02-19
way,1252196803,Amazon Web Services,Amazon Web Services,Q456157,,40.092158,-82.727551,19905.6,39089,OH,2024-02-19
way,1252196804,Amazon Web Services,Amazon Web Services,Q456157,,40.092965,-82.726491,1321.4,39089,OH,2024-02-19
way,1252196805,Amazon Web Services,Amazon Web Services,Q456157,,40.116259,-83.201391,20255.9,39159,OH,2024-02-19
way,1252196806,,Amazon Web Services,,,40.117400,-83.202082,19820.8,39159,OH,2024-02-19
way,1252196807,Amazon Web Services,Amazon Web Services,Q456157,,40.119048,-83.200260,1268.3,39159,OH,2024-02-19
way,1252196808,Amazon Web Services,Amazon Web Services,Q456157,,40.049358,-83.175460,20492.6,39049,OH,2024-02-19
way,1252196809,,Amazon Web Services,,,40.048131,-83.175284,20238.5,39049,OH,2024-02-19
way,1252196810,Amazon Web Services,Amazon Web Services,Q456157,,40.047910,-83.177547,1343.1,39049,OH,2024-02-19
way,1252196811,Google NBY-3,Google,Q95,,40.057941,-82.765312,26787.5,39089,OH,2024-02-19
way,1252196812,Google NBY-4,Google,Q95,,40.059364,-82.771785,26644.6,39049,OH,2024-02-19
way,1252196813,NAO 5/NAO 6,Meta,Q380,,40.060380,-82.750988,56555.8,39089,OH,2024-02-19
way,1252196814,Google,Google,Q95,,39.852098,-82.994875,26930.2,39049,OH,2024-02-19
way,1252196815,Google,Google,Q95,,38.776123,-77.582524,26917.0,51153,VA,2024-02-19
way,1252196816,Amazon Web Services,Amazon Web Services,Q456157,PDX109,45.858750,-119.605096,19562.7,41049,OR,2024-02-19
way,1252196817,Amazon Web Services,Amazon Web Services,Q456157,PDX110,45.860083,-119.605134,19686.6,41049,OR,2024-02-19
way,1252196818,Amazon Web Services,Amazon Web Services,Q456157,PDX111,45.860969,-119.605153,20116.2,41049,OR,2024-02-19
way,1252196819,Amazon Web Services,Amazon Web Services,Q456157,,45.841481,-119.651777,1278.9,41049,OR,2024-02-19
way,1252196820,Amazon Web Services,Amazon Web Services,Q456157,,45.920613,-119.231837,19737.2,41059,OR,2024-02-19
way,1252196821,Amazon Web Services,Amazon Web Services,Q456157,,45.920589,-119.229994,19839.1,41059,OR,2024-02-19
way,1252196822,Amazon Web Services,Amazon Web Services,Q456157,PDX81,45.797775,-119.361959,20139.4,41059,OR,2024-02-19
way,1252196823,Amazon Web Services,Amazon Web Services,Q456157,,45.799165,-119.366658,20151.0,41059,OR,2024-02-19
way,1252196824,Google,Google,Q95,,39.724010,-82.691127,26872.5,39045,OH,2024-02-19
way,1252196825,Amazon Web Services,Amazon Web Services,Q456157,,38.746146,-77.517215,19760.7,51153,VA,2024-02-19
way,1252196826,Amazon Web Services,Amazon Web Services,Q456157,,38.921314,-77.485800,12443.8,51107,VA,2024-02-19
way,1253282099,Amazon Web Services,Amazon Web Services,Q456157,,38.995094,-77.471072,1364.2,51107,VA,2024-02-21
way,1253282100,Meta Sarpy Data center,Meta,Q380,,41.123573,-96.132894,58395.2,31153,NE,2024-02-21
way,1253282101,Meta Sarpy Data center,Meta,Q380,,41.114329,-96.142836,58091.3,31153,NE,2024-02-21
way,1253282102,Meta Sarpy Data center,Meta,Q380,,41.112163,-96.141555,26593.9,31153,NE,2024-02-21
way,1253282103,Meta,Meta,Q380,,41.675572,-93.509657,45835.3,19153,IA,2024-02-21
way,1253282104,Meta,Meta,Q380,,41.675823,-93.506031,55841.9,19153,IA,2024-02-21
way,1254161871,Dynamics Mining,,,,37.362991,-87.547121,41102.5,21107,KY,2024-02-23
way,1258702591,Flexential Atlanta - Douglasville 2,Flexential,Q115417504,,33.730703,-84.611240,28909.3,13097,GA,2024-08-15
way,1263819877,,Switch,,,36.064022,-115.221112,22461.8,32003,NV,2024-03-18
way,1268789798,Windbreak Cable,,,,41.182601,-104.068498,103.6,56021,WY,2025-04-08
way,1269259655,,,,,38.740436,-77.503984,8914.3,51683,VA,2025-09-11
way,1271571726,NTT Chicago CH2,NTT,Q1054787,CH2,41.988967,-88.007257,10735.5,17043,IL,2025-10-30
way,1273968634,QTS,Quality Technology Services,Q18392800,Denver 1,39.734100,-104.707994,15489.7,08005,CO,2026-04-18
way,1276373853,Apple,Apple Inc.,Q312,,44.285754,-120.869921,25568.6,41013,OR,2024-04-26
way,1276518679,Amazon IAD214,Amazon Web Services,Q456157,IAD214,38.986526,-77.435176,10537.2,51107,VA,2024-04-26
way,1276518684,Aligned IAD03,Aligned,,IAD03,38.988621,-77.440752,7417.8,51107,VA,2024-04-26
way,1276518687,Digital Realty IAD55,Digital Realty,Q5275969,IAD55,38.992269,-77.433932,7926.4,51107,VA,2024-04-26
way,1278541792,Involta-Akron,,,,41.057431,-81.521972,5521.0,39153,OH,2024-08-20
way,1280340212,Amazon Web Services,Amazon Web Services,Q456157,,38.947361,-77.520226,1260.7,51107,VA,2024-05-06
way,1280340213,Amazon Web Services,Amazon Web Services,Q456157,,38.983575,-77.417527,1308.0,51107,VA,2024-05-06
way,1280340214,Amazon Web Services,Amazon Web Services,Q456157,,38.802897,-77.622127,12005.5,51153,VA,2024-05-06
way,1280340215,Amazon Web Services,Amazon Web Services,Q456157,,38.745120,-77.533094,1347.7,51153,VA,2024-05-06
way,1280340216,Amazon Web Services,Amazon Web Services,Q456157,,38.814598,-77.654331,1336.8,51153,VA,2024-05-06
way,1280340217,Amazon Web Services,Amazon Web Services,Q456157,,38.816968,-77.652159,13873.4,51153,VA,2024-05-06
way,1280344148,Amazon Web Services,Amazon Web Services,Q456157,,40.134190,-83.215834,21703.0,39159,OH,2024-05-06
way,1280344149,Amazon Web Services,Amazon Web Services,Q456157,,45.920584,-119.228858,19990.4,41059,OR,2024-05-06
way,1280344150,Amazon Web Services,Amazon Web Services,Q456157,,45.920590,-119.227011,19949.9,41059,OR,2024-05-06
way,1280344151,Amazon Web Services,Amazon Web Services,Q456157,,45.919514,-119.226131,1252.4,41059,OR,2024-05-06
way,1280344153,Amazon Web Services,Amazon Web Services,Q456157,,45.882515,-119.341668,20079.9,41059,OR,2024-05-06
way,1280344154,Amazon Web Services,Amazon Web Services,Q456157,PDX112,45.862253,-119.605112,19689.0,41049,OR,2024-05-06
way,1280344155,Amazon Web Services,Amazon Web Services,Q456157,,45.858038,-119.604872,1190.2,41049,OR,2024-05-06
way,1280344156,Amazon Web Services,Amazon Web Services,Q456157,,45.840670,-119.651302,1293.6,41049,OR,2024-05-06
way,1280344157,Amazon Web Services,Amazon Web Services,Q456157,,45.819931,-119.632086,19767.5,41049,OR,2024-05-06
way,1281938077,Meta LCO 3 Project,Meta,,,40.064091,-82.740961,1042161.1,39089,OH,2026-03-21
way,1281938083,,Quality Technology Services,,,40.063888,-82.758034,211951.6,39089,OH,2026-03-21
way,1281982556,"Google Lockbourne, OH",Google,Q95,,39.848753,-82.996161,1065015.9,39049,OH,2024-09-09
way,1281982572,Amazon New Albany: Jug and Beach Road,,,,40.099074,-82.751474,141643.9,39089,OH,2024-12-27
way,1282332209,UPS Data Center,,,,34.103383,-84.214974,16136.7,13117,GA,2024-05-13
way,1282875386,MineOne Wyoming Data Center,MineOne,,,41.125124,-104.894984,28431.2,56021,WY,2024-05-14
way,1283698132,Iron Mountain VA-3,Iron Mountain,Q1673079,VA-3,38.775507,-77.545200,16831.7,51153,VA,2024-05-16
way,1283734103,Vantage Data Centers AZ1 Campus,,,,33.447332,-112.373044,178744.1,04013,AZ,
way,1283734104,Vantage Data Centers,Vantage Data Centers,Q133440987,,33.446340,-112.373920,22165.0,04013,AZ,2024-05-16
way,1287260553,Google,Google,Q95,,38.774417,-77.585627,26906.7,51153,VA,2024-05-28
way,1287260554,Amazon Web Services,Amazon Web Services,Q456157,,38.801857,-77.621210,11799.7,51153,VA,2024-05-28
way,1287260555,Amazon Web Services,Amazon Web Services,Q456157,,38.801257,-77.620481,12093.2,51153,VA,2024-05-28
way,1287260556,Iron Mountain VA-4,Iron Mountain,Q1673079,,38.774423,-77.542221,8272.5,51153,VA,2024-05-28
way,1287260557,Iron Mountain VA-5,Iron Mountain,Q1673079,,38.773043,-77.541169,9906.3,51153,VA,2024-05-28
way,1287260558,QTS Manassas DC2,Quality Technology Services,Q18392800,,38.753195,-77.510797,12818.0,51153,VA,2024-05-28
way,1287260559,,,,,38.758875,-77.516652,12968.6,51153,VA,2026-01-05
way,1287260560,Google,Google,Q95,,41.173595,-95.792203,27380.3,19155,IA,2024-05-28
way,1287260561,Google,Google,Q95,,41.173597,-95.788678,27576.9,19155,IA,2024-05-28
way,1292169104,T5@Cleveland,T5 Data Centers,Q115477191,,41.442495,-81.802852,90561.2,39035,OH,2025-02-09
way,1292897241,42311 THUNDERBALL DR,True North Data Solutions,,,39.042553,-77.538300,3779.6,51107,VA,2024-06-16
way,1292897242,42255 THUNDERBALL DR,True North Data Solutions,,,39.041623,-77.539224,5616.7,51107,VA,2024-06-16
way,1292897243,42254 THUNDERBALL DR,True North Data Solutions,,,39.043502,-77.540874,7199.9,51107,VA,2024-06-16
way,1293777436,Aligned Data Centers,,,,33.564056,-112.386824,465923.7,04013,AZ,2026-06-15
way,1294595615,Meta Gallatin Data Center,Meta,Q380,,36.411865,-86.369661,58210.5,47165,TN,2024-09-02
way,1296163129,Modesto Junior College West Data Center,Yosemite Community College District,,,37.665147,-121.040037,559.1,06099,CA,2024-06-25
way,1296723872,GVTC,GVTC,,,29.686403,-98.462647,41.4,48029,TX,2024-06-27
way,1300765126,Stream Data Centers DFWA,Stream Data Centers,,DFWA,32.983668,-96.654273,26071.9,48113,TX,2024-07-13
way,1301559332,MARA Data Center,Marathon Digital Holdings,,,32.341745,-97.731228,164335.2,48221,TX,2025-09-28
way,1301654223,,,,,38.948017,-77.558987,12094.2,51107,VA,2024-07-16
way,1301654224,,,,,38.950065,-77.558870,12093.6,51107,VA,2024-07-16
way,1303947602,Amazon AWS Data Center,,,,41.667555,-86.473741,1169288.7,18141,IN,2026-02-24
way,1304357577,Iron Mountain VA-6,Iron Mountain,Q1673079,,38.768143,-77.538648,16900.8,51153,VA,2024-12-22
way,1307072785,Ark Duluth Data Center,,,,46.827467,-92.130431,2523.5,27137,MN,2024-08-11
way,1307423829,Microsoft Fairwater AI Datacenter,,,,42.676383,-87.900112,1334965.8,55101,WI,2026-06-11
way,1307454847,,,,,36.675696,-78.373913,4850.4,51117,VA,
way,1307920829,Flexential Charlotte - North,Flexential,Q115417504,,35.329754,-80.765782,5835.2,37119,NC,2024-08-15
way,1307940905,QTS Richmond 3 Data Center,Quality Technology Services,Q18392800,,37.479564,-77.251789,454388.4,51087,VA,2026-03-27
way,1309123033,Equinix Ashburn DC6,Equinix,Q851641,DC6,39.015198,-77.459538,6552.2,51107,VA,2024-08-20
way,1309123034,Equinix Ashburn DC4,Equinix,Q851641,DC4,39.016408,-77.461887,9388.1,51107,VA,2024-08-20
way,1310628998,,HEB,,,29.580141,-98.541327,3367.0,48029,TX,2024-08-23
way,1312295357,Meta Aiken Data Center,Meta,Q380,,33.642142,-81.844035,671476.0,45003,SC,2024-08-30
way,1312792611,,Meta,Q380,,41.888530,-88.721858,52811.2,17037,IL,2024-09-02
way,1312792612,,Meta,Q380,,41.889284,-88.731054,52810.0,17037,IL,2024-09-02
way,1312792613,,Meta,Q380,,41.890275,-88.726355,29746.1,17037,IL,2024-09-02
way,1312795639,Meta Gallatin Data Center,Meta,Q380,,36.411351,-86.366012,58210.1,47165,TN,2024-09-02
way,1312795640,Meta Gallatin Data Center,Meta,Q380,,36.406049,-86.366608,58220.8,47165,TN,2024-09-02
way,1312801354,Google,Google,Q95,,41.137910,-96.151431,27630.7,31153,NE,2024-09-02
way,1313995085,,,,,37.370643,-121.974507,11526.5,06085,CA,2024-09-07
way,1314010354,Vantage Santa Clara CA2,Vantage Data Centers,Q133440987,,37.364032,-121.946845,12266.2,06085,CA,2024-09-07
way,1314012931,Digital Realty Silicon Valley SJC37,Digital Realty,Q5275969,SJC37,37.370936,-121.947216,14464.0,06085,CA,2024-09-07
way,1314355599,Switch Las Vegas 12,,,,36.058130,-115.210389,44968.6,32003,NV,2024-09-09
way,1315636714,QTS,Quality Technology Services,Q18392800,,33.464747,-111.997534,15095.3,04013,AZ,2024-09-15
way,1316005112,,,,,42.023080,-87.961463,10239.1,17031,IL,2026-02-14
way,1316023545,NTT,NTT,Q1054787,,32.980951,-96.659382,15746.3,48113,TX,2026-06-16
way,1316023546,NTT,NTT,Q1054787,,32.980934,-96.657940,18684.5,48113,TX,2026-06-16
way,1317733642,Digital Realty Northern Virginia IAD44,Digital Realty,Q5275969,IAD44,38.960856,-77.491432,37118.5,51107,VA,2024-09-24
way,1317915930,Centersquare Ashburn IAD4 Data Center,Centersquare,Q127304226,IAD4,39.021959,-77.453187,26328.1,51107,VA,2024-09-24
way,1318322071,Microsoft,Microsoft,Q2283,,41.495806,-93.787055,22965.4,19181,IA,2024-09-26
way,1318322073,Microsoft,Microsoft,Q2283,,41.494750,-93.787021,22965.8,19181,IA,2024-09-26
way,1318322780,Apple,Apple,,,41.616851,-93.924402,29153.4,19049,IA,2024-09-26
way,1318322782,Apple Waukee Data Center,Apple,,,41.619384,-93.925835,752278.3,19049,IA,
way,1319637945,,,,,38.949862,-77.549509,15998.4,51107,VA,2024-09-30
way,1319724559,,,,,40.224524,-83.045860,28581.3,39041,OH,2024-09-30
way,1320038649,DC BLOX Myrtle Beach Cable Landing Station,,,,33.674583,-78.943696,8542.1,45051,SC,2024-10-02
way,1320683840,Tahoe Reno 3,Switch,Q7659059,,39.511520,-119.483305,36315.2,32029,NV,2024-10-04
way,1333205263,,,,,39.066015,-77.558569,14228.6,51107,VA,2025-10-22
way,1333289545,Meta Rosemount Data Center,Meta,,,44.735030,-93.062627,960112.8,27037,MN,2025-11-29
way,1334234454,Nautilus Cryptomine,,,,41.082625,-76.151419,5308.8,42079,PA,2026-04-20
way,1334234455,Nautilus Cryptomine,,,,41.083338,-76.151446,5316.0,42079,PA,2026-04-20
way,1334234458,Amazon AWS PHL,Amazon Web Services,Q456157,,41.083987,-76.143508,25283.2,42079,PA,2026-04-20
way,1339825480,Google Omaha Data Center,Google,,,41.342936,-96.091164,1818664.5,31055,NE,2024-12-03
way,1340746574,Meta,Meta,Q380,5,34.825823,-106.782468,54669.9,35061,NM,2024-12-07
way,1343100173,DataBank,,,MSP3,45.143711,-93.387128,10651.2,27053,MN,2024-12-17
way,1343760339,Vantage WA13,,,,47.252528,-119.813623,23413.9,53025,WA,2024-12-19
way,1343761104,,,,,47.243645,-119.869051,11069.2,53025,WA,2026-01-14
way,1343764880,Amazon IAD-165,Amazon Web Services,Q456157,IAD-165,38.922773,-77.427871,12586.5,51059,VA,2025-09-02
way,1343764881,Amazon IAD-166,Amazon Web Services,Q456157,IAD-166,38.921125,-77.426554,12115.8,51059,VA,2025-09-02
way,1343764882,Amazon IAD-167,Amazon Web Services,Q456157,IAD-167,38.922692,-77.426307,12333.2,51059,VA,2025-09-02
way,1343769701,QTS Ashburn-Shellhorn,,,,38.998537,-77.474942,77066.6,51107,VA,2024-12-19
way,1343774537,CloudHQ Ashburn Campus,,,,39.010718,-77.462113,144296.4,51107,VA,2024-12-19
way,1344366214,CyrusOne SAT10 & SAT11,CyrusOne,Q16953751,,29.418350,-98.787807,86907.9,48029,TX,2024-12-20
way,1344369104,Amazon,,,,29.450736,-98.638714,9746.5,48029,TX,2024-12-20
way,1344369106,QTS San Antonio,,,,29.449441,-98.652742,96864.6,48029,TX,
way,1344369111,,,,,29.418454,-98.788808,5965.5,48029,TX,2024-12-20
way,1344369112,Vantage San Antonio I,Vantage Data Centers,Q133440987,,29.415744,-98.789380,152848.3,48029,TX,
way,1344376231,Csquare SFO4,Csquare,,SFO4,37.375755,-121.956269,2996.1,06085,CA,2024-12-20
way,1344376232,NTT Silicon Valley data center campus,,,,37.368974,-121.955364,13308.1,06085,CA,2024-12-20
way,1344901567,,,,,39.000446,-77.460774,11969.2,51107,VA,2025-04-28
way,1344901568,,,,,38.999135,-77.460811,12130.5,51107,VA,2025-04-28
way,1344901569,Digital Realty IAD43 (Building S),Digital Realty,Q5275969,IAD43,39.001754,-77.452708,17595.0,51107,VA,2026-02-22
way,1344901575,Vantage VA2,Vantage Data Centers,Q133440987,VA2,38.997955,-77.430229,17418.3,51107,VA,2024-12-23
way,1346610234,CyrusOne Cincinnati-Hamilton CIN4,CyrusOne,Q16953751,CIN4,39.385239,-84.566131,143407.6,39017,OH,2024-12-27
way,1351049826,DataBank Santa Clara SFO1,DataBank,Q117314439,SFO1,37.407299,-121.965956,2488.1,06085,CA,2025-12-23
way,1356594646,NTT PH1 Datacenter,NTT,Q1054787,,33.353958,-111.612315,293193.2,04013,AZ,2025-02-04
way,1357825755,Iron Mountain AZP-1,Iron Mountain,,AZP-1,33.454502,-111.976461,117230.3,04013,AZ,2025-02-07
way,1365213539,PTC,Stayton Cooperative Telephone Company,,,44.775219,-122.615931,234.3,41043,OR,2025-03-07
way,1368776076,,,,,41.515864,-93.720312,24520.9,19153,IA,2025-03-18
way,1368776077,,,,,41.516864,-93.719767,23046.4,19153,IA,2025-03-18
way,1371348227,CenturyLink,,,,39.744048,-93.997376,133.1,29025,MO,2025-03-25
way,1372772726,,,,,33.353204,-111.678114,26631.3,04013,AZ,2025-03-29
way,1374895921,Amazon Web Services,Amazon Web Services,Q456157,,45.879533,-119.341636,20320.1,41059,OR,2025-04-05
way,1374895922,Amazon Web Services,Amazon Web Services,Q456157,,45.882523,-119.339697,20655.1,41059,OR,2025-04-05
way,1375443893,,,,,40.059248,-82.762698,8843.5,39089,OH,2025-04-06
way,1375475071,Microsoft,Microsoft,Q2283,,41.533916,-93.863439,23271.4,19049,IA,2025-04-07
way,1375475072,Microsoft,Microsoft,Q2283,,41.532838,-93.863462,23271.8,19049,IA,2025-04-07
way,1375475073,Microsoft,Microsoft,Q2283,,41.531814,-93.863442,23272.1,19049,IA,2025-04-07
way,1377162298,Meta Bowling Green Data Center,,,,41.465298,-83.638355,1997250.8,39173,OH,2025-11-29
way,1377227154,,,,,41.064287,-104.785644,22966.1,56021,WY,
way,1377227157,Microsoft Bison Business Park Data Center,Microsoft,,,41.062611,-104.785195,928061.6,56021,WY,
way,1379421123,Flexential Las Vegas - Downtown,Flexential,Q115417504,,36.168644,-115.143145,40.8,32003,NV,2025-04-21
way,1380114462,,,,,38.737213,-77.826249,5546.6,51061,VA,2025-04-22
way,1380114463,,,,,38.738222,-77.825806,9952.3,51061,VA,2025-04-22
way,1381264361,xAI Colossus,xAI,,,35.059960,-90.156452,72182.7,47157,TN,2025-08-13
way,1381994242,CloudHQ LC4,CloudHQ,Q136332516,LC4,39.002337,-77.471896,42790.8,51107,VA,2025-04-28
way,1382205749,T5@Cleveland,T5 Data Centers,Q115477191,,41.442469,-81.802154,22735.6,39035,OH,2025-04-29
way,1383913490,Databank LGA3,Databank,,,41.039943,-73.989651,18343.9,36087,NY,2025-05-06
way,1383916144,CoreSite NY3,CoreSite,Q5170140,NY3,40.784904,-74.065357,3686.4,34017,NJ,2025-05-06
way,1386016627,Amazon Web Services,Amazon Web Services,Q456157,,40.102429,-82.750129,19836.6,39089,OH,2025-05-13
way,1386016628,Amazon Web Services,Amazon Web Services,Q456157,,40.101978,-82.751912,11673.9,39089,OH,2025-05-13
way,1386016629,Amazon Web Services,Amazon Web Services,Q456157,,40.094219,-82.732111,19799.4,39089,OH,2025-05-13
way,1386016630,Amazon Web Services,Amazon Web Services,Q456157,,40.094378,-82.729281,6728.7,39089,OH,2025-05-13
way,1386016631,Amazon Web Services,Amazon Web Services,Q456157,,40.095502,-82.732004,19643.6,39089,OH,2025-05-13
way,1386016632,Google NBY-5,Google,Q95,,40.056520,-82.772049,26664.0,39049,OH,2025-05-13
way,1386016633,Google NBY-6,Google,Q95,,40.053927,-82.767611,26717.4,39049,OH,2025-05-13
way,1386016634,LCO 1,Meta,Q380,,40.061496,-82.740545,33960.6,39089,OH,2025-05-13
way,1386016635,LCO 2,Meta,Q380,,40.065239,-82.741149,28252.7,39089,OH,2025-05-13
way,1386016636,Amazon Web Services,Amazon Web Services,Q456157,,40.135797,-83.212644,19548.9,39159,OH,2025-05-13
way,1386016637,Amazon Web Services,Amazon Web Services,Q456157,,40.120072,-83.199309,14572.3,39159,OH,2025-05-13
way,1386016638,Amazon Web Services,Amazon Web Services,Q456157,,40.119301,-83.203217,19692.6,39159,OH,2025-05-13
way,1386016639,Amazon Web Services,Amazon Web Services,Q456157,,40.118112,-83.202523,20084.8,39159,OH,2025-05-13
way,1386016640,Amazon Web Services,Amazon Web Services,Q456157,,40.050176,-83.175524,19889.2,39049,OH,2025-05-13
way,1386016641,Amazon Web Services,Amazon Web Services,Q456157,,40.051528,-83.175716,19617.0,39049,OH,2025-05-13
way,1386016642,Amazon Web Services,Amazon Web Services,Q456157,,40.016418,-83.125858,19773.7,39049,OH,2025-05-13
way,1386016643,Amazon Web Services,Amazon Web Services,Q456157,,40.021017,-83.126024,20245.5,39049,OH,2025-05-13
way,1386017490,Amazon Web Services,Amazon Web Services,Q456157,,45.851731,-119.619663,19885.2,41049,OR,2025-05-13
way,1386017491,Amazon Web Services,Amazon Web Services,Q456157,,45.853100,-119.619685,19541.0,41049,OR,2025-05-13
way,1386017492,Amazon Web Services,Amazon Web Services,Q456157,,45.818707,-119.632005,19571.2,41049,OR,2025-05-13
way,1386017493,Amazon Web Services,Amazon Web Services,Q456157,,45.818696,-119.636269,20025.8,41049,OR,2025-05-13
way,1386017494,Amazon Web Services,Amazon Web Services,Q456157,,45.819957,-119.636287,19419.9,41049,OR,2025-05-13
way,1386017495,Amazon Web Services,Amazon Web Services,Q456157,,45.809637,-119.268615,19649.2,41059,OR,2025-05-13
way,1386017496,Amazon Web Services,Amazon Web Services,Q456157,,45.808273,-119.268613,19770.3,41059,OR,2025-05-13
way,1386017497,Amazon Web Services,Amazon Web Services,Q456157,,45.799021,-119.361733,20011.8,41059,OR,2025-05-13
way,1386017498,Amazon Web Services,Amazon Web Services,Q456157,,45.799687,-119.358445,1285.5,41059,OR,2025-05-13
way,1386017499,Amazon Web Services,Amazon Web Services,Q456157,,45.797739,-119.358920,1288.3,41059,OR,2025-05-13
way,1386017500,CYS41 Datacenter,Microsoft,Q2283,,41.124393,-104.897013,4293.2,56021,WY,2025-05-13
way,1386017501,CYS42 Datacenter,Microsoft,Q2283,,41.125383,-104.908910,5608.4,56021,WY,2025-05-13
way,1386926534,xAI Macrohard Colossus 2,xAI,,,34.997983,-90.034867,89335.8,47157,TN,2025-05-15
way,1387080629,,,,,35.568135,-95.512417,10448.5,40101,OK,2025-05-15
way,1387391200,True North Data Centers,True North Data Solutions,,,39.043726,-77.537412,425795.4,51107,VA,2025-05-16
way,1387391201,TikTok Data Center,True North Data Solutions,,,39.044247,-77.537998,15772.0,51107,VA,2025-05-16
way,1391966326,Encompass Minneapolis Facility,Encompass,,,45.132197,-93.095622,6884.3,27003,MN,2025-06-04
way,1392657385,,,,,38.939200,-94.860185,8038.4,20091,KS,2025-06-09
way,1411056682,,Oppidan,,,40.052673,-83.127423,8297.7,39049,OH,2025-07-01
way,1414729942,,,,,44.189237,-105.610480,555.1,56005,WY,2025-08-12
way,1417637306,State of Montana Data Center,State of Montana,,,46.406897,-105.820645,789.0,30017,MT,2025-07-26
way,1421212901,Switch Las Vegas 14,Switch,,14,36.065208,-115.222045,20810.1,32003,NV,2025-08-09
way,1422101108,Google,Google,Q95,,41.339142,-96.084669,26956.9,31055,NE,2025-08-13
way,1422101112,Google,Google,Q95,,41.341939,-96.087719,26954.0,31055,NE,2025-08-13
way,1422101116,Google,Google,Q95,,41.345470,-96.093670,26951.5,31055,NE,2025-08-13
way,1422191450,Applied Digital / Ellendale Data Center,Applied Digital,,,46.013549,-98.572441,251399.1,38021,ND,2025-08-14
way,1422191468,,,,,46.012321,-98.573098,1244.2,38021,ND,2026-06-03
way,1422191469,,,,,46.012399,-98.573742,1473.3,38021,ND,2026-06-03
way,1422191470,,,,,46.013502,-98.571671,1262.6,38021,ND,2026-06-03
way,1422191471,,,,,46.013489,-98.571106,1214.9,38021,ND,2026-06-03
way,1422191472,,,,,46.013508,-98.572299,1150.0,38021,ND,2026-06-03
way,1422191473,,,,,46.013522,-98.572900,1228.7,38021,ND,2026-06-03
way,1422191474,,,,,46.013531,-98.574046,978.5,38021,ND,2026-06-03
way,1422191475,,,,,46.013516,-98.573490,1026.7,38021,ND,2026-06-03
way,1422191476,,,,,46.012395,-98.572617,1092.3,38021,ND,2026-06-03
way,1422191477,,,,,46.012641,-98.574463,609.0,38021,ND,2026-06-03
way,1425043212,QTS NAL 2 DC1,Quality Technology Services,Q18392800,,40.055684,-82.756375,15172.8,39089,OH,2025-08-26
way,1425043213,QTS NAL 2 DC2,Quality Technology Services,Q18392800,,40.053120,-82.756577,13717.9,39089,OH,2025-08-26
way,1425043214,QTS NAL1 DC2,Quality Technology Services,Q18392800,,40.063562,-82.758169,21062.2,39089,OH,2025-08-26
way,1425043215,QTS NAL1 DC1,Quality Technology Services,Q18392800,,40.065108,-82.758056,20914.1,39089,OH,2025-08-26
way,1426146790,,,,,41.795384,-88.246923,15724.2,17043,IL,2025-12-01
way,1426525184,Google,Google,Q95,,32.538994,-96.793169,26833.2,48139,TX,2025-09-02
way,1426525212,Compass Data Center,,,,32.545518,-96.802099,23130.9,48139,TX,2025-09-02
way,1426525213,Compass Data Center,,,,32.544205,-96.802081,23131.5,48139,TX,2025-09-02
way,1426525214,Compass Data Center,,,,32.542913,-96.802085,23131.8,48139,TX,2025-09-02
way,1426525215,Compass Data Center,,,,32.541602,-96.802099,23131.9,48139,TX,2025-09-02
way,1426525216,Compass Data Center,,,,32.540290,-96.802106,23039.8,48139,TX,2025-09-02
way,1426525217,Compass Data Center,,,,32.542674,-96.793610,23406.0,48139,TX,2025-09-02
way,1426525218,Compass Data Center,,,,32.543993,-96.793611,23403.5,48139,TX,2025-09-02
way,1426525219,Compass Data Center,,,,32.545297,-96.793648,23403.4,48139,TX,2025-09-02
way,1426525220,Compass Data Center,,,,32.543965,-96.788507,23404.5,48139,TX,2025-09-02
way,1426525221,Compass Data Center,,,,32.545297,-96.788491,23406.2,48139,TX,2025-09-02
way,1426663252,Amazon IAD-168,Amazon Web Services,Q456157,IAD-168,38.923122,-77.424979,10552.3,51059,VA,2025-09-02
way,1426663253,Amazon IAD-500,Amazon Web Services,Q456157,IAD-500,38.936479,-77.424691,12241.7,51059,VA,2025-09-02
way,1427613543,Google NBY-7,Google,Q95,,40.053911,-82.763927,25118.5,39089,OH,2025-09-07
way,1427613544,Vantage Building 1,Vantage,,,40.102498,-82.746954,22802.7,39089,OH,2025-09-07
way,1427613545,Vantage Building 2,Vantage,,,40.100531,-82.747116,22086.3,39089,OH,2025-09-07
way,1427613546,Vantage Building 3,Vantage,,,40.098765,-82.747243,20666.4,39089,OH,2025-09-07
way,1429883881,Microsoft,Microsoft,Q2283,,47.238592,-119.887412,13326.2,53025,WA,2025-09-15
way,1430720170,,,,,32.596302,-90.089254,20121.7,28089,MS,
way,1430720171,,,,,32.594458,-90.098001,19862.0,28089,MS,
way,1430720172,,,,,32.594472,-90.094411,19861.4,28089,MS,
way,1430720173,,,,,32.596055,-90.094427,19861.1,28089,MS,
way,1430720174,,,,,32.596043,-90.098012,19861.5,28089,MS,
way,1432637060,,,,,29.449680,-98.714387,14348.3,48029,TX,2025-09-24
way,1432637061,,,,,29.450931,-98.713891,14348.1,48029,TX,2025-09-24
way,1432637062,,,,,29.452231,-98.714047,14347.9,48029,TX,2025-09-24
way,1433936352,,,,,39.322637,-94.594924,28559.8,29047,MO,2025-10-06
way,1442054199,Blockfusion Niagra Falls,,,,43.082416,-79.003220,771.4,36063,NY,2026-04-20
way,1443187163,CloudHQ LC3,CloudHQ,Q136332516,LC3,39.011212,-77.460405,22409.0,51107,VA,2025-10-19
way,1443567507,Google The Dalles Data Center,Google,,,45.624254,-121.207671,306284.4,41065,OR,
way,1443567519,Google,Google,Q95,,45.623168,-121.206661,26740.4,41065,OR,2026-05-08
way,1443620406,Alinged Data Center DFW-03,"Aligned Data Centers, LLC",,DFW-03,32.549823,-97.074855,17489.7,48439,TX,2025-10-21
way,1443922527,,,,,39.055994,-77.547338,13843.4,51107,VA,2025-10-22
way,1443922528,,,,,39.057819,-77.546733,9880.5,51107,VA,2025-10-22
way,1443922535,,,,,39.082191,-77.565112,18648.7,51107,VA,2025-10-22
way,1443960771,Meta Montgomery Data Center,,,,32.270736,-86.328518,1879996.0,01101,AL,2026-03-21
way,1446350367,NTT Chicago CH3,NTT,Q1054787,CH3,41.986914,-88.008004,7794.3,17043,IL,2025-10-30
way,1446350370,NTT Chicago CH4,NTT,Q1054787,CH4,41.989095,-88.004765,9415.4,17043,IL,2025-10-30
way,1446405843,AWS Umatilla Data Center,Amazon Web Services,,,45.903068,-119.318544,469046.8,41059,OR,
way,1447029365,Microsoft Data Center 2,Microsoft,Q2283,2,38.799956,-77.583380,22953.6,51153,VA,2025-11-03
way,1447049070,,,,,40.020761,-83.124176,24309.5,39049,OH,2025-11-03
way,1447049071,,,,,40.021202,-83.123188,12080.0,39049,OH,2025-11-03
way,1448024036,,,,,29.444715,-98.644197,38353.1,48029,TX,
way,1449347339,PowerHouse CTP-02,PowerHouse,,,37.360575,-77.325717,7932.4,51041,VA,2026-03-27
way,1450418654,Riot Rockdale,,,,30.573315,-97.080185,404871.2,48331,TX,2025-11-14
way,1450422488,Riot Corsiana,,,,31.969859,-96.513289,1088627.0,48349,TX,2025-11-14
way,1450788161,Riot Kentucky,,,,37.089239,-88.703058,20765.4,21145,KY,2025-11-15
way,1453996659,Meta Beaver Dam Data Center,Meta,,,43.510374,-88.816522,1696551.2,55027,WI,2025-11-29
way,1454573842,,,,,44.734759,-93.061860,30511.2,27037,MN,2025-12-04
way,1454573843,,,,,44.734508,-93.064881,25431.6,27037,MN,2025-12-04
way,1454598380,NTT RagingWire DC - Hillsboro,NTT,Q1054787,HI2,45.548028,-122.937785,19052.3,41067,OR,2026-04-21
way,1454813845,,,,,41.514853,-93.720886,24521.2,19153,IA,2025-11-30
way,1454813846,,,,,41.513888,-93.721410,24521.9,19153,IA,2025-11-30
way,1455907959,Meta Cheyenne Data Center,Meta,,,41.079250,-104.825750,1505492.3,56021,WY,2025-12-04
way,1455915217,,,,,43.463149,-116.268228,28945.3,16001,ID,2025-12-04
way,1455915218,,,,,43.463349,-116.272085,34771.0,16001,ID,2025-12-04
way,1456953254,East Kentucky Network Datacenter,,,,37.600177,-82.678763,1448.8,21071,KY,2025-12-08
way,1456975947,,,,,33.347187,-111.632463,60622.0,04013,AZ,2025-12-08
way,1456975948,,,,,33.346323,-111.628917,60626.2,04013,AZ,2025-12-08
way,1456975949,,,,,33.347169,-111.625968,31351.1,04013,AZ,2025-12-08
way,1457383500,,,,,31.194176,-94.796772,1206.6,48005,TX,2025-12-10
way,1458626323,Google,Google,Q95,,32.440117,-97.060915,26225.1,48139,TX,2025-12-15
way,1459680304,Newrays Two LLC Mining,,,,36.327032,-88.320073,7942.4,47079,TN,2025-12-18
way,1459880367,AWS Canton Data Center,Amazon,,,32.597993,-90.091852,1540461.9,28089,MS,2025-12-19
way,1460776170,,,,,39.055261,-77.544822,13000.5,51107,VA,2025-12-23
way,1460776171,,,,,39.054122,-77.545995,10853.8,51107,VA,2025-12-23
way,1460776174,,,,,39.051021,-77.534749,28196.1,51107,VA,2025-12-23
way,1460847458,EdgeCore Silicon Valley,,,,37.383718,-121.965388,7473.5,06085,CA,2025-12-23
way,1460855151,STACK SVY02,Stack Infrastructure,Q115477173,SVY02,37.361932,-121.953744,12642.6,06085,CA,2025-12-23
way,1460861317,Amazon AWS SAT - 12807 Donop,Amazon Web Services,Q456157,,29.293005,-98.391625,10255.7,48029,TX,2025-12-23
way,1461896928,Prime DFW01-01,Prime,,DFW01-01,32.837814,-96.879846,4615.8,48113,TX,2025-12-26
way,1462886682,,,,,40.115816,-83.001549,9302.6,39049,OH,2025-12-30
way,1464257783,Google,Google,Q95,,38.779293,-77.586340,26904.0,51153,VA,2026-01-05
way,1464257784,QTS Manassas DC1,Quality Technology Services,Q18392800,,38.752551,-77.512523,11902.8,51153,VA,2026-01-05
way,1465196735,QTS Data Center - Hillsboro 3,Quality Technology Services,Q18392800,North Building,45.572028,-122.918489,16382.8,41067,OR,2026-01-07
way,1465196736,QTS Data Center - Hillsboro 3,Quality Technology Services,Q18392800,South Building,45.570077,-122.919898,20059.8,41067,OR,2026-01-07
way,1470108469,,,,,47.240179,-119.863207,46855.7,53025,WA,2026-01-24
way,1470261550,SPC4A,Google,Q95,Building 3,36.624055,-87.256917,15770.2,47125,TN,2026-01-25
way,1471517731,,,,,41.688555,-86.473046,19555.6,18141,IN,2026-06-11
way,1471517732,,,,,41.688537,-86.469860,19554.7,18141,IN,2026-06-11
way,1471517733,,,,,41.692064,-86.464887,19553.7,18141,IN,2026-06-11
way,1471517734,,,,,41.688545,-86.471894,19554.3,18141,IN,2026-06-11
way,1471517735,,,,,41.688563,-86.475072,19554.6,18141,IN,2026-06-11
way,1471517736,,,,,41.692065,-86.466895,19552.7,18141,IN,2026-06-11
way,1471517737,,,,,41.692052,-86.463726,19551.6,18141,IN,2026-06-11
way,1472056705,,,,,32.504191,-99.777724,9698.0,48441,TX,
way,1472056706,,,,,32.504176,-99.778823,9764.0,48441,TX,
way,1472056707,,,,,32.505121,-99.778218,6073.3,48441,TX,
way,1472056708,,,,,32.506054,-99.777759,9704.8,48441,TX,
way,1472056709,,,,,32.506041,-99.778864,9740.0,48441,TX,
way,1472056710,,,,,32.505084,-99.781103,6040.1,48441,TX,
way,1472056711,,,,,32.504152,-99.781570,9712.5,48441,TX,
way,1472056712,,,,,32.506015,-99.781595,9692.0,48441,TX,
way,1472056713,,,,,32.506026,-99.780496,9755.8,48441,TX,
way,1472056714,,,,,32.504161,-99.780466,9751.1,48441,TX,
way,1472128597,QTS,Quality Technology Services,Q18392800,,33.448361,-84.522652,21111.2,13113,GA,2026-01-29
way,1472128598,QTS,Quality Technology Services,Q18392800,,33.450932,-84.523619,31641.8,13113,GA,2026-01-29
way,1473440674,Meta,Meta,Q380,,40.265856,-112.019420,35190.7,49049,UT,2026-02-01
way,1473440676,Meta,Meta,Q380,,40.269876,-112.019453,28818.7,49049,UT,2026-02-01
way,1476734418,Project Jupiter,Acoma LLC;Stargate LLC,,,31.818396,-106.665569,2479485.8,35013,NM,
way,1481581947,CyrusOne CHI3,CyrusOne,Q16953751,,41.802878,-88.246755,19776.1,17043,IL,2026-02-21
way,1481581948,Edged Chicago ORD01,Edged,,,41.806932,-88.241103,10795.0,17043,IL,2026-02-21
way,1482076328,,,,,38.777132,-77.556149,10627.0,51153,VA,2026-05-08
way,1482076330,Amazon IAD230,Amazon Web Services,Q456157,Amazon IAD230,38.989471,-77.449736,12631.1,51107,VA,2026-05-21
way,1484435248,,,,,33.140636,-96.659531,10638.9,48085,TX,2026-03-02
way,1485867694,,,,,41.062060,-104.780223,22936.7,56021,WY,
way,1485867695,,,,,41.063131,-104.780201,22910.0,56021,WY,
way,1485867696,,,,,41.063158,-104.785605,23326.3,56021,WY,
way,1485867768,,,,,41.076796,-104.826578,26872.9,56021,WY,
way,1485867769,,,,,41.077033,-104.823299,32098.1,56021,WY,
way,1486780799,Aligned Data Centers DFW-04,Aligned Data Centers,Q136332540,DFW-04,33.006006,-96.657094,20023.8,48085,TX,2026-03-09
way,1489113575,Verizon Wireless,,,,36.282180,-86.797121,26844.4,47037,TN,2026-03-15
way,1490401523,Argo Data Center,,,,33.777261,-100.868906,589338.9,48125,TX,2026-03-19
way,1493169641,Switch: The Rock,Switch,,,30.487997,-97.672545,16184.0,48491,TX,2026-03-26
way,1493516619,DC6,Quality Technology Services,Q18392800,,37.485232,-77.250127,16047.6,51087,VA,2026-03-27
way,1493516620,DC5,Quality Technology Services,Q18392800,,37.484829,-77.249269,15222.8,51087,VA,2026-03-27
way,1493516621,DC4,Quality Technology Services,Q18392800,,37.483858,-77.247765,15861.5,51087,VA,2026-03-27
way,1493516623,RIC2 DC1,,,,37.488173,-77.240062,23793.6,51087,VA,2026-03-27
way,1493516624,RIC2 DC2,,,,37.487092,-77.240983,23570.3,51087,VA,2026-03-27
way,1493516625,RIC2 DC3,,,,37.486065,-77.241891,23572.1,51087,VA,2026-03-27
way,1493516626,RIC2 DC5,,,,37.484848,-77.242984,23571.0,51087,VA,2026-03-27
way,1493516628,RIC2 DC6,,,,37.483901,-77.243764,23574.2,51087,VA,2026-03-27
way,1493516629,RIC3 DC1,Quality Technology Services,Q18392800,,37.480504,-77.251622,21277.1,51087,VA,2026-03-27
way,1493516630,RIC3 DC2,Quality Technology Services,Q18392800,,37.479727,-77.252210,21279.0,51087,VA,2026-03-27
way,1493516631,RIC3 DC3,Quality Technology Services,Q18392800,,37.478510,-77.252996,21281.4,51087,VA,2026-03-27
way,1493516632,RIC3 DC5,Quality Technology Services,Q18392800,,37.477015,-77.249693,21280.6,51087,VA,2026-03-27
way,1493516633,RIC3 DC4,Quality Technology Services,Q18392800,,37.477917,-77.248977,21280.7,51087,VA,2026-03-27
way,1493522238,,Iron Mountain,,,37.498304,-77.234990,249531.7,51087,VA,2026-03-27
way,1493522239,,Meta,Q380,,37.476659,-77.239326,77914.2,51087,VA,2026-03-27
way,1493522240,White Oak Technology Park 2,QTS,,,37.506124,-77.255032,139334.9,51087,VA,2026-03-27
way,1493522241,,DC Blox,,,37.604853,-77.422842,51439.2,51087,VA,2026-03-27
way,1493522242,PowerHouse CTP-02,PowerHouse,,,37.358163,-77.324252,22257.8,51041,VA,2026-03-27
way,1494498031,Tahoe Reno 4,Switch,Q7659059,,39.509983,-119.483041,28498.6,32029,NV,2026-03-31
way,1494498032,Tahoe Reno 5,Switch,Q7659059,,39.508198,-119.483237,28499.5,32029,NV,2026-03-31
way,1498005255,,SC,,,37.278406,-98.588462,42.5,20007,KS,2026-04-09
way,1498670679,,,,,31.057389,-97.298344,13453.9,48027,TX,2026-04-11
way,1501120016,Google,Google,Q95,,39.724080,-82.687567,27105.6,39045,OH,2026-04-19
way,1501436323,Amazon Web Services,Amazon Web Services,Q456157,,45.853872,-119.619713,20438.6,41049,OR,2026-04-20
way,1501436324,Amazon Web Services,Amazon Web Services,Q456157,,45.855237,-119.619725,19861.2,41049,OR,2026-04-20
way,1501455347,Amazon Web Services,Amazon Web Services,Q456157,,45.811749,-119.268669,19648.5,41059,OR,2026-04-20
way,1501455348,Amazon Web Services,Amazon Web Services,Q456157,,45.810378,-119.268665,19766.2,41059,OR,2026-04-20
way,1501456882,Amazon Web Services,Amazon Web Services,Q456157,,45.811206,-119.278250,19972.7,41059,OR,2026-04-20
way,1501805557,Crane DC - Portland,Crane Data Centers Inc.,,,45.514779,-123.078710,11082.8,41067,OR,2026-04-21
way,1501824325,,,,,45.711023,-119.822800,797071.5,41049,OR,2026-04-21
way,1501824326,Percheron DC,Rowan Green Data LLC,,,45.711318,-119.826235,23391.0,41049,OR,2026-04-21
way,1501824327,Percheron DC,Rowan Green Data LLC,,,45.711934,-119.824764,23389.5,41049,OR,2026-04-21
way,1501824328,Percheron DC,Rowan Green Data LLC,,,45.708272,-119.822273,23391.7,41049,OR,2026-04-21
way,1501824329,Percheron DC,Rowan Green Data LLC,,,45.709321,-119.821212,23391.4,41049,OR,2026-04-21
way,1501825871,NYGC Chateaugay,2CRSi,,,44.893082,-74.072723,60632.1,36033,NY,2026-04-21
way,1502710556,Vantage San Antonio II,,,,29.477957,-98.697682,112871.2,48029,TX,
way,1502710557,Vantage Data Centers TX22,Vantage Data Centers,Q133440987,,29.479083,-98.697699,10522.4,48029,TX,2026-04-23
way,1502711381,Microsoft,Microsoft,Q2283,,29.470220,-98.698835,22880.1,48029,TX,2026-04-23
way,1504463315,MDC,,,,31.750011,-106.309919,867.9,48141,TX,2026-04-27
way,1510420026,,,,,42.673302,-87.896839,26675.0,55101,WI,2026-05-08
way,1510517629,,amazon web services,,,45.809819,-119.858895,19865.4,41049,OR,2026-05-08
way,1510517630,Google,Google,Q95,,45.624777,-121.208425,26728.0,41065,OR,2026-05-08
way,1510517631,Amazon Web Services,Amazon Web Services,Q456157,,32.411926,-90.187827,20181.5,28089,MS,2026-05-08
way,1510517632,Amazon Web Services,Amazon Web Services,Q456157,,32.411936,-90.189523,20241.9,28089,MS,2026-05-08
way,1510517633,Amazon Web Services,Amazon Web Services,Q456157,,32.411960,-90.190547,19967.1,28089,MS,2026-05-08
way,1510517634,Amazon Web Services,Amazon Web Services,Q456157,,32.411922,-90.192242,19890.2,28089,MS,2026-05-08
way,1510517635,QTS,Quality Technology Services,Q18392800,,33.462265,-84.523720,30950.4,13113,GA,2026-05-08
way,1510517636,QTS,Quality Technology Services,Q18392800,,33.463912,-84.529192,19166.6,13113,GA,2026-05-08
way,1510517637,,,,,38.775165,-77.539972,13923.9,51153,VA,2026-05-08
way,1510517638,Amazon Web Services,Amazon Web Services,Q456157,,38.789367,-77.581987,12558.9,51153,VA,2026-05-08
way,1510517639,Amazon Web Services,Amazon Web Services,Q456157,,38.789446,-77.579688,12445.9,51153,VA,2026-05-08
way,1510517640,Amazon Web Services,Amazon Web Services,Q456157,,38.746660,-77.497329,12247.4,51683,VA,2026-05-08
way,1510517641,Amazon Web Services,Amazon Web Services,Q456157,,38.747637,-77.494778,11555.2,51683,VA,2026-05-08
way,1510517642,Amazon Web Services,Amazon Web Services,Q456157,,38.749546,-77.493026,10255.6,51683,VA,2026-05-08
way,1511639842,,,,,31.532749,-103.806272,5332.4,48389,TX,2026-05-10
way,1511639843,,,,,31.532749,-103.805229,5332.4,48389,TX,2026-05-10
way,1511639844,,,,,31.532761,-103.804192,5332.2,48389,TX,2026-05-10
way,1511639845,,,,,31.533345,-103.800415,1089.5,48389,TX,2026-05-10
way,1511639887,Core Scientific COT2 Data Center,,,,31.537221,-103.817247,201779.6,48389,TX,2026-05-10
way,1513177952,Colossus 2,xAI,,,34.998066,-90.037283,503583.0,47157,TN,2026-05-13
way,1513177953,MACROHARDRR,xAI,,,34.993452,-90.034243,171838.2,28033,MS,2026-05-13
way,1518445423,,Google,,,39.597031,-86.456346,830299.0,18109,IN,2026-05-21
way,1518717349,Digital Realty Northern Virginia IAD40,Digital Realty,Q5275969,IAD40,39.006244,-77.468289,10205.8,51107,VA,2026-05-22
way,1518761569,Vantage VA14,Vantage Data Centers,Q133440987,VA14,39.002889,-77.439385,11332.7,51107,VA,2026-05-22
way,1519367009,Information Systems Facility,WSMR,,120-123,32.380506,-106.481066,3187.8,35013,NM,2026-05-23
way,1521913706,,,,,38.935605,-77.426710,12241.5,51059,VA,2026-05-25
way,1521913707,,,,,38.937288,-77.425787,12241.0,51059,VA,2026-05-25
way,1522636324,Equinix Ashburn DC22,Equinix,Q851641,DC22,39.013398,-77.453794,5761.3,51107,VA,2026-05-26
way,1524488060,,,,,29.466521,-98.688315,34704.8,48029,TX,2026-05-30
way,1525436762,Digital Realty,Digital Realty,Q5275969,,32.974448,-96.650202,23797.5,48113,TX,2026-06-16
way,1528327802,The Barn Data Center,,,,42.122119,-83.883278,1367460.7,26161,MI,2026-06-11
way,1528485106,Joliet Technology Center,,,,41.458211,-88.054593,3225949.5,17197,IL,2026-06-11
way,1528490093,Microsoft Fairwater Phase 2,,,,42.690943,-87.932436,3147782.3,55101,WI,2026-06-11
way,1528490094,Microsoft Fairwater AI Phase 2,,,,42.676084,-87.909755,899707.5,55101,WI,2026-06-11
way,1528887658,"Landmax Data Systems, Inc",,,,42.997217,-77.645829,135.3,36055,NY,2026-06-12
way,1529510642,Compass PHX II,,,,33.576842,-112.329629,460346.2,04013,AZ,2026-06-15
way,1530196328,DataBank SLC6,DataBank,Q117314439,SLC6,40.480597,-111.906384,8603.6,49035,UT,2026-06-16
way,1530197817,Digital Realty,Digital Realty,Q5275969,,32.976438,-96.650123,18800.8,48113,TX,2026-06-16
way,1530199676,NTT,NTT,Q1054787,,32.979575,-96.658356,11446.3,48113,TX,2026-06-16
way,1530200859,Aligned  DFW-02,Aligned,,DFW-02,33.009002,-96.675138,8152.5,48085,TX,2026-06-16
way,1530966366,,,,,32.499988,-99.776246,9706.3,48441,TX,
way,1530966367,,,,,32.499975,-99.777351,9741.5,48441,TX,
way,1530966368,,,,,32.499056,-99.776705,6074.3,48441,TX,
way,1530966369,,,,,32.498125,-99.776211,9698.6,48441,TX,
way,1530966370,,,,,32.498110,-99.777310,9764.7,48441,TX,
way,1530966371,,,,,32.498095,-99.779311,9751.7,48441,TX,
way,1530966372,,,,,32.498086,-99.780416,9713.2,48441,TX,
way,1530966373,,,,,32.499019,-99.779949,6041.0,48441,TX,
way,1530966374,,,,,32.499950,-99.780441,9693.5,48441,TX,
way,1530966375,,,,,32.499960,-99.779342,9757.4,48441,TX,
way,1530966376,,,,,32.499955,-99.782465,9706.3,48441,TX,
way,1530966377,,,,,32.499942,-99.783569,9741.6,48441,TX,
way,1530966378,,,,,32.499023,-99.782924,6074.8,48441,TX,
way,1530966379,,,,,32.498092,-99.782429,9698.6,48441,TX,
way,1530966380,,,,,32.498077,-99.783528,9764.7,48441,TX,
way,1530966381,,,,,32.498049,-99.785507,9752.6,48441,TX,
way,1530966382,,,,,32.498041,-99.786612,9714.1,48441,TX,
way,1530966383,,,,,32.498973,-99.786145,6041.6,48441,TX,
way,1530966384,,,,,32.499904,-99.786637,9692.6,48441,TX,
way,1530966385,,,,,32.499915,-99.785538,9756.5,48441,TX,
way,1530966386,,,,,32.498463,-99.791168,9705.6,48441,TX,
way,1530966387,,,,,32.498450,-99.792273,9740.8,48441,TX,
way,1530966388,,,,,32.497531,-99.791627,6074.4,48441,TX,
way,1530966389,,,,,32.496600,-99.791132,9699.7,48441,TX,
way,1530966390,,,,,32.496585,-99.792231,9765.7,48441,TX,
way,1530966391,,,,,32.496564,-99.794457,9752.8,48441,TX,
way,1530966392,,,,,32.496555,-99.795562,9714.2,48441,TX,
way,1530966393,,,,,32.497487,-99.795095,6040.6,48441,TX,
way,1530966394,,,,,32.498418,-99.795587,9693.7,48441,TX,
way,1530966395,,,,,32.498429,-99.794488,9757.5,48441,TX,
way,1531008936,Project Skyway,Google,,,44.219060,-92.645070,744894.5,27049,MN,
way,1532070752,PHX-12,Microsoft,Q2283,PHX-12,33.410235,-112.364866,22959.7,04013,AZ,
way,1532070753,PHX-13,Microsoft,Q2283,PHX-13,33.411544,-112.364853,22959.3,04013,AZ,
way,1532070754,PHX-14,Microsoft,Q2283,PHX-14,33.412796,-112.364863,22956.8,04013,AZ,
way,1532070757,Vantage Data Centers AZ2 Campus,,,,33.404623,-112.372823,149195.2,04013,AZ,
way,1533148730,Vantage TX11,Vantage Data Centers,Q133440987,,29.416857,-98.790187,11417.3,48029,TX,
way,1533148752,,,,,29.415808,-98.786421,12583.0,48029,TX,
way,1533349843,Vantage TX12,Vantage Data Centers,Q133440987,,29.415598,-98.788866,11417.4,48029,TX,
way,1533349844,Vantage TX12,Vantage Data Centers,Q133440987,,29.415167,-98.789751,11417.4,48029,TX,
way,1533350872,Microsoft,Microsoft,Q2283,,29.418960,-98.802906,14077.7,48029,TX,
way,1533392812,Microsoft SAT 80,Microsoft,Q2283,,29.429192,-98.876658,22662.2,48325,TX,
way,1533392813,Microsoft SAT 81,Microsoft,Q2283,,29.427999,-98.876656,22662.8,48325,TX,
way,1533392814,Microsoft SAT 82,Microsoft,Q2283,,29.426655,-98.876641,22662.5,48325,TX,
way,1534114833,,,,,41.142296,-104.717651,22973.5,56021,WY,
way,1534115979,Project Jade Data Center,,,,41.036685,-104.800054,2425955.9,56021,WY,
way,1534356804,,,,,39.005241,-77.446399,11648.9,51107,VA,
way,1534356805,,,,,39.003506,-77.448575,11683.3,51107,VA,
way,1534758773,Datacenter,,,,46.939993,-67.905588,772.2,23003,ME,
way,1535715798,Data Foundry,,,,29.945171,-95.424227,9757.4,48201,TX,
way,1535752110,Vantage Data Centers TX21,Vantage Data Centers,Q133440987,,29.477372,-98.697523,10523.4,48029,TX,
way,1536086683,,,,,31.513432,-103.449123,5264.2,48475,TX,
way,1536086684,,,,,31.513879,-103.448667,5264.7,48475,TX,
way,1536981894,Amazon Web Services,Amazon Web Services,Q456157,,38.741982,-77.186173,11314.9,51059,VA,
way,1537389914,,,,,29.450864,-98.638574,117233.6,48029,TX,
way,1537390734,,,,,29.445246,-98.644087,398.8,48029,TX,
way,1537390735,,,,,29.445041,-98.644251,398.8,48029,TX,
way,1537390736,,,,,29.444851,-98.644404,398.9,48029,TX,
way,1537390737,,,,,29.444662,-98.644556,398.8,48029,TX,
way,1537390738,,,,,29.444475,-98.644710,398.8,48029,TX,
way,1537390739,,,,,29.444286,-98.644861,398.7,48029,TX,
way,1537390740,,,,,29.444908,-98.643546,398.8,48029,TX,
way,1537390741,,,,,29.444700,-98.643710,398.9,48029,TX,
way,1537390742,,,,,29.444513,-98.643863,398.9,48029,TX,
way,1537390743,,,,,29.444327,-98.644015,398.9,48029,TX,
way,1537390744,,,,,29.444138,-98.644168,398.7,48029,TX,
way,1537390745,,,,,29.443950,-98.644318,398.8,48029,TX,
way,1537390746,,,,,29.445070,-98.643813,863.2,48029,TX,
way,1537390747,,,,,29.444864,-98.643979,863.2,48029,TX,
way,1537390748,,,,,29.444680,-98.644131,863.4,48029,TX,
way,1537390749,,,,,29.444488,-98.644282,863.3,48029,TX,
way,1537390750,,,,,29.444302,-98.644434,863.4,48029,TX,
way,1537390751,,,,,29.444115,-98.644585,863.2,48029,TX,
way,1539600946,,,,,41.270938,-79.814126,66.6,42121,PA,
way,1539600947,,,,,41.270940,-79.813954,66.8,42121,PA,
way,1539600948,,,,,41.271045,-79.814129,66.7,42121,PA,
way,1539600949,,,,,41.271048,-79.813960,66.6,42121,PA,
way,1539600950,,,,,41.271168,-79.813962,66.8,42121,PA,
way,1539600951,,,,,41.271165,-79.814131,66.7,42121,PA,
way,1539600952,,,,,41.271276,-79.814138,66.7,42121,PA,
way,1539600953,,,,,41.271278,-79.813966,66.7,42121,PA,
way,1539600954,,,,,41.271852,-79.813552,66.8,42121,PA,
way,1539600955,,,,,41.271855,-79.813383,66.6,42121,PA,
way,1539600956,,,,,41.271741,-79.813380,66.8,42121,PA,
way,1539600957,,,,,41.271737,-79.813551,66.6,42121,PA,
way,1539600958,,,,,41.271625,-79.813545,66.6,42121,PA,
way,1539600959,,,,,41.271628,-79.813375,66.7,42121,PA,
way,1539600960,,,,,41.271511,-79.813544,66.8,42121,PA,
way,1539600961,,,,,41.271514,-79.813372,66.6,42121,PA,
way,1539600962,,,,,41.271401,-79.813368,66.7,42121,PA,
way,1539600963,,,,,41.271398,-79.813540,66.6,42121,PA,
way,1539600964,,,,,41.271285,-79.813534,66.6,42121,PA,
way,1539600965,,,,,41.271288,-79.813365,66.6,42121,PA,
way,1539600966,,,,,41.271172,-79.813532,66.6,42121,PA,
way,1539600967,,,,,41.271175,-79.813363,66.8,42121,PA,
way,1539600968,,,,,41.271058,-79.813528,66.8,42121,PA,
way,1539600969,,,,,41.271061,-79.813361,66.6,42121,PA,
way,1539600971,,,,,41.271991,-79.812837,66.4,42121,PA,
way,1539600972,,,,,41.272100,-79.812838,66.5,42121,PA,
way,1539603377,,,,,41.272127,-79.812501,66.5,42121,PA,
way,1539603378,,,,,41.272163,-79.812358,66.5,42121,PA,
way,1539603379,,,,,41.272317,-79.812523,66.4,42121,PA,
way,1539603380,,,,,41.272319,-79.812353,66.5,42121,PA,
way,1539603381,,,,,41.272393,-79.812844,66.4,42121,PA,
way,1539603382,,,,,41.272280,-79.812846,66.4,42121,PA,
way,1540172608,,,,,34.857617,-86.622154,28207.1,01089,AL,
way,1540172612,,,,,34.851087,-86.626169,33800.0,01089,AL,
way,1541194576,AWS Ridgeland Data Center,Amazon,,,32.408034,-90.189532,1235109.7,28089,MS,
way,1543296494,Digital Realty Northern Virginia IAD44,Digital Realty,Q5275969,,38.962627,-77.490044,37116.5,51107,VA,
way,1543931282,Digital Realty ACC2,Digital Realty,Q5275969,ACC2,39.021521,-77.459301,7916.8,51107,VA,
way,1543931283,Equinix Ashburn DC17,Equinix,Q851641,DC17,39.025006,-77.453613,8160.9,51107,VA,
way,1544103415,,,,,38.957388,-77.535715,13864.1,51107,VA,
way,1544103416,,,,,38.956637,-77.533168,13866.2,51107,VA,
way,1544104138,,,,,38.958823,-77.502639,7572.3,51107,VA,
way,1544360246,,,,,38.995994,-77.459690,15120.2,51107,VA,
way,1544360247,,,,,38.995077,-77.445986,7615.7,51107,VA,
way,1544360248,Vantage VA15,,,,38.999329,-77.441825,5949.7,51107,VA,
way,1544360249,QTS Ashburn 2,Quality Technology Services,Q18392800,DC2,38.998249,-77.449084,5898.5,51107,VA,
way,1544360250,,,,,39.003572,-77.446776,11683.0,51107,VA,
way,1544712660,Advanced Operations Center,University of Minnesota,,,44.979400,-93.226389,1860.7,27053,MN,
