region_id,region_kind,name,state,fips,substation_count,bulk_substation_count,max_voltage_kv,plant_count,plant_capacity_mw,plants_without_capacity
county:01001,county,Autauga County,AL,01001,21,7,500.0,4,3252.5,0
county:01003,county,Baldwin County,AL,01003,53,4,230.0,0,0.0,0
county:01005,county,Barbour County,AL,01005,12,0,115.0,0,0.0,0
county:01007,county,Bibb County,AL,01007,5,1,500.0,0,0.0,0
county:01009,county,Blount County,AL,01009,8,1,230.0,0,0.0,0
county:01011,county,Bullock County,AL,01011,4,0,115.0,0,0.0,0
county:01013,county,Butler County,AL,01013,7,1,230.0,0,0.0,0
county:01015,county,Calhoun County,AL,01015,26,2,230.0,4,835.7,0
county:01017,county,Chambers County,AL,01017,14,2,230.0,3,79.2,2
county:01019,county,Cherokee County,AL,01019,5,1,230.0,1,87.6,0
county:01021,county,Chilton County,AL,01021,20,0,115.0,2,347.0,0
county:01023,county,Choctaw County,AL,01023,4,0,115.0,0,0.0,0
county:01025,county,Clarke County,AL,01025,14,1,230.0,0,0.0,0
county:01027,county,Clay County,AL,01027,3,1,230.0,0,0.0,0
county:01029,county,Cleburne County,AL,01029,5,0,115.0,0,0.0,0
county:01031,county,Coffee County,AL,01031,12,1,230.0,1,0.0,1
county:01033,county,Colbert County,AL,01033,18,0,161.0,3,2063.3,0
county:01035,county,Conecuh County,AL,01035,7,1,230.0,0,0.0,0
county:01037,county,Coosa County,AL,01037,3,0,115.0,0,0.0,0
county:01039,county,Covington County,AL,01039,14,2,230.0,4,742.2,0
county:01041,county,Crenshaw County,AL,01041,7,0,115.0,0,0.0,0
county:01043,county,Cullman County,AL,01043,14,1,500.0,3,0.0,3
county:01045,county,Dale County,AL,01045,15,1,230.0,1,10.6,0
county:01047,county,Dallas County,AL,01047,17,1,230.0,1,104.2,0
county:01049,county,DeKalb County,AL,01049,9,0,161.0,1,4.8,0
county:01051,county,Elmore County,AL,01051,27,0,115.0,5,677.1,0
county:01053,county,Escambia County,AL,01053,12,1,230.0,1,103.4,0
county:01055,county,Etowah County,AL,01055,22,4,230.0,0,0.0,0
county:01057,county,Fayette County,AL,01057,7,0,161.0,0,0.0,0
county:01059,county,Franklin County,AL,01059,6,0,161.0,0,0.0,0
county:01061,county,Geneva County,AL,01061,9,3,230.0,0,0.0,0
county:01063,county,Greene County,AL,01063,4,1,230.0,1,1288.4,0
county:01065,county,Hale County,AL,01065,9,1,230.0,0,0.0,0
county:01067,county,Henry County,AL,01067,8,0,115.0,1,168.0,0
county:01069,county,Houston County,AL,01069,23,3,500.0,2,1776.4,1
county:01071,county,Jackson County,AL,01071,19,1,500.0,0,0.0,0
county:01073,county,Jefferson County,AL,01073,146,14,500.0,3,2822.0,2
county:01075,county,Lamar County,AL,01075,3,1,500.0,0,0.0,0
county:01077,county,Lauderdale County,AL,01077,6,0,161.0,1,75.0,0
county:01079,county,Lawrence County,AL,01079,6,0,161.0,2,405.0,0
county:01081,county,Lee County,AL,01081,47,6,230.0,3,2271.7,0
county:01083,county,Limestone County,AL,01083,12,2,500.0,2,3582.2,0
county:01085,county,Lowndes County,AL,01085,9,0,115.0,1,97.0,0
county:01087,county,Macon County,AL,01087,8,0,115.0,3,0.0,3
county:01089,county,Madison County,AL,01089,19,1,500.0,6,43.4,4
county:01091,county,Marengo County,AL,01091,11,0,115.0,0,0.0,0
county:01093,county,Marion County,AL,01093,4,0,161.0,0,0.0,0
county:01095,county,Marshall County,AL,01095,10,0,161.0,2,119.2,0
county:01097,county,Mobile County,AL,01097,89,14,230.0,5,3330.4,0
county:01099,county,Monroe County,AL,01099,8,1,230.0,1,117.0,0
county:01101,county,Montgomery County,AL,01101,52,7,500.0,2,100.0,1
county:01103,county,Morgan County,AL,01103,20,2,500.0,2,1802.4,0
county:01105,county,Perry County,AL,01105,3,0,115.0,0,0.0,0
county:01107,county,Pickens County,AL,01107,3,0,115.0,0,0.0,0
county:01109,county,Pike County,AL,01109,13,1,230.0,0,0.0,0
county:01111,county,Randolph County,AL,01111,8,0,115.0,1,135.0,0
county:01113,county,Russell County,AL,01113,18,0,115.0,2,150.5,0
county:01115,county,St. Clair County,AL,01115,19,0,115.0,1,128.1,0
county:01117,county,Shelby County,AL,01117,38,5,230.0,1,2034.0,0
county:01119,county,Sumter County,AL,01119,10,0,115.0,0,0.0,0
county:01121,county,Talladega County,AL,01121,31,1,230.0,2,124.5,0
county:01123,county,Tallapoosa County,AL,01123,18,1,230.0,1,822.8,0
county:01125,county,Tuscaloosa County,AL,01125,80,7,230.0,2,100.8,0
county:01127,county,Walker County,AL,01127,23,2,230.0,1,181.0,0
county:01129,county,Washington County,AL,01129,15,4,230.0,3,1529.7,0
county:01131,county,Wilcox County,AL,01131,8,0,115.0,2,178.5,0
county:01133,county,Winston County,AL,01133,6,0,161.0,0,0.0,0
county:02013,county,Aleutians East Borough,AK,02013,0,0,0.0,13,0.9,11
county:02020,county,Anchorage Municipality,AK,02020,11,2,230.0,7,817.7,2
county:02063,county,Chugach Census Area,AK,02063,0,0,0.0,4,35.2,0
county:02068,county,Denali Borough,AK,02068,1,1,230.0,2,117.4,0
county:02070,county,Dillingham Census Area,AK,02070,0,0,0.0,2,13.8,0
county:02090,county,Fairbanks North Star Borough,AK,02090,3,1,230.0,10,360.1,1
county:02100,county,Haines Borough,AK,02100,0,0,0.0,1,0.0,1
county:02105,county,Hoonah-Angoon Census Area,AK,02105,0,0,0.0,1,0.0,1
county:02110,county,Juneau City and Borough,AK,02110,4,0,138.0,8,243.0,1
county:02122,county,Kenai Peninsula Borough,AK,02122,2,1,230.0,8,724.3,1
county:02130,county,Ketchikan Gateway Borough,AK,02130,1,0,115.0,5,62.9,0
county:02150,county,Kodiak Island Borough,AK,02150,0,0,0.0,3,60.9,0
county:02158,county,Kusilvak Census Area,AK,02158,0,0,0.0,2,2.7,0
county:02164,county,Lake and Peninsula Borough,AK,02164,0,0,0.0,1,0.8,0
county:02170,county,Matanuska-Susitna Borough,AK,02170,2,2,230.0,5,51.7,1
county:02180,county,Nome Census Area,AK,02180,0,0,0.0,1,2.6,0
county:02195,county,Petersburg Borough,AK,02195,0,0,0.0,2,2.0,1
county:02198,county,Prince of Wales-Hyder Census Area,AK,02198,0,0,0.0,2,8.9,0
county:02220,county,Sitka City and Borough,AK,02220,0,0,0.0,3,60.1,0
county:02230,county,Skagway Municipality,AK,02230,0,0,0.0,2,8.7,0
county:02240,county,Southeast Fairbanks Census Area,AK,02240,6,0,69.0,4,27.1,1
county:02275,county,Wrangell City and Borough,AK,02275,0,0,0.0,1,22.6,0
county:02290,county,Yukon-Koyukuk Census Area,AK,02290,0,0,0.0,1,0.0,1
county:04001,county,Apache County,AZ,04001,15,2,500.0,6,2587.6,4
county:04003,county,Cochise County,AZ,04003,47,8,345.0,19,1437.5,8
county:04005,county,Coconino County,AZ,04005,46,10,500.0,6,2028.4,2
county:04007,county,Gila County,AZ,04007,18,2,345.0,1,0.0,1
county:04009,county,Graham County,AZ,04009,28,2,230.0,1,0.0,1
county:04011,county,Greenlee County,AZ,04011,7,6,345.0,0,0.0,0
county:04012,county,La Paz County,AZ,04012,14,3,500.0,6,51.5,4
county:04013,county,Maricopa County,AZ,04013,449,79,500.0,87,19676.4,27
county:04015,county,Mohave County,AZ,04015,81,15,345.0,17,2215.7,4
county:04017,county,Navajo County,AZ,04017,23,4,500.0,7,210.6,3
county:04019,county,Pima County,AZ,04019,68,6,345.0,47,1474.7,14
county:04021,county,Pinal County,AZ,04021,114,29,500.0,30,4187.0,5
county:04023,county,Santa Cruz County,AZ,04023,5,0,138.0,4,114.0,2
county:04025,county,Yavapai County,AZ,04025,43,7,500.0,17,47.7,13
county:04027,county,Yuma County,AZ,04027,36,5,500.0,13,1822.3,4
county:05001,county,Arkansas County,AR,05001,15,2,230.0,2,85.8,0
county:05003,county,Ashley County,AR,05003,9,0,115.0,4,211.2,0
county:05005,county,Baxter County,AR,05005,19,0,161.0,2,420.4,0
county:05007,county,Benton County,AR,05007,57,3,345.0,1,558.0,0
county:05009,county,Boone County,AR,05009,5,0,161.0,0,0.0,0
county:05011,county,Bradley County,AR,05011,7,0,115.0,0,0.0,0
county:05013,county,Calhoun County,AR,05013,6,0,115.0,3,14.0,1
county:05015,county,Carroll County,AR,05015,12,0,161.0,2,113.0,0
county:05017,county,Chicot County,AR,05017,9,1,230.0,1,100.0,0
county:05019,county,Clark County,AR,05019,11,0,115.0,2,71.0,0
county:05021,county,Clay County,AR,05021,10,0,161.0,0,0.0,0
county:05023,county,Cleburne County,AR,05023,11,0,161.0,2,96.0,1
county:05025,county,Cleveland County,AR,05025,5,0,115.0,0,0.0,0
county:05027,county,Columbia County,AR,05027,12,1,500.0,0,0.0,0
county:05029,county,Conway County,AR,05029,10,1,500.0,1,32.4,0
county:05031,county,Craighead County,AR,05031,25,1,500.0,3,235.3,0
county:05033,county,Crawford County,AR,05033,18,0,161.0,2,33.7,0
county:05035,county,Crittenden County,AR,05035,13,1,500.0,2,360.0,0
county:05037,county,Cross County,AR,05037,12,0,161.0,2,1.0,1
county:05039,county,Dallas County,AR,05039,4,0,115.0,0,0.0,0
county:05041,county,Desha County,AR,05041,9,0,115.0,2,130.6,0
county:05043,county,Drew County,AR,05043,6,0,115.0,1,0.0,1
county:05045,county,Faulkner County,AR,05045,16,1,500.0,2,0.0,2
county:05047,county,Franklin County,AR,05047,11,0,161.0,3,290.0,0
county:05049,county,Fulton County,AR,05049,3,0,161.0,2,1.0,1
county:05051,county,Garland County,AR,05051,21,0,115.0,3,132.0,0
county:05053,county,Grant County,AR,05053,5,1,500.0,0,0.0,0
county:05055,county,Greene County,AR,05055,19,0,161.0,2,34.6,0
county:05057,county,Hempstead County,AR,05057,11,1,345.0,4,763.8,2
county:05059,county,Hot Spring County,AR,05059,14,3,500.0,4,2022.3,0
county:05061,county,Howard County,AR,05061,14,0,138.0,6,0.0,6
county:05063,county,Independence County,AR,05063,9,1,500.0,3,1803.5,1
county:05065,county,Izard County,AR,05065,10,0,161.0,0,0.0,0
county:05067,county,Jackson County,AR,05067,11,0,161.0,3,183.9,0
county:05069,county,Jefferson County,AR,05069,25,3,500.0,5,2121.0,2
county:05071,county,Johnson County,AR,05071,10,0,161.0,2,7.2,0
county:05073,county,Lafayette County,AR,05073,7,0,115.0,0,0.0,0
county:05075,county,Lawrence County,AR,05075,7,0,161.0,2,0.0,2
county:05077,county,Lee County,AR,05077,7,1,230.0,1,100.0,0
county:05079,county,Lincoln County,AR,05079,4,0,115.0,1,1.0,0
county:05081,county,Little River County,AR,05081,14,0,138.0,1,156.5,0
county:05083,county,Logan County,AR,05083,9,0,161.0,1,1.5,0
county:05085,county,Lonoke County,AR,05085,17,2,500.0,9,3.0,8
county:05087,county,Madison County,AR,05087,6,0,69.0,0,0.0,0
county:05089,county,Marion County,AR,05089,3,0,161.0,0,0.0,0
county:05091,county,Miller County,AR,05091,19,0,138.0,2,0.2,1
county:05093,county,Mississippi County,AR,05093,28,6,500.0,13,817.6,8
county:05095,county,Monroe County,AR,05095,5,1,230.0,1,0.0,1
county:05097,county,Montgomery County,AR,05097,2,0,115.0,0,0.0,0
county:05099,county,Nevada County,AR,05099,3,0,115.0,1,0.0,1
county:05101,county,Newton County,AR,05101,1,0,69.0,0,0.0,0
county:05103,county,Ouachita County,AR,05103,8,0,115.0,4,136.0,3
county:05105,county,Perry County,AR,05105,6,0,115.0,0,0.0,0
county:05107,county,Phillips County,AR,05107,8,1,230.0,1,0.0,1
county:05109,county,Pike County,AR,05109,7,0,138.0,2,25.5,1
county:05111,county,Poinsett County,AR,05111,8,0,161.0,1,0.0,1
county:05113,county,Polk County,AR,05113,12,0,138.0,2,1.0,1
county:05115,county,Pope County,AR,05115,9,1,500.0,1,1824.0,0
county:05117,county,Prairie County,AR,05117,3,0,115.0,0,0.0,0
county:05119,county,Pulaski County,AR,05119,53,2,500.0,9,652.9,3
county:05121,county,Randolph County,AR,05121,8,0,161.0,0,0.0,0
county:05123,county,St. Francis County,AR,05123,12,0,161.0,3,3.0,0
county:05125,county,Saline County,AR,05125,20,0,115.0,2,1.0,1
county:05127,county,Scott County,AR,05127,2,0,69.0,0,0.0,0
county:05129,county,Searcy County,AR,05129,4,0,161.0,1,0.0,1
county:05131,county,Sebastian County,AR,05131,31,1,500.0,0,0.0,0
county:05133,county,Sevier County,AR,05133,5,0,138.0,0,0.0,0
county:05135,county,Sharp County,AR,05135,7,0,161.0,0,0.0,0
county:05137,county,Stone County,AR,05137,1,0,161.0,0,0.0,0
county:05139,county,Union County,AR,05139,27,2,500.0,2,2428.0,1
county:05141,county,Van Buren County,AR,05141,12,0,161.0,0,0.0,0
county:05143,county,Washington County,AR,05143,40,1,345.0,9,438.0,3
county:05145,county,White County,AR,05145,17,0,161.0,9,206.0,5
county:05147,county,Woodruff County,AR,05147,7,0,161.0,2,122.0,1
county:05149,county,Yell County,AR,05149,4,0,161.0,3,161.2,1
county:06001,county,Alameda County,CA,06001,44,18,500.0,79,1302.5,65
county:06005,county,Amador County,CA,06005,1,1,230.0,8,196.7,5
county:06007,county,Butte County,CA,06007,11,5,500.0,21,1107.3,10
county:06009,county,Calaveras County,CA,06009,3,2,230.0,5,313.2,0
county:06011,county,Colusa County,CA,06011,3,3,500.0,24,745.5,20
county:06013,county,Contra Costa County,CA,06013,44,19,230.0,59,3940.7,38
county:06015,county,Del Norte County,CA,06015,11,0,115.0,0,0.0,0
county:06017,county,El Dorado County,CA,06017,8,1,230.0,14,765.6,1
county:06019,county,Fresno County,CA,06019,48,14,500.0,164,5677.2,87
county:06021,county,Glenn County,CA,06021,2,2,230.0,16,6.5,14
county:06023,county,Humboldt County,CA,06023,4,0,115.0,17,238.0,11
county:06025,county,Imperial County,CA,06025,97,22,500.0,65,4433.5,2
county:06027,county,Inyo County,CA,06027,10,6,230.0,48,419.6,31
county:06029,county,Kern County,CA,06029,70,15,500.0,309,16254.4,157
county:06031,county,Kings County,CA,06031,9,5,230.0,92,2156.6,53
county:06033,county,Lake County,CA,06033,2,0,115.0,12,58.2,9
county:06035,county,Lassen County,CA,06035,4,0,69.0,7,76.2,3
county:06037,county,Los Angeles County,CA,06037,66,26,500.0,211,13398.1,60
county:06039,county,Madera County,CA,06039,18,3,230.0,78,508.0,55
county:06041,county,Marin County,CA,06041,1,1,230.0,11,4.0,9
county:06043,county,Mariposa County,CA,06043,4,0,115.0,4,94.5,3
county:06045,county,Mendocino County,CA,06045,1,0,115.0,3,9.4,2
county:06047,county,Merced County,CA,06047,11,6,500.0,76,796.0,59
county:06049,county,Modoc County,CA,06049,20,2,345.0,0,0.0,0
county:06051,county,Mono County,CA,06051,2,1,230.0,7,102.3,2
county:06053,county,Monterey County,CA,06053,12,6,500.0,29,2467.4,10
county:06055,county,Napa County,CA,06055,6,1,230.0,13,6.2,9
county:06057,county,Nevada County,CA,06057,1,0,115.0,10,107.9,3
county:06059,county,Orange County,CA,06059,26,2,500.0,35,1581.9,16
county:06061,county,Placer County,CA,06061,5,2,230.0,26,686.7,8
county:06063,county,Plumas County,CA,06063,3,2,230.0,9,605.5,0
county:06065,county,Riverside County,CA,06065,106,14,500.0,127,11103.1,40
county:06067,county,Sacramento County,CA,06067,223,18,230.0,52,1636.7,14
county:06069,county,San Benito County,CA,06069,0,0,0.0,13,148.4,8
county:06071,county,San Bernardino County,CA,06071,64,30,500.0,143,6014.2,49
county:06073,county,San Diego County,CA,06073,76,14,500.0,102,4267.0,43
county:06075,county,San Francisco County,CA,06075,11,4,230.0,2,4.5,1
county:06077,county,San Joaquin County,CA,06077,18,5,230.0,47,1493.0,26
county:06079,county,San Luis Obispo County,CA,06079,17,9,500.0,18,3274.4,7
county:06081,county,San Mateo County,CA,06081,19,5,230.0,13,6.0,10
county:06083,county,Santa Barbara County,CA,06083,11,0,220.0,12,280.6,5
county:06085,county,Santa Clara County,CA,06085,46,8,500.0,27,1673.2,8
county:06087,county,Santa Cruz County,CA,06087,3,0,115.0,3,1.8,2
county:06089,county,Shasta County,CA,06089,71,22,500.0,49,2389.1,20
county:06091,county,Sierra County,CA,06091,2,1,345.0,0,0.0,0
county:06093,county,Siskiyou County,CA,06093,2,0,115.0,10,22.1,8
county:06095,county,Solano County,CA,06095,20,10,500.0,39,1344.1,13
county:06097,county,Sonoma County,CA,06097,7,2,230.0,40,1686.1,29
county:06099,county,Stanislaus County,CA,06099,19,7,230.0,41,1365.0,28
county:06101,county,Sutter County,CA,06101,6,3,230.0,15,819.8,8
county:06103,county,Tehama County,CA,06103,0,0,0.0,36,61.9,32
county:06105,county,Trinity County,CA,06105,5,1,230.0,3,146.9,0
county:06107,county,Tulare County,CA,06107,10,0,220.0,94,845.1,54
county:06109,county,Tuolumne County,CA,06109,2,1,230.0,14,1070.9,2
county:06111,county,Ventura County,CA,06111,3,0,220.0,23,1853.6,12
county:06113,county,Yolo County,CA,06113,8,0,115.0,31,52.3,22
county:06115,county,Yuba County,CA,06115,2,2,230.0,9,361.8,6
county:08001,county,Adams County,CO,08001,35,19,230.0,29,1697.2,6
county:08003,county,Alamosa County,CO,08003,13,2,230.0,14,227.1,4
county:08005,county,Arapahoe County,CO,08005,27,17,345.0,22,70.4,11
county:08007,county,Archuleta County,CO,08007,1,0,115.0,0,0.0,0
county:08009,county,Baca County,CO,08009,6,0,115.0,2,5.5,0
county:08011,county,Bent County,CO,08011,5,1,230.0,1,75.0,0
county:08013,county,Boulder County,CO,08013,25,5,230.0,30,252.5,22
county:08014,county,Broomfield County,CO,08014,3,1,230.0,2,0.0,2
county:08015,county,Chaffee County,CO,08015,7,2,230.0,6,5.6,3
county:08017,county,Cheyenne County,CO,08017,6,3,345.0,2,498.4,1
county:08019,county,Clear Creek County,CO,08019,4,2,230.0,1,300.0,0
county:08021,county,Conejos County,CO,08021,3,0,115.0,3,2.7,1
county:08023,county,Costilla County,CO,08023,2,0,69.0,1,0.0,1
county:08025,county,Crowley County,CO,08025,2,0,69.0,2,4.0,0
county:08027,county,Custer County,CO,08027,2,0,115.0,0,0.0,0
county:08029,county,Delta County,CO,08029,3,1,230.0,0,0.0,0
county:08031,county,Denver County,CO,08031,24,11,230.0,18,210.6,10
county:08033,county,Dolores County,CO,08033,3,0,115.0,0,0.0,0
county:08035,county,Douglas County,CO,08035,27,9,345.0,2,0.0,2
county:08037,county,Eagle County,CO,08037,9,4,230.0,2,12.6,1
county:08039,county,Elbert County,CO,08039,8,4,345.0,0,0.0,0
county:08041,county,El Paso County,CO,08041,44,14,345.0,28,1901.3,13
county:08043,county,Fremont County,CO,08043,9,1,230.0,2,1.8,1
county:08045,county,Garfield County,CO,08045,13,7,345.0,17,48.4,7
county:08049,county,Grand County,CO,08049,14,1,230.0,2,1.0,1
county:08051,county,Gunnison County,CO,08051,5,0,115.0,1,86.4,0
county:08053,county,Hinsdale County,CO,08053,1,0,115.0,0,0.0,0
county:08055,county,Huerfano County,CO,08055,11,1,230.0,4,157.2,0
county:08057,county,Jackson County,CO,08057,3,1,230.0,1,1.0,0
county:08059,county,Jefferson County,CO,08059,28,10,230.0,19,234.3,16
county:08061,county,Kiowa County,CO,08061,2,1,345.0,0,0.0,0
county:08063,county,Kit Carson County,CO,08063,18,7,345.0,7,933.4,1
county:08065,county,Lake County,CO,08065,6,2,230.0,4,200.0,3
county:08067,county,La Plata County,CO,08067,13,1,345.0,2,10.4,0
county:08069,county,Larimer County,CO,08069,44,9,230.0,26,1056.0,13
county:08071,county,Las Animas County,CO,08071,14,2,230.0,4,179.2,1
county:08073,county,Lincoln County,CO,08073,11,8,345.0,7,1605.0,1
county:08075,county,Logan County,CO,08075,10,7,230.0,14,1037.4,1
county:08077,county,Mesa County,CO,08077,11,8,345.0,9,44.0,2
county:08079,county,Mineral County,CO,08079,1,0,69.0,1,0.0,1
county:08081,county,Moffat County,CO,08081,14,3,345.0,1,1285.0,0
county:08083,county,Montezuma County,CO,08083,19,1,230.0,3,12.6,1
county:08085,county,Montrose County,CO,08085,7,2,345.0,12,210.0,8
county:08087,county,Morgan County,CO,08087,24,5,345.0,5,1151.0,1
county:08089,county,Otero County,CO,08089,13,0,115.0,2,10.0,1
county:08091,county,Ouray County,CO,08091,3,0,115.0,0,0.0,0
county:08093,county,Park County,CO,08093,8,3,230.0,1,5.5,0
county:08097,county,Pitkin County,CO,08097,2,0,115.0,2,5.0,1
county:08099,county,Prowers County,CO,08099,10,5,345.0,3,243.0,0
county:08101,county,Pueblo County,CO,08101,52,11,345.0,17,3230.1,5
county:08103,county,Rio Blanco County,CO,08103,21,2,345.0,3,4.0,2
county:08105,county,Rio Grande County,CO,08105,11,0,115.0,2,1.6,1
county:08107,county,Routt County,CO,08107,26,3,230.0,2,441.0,1
county:08109,county,Saguache County,CO,08109,8,0,115.0,1,2.7,0
county:08111,county,San Juan County,CO,08111,3,0,115.0,0,0.0,0
county:08113,county,San Miguel County,CO,08113,6,0,115.0,2,3.6,1
county:08115,county,Sedgwick County,CO,08115,1,0,115.0,0,0.0,0
county:08117,county,Summit County,CO,08117,8,3,230.0,3,26.0,2
county:08119,county,Teller County,CO,08119,6,0,115.0,0,0.0,0
county:08121,county,Washington County,CO,08121,10,0,115.0,0,0.0,0
county:08123,county,Weld County,CO,08123,69,33,345.0,42,4018.6,8
county:08125,county,Yuma County,CO,08125,11,2,230.0,0,0.0,0
county:09110,county,Capitol Planning Region,CT,09110,32,4,345.0,62,413.6,35
county:09120,county,Greater Bridgeport Planning Region,CT,09120,14,1,345.0,18,1203.6,13
county:09130,county,Lower Connecticut River Valley Planning Region,CT,09130,10,3,345.0,15,1724.8,10
county:09140,county,Naugatuck Valley Planning Region,CT,09140,23,1,345.0,14,947.5,8
county:09150,county,Northeastern Connecticut Planning Region,CT,09150,7,2,345.0,18,961.2,8
county:09160,county,Northwest Hills Planning Region,CT,09160,6,0,115.0,15,70.1,5
county:09170,county,South Central Connecticut Planning Region,CT,09170,34,4,345.0,26,2159.6,15
county:09180,county,Southeastern Connecticut Planning Region,CT,09180,22,3,345.0,33,2792.6,13
county:09190,county,Western Connecticut Planning Region,CT,09190,34,6,345.0,7,252.8,3
county:10001,county,Kent County,DE,10001,33,3,230.0,19,645.8,10
county:10003,county,New Castle County,DE,10003,47,9,500.0,18,2381.9,7
county:10005,county,Sussex County,DE,10005,49,4,230.0,15,475.6,9
county:11001,county,District of Columbia,DC,11001,17,8,230.0,15,28.1,4
county:12001,county,Alachua County,FL,12001,33,4,230.0,14,942.2,5
county:12003,county,Baker County,FL,12003,7,1,230.0,2,149.0,0
county:12005,county,Bay County,FL,12005,37,9,230.0,7,1035.2,1
county:12007,county,Bradford County,FL,12007,10,2,230.0,0,0.0,0
county:12009,county,Brevard County,FL,12009,71,18,230.0,13,3474.7,6
county:12011,county,Broward County,FL,12011,88,39,500.0,12,4094.3,5
county:12013,county,Calhoun County,FL,12013,5,1,230.0,4,298.0,0
county:12015,county,Charlotte County,FL,12015,17,8,230.0,5,162.0,1
county:12017,county,Citrus County,FL,12017,27,6,500.0,3,3400.9,1
county:12019,county,Clay County,FL,12019,34,8,230.0,2,149.0,0
county:12021,county,Collier County,FL,12021,26,10,500.0,1,74.5,0
county:12023,county,Columbia County,FL,12023,16,4,230.0,3,224.3,0
county:12027,county,DeSoto County,FL,12027,11,9,230.0,5,323.0,0
county:12029,county,Dixie County,FL,12029,7,0,69.0,0,0.0,0
county:12031,county,Duval County,FL,12031,84,26,500.0,15,3033.5,2
county:12033,county,Escambia County,FL,12033,43,8,230.0,6,2411.7,0
county:12035,county,Flagler County,FL,12035,8,5,230.0,0,0.0,0
county:12037,county,Franklin County,FL,12037,6,0,69.0,0,0.0,0
county:12039,county,Gadsden County,FL,12039,17,1,230.0,2,118.0,0
county:12041,county,Gilchrist County,FL,12041,11,5,230.0,2,149.4,0
county:12043,county,Glades County,FL,12043,3,0,69.0,0,0.0,0
county:12045,county,Gulf County,FL,12045,5,1,230.0,0,0.0,0
county:12047,county,Hamilton County,FL,12047,17,2,230.0,3,155.3,0
county:12049,county,Hardee County,FL,12049,30,6,230.0,7,2203.3,1
county:12051,county,Hendry County,FL,12051,12,2,500.0,5,347.0,0
county:12053,county,Hernando County,FL,12053,26,2,500.0,1,74.5,0
county:12055,county,Highlands County,FL,12055,23,2,230.0,1,62.3,0
county:12057,county,Hillsborough County,FL,12057,176,28,230.0,19,4392.6,1
county:12059,county,Holmes County,FL,12059,8,1,230.0,0,0.0,0
county:12061,county,Indian River County,FL,12061,22,6,230.0,4,298.0,0
county:12063,county,Jackson County,FL,12063,17,1,230.0,5,228.3,1
county:12065,county,Jefferson County,FL,12065,7,0,115.0,1,0.0,1
county:12067,county,Lafayette County,FL,12067,1,0,69.0,0,0.0,0
county:12069,county,Lake County,FL,12069,50,5,230.0,3,19.3,0
county:12071,county,Lee County,FL,12071,46,15,500.0,3,2739.9,1
county:12073,county,Leon County,FL,12073,38,7,230.0,5,753.7,1
county:12075,county,Levy County,FL,12075,16,1,230.0,1,74.9,0
county:12077,county,Liberty County,FL,12077,6,1,230.0,0,0.0,0
county:12079,county,Madison County,FL,12079,11,0,115.0,0,0.0,0
county:12081,county,Manatee County,FL,12081,37,18,230.0,8,1978.3,0
county:12083,county,Marion County,FL,12083,60,8,230.0,0,0.0,0
county:12085,county,Martin County,FL,12085,22,13,500.0,2,2523.0,0
county:12086,county,Miami-Dade County,FL,12086,144,46,500.0,9,3069.8,0
county:12087,county,Monroe County,FL,12087,18,0,138.0,2,125.5,0
county:12089,county,Nassau County,FL,12089,11,4,230.0,5,235.0,1
county:12091,county,Okaloosa County,FL,12091,32,2,230.0,3,30.0,2
county:12093,county,Okeechobee County,FL,12093,7,3,500.0,5,2021.0,0
county:12095,county,Orange County,FL,12095,100,29,500.0,21,2218.5,10
county:12097,county,Osceola County,FL,12097,28,11,230.0,5,2581.6,0
county:12099,county,Palm Beach County,FL,12099,94,35,500.0,10,5556.6,2
county:12101,county,Pasco County,FL,12101,48,7,230.0,5,1708.8,0
county:12103,county,Pinellas County,FL,12103,56,18,500.0,5,1780.8,1
county:12105,county,Polk County,FL,12105,149,35,500.0,31,6216.6,7
county:12107,county,Putnam County,FL,12107,29,9,500.0,4,2835.9,0
county:12109,county,St. Johns County,FL,12109,24,8,230.0,1,74.5,0
county:12111,county,St. Lucie County,FL,12111,34,21,500.0,8,3017.9,0
county:12113,county,Santa Rosa County,FL,12113,24,3,230.0,4,403.1,0
county:12115,county,Sarasota County,FL,12115,31,13,230.0,2,0.0,2
county:12117,county,Seminole County,FL,12117,28,13,230.0,2,1.0,1
county:12119,county,Sumter County,FL,12119,17,5,500.0,1,74.9,0
county:12121,county,Suwannee County,FL,12121,19,2,230.0,5,360.9,0
county:12123,county,Taylor County,FL,12123,9,2,230.0,1,5.1,0
county:12125,county,Union County,FL,12125,4,0,115.0,1,74.5,0
county:12127,county,Volusia County,FL,12127,55,15,500.0,6,3274.8,2
county:12129,county,Wakulla County,FL,12129,8,2,230.0,1,270.1,0
county:12131,county,Walton County,FL,12131,23,3,230.0,1,74.5,0
county:12133,county,Washington County,FL,12133,7,2,230.0,0,0.0,0
county:13001,county,Appling County,GA,13001,7,3,500.0,3,1752.0,0
county:13003,county,Atkinson County,GA,13003,4,0,115.0,0,0.0,0
county:13005,county,Bacon County,GA,13005,3,1,230.0,2,1.0,1
county:13009,county,Baldwin County,GA,13009,12,1,230.0,4,45.3,1
county:13011,county,Banks County,GA,13011,5,3,230.0,1,0.5,0
county:13013,county,Barrow County,GA,13013,10,5,230.0,2,2.5,0
county:13015,county,Bartow County,GA,13015,34,7,500.0,4,3325.6,0
county:13017,county,Ben Hill County,GA,13017,10,0,115.0,0,0.0,0
county:13019,county,Berrien County,GA,13019,5,0,115.0,1,0.0,1
county:13021,county,Bibb County,GA,13021,33,1,230.0,6,202.4,3
county:13023,county,Bleckley County,GA,13023,2,0,115.0,2,4.3,0
county:13025,county,Brantley County,GA,13025,4,0,115.0,1,0.8,0
county:13027,county,Brooks County,GA,13027,10,4,230.0,3,300.8,0
county:13029,county,Bryan County,GA,13029,11,1,230.0,0,0.0,0
county:13031,county,Bulloch County,GA,13031,15,1,230.0,10,14.4,4
county:13033,county,Burke County,GA,13033,12,7,500.0,8,4983.4,3
county:13035,county,Butts County,GA,13035,6,0,115.0,1,6.6,0
county:13037,county,Calhoun County,GA,13037,4,0,115.0,1,0.0,1
county:13039,county,Camden County,GA,13039,17,7,230.0,3,60.1,0
county:13043,county,Candler County,GA,13043,5,0,115.0,1,51.0,0
county:13045,county,Carroll County,GA,13045,25,2,230.0,0,0.0,0
county:13047,county,Catoosa County,GA,13047,10,3,230.0,0,0.0,0
county:13049,county,Charlton County,GA,13049,3,1,230.0,1,2.1,0
county:13051,county,Chatham County,GA,13051,37,7,230.0,6,162.6,3
county:13053,county,Chattahoochee County,GA,13053,7,0,115.0,0,0.0,0
county:13055,county,Chattooga County,GA,13055,6,0,115.0,2,0.0,2
county:13057,county,Cherokee County,GA,13057,23,4,500.0,0,0.0,0
county:13059,county,Clarke County,GA,13059,17,4,230.0,2,2.3,1
county:13061,county,Clay County,GA,13061,4,0,115.0,2,106.0,1
county:13063,county,Clayton County,GA,13063,25,5,500.0,0,0.0,0
county:13065,county,Clinch County,GA,13065,4,0,115.0,0,0.0,0
county:13067,county,Cobb County,GA,13067,77,20,500.0,1,0.0,1
county:13069,county,Coffee County,GA,13069,10,3,230.0,2,0.8,0
county:13071,county,Colquitt County,GA,13071,11,2,230.0,4,21.4,2
county:13073,county,Columbia County,GA,13073,16,4,230.0,4,24.0,0
county:13075,county,Cook County,GA,13075,8,1,230.0,1,0.9,0
county:13077,county,Coweta County,GA,13077,23,6,500.0,1,807.0,0
county:13079,county,Crawford County,GA,13079,2,2,230.0,0,0.0,0
county:13081,county,Crisp County,GA,13081,6,0,115.0,0,0.0,0
county:13083,county,Dade County,GA,13083,5,1,230.0,1,1.0,0
county:13085,county,Dawson County,GA,13085,6,2,230.0,0,0.0,0
county:13087,county,Decatur County,GA,13087,15,6,230.0,12,386.2,2
county:13089,county,DeKalb County,GA,13089,46,19,500.0,2,1.6,0
county:13091,county,Dodge County,GA,13091,6,1,230.0,0,0.0,0
county:13093,county,Dooly County,GA,13093,3,0,115.0,4,0.2,3
county:13095,county,Dougherty County,GA,13095,29,3,230.0,4,210.9,0
county:13097,county,Douglas County,GA,13097,20,11,500.0,1,3.0,0
county:13099,county,Early County,GA,13099,11,0,115.0,4,193.5,0
county:13101,county,Echols County,GA,13101,2,0,115.0,0,0.0,0
county:13103,county,Effingham County,GA,13103,15,9,500.0,6,2881.6,0
county:13105,county,Elbert County,GA,13105,8,2,230.0,1,40.0,0
county:13107,county,Emanuel County,GA,13107,7,0,115.0,3,3.9,1
county:13109,county,Evans County,GA,13109,2,0,115.0,2,1.2,0
county:13111,county,Fannin County,GA,13111,4,0,161.0,2,23.5,1
county:13113,county,Fayette County,GA,13113,14,2,230.0,0,0.0,0
county:13115,county,Floyd County,GA,13115,25,5,230.0,4,908.8,2
county:13117,county,Forsyth County,GA,13117,22,4,230.0,1,131.2,0
county:13119,county,Franklin County,GA,13119,5,0,115.0,3,61.0,1
county:13121,county,Fulton County,GA,13121,98,50,500.0,6,2883.6,1
county:13123,county,Gilmer County,GA,13123,4,4,230.0,0,0.0,0
county:13125,county,Glascock County,GA,13125,0,0,0.0,3,0.0,3
county:13127,county,Glynn County,GA,13127,22,2,500.0,4,498.8,1
county:13129,county,Gordon County,GA,13129,13,1,230.0,1,22.0,0
county:13131,county,Grady County,GA,13131,7,0,115.0,1,2.0,0
county:13133,county,Greene County,GA,13133,7,0,115.0,1,3.0,0
county:13135,county,Gwinnett County,GA,13135,74,23,500.0,1,0.0,1
county:13137,county,Habersham County,GA,13137,10,0,115.0,2,116.8,0
county:13139,county,Hall County,GA,13139,34,6,500.0,0,0.0,0
county:13141,county,Hancock County,GA,13141,2,0,115.0,3,322.1,1
county:13143,county,Haralson County,GA,13143,9,1,230.0,0,0.0,0
county:13145,county,Harris County,GA,13145,12,7,500.0,2,40.7,0
county:13147,county,Hart County,GA,13147,15,6,230.0,1,360.0,0
county:13149,county,Heard County,GA,13149,14,11,500.0,6,3967.1,1
county:13151,county,Henry County,GA,13151,17,3,230.0,0,0.0,0
county:13153,county,Houston County,GA,13153,37,4,500.0,4,574.0,1
county:13155,county,Irwin County,GA,13155,5,1,230.0,0,0.0,0
county:13157,county,Jackson County,GA,13157,22,7,230.0,2,920.0,0
county:13159,county,Jasper County,GA,13159,4,1,230.0,2,14.4,1
county:13161,county,Jeff Davis County,GA,13161,7,4,230.0,7,412.5,1
county:13163,county,Jefferson County,GA,13163,7,2,500.0,2,1.0,1
county:13165,county,Jenkins County,GA,13165,3,0,115.0,3,19.7,2
county:13167,county,Johnson County,GA,13167,1,1,230.0,1,0.0,1
county:13169,county,Jones County,GA,13169,5,0,115.0,0,0.0,0
county:13171,county,Lamar County,GA,13171,11,1,230.0,1,60.0,0
county:13173,county,Lanier County,GA,13173,2,0,115.0,1,1.8,0
county:13175,county,Laurens County,GA,13175,15,4,230.0,6,5.1,4
county:13177,county,Lee County,GA,13177,8,3,230.0,3,165.0,2
county:13179,county,Liberty County,GA,13179,11,1,230.0,1,30.0,0
county:13181,county,Lincoln County,GA,13181,4,0,115.0,1,0.0,1
county:13183,county,Long County,GA,13183,6,0,115.0,0,0.0,0
county:13185,county,Lowndes County,GA,13185,28,3,230.0,9,137.4,2
county:13187,county,Lumpkin County,GA,13187,5,0,115.0,0,0.0,0
county:13189,county,McDuffie County,GA,13189,6,1,500.0,1,0.0,1
county:13191,county,McIntosh County,GA,13191,3,0,115.0,1,0.0,1
county:13193,county,Macon County,GA,13193,4,0,115.0,5,88.9,0
county:13195,county,Madison County,GA,13195,6,1,230.0,2,60.0,0
county:13197,county,Marion County,GA,13197,1,1,230.0,2,1.0,1
county:13199,county,Meriwether County,GA,13199,7,0,115.0,3,6.4,0
county:13201,county,Miller County,GA,13201,4,0,115.0,1,1.0,0
county:13205,county,Mitchell County,GA,13205,9,7,500.0,5,782.0,0
county:13207,county,Monroe County,GA,13207,15,1,500.0,3,2915.1,0
county:13209,county,Montgomery County,GA,13209,2,0,115.0,0,0.0,0
county:13211,county,Morgan County,GA,13211,9,3,230.0,0,0.0,0
county:13213,county,Murray County,GA,13213,12,5,500.0,4,1701.5,0
county:13215,county,Muscogee County,GA,13215,29,3,230.0,4,88.1,1
county:13217,county,Newton County,GA,13217,22,3,230.0,1,1.0,0
county:13219,county,Oconee County,GA,13219,4,2,230.0,0,0.0,0
county:13221,county,Oglethorpe County,GA,13221,2,1,230.0,2,140.0,1
county:13223,county,Paulding County,GA,13223,15,7,230.0,1,2.0,0
county:13225,county,Peach County,GA,13225,8,2,230.0,2,10.8,1
county:13227,county,Pickens County,GA,13227,4,2,230.0,0,0.0,0
county:13229,county,Pierce County,GA,13229,7,1,230.0,2,0.9,1
county:13231,county,Pike County,GA,13231,4,0,115.0,0,0.0,0
county:13233,county,Polk County,GA,13233,8,5,230.0,7,579.1,0
county:13235,county,Pulaski County,GA,13235,4,0,115.0,0,0.0,0
county:13237,county,Putnam County,GA,13237,5,4,230.0,3,6.6,0
county:13241,county,Rabun County,GA,13241,7,0,115.0,4,44.8,0
county:13243,county,Randolph County,GA,13243,3,0,115.0,1,0.4,0
county:13245,county,Richmond County,GA,13245,49,16,230.0,7,119.5,3
county:13247,county,Rockdale County,GA,13247,11,6,230.0,0,0.0,0
county:13249,county,Schley County,GA,13249,2,2,230.0,0,0.0,0
county:13251,county,Screven County,GA,13251,5,0,115.0,1,0.5,0
county:13253,county,Seminole County,GA,13253,3,0,115.0,2,4.6,0
county:13255,county,Spalding County,GA,13255,14,1,230.0,0,0.0,0
county:13257,county,Stephens County,GA,13257,12,0,115.0,5,22.5,4
county:13259,county,Stewart County,GA,13259,5,0,115.0,3,101.5,0
county:13261,county,Sumter County,GA,13261,8,2,500.0,4,3.9,1
county:13263,county,Talbot County,GA,13263,6,3,230.0,3,791.0,1
county:13267,county,Tattnall County,GA,13267,8,0,115.0,3,4.1,1
county:13269,county,Taylor County,GA,13269,7,6,230.0,6,411.7,0
county:13271,county,Telfair County,GA,13271,2,0,115.0,2,5.0,0
county:13273,county,Terrell County,GA,13273,7,0,115.0,8,77.6,5
county:13275,county,Thomas County,GA,13275,17,2,230.0,3,2.6,0
county:13277,county,Tift County,GA,13277,9,1,500.0,4,5.9,2
county:13279,county,Toombs County,GA,13279,5,1,230.0,3,250.2,1
county:13281,county,Towns County,GA,13281,3,0,69.0,0,0.0,0
county:13283,county,Treutlen County,GA,13283,3,0,115.0,0,0.0,0
county:13285,county,Troup County,GA,13285,24,2,230.0,5,80.2,0
county:13287,county,Turner County,GA,13287,2,0,115.0,3,0.0,3
county:13289,county,Twiggs County,GA,13289,10,3,230.0,3,226.8,0
county:13291,county,Union County,GA,13291,6,0,161.0,1,16.0,0
county:13293,county,Upson County,GA,13293,8,3,230.0,4,703.8,0
county:13295,county,Walker County,GA,13295,12,4,230.0,0,0.0,0
county:13297,county,Walton County,GA,13297,16,7,230.0,7,1325.7,0
county:13299,county,Ware County,GA,13299,12,3,230.0,6,89.9,2
county:13301,county,Warren County,GA,13301,4,1,230.0,2,1.0,0
county:13303,county,Washington County,GA,13303,11,5,500.0,4,1645.3,0
county:13305,county,Wayne County,GA,13305,10,0,115.0,3,3.1,1
county:13307,county,Webster County,GA,13307,1,0,115.0,0,0.0,0
county:13309,county,Wheeler County,GA,13309,2,0,115.0,0,0.0,0
county:13311,county,White County,GA,13311,8,0,115.0,0,0.0,0
county:13313,county,Whitfield County,GA,13313,29,6,230.0,1,0.0,1
county:13315,county,Wilcox County,GA,13315,2,1,230.0,2,0.0,2
county:13317,county,Wilkes County,GA,13317,4,0,115.0,0,0.0,0
county:13319,county,Wilkinson County,GA,13319,10,1,230.0,2,5.3,0
county:13321,county,Worth County,GA,13321,7,0,115.0,2,39.7,0
county:15001,county,Hawaii County,HI,15001,50,0,69.0,21,359.3,6
county:15003,county,Honolulu County,HI,15003,19,0,138.0,64,2147.0,31
county:15007,county,Kauai County,HI,15007,0,0,0.0,15,243.9,3
county:15009,county,Maui County,HI,15009,19,0,69.0,23,467.6,9
county:16001,county,Ada County,ID,16001,37,8,230.0,11,891.2,2
county:16003,county,Adams County,ID,16003,2,0,138.0,1,391.5,0
county:16005,county,Bannock County,ID,16005,9,1,345.0,0,0.0,0
county:16007,county,Bear Lake County,ID,16007,1,0,138.0,0,0.0,0
county:16009,county,Benewah County,ID,16009,1,1,230.0,0,0.0,0
county:16011,county,Bingham County,ID,16011,8,1,345.0,1,160.0,0
county:16013,county,Blaine County,ID,16013,7,0,138.0,2,0.0,2
county:16017,county,Bonner County,ID,16017,12,1,230.0,3,307.2,1
county:16019,county,Bonneville County,ID,16019,16,0,161.0,8,542.7,3
county:16021,county,Boundary County,ID,16021,5,0,115.0,4,0.0,4
county:16023,county,Butte County,ID,16023,10,2,230.0,0,0.0,0
county:16027,county,Canyon County,ID,16027,17,3,230.0,1,82.0,0
county:16029,county,Caribou County,ID,16029,9,1,345.0,2,47.5,0
county:16031,county,Cassia County,ID,16031,12,0,138.0,3,52.8,0
county:16033,county,Clark County,ID,16033,1,1,230.0,0,0.0,0
county:16035,county,Clearwater County,ID,16035,3,1,500.0,1,465.0,0
county:16037,county,Custer County,ID,16037,3,3,230.0,0,0.0,0
county:16039,county,Elmore County,ID,16039,18,4,230.0,20,963.6,0
county:16041,county,Franklin County,ID,16041,3,1,230.0,2,30.0,1
county:16043,county,Fremont County,ID,16043,3,0,161.0,4,10.3,2
county:16045,county,Gem County,ID,16045,1,0,138.0,1,10.2,0
county:16047,county,Gooding County,ID,16047,7,1,230.0,7,156.8,3
county:16049,county,Idaho County,ID,16049,6,0,115.0,0,0.0,0
county:16051,county,Jefferson County,ID,16051,4,0,161.0,0,0.0,0
county:16053,county,Jerome County,ID,16053,12,2,500.0,6,100.9,1
county:16055,county,Kootenai County,ID,16055,15,2,230.0,3,482.4,0
county:16057,county,Latah County,ID,16057,4,1,230.0,0,0.0,0
county:16059,county,Lemhi County,ID,16059,8,0,115.0,0,0.0,0
county:16061,county,Lewis County,ID,16061,2,0,115.0,0,0.0,0
county:16063,county,Lincoln County,ID,16063,2,0,138.0,2,1.3,1
county:16065,county,Madison County,ID,16065,1,0,161.0,0,0.0,0
county:16067,county,Minidoka County,ID,16067,11,1,345.0,1,27.7,0
county:16069,county,Nez Perce County,ID,16069,3,3,500.0,0,0.0,0
county:16071,county,Oneida County,ID,16071,1,0,138.0,0,0.0,0
county:16073,county,Owyhee County,ID,16073,6,1,500.0,3,182.8,0
county:16075,county,Payette County,ID,16075,3,1,230.0,1,318.5,0
county:16077,county,Power County,ID,16077,10,4,345.0,6,272.5,0
county:16079,county,Shoshone County,ID,16079,7,1,230.0,0,0.0,0
county:16081,county,Teton County,ID,16081,3,0,115.0,1,0.0,1
county:16083,county,Twin Falls County,ID,16083,20,2,345.0,20,475.4,3
county:16085,county,Valley County,ID,16085,2,0,138.0,2,0.0,2
county:16087,county,Washington County,ID,16087,3,2,230.0,1,675.0,0
county:17001,county,Adams County,IL,17001,10,1,345.0,1,1.5,0
county:17003,county,Alexander County,IL,17003,3,0,69.0,0,0.0,0
county:17005,county,Bond County,IL,17005,2,0,138.0,0,0.0,0
county:17007,county,Boone County,IL,17007,2,0,138.0,5,4.0,3
county:17009,county,Brown County,IL,17009,0,0,0.0,1,0.0,1
county:17011,county,Bureau County,IL,17011,14,0,138.0,9,494.3,1
county:17013,county,Calhoun County,IL,17013,2,0,138.0,1,14.0,0
county:17015,county,Carroll County,IL,17015,3,0,161.0,2,0.0,2
county:17017,county,Cass County,IL,17017,1,0,69.0,2,150.0,1
county:17019,county,Champaign County,IL,17019,13,2,345.0,24,114.5,13
county:17021,county,Christian County,IL,17021,7,2,345.0,2,1320.5,0
county:17023,county,Clark County,IL,17023,1,0,138.0,1,165.3,0
county:17025,county,Clay County,IL,17025,4,2,345.0,3,708.0,0
county:17027,county,Clinton County,IL,17027,3,0,138.0,8,20.9,5
county:17029,county,Coles County,IL,17029,9,2,345.0,2,200.0,1
county:17031,county,Cook County,IL,17031,148,18,345.0,36,1295.2,21
county:17033,county,Crawford County,IL,17033,5,0,138.0,0,0.0,0
county:17037,county,DeKalb County,IL,17037,11,0,138.0,15,237.5,4
county:17039,county,De Witt County,IL,17039,8,3,345.0,3,1344.8,0
county:17041,county,Douglas County,IL,17041,5,1,345.0,2,202.0,1
county:17043,county,DuPage County,IL,17043,40,11,345.0,2,1086.2,1
county:17045,county,Edgar County,IL,17045,4,0,138.0,2,0.0,2
county:17047,county,Edwards County,IL,17047,5,1,345.0,0,0.0,0
county:17049,county,Effingham County,IL,17049,2,0,138.0,2,7.2,1
county:17051,county,Fayette County,IL,17051,5,1,345.0,2,100.8,0
county:17053,county,Ford County,IL,17053,10,0,138.0,5,730.7,0
county:17055,county,Franklin County,IL,17055,12,2,345.0,1,2.0,0
county:17057,county,Fulton County,IL,17057,15,3,345.0,2,4.5,1
county:17059,county,Gallatin County,IL,17059,5,0,161.0,0,0.0,0
county:17061,county,Greene County,IL,17061,4,0,138.0,0,0.0,0
county:17063,county,Grundy County,IL,17063,19,9,765.0,7,3525.7,0
county:17065,county,Hamilton County,IL,17065,5,0,138.0,0,0.0,0
county:17067,county,Hancock County,IL,17067,2,0,161.0,1,124.8,0
county:17069,county,Hardin County,IL,17069,5,0,161.0,0,0.0,0
county:17071,county,Henderson County,IL,17071,3,0,69.0,2,1.4,1
county:17073,county,Henry County,IL,17073,11,0,138.0,7,539.1,1
county:17075,county,Iroquois County,IL,17075,4,0,138.0,2,152.4,0
county:17077,county,Jackson County,IL,17077,10,0,161.0,4,0.0,4
county:17079,county,Jasper County,IL,17079,2,1,345.0,1,617.4,0
county:17081,county,Jefferson County,IL,17081,5,1,345.0,2,2.0,1
county:17083,county,Jersey County,IL,17083,1,0,138.0,1,110.0,0
county:17085,county,Jo Daviess County,IL,17085,12,0,69.0,3,7.0,0
county:17087,county,Johnson County,IL,17087,4,0,69.0,0,0.0,0
county:17089,county,Kane County,IL,17089,9,0,138.0,11,453.5,5
county:17091,county,Kankakee County,IL,17091,9,1,345.0,15,211.7,1
county:17093,county,Kendall County,IL,17093,9,4,765.0,5,1213.6,2
county:17095,county,Knox County,IL,17095,10,1,345.0,2,2.0,1
county:17097,county,Lake County,IL,17097,25,5,345.0,19,723.4,14
county:17099,county,LaSalle County,IL,17099,22,7,345.0,16,2739.2,6
county:17101,county,Lawrence County,IL,17101,1,0,138.0,0,0.0,0
county:17103,county,Lee County,IL,17103,10,3,345.0,14,2520.8,3
county:17105,county,Livingston County,IL,17105,3,3,345.0,9,334.7,2
county:17107,county,Logan County,IL,17107,16,4,345.0,6,522.0,2
county:17109,county,McDonough County,IL,17109,4,0,138.0,3,156.0,0
county:17111,county,McHenry County,IL,17111,10,2,345.0,13,54.5,3
county:17113,county,McLean County,IL,17113,23,8,345.0,12,1266.6,4
county:17115,county,Macon County,IL,17115,20,5,345.0,4,677.8,1
county:17117,county,Macoupin County,IL,17117,4,0,138.0,3,4.0,1
county:17119,county,Madison County,IL,17119,22,3,345.0,9,666.0,6
county:17121,county,Marion County,IL,17121,3,0,138.0,8,270.0,7
county:17123,county,Marshall County,IL,17123,12,0,138.0,4,280.0,0
county:17125,county,Mason County,IL,17125,11,0,138.0,15,406.0,12
county:17127,county,Massac County,IL,17127,4,2,345.0,0,0.0,0
county:17129,county,Menard County,IL,17129,2,0,138.0,0,0.0,0
county:17131,county,Mercer County,IL,17131,8,0,161.0,2,0.0,2
county:17133,county,Monroe County,IL,17133,0,0,0.0,3,30.2,2
county:17135,county,Montgomery County,IL,17135,8,2,345.0,1,0.0,1
county:17137,county,Morgan County,IL,17137,9,3,345.0,8,480.0,1
county:17141,county,Ogle County,IL,17141,5,1,345.0,6,2455.8,2
county:17143,county,Peoria County,IL,17143,33,2,345.0,6,59.5,1
county:17145,county,Perry County,IL,17145,7,6,345.0,6,531.0,1
county:17147,county,Piatt County,IL,17147,1,1,345.0,4,688.0,1
county:17149,county,Pike County,IL,17149,10,0,138.0,2,25.7,0
county:17151,county,Pope County,IL,17151,4,0,161.0,0,0.0,0
county:17153,county,Pulaski County,IL,17153,3,0,161.0,0,0.0,0
county:17155,county,Putnam County,IL,17155,2,0,138.0,0,0.0,0
county:17157,county,Randolph County,IL,17157,9,2,345.0,2,1274.6,0
county:17159,county,Richland County,IL,17159,3,0,138.0,1,2.0,0
county:17161,county,Rock Island County,IL,17161,13,5,345.0,8,2705.4,4
county:17163,county,St. Clair County,IL,17163,20,4,345.0,8,16.7,5
county:17165,county,Saline County,IL,17165,3,0,161.0,9,270.0,8
county:17167,county,Sangamon County,IL,17167,44,2,345.0,6,1168.8,3
county:17169,county,Schuyler County,IL,17169,1,0,138.0,0,0.0,0
county:17171,county,Scott County,IL,17171,4,0,138.0,2,173.0,1
county:17173,county,Shelby County,IL,17173,7,3,345.0,3,1185.1,1
county:17175,county,Stark County,IL,17175,2,0,138.0,2,0.0,2
county:17177,county,Stephenson County,IL,17177,5,0,138.0,15,225.5,2
county:17179,county,Tazewell County,IL,17179,42,2,345.0,4,1886.1,2
county:17181,county,Union County,IL,17181,4,0,69.0,1,0.0,1
county:17183,county,Vermilion County,IL,17183,9,2,345.0,10,510.6,3
county:17185,county,Wabash County,IL,17185,3,0,138.0,0,0.0,0
county:17187,county,Warren County,IL,17187,6,0,69.0,0,0.0,0
county:17189,county,Washington County,IL,17189,5,1,345.0,1,1766.0,0
county:17191,county,Wayne County,IL,17191,1,0,138.0,0,0.0,0
county:17193,county,White County,IL,17193,3,1,345.0,3,299.0,1
county:17195,county,Whiteside County,IL,17195,8,1,345.0,14,35.6,4
county:17197,county,Will County,IL,17197,54,21,765.0,24,7445.9,5
county:17199,county,Williamson County,IL,17199,7,0,161.0,7,258.3,1
county:17201,county,Winnebago County,IL,17201,21,2,345.0,14,497.5,5
county:17203,county,Woodford County,IL,17203,10,2,345.0,2,200.0,1
county:18001,county,Adams County,IN,18001,9,0,138.0,0,0.0,0
county:18003,county,Allen County,IN,18003,69,2,345.0,0,0.0,0
county:18005,county,Bartholomew County,IN,18005,23,3,345.0,1,0.0,1
county:18007,county,Benton County,IN,18007,14,7,345.0,5,1187.2,0
county:18009,county,Blackford County,IN,18009,5,0,69.0,0,0.0,0
county:18011,county,Boone County,IN,18011,19,2,345.0,1,0.2,0
county:18013,county,Brown County,IN,18013,4,0,69.0,0,0.0,0
county:18015,county,Carroll County,IN,18015,12,0,69.0,4,12.6,2
county:18017,county,Cass County,IN,18017,15,2,345.0,2,16.0,1
county:18019,county,Clark County,IN,18019,23,2,345.0,1,1.1,0
county:18021,county,Clay County,IN,18021,7,1,230.0,2,9.2,0
county:18023,county,Clinton County,IN,18023,9,1,230.0,1,195.0,0
county:18025,county,Crawford County,IN,18025,5,0,161.0,0,0.0,0
county:18027,county,Daviess County,IN,18027,8,0,138.0,1,4.0,0
county:18029,county,Dearborn County,IN,18029,11,3,345.0,1,1232.0,0
county:18031,county,Decatur County,IN,18031,9,0,161.0,1,1.1,0
county:18033,county,DeKalb County,IN,18033,30,3,345.0,4,12.2,2
county:18035,county,Delaware County,IN,18035,17,1,345.0,0,0.0,0
county:18037,county,Dubois County,IN,18037,20,1,345.0,2,2.0,1
county:18039,county,Elkhart County,IN,18039,47,1,345.0,4,1.5,3
county:18041,county,Fayette County,IN,18041,10,0,138.0,0,0.0,0
county:18043,county,Floyd County,IN,18043,15,3,345.0,1,0.0,1
county:18045,county,Fountain County,IN,18045,14,2,230.0,6,0.0,6
county:18047,county,Franklin County,IN,18047,13,0,138.0,0,0.0,0
county:18049,county,Fulton County,IN,18049,4,0,69.0,0,0.0,0
county:18051,county,Gibson County,IN,18051,28,2,345.0,1,3145.0,0
county:18053,county,Grant County,IN,18053,20,0,138.0,4,6.8,1
county:18055,county,Greene County,IN,18055,14,1,345.0,3,248.6,0
county:18057,county,Hamilton County,IN,18057,41,6,345.0,11,284.5,9
county:18059,county,Hancock County,IN,18059,16,0,138.0,2,2.8,1
county:18061,county,Harrison County,IN,18061,14,1,345.0,1,1.1,0
county:18063,county,Hendricks County,IN,18063,25,3,345.0,2,0.0,2
county:18065,county,Henry County,IN,18065,15,1,345.0,7,357.5,2
county:18067,county,Howard County,IN,18067,20,5,765.0,2,5.4,1
county:18069,county,Huntington County,IN,18069,16,1,765.0,0,0.0,0
county:18071,county,Jackson County,IN,18071,15,0,161.0,0,0.0,0
county:18073,county,Jasper County,IN,18073,23,3,345.0,5,1375.0,1
county:18075,county,Jay County,IN,18075,12,0,138.0,3,252.9,0
county:18077,county,Jefferson County,IN,18077,6,2,765.0,2,1303.6,1
county:18079,county,Jennings County,IN,18079,5,0,161.0,5,0.0,4
county:18081,county,Johnson County,IN,18081,29,2,230.0,4,8.1,2
county:18083,county,Knox County,IN,18083,21,2,345.0,10,1304.9,8
county:18085,county,Kosciusko County,IN,18085,34,1,345.0,5,0.0,5
county:18087,county,LaGrange County,IN,18087,17,1,345.0,2,0.0,2
county:18089,county,Lake County,IN,18089,207,7,345.0,16,1184.7,5
county:18091,county,LaPorte County,IN,18091,57,2,345.0,12,540.0,11
county:18093,county,Lawrence County,IN,18093,19,3,345.0,2,403.1,0
county:18095,county,Madison County,IN,18095,34,1,345.0,16,411.1,6
county:18097,county,Marion County,IN,18097,57,7,345.0,25,1505.3,5
county:18099,county,Marshall County,IN,18099,23,1,345.0,3,7.5,1
county:18101,county,Martin County,IN,18101,7,0,138.0,2,22.0,0
county:18103,county,Miami County,IN,18103,16,2,345.0,4,15.4,1
county:18105,county,Monroe County,IN,18105,21,1,230.0,1,1.1,0
county:18107,county,Montgomery County,IN,18107,17,3,345.0,7,28.1,1
county:18109,county,Morgan County,IN,18109,17,0,138.0,1,644.0,0
county:18111,county,Newton County,IN,18111,12,0,138.0,2,0.0,2
county:18113,county,Noble County,IN,18113,15,0,138.0,2,0.0,2
county:18117,county,Orange County,IN,18117,12,0,138.0,2,0.0,2
county:18119,county,Owen County,IN,18119,5,1,230.0,0,0.0,0
county:18121,county,Parke County,IN,18121,8,0,138.0,0,0.0,0
county:18123,county,Perry County,IN,18123,9,0,161.0,2,4.3,0
county:18125,county,Pike County,IN,18125,13,1,345.0,19,1741.2,18
county:18127,county,Porter County,IN,18127,52,3,345.0,5,239.7,1
county:18129,county,Posey County,IN,18129,29,1,345.0,10,814.8,8
county:18131,county,Pulaski County,IN,18131,11,0,138.0,1,0.0,1
county:18133,county,Putnam County,IN,18133,19,0,138.0,2,0.3,1
county:18135,county,Randolph County,IN,18135,15,4,345.0,14,700.0,10
county:18137,county,Ripley County,IN,18137,11,1,345.0,0,0.0,0
county:18139,county,Rush County,IN,18139,11,0,69.0,0,0.0,0
county:18141,county,St. Joseph County,IN,18141,60,9,765.0,9,1003.1,1
county:18143,county,Scott County,IN,18143,10,0,138.0,1,7.1,0
county:18145,county,Shelby County,IN,18145,18,2,345.0,17,0.0,17
county:18147,county,Spencer County,IN,18147,19,1,765.0,4,2651.5,1
county:18149,county,Starke County,IN,18149,8,0,138.0,1,400.0,0
county:18151,county,Steuben County,IN,18151,20,0,138.0,3,0.0,3
county:18153,county,Sullivan County,IN,18153,16,3,765.0,21,1085.2,19
county:18155,county,Switzerland County,IN,18155,8,0,138.0,1,77.7,0
county:18157,county,Tippecanoe County,IN,18157,34,3,345.0,9,201.2,2
county:18159,county,Tipton County,IN,18159,6,1,230.0,4,5.3,3
county:18161,county,Union County,IN,18161,5,0,138.0,0,0.0,0
county:18163,county,Vanderburgh County,IN,18163,49,0,138.0,2,4.0,0
county:18165,county,Vermillion County,IN,18165,13,6,345.0,2,1876.9,0
county:18167,county,Vigo County,IN,18167,27,4,345.0,3,816.6,0
county:18169,county,Wabash County,IN,18169,15,0,138.0,1,0.0,1
county:18171,county,Warren County,IN,18171,7,1,345.0,1,398.6,0
county:18173,county,Warrick County,IN,18173,28,0,138.0,3,1191.7,1
county:18175,county,Washington County,IN,18175,5,1,230.0,1,0.0,1
county:18177,county,Wayne County,IN,18177,24,0,138.0,9,213.5,0
county:18179,county,Wells County,IN,18179,10,1,345.0,1,236.0,0
county:18181,county,White County,IN,18181,26,6,765.0,11,1809.2,2
county:18183,county,Whitley County,IN,18183,18,2,345.0,2,4.3,1
county:19001,county,Adair County,IA,19001,16,4,345.0,14,1149.1,0
county:19003,county,Adams County,IA,19003,8,0,161.0,3,193.0,1
county:19005,county,Allamakee County,IA,19005,8,0,161.0,0,0.0,0
county:19007,county,Appanoose County,IA,19007,5,0,161.0,1,7.9,0
county:19009,county,Audubon County,IA,19009,7,1,345.0,3,485.0,0
county:19011,county,Benton County,IA,19011,5,0,161.0,1,17.5,0
county:19013,county,Black Hawk County,IA,19013,17,1,345.0,6,381.5,0
county:19015,county,Boone County,IA,19015,11,1,345.0,3,4.0,1
county:19017,county,Bremer County,IA,19017,17,0,161.0,2,14.7,0
county:19019,county,Buchanan County,IA,19019,17,1,345.0,2,0.0,2
county:19021,county,Buena Vista County,IA,19021,22,0,161.0,4,194.1,2
county:19023,county,Butler County,IA,19023,13,0,161.0,0,0.0,0
county:19025,county,Calhoun County,IA,19025,6,0,69.0,0,0.0,0
county:19027,county,Carroll County,IA,19027,18,0,161.0,5,185.2,2
county:19029,county,Cass County,IA,19029,11,1,345.0,5,459.0,0
county:19031,county,Cedar County,IA,19031,5,0,69.0,1,6.0,0
county:19033,county,Cerro Gordo County,IA,19033,26,2,345.0,12,742.5,8
county:19035,county,Cherokee County,IA,19035,12,2,345.0,1,211.7,0
county:19037,county,Chickasaw County,IA,19037,13,2,345.0,1,202.4,0
county:19039,county,Clarke County,IA,19039,8,0,69.0,1,0.0,1
county:19041,county,Clay County,IA,19041,18,2,345.0,3,442.2,0
county:19043,county,Clayton County,IA,19043,17,0,161.0,1,1.3,0
county:19045,county,Clinton County,IA,19045,30,1,345.0,1,180.0,0
county:19047,county,Crawford County,IA,19047,19,1,230.0,2,205.0,0
county:19049,county,Dallas County,IA,19049,21,2,345.0,5,7.0,3
county:19051,county,Davis County,IA,19051,8,0,69.0,1,1.9,0
county:19053,county,Decatur County,IA,19053,6,0,69.0,0,0.0,0
county:19055,county,Delaware County,IA,19055,17,0,161.0,3,105.8,0
county:19057,county,Des Moines County,IA,19057,16,0,161.0,3,290.8,2
county:19059,county,Dickinson County,IA,19059,17,0,161.0,3,154.0,0
county:19061,county,Dubuque County,IA,19061,34,2,345.0,6,14.0,3
county:19063,county,Emmet County,IA,19063,7,0,69.0,2,1.0,1
county:19065,county,Fayette County,IA,19065,13,0,161.0,1,37.5,0
county:19067,county,Floyd County,IA,19067,6,0,161.0,1,80.0,0
county:19069,county,Franklin County,IA,19069,21,2,345.0,5,507.0,1
county:19071,county,Fremont County,IA,19071,4,0,69.0,0,0.0,0
county:19073,county,Greene County,IA,19073,18,0,161.0,5,412.7,1
county:19075,county,Grundy County,IA,19075,16,0,161.0,2,231.6,0
county:19077,county,Guthrie County,IA,19077,21,1,345.0,1,200.1,0
county:19079,county,Hamilton County,IA,19079,15,0,69.0,4,447.6,0
county:19081,county,Hancock County,IA,19081,15,0,161.0,2,248.0,0
county:19083,county,Hardin County,IA,19083,14,0,161.0,4,153.0,2
county:19085,county,Harrison County,IA,19085,11,0,69.0,0,0.0,0
county:19087,county,Henry County,IA,19087,13,0,161.0,4,25.5,2
county:19089,county,Howard County,IA,19089,9,0,161.0,2,165.0,0
county:19091,county,Humboldt County,IA,19091,10,0,161.0,0,0.0,0
county:19093,county,Ida County,IA,19093,12,2,345.0,2,502.1,0
county:19095,county,Iowa County,IA,19095,11,1,345.0,2,274.1,0
county:19097,county,Jackson County,IA,19097,11,0,161.0,3,34.2,1
county:19099,county,Jasper County,IA,19099,10,0,161.0,1,0.0,1
county:19101,county,Jefferson County,IA,19101,12,0,161.0,4,0.0,4
county:19103,county,Johnson County,IA,19103,26,3,345.0,3,99.7,0
county:19105,county,Jones County,IA,19105,13,0,161.0,0,0.0,0
county:19107,county,Keokuk County,IA,19107,9,0,69.0,0,0.0,0
county:19109,county,Kossuth County,IA,19109,18,7,345.0,6,442.0,1
county:19111,county,Lee County,IA,19111,21,0,161.0,3,234.4,1
county:19113,county,Linn County,IA,19113,57,5,345.0,11,721.4,4
county:19115,county,Louisa County,IA,19115,6,0,161.0,3,911.9,1
county:19117,county,Lucas County,IA,19117,5,0,161.0,0,0.0,0
county:19119,county,Lyon County,IA,19119,11,2,230.0,0,0.0,0
county:19121,county,Madison County,IA,19121,13,1,345.0,2,133.2,0
county:19123,county,Mahaska County,IA,19123,3,0,161.0,1,168.0,0
county:19125,county,Marion County,IA,19125,0,0,0.0,5,100.3,2
county:19127,county,Marshall County,IA,19127,23,1,345.0,9,1182.5,2
county:19129,county,Mills County,IA,19129,3,0,161.0,0,0.0,0
county:19131,county,Mitchell County,IA,19131,17,4,345.0,7,505.7,2
county:19133,county,Monona County,IA,19133,11,0,161.0,2,0.0,2
county:19135,county,Monroe County,IA,19135,9,0,161.0,1,40.0,0
county:19137,county,Montgomery County,IA,19137,6,0,69.0,0,0.0,0
county:19139,county,Muscatine County,IA,19139,15,3,345.0,4,321.0,0
county:19141,county,O'Brien County,IA,19141,14,2,345.0,2,752.3,0
county:19143,county,Osceola County,IA,19143,8,0,161.0,3,151.6,1
county:19145,county,Page County,IA,19145,10,1,345.0,1,20.0,0
county:19147,county,Palo Alto County,IA,19147,14,1,345.0,2,361.0,0
county:19149,county,Plymouth County,IA,19149,26,4,345.0,1,202.7,0
county:19151,county,Pocahontas County,IA,19151,12,0,161.0,2,366.4,0
county:19153,county,Polk County,IA,19153,54,5,345.0,7,1052.9,2
county:19155,county,Pottawattamie County,IA,19155,36,8,345.0,2,1813.5,0
county:19157,county,Poweshiek County,IA,19157,11,2,345.0,7,528.2,2
county:19159,county,Ringgold County,IA,19159,7,0,69.0,0,0.0,0
county:19161,county,Sac County,IA,19161,16,2,345.0,5,387.1,1
county:19163,county,Scott County,IA,19163,26,2,345.0,1,0.0,1
county:19165,county,Shelby County,IA,19165,14,0,69.0,1,3.4,0
county:19167,county,Sioux County,IA,19167,33,1,230.0,0,0.0,0
county:19169,county,Story County,IA,19169,29,0,161.0,19,432.0,3
county:19171,county,Tama County,IA,19171,7,0,161.0,1,1.5,0
county:19173,county,Taylor County,IA,19173,3,0,69.0,4,116.0,1
county:19175,county,Union County,IA,19175,13,0,161.0,3,372.8,1
county:19177,county,Van Buren County,IA,19177,8,0,69.0,0,0.0,0
county:19179,county,Wapello County,IA,19179,14,1,345.0,2,729.1,0
county:19181,county,Warren County,IA,19181,6,1,345.0,1,40.9,0
county:19183,county,Washington County,IA,19183,7,1,345.0,1,0.0,1
county:19185,county,Wayne County,IA,19185,7,0,69.0,0,0.0,0
county:19187,county,Webster County,IA,19187,14,3,345.0,2,351.0,0
county:19189,county,Winnebago County,IA,19189,3,0,161.0,6,510.8,0
county:19191,county,Winneshiek County,IA,19191,7,0,69.0,6,4.1,4
county:19193,county,Woodbury County,IA,19193,32,2,345.0,3,1284.0,0
county:19195,county,Worth County,IA,19195,6,0,161.0,6,352.9,0
county:19197,county,Wright County,IA,19197,17,0,161.0,0,0.0,0
county:20001,county,Allen County,KS,20001,13,0,161.0,2,228.6,0
county:20005,county,Atchison County,KS,20005,7,0,115.0,0,0.0,0
county:20007,county,Barber County,KS,20007,6,1,345.0,1,94.0,0
county:20009,county,Barton County,KS,20009,16,2,230.0,2,92.5,0
county:20011,county,Bourbon County,KS,20011,7,0,161.0,1,197.4,0
county:20013,county,Brown County,KS,20013,1,0,115.0,0,0.0,0
county:20015,county,Butler County,KS,20015,16,4,345.0,5,172.7,1
county:20019,county,Chautauqua County,KS,20019,3,0,69.0,0,0.0,0
county:20021,county,Cherokee County,KS,20021,4,0,161.0,1,300.2,0
county:20023,county,Cheyenne County,KS,20023,4,0,115.0,1,4.0,0
county:20025,county,Clark County,KS,20025,4,4,345.0,1,598.8,0
county:20027,county,Clay County,KS,20027,5,0,115.0,1,29.9,0
county:20029,county,Cloud County,KS,20029,5,5,345.0,2,201.0,1
county:20031,county,Coffey County,KS,20031,13,3,345.0,5,1499.1,0
county:20035,county,Cowley County,KS,20035,23,0,138.0,1,28.1,0
county:20037,county,Crawford County,KS,20037,11,0,161.0,1,10.8,0
county:20039,county,Decatur County,KS,20039,1,0,115.0,0,0.0,0
county:20041,county,Dickinson County,KS,20041,6,1,230.0,1,0.0,1
county:20043,county,Doniphan County,KS,20043,3,0,115.0,0,0.0,0
county:20045,county,Douglas County,KS,20045,16,2,230.0,4,530.4,1
county:20047,county,Edwards County,KS,20047,2,0,115.0,0,0.0,0
county:20049,county,Elk County,KS,20049,3,2,345.0,1,200.0,0
county:20051,county,Ellis County,KS,20051,12,5,345.0,3,308.0,0
county:20053,county,Ellsworth County,KS,20053,5,2,230.0,1,201.0,0
county:20055,county,Finney County,KS,20055,11,2,345.0,3,632.6,0
county:20057,county,Ford County,KS,20057,19,10,345.0,7,1329.8,0
county:20059,county,Franklin County,KS,20059,3,0,161.0,1,19.2,0
county:20061,county,Geary County,KS,20061,7,2,345.0,2,1.3,1
county:20063,county,Gove County,KS,20063,3,0,115.0,1,2.7,0
county:20065,county,Graham County,KS,20065,3,0,115.0,0,0.0,0
county:20067,county,Grant County,KS,20067,11,0,115.0,2,369.8,0
county:20069,county,Gray County,KS,20069,9,3,345.0,4,507.7,0
county:20071,county,Greeley County,KS,20071,3,0,115.0,0,0.0,0
county:20073,county,Greenwood County,KS,20073,3,0,138.0,0,0.0,0
county:20075,county,Hamilton County,KS,20075,2,0,115.0,0,0.0,0
county:20077,county,Harper County,KS,20077,6,2,345.0,1,470.4,0
county:20079,county,Harvey County,KS,20079,5,0,138.0,1,1.0,0
county:20081,county,Haskell County,KS,20081,5,1,345.0,0,0.0,0
county:20083,county,Hodgeman County,KS,20083,2,0,69.0,0,0.0,0
county:20085,county,Jackson County,KS,20085,4,1,345.0,1,21.5,0
county:20087,county,Jefferson County,KS,20087,4,0,115.0,0,0.0,0
county:20089,county,Jewell County,KS,20089,2,0,115.0,0,0.0,0
county:20091,county,Johnson County,KS,20091,46,5,345.0,6,447.2,4
county:20093,county,Kearny County,KS,20093,2,0,115.0,0,0.0,0
county:20095,county,Kingman County,KS,20095,3,2,345.0,2,342.8,0
county:20097,county,Kiowa County,KS,20097,4,0,115.0,3,117.5,0
county:20099,county,Labette County,KS,20099,6,1,345.0,0,0.0,0
county:20101,county,Lane County,KS,20101,2,0,115.0,0,0.0,0
county:20103,county,Leavenworth County,KS,20103,12,1,345.0,1,0.0,1
county:20105,county,Lincoln County,KS,20105,2,2,230.0,1,249.3,0
county:20107,county,Linn County,KS,20107,5,2,345.0,1,1598.9,0
county:20111,county,Lyon County,KS,20111,6,3,345.0,5,932.3,1
county:20113,county,McPherson County,KS,20113,9,1,230.0,2,330.4,0
county:20115,county,Marion County,KS,20115,4,2,345.0,3,499.3,1
county:20117,county,Marshall County,KS,20117,5,1,345.0,2,374.4,0
county:20121,county,Miami County,KS,20121,8,0,161.0,3,114.0,0
county:20123,county,Mitchell County,KS,20123,2,0,115.0,2,21.3,0
county:20125,county,Montgomery County,KS,20125,12,0,138.0,2,100.1,0
county:20127,county,Morris County,KS,20127,1,1,345.0,0,0.0,0
county:20129,county,Morton County,KS,20129,1,0,115.0,0,0.0,0
county:20131,county,Nemaha County,KS,20131,8,1,345.0,2,321.8,0
county:20133,county,Neosho County,KS,20133,13,2,345.0,4,419.8,0
county:20135,county,Ness County,KS,20135,4,1,230.0,1,198.6,0
county:20137,county,Norton County,KS,20137,1,0,115.0,0,0.0,0
county:20139,county,Osage County,KS,20139,6,1,345.0,2,15.1,0
county:20141,county,Osborne County,KS,20141,1,0,115.0,0,0.0,0
county:20145,county,Pawnee County,KS,20145,4,0,115.0,0,0.0,0
county:20147,county,Phillips County,KS,20147,1,0,115.0,0,0.0,0
county:20149,county,Pottawatomie County,KS,20149,3,2,345.0,3,2176.2,0
county:20151,county,Pratt County,KS,20151,11,2,345.0,3,457.8,0
county:20153,county,Rawlins County,KS,20153,3,0,115.0,0,0.0,0
county:20155,county,Reno County,KS,20155,11,2,345.0,2,286.7,0
county:20157,county,Republic County,KS,20157,4,2,345.0,2,616.2,0
county:20159,county,Rice County,KS,20159,3,1,230.0,2,23.8,0
county:20161,county,Riley County,KS,20161,6,1,230.0,1,0.0,1
county:20163,county,Rooks County,KS,20163,1,0,115.0,0,0.0,0
county:20165,county,Rush County,KS,20165,7,0,115.0,1,50.7,0
county:20167,county,Russell County,KS,20167,7,0,115.0,3,30.7,1
county:20169,county,Saline County,KS,20169,10,1,345.0,0,0.0,0
county:20171,county,Scott County,KS,20171,5,1,345.0,0,0.0,0
county:20173,county,Sedgwick County,KS,20173,61,3,345.0,4,833.0,1
county:20175,county,Seward County,KS,20175,13,0,115.0,1,65.0,0
county:20177,county,Shawnee County,KS,20177,25,2,230.0,3,5.6,2
county:20179,county,Sheridan County,KS,20179,4,0,115.0,0,0.0,0
county:20181,county,Sherman County,KS,20181,4,0,115.0,1,18.7,0
county:20183,county,Smith County,KS,20183,1,0,115.0,0,0.0,0
county:20185,county,Stafford County,KS,20185,3,0,115.0,0,0.0,0
county:20187,county,Stanton County,KS,20187,5,0,115.0,1,27.5,0
county:20189,county,Stevens County,KS,20189,3,2,345.0,1,19.2,0
county:20191,county,Sumner County,KS,20191,17,3,345.0,4,194.0,1
county:20193,county,Thomas County,KS,20193,4,2,345.0,5,505.1,0
county:20195,county,Trego County,KS,20195,4,0,115.0,0,0.0,0
county:20197,county,Wabaunsee County,KS,20197,2,0,115.0,0,0.0,0
county:20199,county,Wallace County,KS,20199,4,0,115.0,0,0.0,0
county:20201,county,Washington County,KS,20201,2,0,115.0,1,87.5,0
county:20203,county,Wichita County,KS,20203,3,0,115.0,1,99.0,0
county:20205,county,Wilson County,KS,20205,1,0,138.0,0,0.0,0
county:20207,county,Woodson County,KS,20207,4,0,69.0,0,0.0,0
county:20209,county,Wyandotte County,KS,20209,28,0,161.0,4,892.2,0
county:21001,county,Adair County,KY,21001,5,0,69.0,0,0.0,0
county:21003,county,Allen County,KY,21003,4,0,161.0,0,0.0,0
county:21005,county,Anderson County,KY,21005,6,0,69.0,0,0.0,0
county:21007,county,Ballard County,KY,21007,7,0,161.0,0,0.0,0
county:21009,county,Barren County,KY,21009,20,0,161.0,0,0.0,0
county:21011,county,Bath County,KY,21011,5,0,69.0,0,0.0,0
county:21013,county,Bell County,KY,21013,16,1,500.0,0,0.0,0
county:21015,county,Boone County,KY,21015,32,1,345.0,3,778.8,0
county:21017,county,Bourbon County,KY,21017,8,0,138.0,1,11.5,0
county:21019,county,Boyd County,KY,21019,18,0,138.0,1,0.0,1
county:21021,county,Boyle County,KY,21021,13,0,138.0,0,0.0,0
county:21023,county,Bracken County,KY,21023,4,0,69.0,1,105.0,0
county:21025,county,Breathitt County,KY,21025,4,0,138.0,0,0.0,0
county:21027,county,Breckinridge County,KY,21027,12,0,161.0,0,0.0,0
county:21029,county,Bullitt County,KY,21029,16,1,345.0,0,0.0,0
county:21031,county,Butler County,KY,21031,3,0,161.0,0,0.0,0
county:21033,county,Caldwell County,KY,21033,9,0,161.0,0,0.0,0
county:21035,county,Calloway County,KY,21035,7,0,161.0,0,0.0,0
county:21037,county,Campbell County,KY,21037,13,1,345.0,0,0.0,0
county:21039,county,Carlisle County,KY,21039,2,0,161.0,0,0.0,0
county:21041,county,Carroll County,KY,21041,12,3,345.0,1,2225.9,0
county:21043,county,Carter County,KY,21043,9,0,69.0,0,0.0,0
county:21045,county,Casey County,KY,21045,9,0,161.0,0,0.0,0
county:21047,county,Christian County,KY,21047,24,0,161.0,3,5.0,1
county:21049,county,Clark County,KY,21049,23,2,345.0,2,1063.5,0
county:21051,county,Clay County,KY,21051,9,0,161.0,0,0.0,0
county:21053,county,Clinton County,KY,21053,4,0,69.0,0,0.0,0
county:21055,county,Crittenden County,KY,21055,10,0,161.0,0,0.0,0
county:21057,county,Cumberland County,KY,21057,1,0,161.0,0,0.0,0
county:21059,county,Daviess County,KY,21059,29,2,345.0,1,0.0,1
county:21061,county,Edmonson County,KY,21061,4,0,69.0,0,0.0,0
county:21063,county,Elliott County,KY,21063,3,0,69.0,0,0.0,0
county:21065,county,Estill County,KY,21065,7,0,161.0,1,1.6,0
county:21067,county,Fayette County,KY,21067,48,2,345.0,2,41.4,1
county:21069,county,Fleming County,KY,21069,5,0,138.0,0,0.0,0
county:21071,county,Floyd County,KY,21071,6,0,138.0,0,0.0,0
county:21073,county,Franklin County,KY,21073,19,1,345.0,0,0.0,0
county:21075,county,Fulton County,KY,21075,8,0,69.0,0,0.0,0
county:21077,county,Gallatin County,KY,21077,7,1,345.0,0,0.0,0
county:21079,county,Garrard County,KY,21079,13,1,345.0,2,78.2,0
county:21081,county,Grant County,KY,21081,6,0,138.0,1,2.7,0
county:21083,county,Graves County,KY,21083,9,0,161.0,2,0.0,2
county:21085,county,Grayson County,KY,21085,13,0,138.0,0,0.0,0
county:21087,county,Green County,KY,21087,5,0,161.0,0,0.0,0
county:21089,county,Greenup County,KY,21089,5,0,138.0,0,0.0,0
county:21091,county,Hancock County,KY,21091,14,1,345.0,2,175.9,0
county:21093,county,Hardin County,KY,21093,32,2,345.0,2,2.4,1
county:21095,county,Harlan County,KY,21095,25,0,161.0,0,0.0,0
county:21097,county,Harrison County,KY,21097,8,0,138.0,0,0.0,0
county:21099,county,Hart County,KY,21099,9,0,138.0,0,0.0,0
county:21101,county,Henderson County,KY,21101,23,0,161.0,1,0.0,1
county:21103,county,Henry County,KY,21103,6,0,138.0,0,0.0,0
county:21105,county,Hickman County,KY,21105,5,0,161.0,0,0.0,0
county:21107,county,Hopkins County,KY,21107,33,0,161.0,0,0.0,0
county:21109,county,Jackson County,KY,21109,7,0,161.0,0,0.0,0
county:21111,county,Jefferson County,KY,21111,28,2,345.0,5,2734.8,2
county:21113,county,Jessamine County,KY,21113,15,0,138.0,0,0.0,0
county:21115,county,Johnson County,KY,21115,8,0,138.0,0,0.0,0
county:21117,county,Kenton County,KY,21117,23,1,345.0,2,5.1,0
county:21119,county,Knott County,KY,21119,6,0,138.0,0,0.0,0
county:21121,county,Knox County,KY,21121,13,0,161.0,0,0.0,0
county:21123,county,Larue County,KY,21123,4,0,69.0,0,0.0,0
county:21125,county,Laurel County,KY,21125,20,0,161.0,0,0.0,0
county:21127,county,Lawrence County,KY,21127,7,3,765.0,3,1430.5,1
county:21129,county,Lee County,KY,21129,5,0,161.0,0,0.0,0
county:21131,county,Leslie County,KY,21131,2,0,161.0,0,0.0,0
county:21133,county,Letcher County,KY,21133,3,0,138.0,0,0.0,0
county:21135,county,Lewis County,KY,21135,3,0,69.0,0,0.0,0
county:21137,county,Lincoln County,KY,21137,7,0,69.0,0,0.0,0
county:21139,county,Livingston County,KY,21139,11,0,161.0,2,259.9,0
county:21141,county,Logan County,KY,21141,11,0,161.0,1,173.0,0
county:21143,county,Lyon County,KY,21143,4,0,161.0,1,130.0,0
county:21145,county,McCracken County,KY,21145,26,1,500.0,3,1695.0,1
county:21147,county,McCreary County,KY,21147,7,0,161.0,0,0.0,0
county:21149,county,McLean County,KY,21149,9,0,69.0,0,0.0,0
county:21151,county,Madison County,KY,21151,29,0,161.0,0,0.0,0
county:21153,county,Magoffin County,KY,21153,4,0,69.0,0,0.0,0
county:21155,county,Marion County,KY,21155,11,0,161.0,1,0.0,1
county:21157,county,Marshall County,KY,21157,18,1,500.0,2,647.7,0
county:21159,county,Martin County,KY,21159,4,0,138.0,1,111.0,0
county:21161,county,Mason County,KY,21161,12,0,138.0,1,1608.5,0
county:21163,county,Meade County,KY,21163,16,3,345.0,0,0.0,0
county:21165,county,Menifee County,KY,21165,2,0,69.0,0,0.0,0
county:21167,county,Mercer County,KY,21167,15,1,345.0,3,1472.7,0
county:21169,county,Metcalfe County,KY,21169,6,0,161.0,0,0.0,0
county:21171,county,Monroe County,KY,21171,4,0,161.0,1,0.0,1
county:21173,county,Montgomery County,KY,21173,10,0,138.0,0,0.0,0
county:21175,county,Morgan County,KY,21175,6,0,69.0,1,0.0,1
county:21177,county,Muhlenberg County,KY,21177,30,1,500.0,2,1150.0,1
county:21179,county,Nelson County,KY,21179,18,0,138.0,0,0.0,0
county:21181,county,Nicholas County,KY,21181,4,0,69.0,0,0.0,0
county:21183,county,Ohio County,KY,21183,20,1,345.0,1,509.4,0
county:21185,county,Oldham County,KY,21185,5,2,345.0,2,624.0,1
county:21187,county,Owen County,KY,21187,6,0,138.0,0,0.0,0
county:21189,county,Owsley County,KY,21189,2,0,69.0,0,0.0,0
county:21191,county,Pendleton County,KY,21191,3,0,138.0,1,3.2,0
county:21193,county,Perry County,KY,21193,7,0,161.0,0,0.0,0
county:21195,county,Pike County,KY,21195,23,0,138.0,0,0.0,0
county:21197,county,Powell County,KY,21197,6,0,161.0,0,0.0,0
county:21199,county,Pulaski County,KY,21199,36,1,345.0,1,344.0,0
county:21201,county,Robertson County,KY,21201,1,0,69.0,0,0.0,0
county:21203,county,Rockcastle County,KY,21203,9,0,69.0,0,0.0,0
county:21205,county,Rowan County,KY,21205,13,0,138.0,0,0.0,0
county:21207,county,Russell County,KY,21207,10,0,161.0,1,270.0,0
county:21209,county,Scott County,KY,21209,17,0,138.0,2,2.0,1
county:21211,county,Shelby County,KY,21211,14,0,161.0,1,1.7,0
county:21213,county,Simpson County,KY,21213,8,0,161.0,0,0.0,0
county:21215,county,Spencer County,KY,21215,5,0,161.0,0,0.0,0
county:21217,county,Taylor County,KY,21217,9,0,161.0,0,0.0,0
county:21219,county,Todd County,KY,21219,6,0,161.0,0,0.0,0
county:21221,county,Trigg County,KY,21221,4,0,161.0,0,0.0,0
county:21223,county,Trimble County,KY,21223,6,2,345.0,1,2594.1,0
county:21225,county,Union County,KY,21225,16,0,161.0,0,0.0,0
county:21227,county,Warren County,KY,21227,27,0,161.0,3,0.0,3
county:21229,county,Washington County,KY,21229,6,0,69.0,0,0.0,0
county:21231,county,Wayne County,KY,21231,12,0,161.0,0,0.0,0
county:21233,county,Webster County,KY,21233,20,1,345.0,2,684.8,0
county:21235,county,Whitley County,KY,21235,15,0,161.0,1,70.0,0
county:21237,county,Wolfe County,KY,21237,3,0,69.0,0,0.0,0
county:21239,county,Woodford County,KY,21239,7,0,138.0,0,0.0,0
county:22001,county,Acadia Parish,LA,22001,19,2,500.0,3,1813.4,0
county:22003,county,Allen Parish,LA,22003,7,0,138.0,1,142.8,0
county:22005,county,Ascension Parish,LA,22005,28,17,230.0,3,248.0,0
county:22007,county,Assumption Parish,LA,22007,2,0,115.0,0,0.0,0
county:22009,county,Avoyelles Parish,LA,22009,3,0,138.0,0,0.0,0
county:22011,county,Beauregard Parish,LA,22011,18,0,138.0,1,61.5,0
county:22013,county,Bienville Parish,LA,22013,5,0,161.0,0,0.0,0
county:22015,county,Bossier Parish,LA,22015,20,0,138.0,0,0.0,0
county:22017,county,Caddo Parish,LA,22017,52,2,345.0,3,977.0,0
county:22019,county,Calcasieu Parish,LA,22019,94,25,500.0,10,3892.4,1
county:22021,county,Caldwell Parish,LA,22021,2,0,115.0,0,0.0,0
county:22023,county,Cameron Parish,LA,22023,14,2,230.0,1,204.0,0
county:22025,county,Catahoula Parish,LA,22025,6,0,115.0,0,0.0,0
county:22027,county,Claiborne Parish,LA,22027,5,0,115.0,0,0.0,0
county:22029,county,Concordia Parish,LA,22029,10,0,115.0,1,192.0,0
county:22031,county,De Soto Parish,LA,22031,10,2,345.0,1,172.0,0
county:22033,county,East Baton Rouge Parish,LA,22033,75,22,230.0,4,831.6,0
county:22037,county,East Feliciana Parish,LA,22037,10,2,500.0,0,0.0,0
county:22039,county,Evangeline Parish,LA,22039,5,2,230.0,1,922.8,0
county:22041,county,Franklin Parish,LA,22041,7,0,115.0,0,0.0,0
county:22043,county,Grant Parish,LA,22043,1,1,230.0,0,0.0,0
county:22045,county,Iberia Parish,LA,22045,8,2,230.0,1,3.0,0
county:22047,county,Iberville Parish,LA,22047,33,21,500.0,5,2530.9,0
county:22049,county,Jackson Parish,LA,22049,3,0,115.0,0,0.0,0
county:22051,county,Jefferson Parish,LA,22051,23,15,230.0,3,2448.7,1
county:22053,county,Jefferson Davis Parish,LA,22053,18,0,138.0,0,0.0,0
county:22055,county,Lafayette Parish,LA,22055,37,8,230.0,3,201.6,1
county:22057,county,Lafourche Parish,LA,22057,8,3,230.0,0,0.0,0
county:22059,county,LaSalle Parish,LA,22059,5,0,115.0,0,0.0,0
county:22061,county,Lincoln Parish,LA,22061,16,1,500.0,2,7.5,1
county:22063,county,Livingston Parish,LA,22063,21,4,500.0,0,0.0,0
county:22065,county,Madison Parish,LA,22065,1,0,115.0,0,0.0,0
county:22067,county,Morehouse Parish,LA,22067,7,0,115.0,1,200.0,0
county:22069,county,Natchitoches Parish,LA,22069,15,3,230.0,1,78.8,0
county:22071,county,Orleans Parish,LA,22071,28,11,230.0,5,274.5,0
county:22073,county,Ouachita Parish,LA,22073,23,3,500.0,4,1836.3,0
county:22075,county,Plaquemines Parish,LA,22075,6,4,230.0,3,23.5,2
county:22077,county,Pointe Coupee Parish,LA,22077,9,3,500.0,4,2492.8,1
county:22079,county,Rapides Parish,LA,22079,17,8,230.0,7,1772.4,5
county:22081,county,Red River Parish,LA,22081,5,3,500.0,1,20.8,0
county:22083,county,Richland Parish,LA,22083,6,0,115.0,0,0.0,0
county:22085,county,Sabine Parish,LA,22085,10,1,230.0,0,0.0,0
county:22087,county,St. Bernard Parish,LA,22087,9,5,230.0,1,46.0,0
county:22089,county,St. Charles Parish,LA,22089,27,24,500.0,6,4877.1,0
county:22091,county,St. Helena Parish,LA,22091,5,0,69.0,0,0.0,0
county:22093,county,St. James Parish,LA,22093,12,12,230.0,4,138.0,0
county:22095,county,St. John the Baptist Parish,LA,22095,8,8,230.0,0,0.0,0
county:22097,county,St. Landry Parish,LA,22097,25,4,500.0,1,135.0,0
county:22099,county,St. Martin Parish,LA,22099,12,0,138.0,1,0.0,1
county:22101,county,St. Mary Parish,LA,22101,14,2,230.0,3,505.6,0
county:22103,county,St. Tammany Parish,LA,22103,25,11,230.0,0,0.0,0
county:22105,county,Tangipahoa Parish,LA,22105,11,6,230.0,0,0.0,0
county:22109,county,Terrebonne Parish,LA,22109,14,2,230.0,1,78.9,0
county:22111,county,Union Parish,LA,22111,4,0,115.0,0,0.0,0
county:22113,county,Vermilion Parish,LA,22113,18,0,138.0,0,0.0,0
county:22115,county,Vernon Parish,LA,22115,9,2,230.0,0,0.0,0
county:22117,county,Washington Parish,LA,22117,19,5,500.0,3,549.1,0
county:22119,county,Webster Parish,LA,22119,14,1,345.0,0,0.0,0
county:22121,county,West Baton Rouge Parish,LA,22121,17,8,230.0,1,50.0,0
county:22123,county,West Carroll Parish,LA,22123,4,0,115.0,0,0.0,0
county:22125,county,West Feliciana Parish,LA,22125,9,1,500.0,2,1048.4,0
county:22127,county,Winn Parish,LA,22127,8,2,230.0,0,0.0,0
county:23001,county,Androscoggin County,ME,23001,11,2,345.0,17,152.3,5
county:23003,county,Aroostook County,ME,23003,36,0,138.0,48,308.1,36
county:23005,county,Cumberland County,ME,23005,19,4,345.0,22,1693.7,5
county:23007,county,Franklin County,ME,23007,7,0,115.0,8,463.4,1
county:23009,county,Hancock County,ME,23009,9,0,115.0,9,365.8,2
county:23011,county,Kennebec County,ME,23011,12,2,345.0,22,178.6,8
county:23013,county,Knox County,ME,23013,4,0,115.0,4,8.0,2
county:23015,county,Lincoln County,ME,23015,5,2,345.0,5,5.0,4
county:23017,county,Oxford County,ME,23017,9,0,115.0,14,556.0,3
county:23019,county,Penobscot County,ME,23019,17,4,345.0,25,940.9,6
county:23021,county,Piscataquis County,ME,23021,2,0,115.0,4,62.0,1
county:23023,county,Sagadahoc County,ME,23023,2,0,115.0,3,52.7,0
county:23025,county,Somerset County,ME,23025,16,0,115.0,24,639.7,2
county:23027,county,Waldo County,ME,23027,2,0,115.0,5,24.3,1
county:23029,county,Washington County,ME,23029,8,0,138.0,6,178.3,1
county:23031,county,York County,ME,23031,16,2,345.0,14,105.7,6
county:24001,county,Allegany County,MD,24001,8,1,500.0,3,229.0,2
county:24003,county,Anne Arundel County,MD,24003,32,7,500.0,10,2167.2,4
county:24005,county,Baltimore County,MD,24005,38,7,230.0,22,25.5,7
county:24009,county,Calvert County,MD,24009,15,4,500.0,2,1851.5,0
county:24011,county,Caroline County,MD,24011,6,1,230.0,3,0.0,3
county:24013,county,Carroll County,MD,24013,8,1,230.0,10,16.2,7
county:24015,county,Cecil County,MD,24015,8,5,500.0,10,1844.0,5
county:24017,county,Charles County,MD,24017,27,6,230.0,6,948.6,1
county:24019,county,Dorchester County,MD,24019,13,1,230.0,7,207.8,2
county:24021,county,Frederick County,MD,24021,13,10,500.0,12,44.4,5
county:24023,county,Garrett County,MD,24023,8,0,138.0,13,215.2,5
county:24025,county,Harford County,MD,24025,16,6,500.0,12,998.9,1
county:24027,county,Howard County,MD,24027,7,5,230.0,16,19.9,8
county:24029,county,Kent County,MD,24029,6,0,69.0,9,11.5,4
county:24031,county,Montgomery County,MD,24031,12,10,500.0,25,440.0,13
county:24033,county,Prince George's County,MD,24033,36,17,500.0,32,3074.9,11
county:24035,county,Queen Anne's County,MD,24035,12,0,138.0,13,102.8,6
county:24037,county,St. Mary's County,MD,24037,21,2,230.0,0,0.0,0
county:24039,county,Somerset County,MD,24039,9,0,138.0,6,92.9,1
county:24041,county,Talbot County,MD,24041,12,0,138.0,8,73.9,5
county:24043,county,Washington County,MD,24043,7,2,230.0,17,58.4,5
county:24045,county,Wicomico County,MD,24045,13,1,230.0,14,18.6,10
county:24047,county,Worcester County,MD,24047,18,0,138.0,6,15.2,3
county:24510,county,Baltimore city,MD,24510,15,0,138.0,6,167.3,1
county:25001,county,Barnstable County,MA,25001,22,3,345.0,38,1538.1,21
county:25003,county,Berkshire County,MA,25003,13,1,345.0,73,325.3,39
county:25005,county,Bristol County,MA,25005,36,1,345.0,118,602.5,58
county:25007,county,Dukes County,MA,25007,0,0,0.0,8,3.1,5
county:25009,county,Essex County,MA,25009,27,3,345.0,57,1088.1,21
county:25011,county,Franklin County,MA,25011,16,3,345.0,42,1901.4,17
county:25013,county,Hampden County,MA,25013,38,3,345.0,117,1381.6,50
county:25015,county,Hampshire County,MA,25015,11,0,115.0,48,127.1,17
county:25017,county,Middlesex County,MA,25017,64,12,450.0,101,485.2,50
county:25019,county,Nantucket County,MA,25019,0,0,0.0,1,0.0,1
county:25021,county,Norfolk County,MA,25021,36,7,345.0,49,2459.2,19
county:25023,county,Plymouth County,MA,25023,34,8,345.0,129,452.8,62
county:25025,county,Suffolk County,MA,25025,20,4,345.0,11,171.2,4
county:25027,county,Worcester County,MA,25027,73,5,345.0,288,1824.5,132
county:26001,county,Alcona County,MI,26001,4,0,138.0,3,44.0,0
county:26003,county,Alger County,MI,26003,7,0,138.0,0,0.0,0
county:26005,county,Allegan County,MI,26005,20,1,345.0,5,230.3,0
county:26007,county,Alpena County,MI,26007,10,0,138.0,4,54.4,0
county:26009,county,Antrim County,MI,26009,9,0,138.0,1,0.8,0
county:26011,county,Arenac County,MI,26011,5,0,138.0,0,0.0,0
county:26013,county,Baraga County,MI,26013,5,0,138.0,3,80.6,0
county:26015,county,Barry County,MI,26015,4,0,138.0,2,0.9,0
county:26017,county,Bay County,MI,26017,11,2,345.0,3,1177.0,0
county:26019,county,Benzie County,MI,26019,2,0,69.0,0,0.0,0
county:26021,county,Berrien County,MI,26021,33,2,765.0,6,2289.9,4
county:26023,county,Branch County,MI,26023,21,0,138.0,7,366.2,1
county:26025,county,Calhoun County,MI,26025,28,3,345.0,7,956.0,0
county:26027,county,Cass County,MI,26027,21,3,345.0,2,1174.4,1
county:26029,county,Charlevoix County,MI,26029,12,0,138.0,1,0.0,1
county:26031,county,Cheboygan County,MI,26031,9,0,138.0,5,22.8,3
county:26033,county,Chippewa County,MI,26033,24,0,115.0,10,253.1,2
county:26035,county,Clare County,MI,26035,1,0,138.0,0,0.0,0
county:26037,county,Clinton County,MI,26037,10,0,138.0,2,20.0,1
county:26039,county,Crawford County,MI,26039,5,0,138.0,1,38.0,0
county:26041,county,Delta County,MI,26041,20,0,138.0,9,254.1,1
county:26043,county,Dickinson County,MI,26043,14,1,345.0,3,76.4,0
county:26045,county,Eaton County,MI,26045,16,1,345.0,8,287.2,5
county:26047,county,Emmet County,MI,26047,13,0,138.0,2,1.8,1
county:26049,county,Genesee County,MI,26049,19,1,345.0,12,89.5,5
county:26051,county,Gladwin County,MI,26051,2,0,138.0,0,0.0,0
county:26053,county,Gogebic County,MI,26053,8,0,115.0,2,3.1,0
county:26055,county,Grand Traverse County,MI,26055,20,1,345.0,4,10.1,1
county:26057,county,Gratiot County,MI,26057,16,7,345.0,12,863.4,7
county:26059,county,Hillsdale County,MI,26059,4,0,138.0,10,152.0,8
county:26061,county,Houghton County,MI,26061,9,0,138.0,0,0.0,0
county:26063,county,Huron County,MI,26063,21,6,345.0,20,996.2,4
county:26065,county,Ingham County,MI,26065,26,0,138.0,8,207.9,4
county:26067,county,Ionia County,MI,26067,12,0,138.0,0,0.0,0
county:26069,county,Iosco County,MI,26069,3,0,138.0,4,28.0,0
county:26071,county,Iron County,MI,26071,9,0,138.0,5,30.7,0
county:26073,county,Isabella County,MI,26073,9,0,138.0,12,544.8,10
county:26075,county,Jackson County,MI,26075,14,1,345.0,5,684.0,2
county:26077,county,Kalamazoo County,MI,26077,22,0,138.0,7,78.1,4
county:26079,county,Kalkaska County,MI,26079,9,0,138.0,1,60.5,0
county:26081,county,Kent County,MI,26081,50,2,345.0,8,59.3,1
county:26083,county,Keweenaw County,MI,26083,1,0,69.0,0,0.0,0
county:26085,county,Lake County,MI,26085,8,0,138.0,0,0.0,0
county:26087,county,Lapeer County,MI,26087,11,1,345.0,2,48.0,0
county:26089,county,Leelanau County,MI,26089,6,0,138.0,2,2.8,0
county:26091,county,Lenawee County,MI,26091,10,1,345.0,3,2.0,2
county:26093,county,Livingston County,MI,26093,10,1,345.0,1,13.5,0
county:26095,county,Luce County,MI,26095,5,0,69.0,0,0.0,0
county:26097,county,Mackinac County,MI,26097,17,0,138.0,0,0.0,0
county:26099,county,Macomb County,MI,26099,43,8,345.0,4,151.4,1
county:26101,county,Manistee County,MI,26101,11,0,138.0,3,107.1,0
county:26103,county,Marquette County,MI,26103,26,2,345.0,9,222.1,2
county:26105,county,Mason County,MI,26105,11,2,345.0,3,2217.7,0
county:26107,county,Mecosta County,MI,26107,10,0,138.0,1,6.8,0
county:26109,county,Menominee County,MI,26109,13,0,138.0,4,26.1,0
county:26111,county,Midland County,MI,26111,17,3,345.0,2,2078.8,0
county:26113,county,Missaukee County,MI,26113,3,0,69.0,4,81.2,0
county:26115,county,Monroe County,MI,26115,21,3,345.0,4,4594.1,1
county:26117,county,Montcalm County,MI,26117,15,1,345.0,3,807.7,0
county:26119,county,Montmorency County,MI,26119,6,0,138.0,0,0.0,0
county:26121,county,Muskegon County,MI,26121,23,0,138.0,3,270.0,1
county:26123,county,Newaygo County,MI,26123,10,0,138.0,2,40.4,0
county:26125,county,Oakland County,MI,26125,59,7,345.0,7,135.1,5
county:26127,county,Oceana County,MI,26127,16,0,138.0,0,0.0,0
county:26129,county,Ogemaw County,MI,26129,7,1,345.0,0,0.0,0
county:26131,county,Ontonagon County,MI,26131,9,0,138.0,1,12.2,0
county:26133,county,Osceola County,MI,26133,12,0,138.0,2,51.0,1
county:26135,county,Oscoda County,MI,26135,4,0,138.0,1,5.0,0
county:26137,county,Otsego County,MI,26137,19,1,345.0,3,694.1,0
county:26139,county,Ottawa County,MI,26139,44,8,345.0,8,2715.4,2
county:26141,county,Presque Isle County,MI,26141,11,0,138.0,0,0.0,0
county:26143,county,Roscommon County,MI,26143,2,0,138.0,0,0.0,0
county:26145,county,Saginaw County,MI,26145,24,3,345.0,4,6.0,1
county:26147,county,St. Clair County,MI,26147,23,9,345.0,9,5876.6,0
county:26149,county,St. Joseph County,MI,26149,25,0,138.0,1,15.0,0
county:26151,county,Sanilac County,MI,26151,5,1,345.0,3,122.0,1
county:26153,county,Schoolcraft County,MI,26153,14,0,138.0,0,0.0,0
county:26155,county,Shiawassee County,MI,26155,7,1,345.0,3,373.3,0
county:26157,county,Tuscola County,MI,26157,12,5,345.0,6,656.2,0
county:26159,county,Van Buren County,MI,26159,22,5,345.0,3,1987.8,1
county:26161,county,Washtenaw County,MI,26161,25,3,345.0,11,190.7,5
county:26163,county,Wayne County,MI,26163,130,15,345.0,21,2722.0,10
county:26165,county,Wexford County,MI,26165,2,0,138.0,2,44.0,1
county:27001,county,Aitkin County,MN,27001,6,0,115.0,0,0.0,0
county:27003,county,Anoka County,MN,27003,21,2,345.0,8,3.4,7
county:27005,county,Becker County,MN,27005,8,2,230.0,3,0.0,3
county:27007,county,Beltrami County,MN,27007,13,1,230.0,1,51.3,0
county:27009,county,Benton County,MN,27009,10,1,345.0,18,25.0,3
county:27011,county,Big Stone County,MN,27011,5,0,115.0,0,0.0,0
county:27013,county,Blue Earth County,MN,27013,20,1,345.0,19,763.0,7
county:27015,county,Brown County,MN,27015,17,0,115.0,1,78.5,0
county:27017,county,Carlton County,MN,27017,10,0,115.0,6,84.1,1
county:27019,county,Carver County,MN,27019,13,0,115.0,20,148.6,3
county:27021,county,Cass County,MN,27021,14,1,230.0,3,1.8,2
county:27023,county,Chippewa County,MN,27023,13,2,230.0,14,60.6,3
county:27025,county,Chisago County,MN,27025,11,2,500.0,45,205.5,2
county:27027,county,Clay County,MN,27027,16,1,230.0,14,58.1,8
county:27029,county,Clearwater County,MN,27029,9,0,115.0,0,0.0,0
county:27031,county,Cook County,MN,27031,8,0,138.0,1,0.0,1
county:27033,county,Cottonwood County,MN,27033,16,0,115.0,4,266.2,0
county:27035,county,Crow Wing County,MN,27035,19,2,230.0,3,0.0,3
county:27037,county,Dakota County,MN,27037,41,2,345.0,31,1035.1,4
county:27039,county,Dodge County,MN,27039,6,0,161.0,20,70.5,4
county:27041,county,Douglas County,MN,27041,8,1,345.0,4,7.0,1
county:27043,county,Faribault County,MN,27043,16,1,345.0,4,40.4,0
county:27045,county,Fillmore County,MN,27045,19,0,161.0,27,14.1,23
county:27047,county,Freeborn County,MN,27047,23,0,161.0,8,428.3,1
county:27049,county,Goodhue County,MN,27049,18,2,345.0,34,1602.4,7
county:27051,county,Grant County,MN,27051,2,0,115.0,1,20.0,0
county:27053,county,Hennepin County,MN,27053,46,3,345.0,12,695.9,3
county:27055,county,Houston County,MN,27055,7,0,69.0,1,0.0,1
county:27057,county,Hubbard County,MN,27057,12,2,230.0,0,0.0,0
county:27059,county,Isanti County,MN,27059,7,0,69.0,4,211.1,0
county:27061,county,Itasca County,MN,27061,19,6,500.0,6,954.7,1
county:27063,county,Jackson County,MN,27063,20,2,345.0,8,602.0,0
county:27065,county,Kanabec County,MN,27065,4,0,69.0,1,13.8,0
county:27067,county,Kandiyohi County,MN,27067,14,1,230.0,9,15.0,1
county:27069,county,Kittson County,MN,27069,9,0,115.0,0,0.0,0
county:27071,county,Koochiching County,MN,27071,8,2,230.0,6,104.6,0
county:27073,county,Lac qui Parle County,MN,27073,11,1,230.0,0,0.0,0
county:27075,county,Lake County,MN,27075,6,0,115.0,3,135.6,1
county:27077,county,Lake of the Woods County,MN,27077,2,1,230.0,0,0.0,0
county:27079,county,Le Sueur County,MN,27079,7,1,345.0,14,38.5,0
county:27081,county,Lincoln County,MN,27081,11,3,345.0,13,1054.5,0
county:27083,county,Lyon County,MN,27083,22,1,345.0,10,106.2,2
county:27085,county,McLeod County,MN,27085,16,1,230.0,20,184.3,2
county:27089,county,Marshall County,MN,27089,10,0,115.0,0,0.0,0
county:27091,county,Martin County,MN,27091,20,4,345.0,5,590.3,0
county:27093,county,Meeker County,MN,27093,15,0,115.0,8,65.9,1
county:27095,county,Mille Lacs County,MN,27095,11,1,230.0,1,12.2,0
county:27097,county,Morrison County,MN,27097,4,0,115.0,3,33.5,0
county:27099,county,Mower County,MN,27099,20,2,345.0,39,1094.6,31
county:27101,county,Murray County,MN,27101,6,0,115.0,12,472.9,1
county:27103,county,Nicollet County,MN,27103,4,0,115.0,7,11.0,0
county:27105,county,Nobles County,MN,27105,11,1,345.0,6,495.0,0
county:27107,county,Norman County,MN,27107,5,0,69.0,0,0.0,0
county:27109,county,Olmsted County,MN,27109,33,1,345.0,17,196.7,6
county:27111,county,Otter Tail County,MN,27111,11,3,230.0,9,52.9,4
county:27113,county,Pennington County,MN,27113,8,0,115.0,0,0.0,0
county:27115,county,Pine County,MN,27115,13,2,230.0,2,28.0,0
county:27117,county,Pipestone County,MN,27117,7,0,115.0,22,270.5,0
county:27119,county,Polk County,MN,27119,10,1,230.0,0,0.0,0
county:27121,county,Pope County,MN,27121,0,0,0.0,19,29.0,1
county:27123,county,Ramsey County,MN,27123,4,2,345.0,5,687.0,2
county:27125,county,Red Lake County,MN,27125,2,0,69.0,1,5.6,0
county:27127,county,Redwood County,MN,27127,17,0,115.0,7,11.8,0
county:27129,county,Renville County,MN,27129,16,2,345.0,16,17.0,1
county:27131,county,Rice County,MN,27131,18,0,161.0,28,382.3,4
county:27133,county,Rock County,MN,27133,10,0,161.0,4,318.8,0
county:27135,county,Roseau County,MN,27135,6,4,500.0,0,0.0,0
county:27137,county,St. Louis County,MN,27137,51,6,500.0,6,261.7,1
county:27139,county,Scott County,MN,27139,18,4,345.0,13,408.9,5
county:27141,county,Sherburne County,MN,27141,18,2,345.0,31,2420.8,6
county:27143,county,Sibley County,MN,27143,4,0,69.0,6,6.3,2
county:27145,county,Stearns County,MN,27145,29,3,345.0,47,169.6,14
county:27147,county,Steele County,MN,27147,15,0,161.0,11,115.2,1
county:27149,county,Stevens County,MN,27149,4,1,230.0,2,3.4,1
county:27151,county,Swift County,MN,27151,4,0,115.0,0,0.0,0
county:27153,county,Todd County,MN,27153,1,0,69.0,1,0.0,1
county:27155,county,Traverse County,MN,27155,4,0,115.0,0,0.0,0
county:27157,county,Wabasha County,MN,27157,12,0,161.0,9,8.6,4
county:27159,county,Wadena County,MN,27159,7,1,230.0,0,0.0,0
county:27161,county,Waseca County,MN,27161,6,0,115.0,19,31.9,0
county:27163,county,Washington County,MN,27163,7,2,345.0,17,923.8,1
county:27165,county,Watonwan County,MN,27165,16,1,345.0,4,44.8,1
county:27169,county,Winona County,MN,27169,13,0,69.0,15,24.2,1
county:27171,county,Wright County,MN,27171,23,2,345.0,25,805.4,5
county:27173,county,Yellow Medicine County,MN,27173,8,1,345.0,2,6.0,0
county:28001,county,Adams County,MS,28001,13,0,115.0,0,0.0,0
county:28003,county,Alcorn County,MS,28003,7,0,161.0,0,0.0,0
county:28005,county,Amite County,MS,28005,7,0,115.0,0,0.0,0
county:28007,county,Attala County,MS,28007,6,3,500.0,1,551.3,0
county:28009,county,Benton County,MS,28009,3,1,500.0,1,1003.5,0
county:28011,county,Bolivar County,MS,28011,9,0,115.0,0,0.0,0
county:28013,county,Calhoun County,MS,28013,5,0,161.0,0,0.0,0
county:28015,county,Carroll County,MS,28015,4,0,115.0,1,100.0,0
county:28017,county,Chickasaw County,MS,28017,2,0,161.0,3,4.7,1
county:28019,county,Choctaw County,MS,28019,10,4,500.0,3,2263.2,0
county:28021,county,Claiborne County,MS,28021,4,1,500.0,1,1440.0,0
county:28023,county,Clarke County,MS,28023,9,2,230.0,1,78.5,0
county:28025,county,Clay County,MS,28025,4,1,500.0,0,0.0,0
county:28027,county,Coahoma County,MS,28027,7,0,115.0,2,361.6,0
county:28029,county,Copiah County,MS,28029,7,0,115.0,0,0.0,0
county:28031,county,Covington County,MS,28031,11,0,161.0,0,0.0,0
county:28033,county,DeSoto County,MS,28033,21,7,500.0,4,1003.9,2
county:28035,county,Forrest County,MS,28035,26,2,230.0,1,50.0,0
county:28037,county,Franklin County,MS,28037,4,1,500.0,0,0.0,0
county:28039,county,George County,MS,28039,12,1,230.0,1,28.4,0
county:28041,county,Greene County,MS,28041,11,1,230.0,0,0.0,0
county:28043,county,Grenada County,MS,28043,5,0,161.0,0,0.0,0
county:28045,county,Hancock County,MS,28045,21,1,230.0,2,78.5,1
county:28047,county,Harrison County,MS,28047,32,2,230.0,2,765.7,0
county:28049,county,Hinds County,MS,28049,38,9,500.0,1,600.4,0
county:28051,county,Holmes County,MS,28051,6,0,115.0,0,0.0,0
county:28053,county,Humphreys County,MS,28053,3,0,115.0,0,0.0,0
county:28055,county,Issaquena County,MS,28055,1,0,115.0,0,0.0,0
county:28057,county,Itawamba County,MS,28057,4,0,161.0,0,0.0,0
county:28059,county,Jackson County,MS,28059,41,6,500.0,3,2399.5,1
county:28061,county,Jasper County,MS,28061,12,2,230.0,0,0.0,0
county:28063,county,Jefferson County,MS,28063,3,0,115.0,0,0.0,0
county:28065,county,Jefferson Davis County,MS,28065,9,0,161.0,1,250.5,0
county:28067,county,Jones County,MS,28067,26,2,230.0,1,510.5,0
county:28069,county,Kemper County,MS,28069,5,2,230.0,2,1212.0,0
county:28071,county,Lafayette County,MS,28071,8,0,161.0,0,0.0,0
county:28073,county,Lamar County,MS,28073,20,1,230.0,2,654.0,0
county:28075,county,Lauderdale County,MS,28075,22,6,230.0,4,108.4,0
county:28077,county,Lawrence County,MS,28077,4,0,115.0,1,81.5,0
county:28079,county,Leake County,MS,28079,6,0,161.0,1,0.0,1
county:28081,county,Lee County,MS,28081,13,0,161.0,0,0.0,0
county:28083,county,Leflore County,MS,28083,12,0,115.0,0,0.0,0
county:28085,county,Lincoln County,MS,28085,10,0,115.0,0,0.0,0
county:28087,county,Lowndes County,MS,28087,25,3,500.0,6,1379.6,2
county:28089,county,Madison County,MS,28089,16,11,230.0,1,100.0,0
county:28091,county,Marion County,MS,28091,9,1,230.0,0,0.0,0
county:28093,county,Marshall County,MS,28093,8,0,161.0,0,0.0,0
county:28095,county,Monroe County,MS,28095,11,0,161.0,0,0.0,0
county:28097,county,Montgomery County,MS,28097,2,0,115.0,0,0.0,0
county:28099,county,Neshoba County,MS,28099,9,0,161.0,0,0.0,0
county:28101,county,Newton County,MS,28101,7,0,115.0,0,0.0,0
county:28103,county,Noxubee County,MS,28103,7,0,161.0,0,0.0,0
county:28105,county,Oktibbeha County,MS,28105,13,0,161.0,1,0.0,1
county:28107,county,Panola County,MS,28107,10,3,230.0,1,891.0,0
county:28109,county,Pearl River County,MS,28109,15,1,230.0,0,0.0,0
county:28111,county,Perry County,MS,28111,8,0,161.0,1,50.4,0
county:28113,county,Pike County,MS,28113,12,0,115.0,1,0.0,1
county:28115,county,Pontotoc County,MS,28115,3,0,161.0,0,0.0,0
county:28117,county,Prentiss County,MS,28117,3,0,161.0,0,0.0,0
county:28119,county,Quitman County,MS,28119,1,0,115.0,0,0.0,0
county:28121,county,Rankin County,MS,28121,24,4,230.0,2,1.2,1
county:28123,county,Scott County,MS,28123,11,0,161.0,1,175.0,0
county:28125,county,Sharkey County,MS,28125,2,0,115.0,0,0.0,0
county:28127,county,Simpson County,MS,28127,9,0,161.0,0,0.0,0
county:28129,county,Smith County,MS,28129,11,0,161.0,2,148.2,0
county:28131,county,Stone County,MS,28131,8,0,115.0,0,0.0,0
county:28133,county,Sunflower County,MS,28133,13,1,230.0,9,100.0,8
county:28135,county,Tallahatchie County,MS,28135,4,0,161.0,0,0.0,0
county:28137,county,Tate County,MS,28137,3,0,161.0,0,0.0,0
county:28139,county,Tippah County,MS,28139,2,0,161.0,0,0.0,0
county:28141,county,Tishomingo County,MS,28141,7,0,161.0,0,0.0,0
county:28143,county,Tunica County,MS,28143,6,2,230.0,1,184.5,0
county:28145,county,Union County,MS,28145,7,1,500.0,1,0.0,1
county:28147,county,Walthall County,MS,28147,5,0,115.0,1,1.6,0
county:28149,county,Warren County,MS,28149,19,1,500.0,2,55.3,0
county:28151,county,Washington County,MS,28151,17,1,230.0,2,781.4,1
county:28153,county,Wayne County,MS,28153,13,2,230.0,0,0.0,0
county:28155,county,Webster County,MS,28155,2,0,161.0,0,0.0,0
county:28157,county,Wilkinson County,MS,28157,3,0,115.0,0,0.0,0
county:28159,county,Winston County,MS,28159,7,0,161.0,0,0.0,0
county:28161,county,Yalobusha County,MS,28161,6,2,230.0,0,0.0,0
county:28163,county,Yazoo County,MS,28163,16,1,230.0,3,59.1,1
county:29001,county,Adair County,MO,29001,7,2,345.0,2,0.0,2
county:29003,county,Andrew County,MO,29003,10,1,345.0,0,0.0,0
county:29005,county,Atchison County,MO,29005,12,4,345.0,5,800.4,0
county:29007,county,Audrain County,MO,29007,14,1,345.0,5,1155.1,0
county:29009,county,Barry County,MO,29009,10,0,161.0,0,0.0,0
county:29011,county,Barton County,MO,29011,5,0,161.0,1,149.4,0
county:29013,county,Bates County,MO,29013,5,0,161.0,2,13.7,0
county:29015,county,Benton County,MO,29015,13,0,161.0,1,161.4,0
county:29017,county,Bollinger County,MO,29017,6,0,161.0,0,0.0,0
county:29019,county,Boone County,MO,29019,13,0,161.0,6,325.3,2
county:29021,county,Buchanan County,MO,29021,10,1,345.0,2,280.0,0
county:29023,county,Butler County,MO,29023,15,1,345.0,1,34.1,0
county:29025,county,Caldwell County,MO,29025,3,0,69.0,1,0.0,1
county:29027,county,Callaway County,MO,29027,19,3,345.0,2,1269.0,0
county:29029,county,Camden County,MO,29029,17,0,161.0,0,0.0,0
county:29031,county,Cape Girardeau County,MO,29031,11,2,345.0,1,1.2,0
county:29033,county,Carroll County,MO,29033,3,0,161.0,1,20.6,0
county:29035,county,Carter County,MO,29035,3,0,69.0,0,0.0,0
county:29037,county,Cass County,MO,29037,30,2,345.0,4,1091.2,1
county:29039,county,Cedar County,MO,29039,7,0,161.0,2,54.5,0
county:29041,county,Chariton County,MO,29041,5,0,161.0,0,0.0,0
county:29043,county,Christian County,MO,29043,11,0,161.0,1,7.9,0
county:29045,county,Clark County,MO,29045,2,0,69.0,0,0.0,0
county:29047,county,Clay County,MO,29047,32,1,345.0,5,0.0,5
county:29049,county,Clinton County,MO,29049,9,0,161.0,0,0.0,0
county:29051,county,Cole County,MO,29051,9,1,345.0,2,129.1,0
county:29053,county,Cooper County,MO,29053,7,1,345.0,1,0.0,1
county:29055,county,Crawford County,MO,29055,7,0,161.0,0,0.0,0
county:29057,county,Dade County,MO,29057,6,1,345.0,0,0.0,0
county:29059,county,Dallas County,MO,29059,4,0,69.0,0,0.0,0
county:29061,county,Daviess County,MO,29061,5,0,69.0,0,0.0,0
county:29063,county,DeKalb County,MO,29063,10,3,345.0,2,350.9,0
county:29065,county,Dent County,MO,29065,3,1,345.0,0,0.0,0
county:29067,county,Douglas County,MO,29067,5,0,69.0,0,0.0,0
county:29069,county,Dunklin County,MO,29069,12,1,345.0,2,496.4,0
county:29071,county,Franklin County,MO,29071,8,2,345.0,1,2389.4,0
county:29073,county,Gasconade County,MO,29073,9,1,345.0,0,0.0,0
county:29075,county,Gentry County,MO,29075,4,0,161.0,1,56.7,0
county:29077,county,Greene County,MO,29077,39,1,345.0,4,923.2,0
county:29079,county,Grundy County,MO,29079,10,0,161.0,2,16.8,0
county:29081,county,Harrison County,MO,29081,6,0,69.0,0,0.0,0
county:29083,county,Henry County,MO,29083,10,0,161.0,0,0.0,0
county:29085,county,Hickory County,MO,29085,3,0,69.0,0,0.0,0
county:29087,county,Holt County,MO,29087,7,1,345.0,0,0.0,0
county:29091,county,Howell County,MO,29091,12,0,161.0,2,55.4,0
county:29093,county,Iron County,MO,29093,10,0,138.0,0,0.0,0
county:29095,county,Jackson County,MO,29095,77,2,345.0,15,1938.6,3
county:29097,county,Jasper County,MO,29097,21,2,345.0,8,1113.6,4
county:29099,county,Jefferson County,MO,29099,9,3,345.0,0,0.0,0
county:29101,county,Johnson County,MO,29101,12,0,161.0,1,321.3,0
county:29103,county,Knox County,MO,29103,5,0,161.0,0,0.0,0
county:29105,county,Laclede County,MO,29105,11,1,345.0,1,2.5,0
county:29107,county,Lafayette County,MO,29107,11,0,161.0,2,54.1,0
county:29109,county,Lawrence County,MO,29109,11,0,161.0,1,149.4,0
county:29111,county,Lewis County,MO,29111,7,0,69.0,0,0.0,0
county:29113,county,Lincoln County,MO,29113,8,0,161.0,1,0.0,1
county:29115,county,Linn County,MO,29115,6,0,161.0,0,0.0,0
county:29117,county,Livingston County,MO,29117,11,0,161.0,2,92.5,0
county:29119,county,McDonald County,MO,29119,8,0,161.0,0,0.0,0
county:29121,county,Macon County,MO,29121,10,0,69.0,1,2.8,0
county:29123,county,Madison County,MO,29123,2,0,161.0,1,27.6,0
county:29125,county,Maries County,MO,29125,5,0,161.0,0,0.0,0
county:29127,county,Marion County,MO,29127,10,2,345.0,0,0.0,0
county:29129,county,Mercer County,MO,29129,4,0,69.0,0,0.0,0
county:29131,county,Miller County,MO,29131,9,0,161.0,1,208.0,0
county:29133,county,Mississippi County,MO,29133,3,0,161.0,0,0.0,0
county:29135,county,Moniteau County,MO,29135,5,0,161.0,0,0.0,0
county:29137,county,Monroe County,MO,29137,4,0,69.0,0,0.0,0
county:29139,county,Montgomery County,MO,29139,9,1,345.0,1,5.7,0
county:29141,county,Morgan County,MO,29141,6,0,161.0,0,0.0,0
county:29143,county,New Madrid County,MO,29143,16,1,500.0,1,1182.0,0
county:29145,county,Newton County,MO,29145,11,0,161.0,1,0.0,1
county:29147,county,Nodaway County,MO,29147,16,1,345.0,4,844.5,0
county:29149,county,Oregon County,MO,29149,5,0,161.0,0,0.0,0
county:29151,county,Osage County,MO,29151,7,1,345.0,0,0.0,0
county:29153,county,Ozark County,MO,29153,6,0,161.0,0,0.0,0
county:29155,county,Pemiscot County,MO,29155,9,0,161.0,0,0.0,0
county:29157,county,Perry County,MO,29157,2,0,161.0,1,0.0,1
county:29159,county,Pettis County,MO,29159,13,0,161.0,0,0.0,0
county:29161,county,Phelps County,MO,29161,12,0,161.0,1,2.8,0
county:29163,county,Pike County,MO,29163,4,0,161.0,1,240.0,0
county:29165,county,Platte County,MO,29165,21,1,345.0,4,1725.0,3
county:29167,county,Polk County,MO,29167,7,0,161.0,0,0.0,0
county:29169,county,Pulaski County,MO,29169,13,1,345.0,1,2.8,0
county:29171,county,Putnam County,MO,29171,4,0,69.0,1,53.2,0
county:29173,county,Ralls County,MO,29173,7,0,161.0,1,58.0,0
county:29175,county,Randolph County,MO,29175,10,1,345.0,2,1242.3,0
county:29177,county,Ray County,MO,29177,4,0,161.0,0,0.0,0
county:29179,county,Reynolds County,MO,29179,8,1,345.0,1,408.0,0
county:29181,county,Ripley County,MO,29181,7,0,161.0,0,0.0,0
county:29183,county,St. Charles County,MO,29183,21,4,345.0,3,1103.9,1
county:29185,county,St. Clair County,MO,29185,8,0,161.0,0,0.0,0
county:29186,county,Ste. Genevieve County,MO,29186,3,1,345.0,1,0.0,1
county:29187,county,St. Francois County,MO,29187,3,1,345.0,1,2.5,0
county:29189,county,St. Louis County,MO,29189,21,2,345.0,3,9.0,2
county:29195,county,Saline County,MO,29195,9,0,161.0,2,33.6,0
county:29197,county,Schuyler County,MO,29197,4,2,345.0,1,400.0,0
county:29199,county,Scotland County,MO,29199,5,0,69.0,0,0.0,0
county:29201,county,Scott County,MO,29201,8,1,345.0,2,440.0,0
county:29203,county,Shannon County,MO,29203,3,0,69.0,0,0.0,0
county:29205,county,Shelby County,MO,29205,7,0,69.0,1,3.6,0
county:29207,county,Stoddard County,MO,29207,11,1,345.0,1,110.0,0
county:29209,county,Stone County,MO,29209,11,0,161.0,0,0.0,0
county:29211,county,Sullivan County,MO,29211,10,0,161.0,0,0.0,0
county:29213,county,Taney County,MO,29213,16,0,161.0,2,216.0,0
county:29215,county,Texas County,MO,29215,6,0,69.0,0,0.0,0
county:29217,county,Vernon County,MO,29217,6,0,161.0,1,22.0,0
county:29219,county,Warren County,MO,29219,7,1,345.0,1,139.0,0
county:29221,county,Washington County,MO,29221,3,0,161.0,0,0.0,0
county:29223,county,Wayne County,MO,29223,6,0,161.0,0,0.0,0
county:29225,county,Webster County,MO,29225,10,0,161.0,0,0.0,0
county:29227,county,Worth County,MO,29227,2,0,69.0,0,0.0,0
county:29229,county,Wright County,MO,29229,4,0,161.0,0,0.0,0
county:29510,county,St. Louis city,MO,29510,9,1,345.0,4,103.7,0
county:30001,county,Beaverhead County,MT,30001,16,1,230.0,1,80.0,0
county:30003,county,Big Horn County,MT,30003,18,7,230.0,3,396.9,0
county:30005,county,Blaine County,MT,30005,12,0,161.0,0,0.0,0
county:30007,county,Broadwater County,MT,30007,3,1,230.0,1,0.0,1
county:30009,county,Carbon County,MT,30009,19,2,230.0,1,239.8,0
county:30011,county,Carter County,MT,30011,2,0,69.0,0,0.0,0
county:30013,county,Cascade County,MT,30013,29,2,230.0,7,247.2,1
county:30015,county,Chouteau County,MT,30015,15,0,161.0,0,0.0,0
county:30017,county,Custer County,MT,30017,5,3,345.0,2,231.2,0
county:30019,county,Daniels County,MT,30019,2,0,69.0,0,0.0,0
county:30021,county,Dawson County,MT,30021,1,1,230.0,1,83.7,0
county:30023,county,Deer Lodge County,MT,30023,3,2,230.0,1,203.1,0
county:30025,county,Fallon County,MT,30025,1,0,115.0,1,30.0,0
county:30027,county,Fergus County,MT,30027,16,0,100.0,0,0.0,0
county:30029,county,Flathead County,MT,30029,10,8,230.0,4,432.1,2
county:30031,county,Gallatin County,MT,30031,20,0,161.0,1,0.0,1
county:30035,county,Glacier County,MT,30035,18,2,230.0,2,106.5,1
county:30037,county,Golden Valley County,MT,30037,11,0,100.0,1,3.0,0
county:30039,county,Granite County,MT,30039,2,0,100.0,1,2.0,0
county:30041,county,Hill County,MT,30041,18,0,161.0,0,0.0,0
county:30043,county,Jefferson County,MT,30043,9,0,161.0,0,0.0,0
county:30045,county,Judith Basin County,MT,30045,14,1,230.0,2,120.0,0
county:30047,county,Lake County,MT,30047,14,0,161.0,1,227.8,0
county:30049,county,Lewis and Clark County,MT,30049,10,0,100.0,5,128.1,0
county:30051,county,Liberty County,MT,30051,5,0,115.0,1,7.5,0
county:30053,county,Lincoln County,MT,30053,10,1,230.0,1,525.0,0
county:30055,county,McCone County,MT,30055,3,1,230.0,1,179.7,0
county:30057,county,Madison County,MT,30057,15,0,161.0,1,16.4,0
county:30059,county,Meagher County,MT,30059,3,0,100.0,1,17.7,0
county:30061,county,Mineral County,MT,30061,7,1,500.0,0,0.0,0
county:30063,county,Missoula County,MT,30063,21,2,230.0,2,0.0,2
county:30065,county,Musselshell County,MT,30065,12,0,100.0,0,0.0,0
county:30067,county,Park County,MT,30067,19,1,230.0,0,0.0,0
county:30069,county,Petroleum County,MT,30069,4,0,69.0,0,0.0,0
county:30071,county,Phillips County,MT,30071,8,0,161.0,0,0.0,0
county:30073,county,Pondera County,MT,30073,11,1,230.0,0,0.0,0
county:30075,county,Powder River County,MT,30075,5,0,69.0,0,0.0,0
county:30077,county,Powell County,MT,30077,8,2,500.0,0,0.0,0
county:30081,county,Ravalli County,MT,30081,16,0,161.0,1,0.1,0
county:30083,county,Richland County,MT,30083,3,0,115.0,1,68.6,0
county:30085,county,Roosevelt County,MT,30085,9,0,115.0,2,138.0,0
county:30087,county,Rosebud County,MT,30087,14,5,500.0,5,2261.8,0
county:30089,county,Sanders County,MT,30089,14,6,500.0,2,585.9,0
county:30091,county,Sheridan County,MT,30091,1,0,115.0,0,0.0,0
county:30093,county,Silver Bow County,MT,30093,19,1,230.0,1,54.9,0
county:30095,county,Stillwater County,MT,30095,16,2,230.0,2,92.2,0
county:30097,county,Sweet Grass County,MT,30097,10,0,161.0,2,27.0,0
county:30099,county,Teton County,MT,30099,15,1,230.0,3,48.0,0
county:30101,county,Toole County,MT,30101,12,3,230.0,3,292.5,1
county:30103,county,Treasure County,MT,30103,2,0,69.0,0,0.0,0
county:30105,county,Valley County,MT,30105,22,0,161.0,0,0.0,0
county:30107,county,Wheatland County,MT,30107,12,2,230.0,5,164.7,1
county:30111,county,Yellowstone County,MT,30111,50,11,500.0,6,276.8,3
county:31001,county,Adams County,NE,31001,12,2,345.0,5,388.5,0
county:31003,county,Antelope County,NE,31003,8,3,345.0,5,818.2,0
county:31005,county,Arthur County,NE,31005,1,0,115.0,0,0.0,0
county:31009,county,Blaine County,NE,31009,2,0,69.0,0,0.0,0
county:31011,county,Boone County,NE,31011,5,0,115.0,2,120.4,0
county:31013,county,Box Butte County,NE,31013,7,0,115.0,0,0.0,0
county:31015,county,Boyd County,NE,31015,1,0,115.0,0,0.0,0
county:31017,county,Brown County,NE,31017,5,0,115.0,1,59.4,0
county:31019,county,Buffalo County,NE,31019,26,1,230.0,2,7.3,0
county:31021,county,Burt County,NE,31021,1,0,161.0,1,1.4,0
county:31023,county,Butler County,NE,31023,2,0,115.0,0,0.0,0
county:31025,county,Cass County,NE,31025,10,1,345.0,1,345.0,0
county:31027,county,Cedar County,NE,31027,14,0,115.0,1,132.3,0
county:31031,county,Cherry County,NE,31031,4,0,115.0,1,1.9,0
county:31033,county,Cheyenne County,NE,31033,6,3,345.0,1,5.1,0
county:31037,county,Colfax County,NE,31037,0,0,0.0,2,0.0,2
county:31039,county,Cuming County,NE,31039,0,0,0.0,1,2.5,0
county:31041,county,Custer County,NE,31041,25,1,345.0,3,153.0,1
county:31043,county,Dakota County,NE,31043,11,1,230.0,2,3.8,0
county:31045,county,Dawes County,NE,31045,5,1,230.0,0,0.0,0
county:31047,county,Dawson County,NE,31047,13,1,230.0,3,6.5,0
county:31049,county,Deuel County,NE,31049,2,0,115.0,0,0.0,0
county:31051,county,Dixon County,NE,31051,10,2,230.0,1,318.1,0
county:31053,county,Dodge County,NE,31053,10,0,161.0,3,177.7,0
county:31055,county,Douglas County,NE,31055,41,1,345.0,6,937.6,3
county:31057,county,Dundy County,NE,31057,0,0,0.0,1,0.0,1
county:31059,county,Fillmore County,NE,31059,0,0,0.0,1,6.9,0
county:31061,county,Franklin County,NE,31061,1,1,345.0,1,5.6,0
county:31063,county,Frontier County,NE,31063,0,0,0.0,1,0.0,1
county:31067,county,Gage County,NE,31067,2,0,115.0,1,247.1,0
county:31069,county,Garden County,NE,31069,2,0,115.0,0,0.0,0
county:31071,county,Garfield County,NE,31071,3,0,69.0,0,0.0,0
county:31073,county,Gosper County,NE,31073,5,1,230.0,3,152.9,0
county:31075,county,Grant County,NE,31075,1,0,115.0,0,0.0,0
county:31077,county,Greeley County,NE,31077,2,0,115.0,0,0.0,0
county:31079,county,Hall County,NE,31079,17,0,115.0,2,252.6,0
county:31081,county,Hamilton County,NE,31081,1,0,115.0,0,0.0,0
county:31083,county,Harlan County,NE,31083,1,0,115.0,0,0.0,0
county:31089,county,Holt County,NE,31089,23,4,345.0,1,400.0,0
county:31091,county,Hooker County,NE,31091,1,0,69.0,0,0.0,0
county:31093,county,Howard County,NE,31093,1,0,115.0,0,0.0,0
county:31095,county,Jefferson County,NE,31095,5,0,115.0,1,74.8,0
county:31097,county,Johnson County,NE,31097,4,0,69.0,0,0.0,0
county:31099,county,Kearney County,NE,31099,8,1,345.0,0,0.0,0
county:31101,county,Keith County,NE,31101,10,2,345.0,1,50.0,0
county:31103,county,Keya Paha County,NE,31103,3,0,69.0,1,3.0,0
county:31105,county,Kimball County,NE,31105,1,0,115.0,1,30.0,0
county:31107,county,Knox County,NE,31107,10,0,115.0,2,121.0,0
county:31109,county,Lancaster County,NE,31109,51,5,345.0,7,800.0,0
county:31111,county,Lincoln County,NE,31111,11,2,345.0,3,1410.4,0
county:31113,county,Logan County,NE,31113,3,0,115.0,0,0.0,0
county:31115,county,Loup County,NE,31115,1,0,69.0,0,0.0,0
county:31117,county,McPherson County,NE,31117,1,0,69.0,0,0.0,0
county:31119,county,Madison County,NE,31119,6,1,230.0,2,10.6,1
county:31121,county,Merrick County,NE,31121,3,2,345.0,2,0.0,2
county:31123,county,Morrill County,NE,31123,4,0,115.0,0,0.0,0
county:31125,county,Nance County,NE,31125,1,0,115.0,0,0.0,0
county:31127,county,Nemaha County,NE,31127,7,1,345.0,2,819.7,0
county:31129,county,Nuckolls County,NE,31129,1,0,115.0,1,0.0,1
county:31131,county,Otoe County,NE,31131,9,1,345.0,4,1433.2,0
county:31133,county,Pawnee County,NE,31133,1,0,115.0,0,0.0,0
county:31135,county,Perkins County,NE,31135,11,0,115.0,1,0.1,0
county:31137,county,Phelps County,NE,31137,6,0,115.0,0,0.0,0
county:31139,county,Pierce County,NE,31139,6,0,69.0,0,0.0,0
county:31141,county,Platte County,NE,31141,10,4,345.0,5,139.1,0
county:31143,county,Polk County,NE,31143,1,0,115.0,1,2.5,0
county:31145,county,Red Willow County,NE,31145,1,1,345.0,1,56.7,0
county:31147,county,Richardson County,NE,31147,6,0,161.0,2,91.3,0
county:31149,county,Rock County,NE,31149,6,0,115.0,0,0.0,0
county:31151,county,Saline County,NE,31151,2,2,345.0,1,300.0,0
county:31153,county,Sarpy County,NE,31153,26,5,345.0,2,866.4,0
county:31155,county,Saunders County,NE,31155,5,0,161.0,0,0.0,0
county:31157,county,Scotts Bluff County,NE,31157,9,5,345.0,4,4.5,2
county:31159,county,Seward County,NE,31159,2,0,115.0,2,2.7,0
county:31161,county,Sheridan County,NE,31161,3,0,115.0,0,0.0,0
county:31163,county,Sherman County,NE,31163,2,0,115.0,0,0.0,0
county:31165,county,Sioux County,NE,31165,1,0,69.0,0,0.0,0
county:31167,county,Stanton County,NE,31167,2,1,345.0,0,0.0,0
county:31169,county,Thayer County,NE,31169,2,0,115.0,1,56.7,0
county:31171,county,Thomas County,NE,31171,3,0,115.0,0,0.0,0
county:31173,county,Thurston County,NE,31173,1,0,69.0,0,0.0,0
county:31175,county,Valley County,NE,31175,14,0,115.0,0,0.0,0
county:31177,county,Washington County,NE,31177,6,1,345.0,1,5.0,0
county:31179,county,Wayne County,NE,31179,7,4,345.0,4,709.8,0
county:31181,county,Webster County,NE,31181,4,1,345.0,2,340.4,0
county:31183,county,Wheeler County,NE,31183,3,0,69.0,0,0.0,0
county:31185,county,York County,NE,31185,1,1,345.0,1,0.0,1
county:32001,county,Churchill County,NV,32001,5,2,230.0,15,354.8,4
county:32003,county,Clark County,NV,32003,228,66,500.0,96,14882.5,38
county:32005,county,Douglas County,NV,32005,2,0,125.0,4,0.0,4
county:32007,county,Elko County,NV,32007,11,1,345.0,4,32.0,3
county:32009,county,Esmeralda County,NV,32009,1,0,120.0,0,0.0,0
county:32011,county,Eureka County,NV,32011,3,1,345.0,2,242.0,1
county:32013,county,Humboldt County,NV,32013,11,1,345.0,3,756.9,0
county:32015,county,Lander County,NV,32015,12,5,230.0,2,219.4,0
county:32017,county,Lincoln County,NV,32017,4,0,138.0,3,185.0,2
county:32019,county,Lyon County,NV,32019,2,0,120.0,5,256.3,2
county:32021,county,Mineral County,NV,32021,2,0,120.0,5,97.5,2
county:32023,county,Nye County,NV,32023,26,6,230.0,3,243.5,0
county:32027,county,Pershing County,NV,32027,5,0,120.0,4,45.4,2
county:32029,county,Storey County,NV,32029,18,3,345.0,4,1161.5,1
county:32031,county,Washoe County,NV,32031,14,6,345.0,26,554.6,14
county:32033,county,White Pine County,NV,32033,5,5,500.0,2,301.8,0
county:32510,county,Carson City,NV,32510,0,0,0.0,7,0.0,7
county:33001,county,Belknap County,NH,33001,3,0,115.0,4,3.6,2
county:33003,county,Carroll County,NH,33003,4,0,115.0,4,45.6,1
county:33005,county,Cheshire County,NH,33005,9,1,345.0,2,0.0,2
county:33007,county,Coos County,NH,33007,8,0,115.0,14,284.3,0
county:33009,county,Grafton County,NH,33009,11,5,230.0,15,163.9,6
county:33011,county,Hillsborough County,NH,33011,22,5,345.0,11,56.8,4
county:33013,county,Merrimack County,NH,33013,11,2,230.0,13,84.9,4
county:33015,county,Rockingham County,NH,33015,29,7,345.0,14,3229.1,6
county:33017,county,Strafford County,NH,33017,5,0,115.0,9,19.2,5
county:33019,county,Sullivan County,NH,33019,2,0,115.0,10,44.0,8
county:34001,county,Atlantic County,NJ,34001,20,1,230.0,31,43.3,19
county:34003,county,Bergen County,NJ,34003,45,17,345.0,8,1239.6,3
county:34005,county,Burlington County,NJ,34005,24,16,230.0,55,393.7,24
county:34007,county,Camden County,NJ,34007,26,10,500.0,25,258.3,7
county:34009,county,Cape May County,NJ,34009,13,1,230.0,11,2.5,9
county:34011,county,Cumberland County,NJ,34011,25,1,230.0,19,533.0,1
county:34013,county,Essex County,NJ,34013,29,17,500.0,12,818.8,3
county:34015,county,Gloucester County,NJ,34015,33,8,230.0,26,1137.1,12
county:34017,county,Hudson County,NJ,34017,26,18,345.0,19,1117.1,2
county:34019,county,Hunterdon County,NJ,34019,7,6,230.0,26,614.3,9
county:34021,county,Mercer County,NJ,34021,25,12,500.0,33,64.8,13
county:34023,county,Middlesex County,NJ,34023,42,27,500.0,65,3001.2,16
county:34025,county,Monmouth County,NJ,34025,11,11,500.0,28,94.8,12
county:34027,county,Morris County,NJ,34027,14,11,230.0,15,45.6,5
county:34029,county,Ocean County,NJ,34029,11,8,230.0,29,804.6,14
county:34031,county,Passaic County,NJ,34031,19,5,230.0,9,15.2,6
county:34033,county,Salem County,NJ,34033,13,7,500.0,8,3490.0,5
county:34035,county,Somerset County,NJ,34035,14,7,500.0,42,55.9,23
county:34037,county,Sussex County,NJ,34037,5,3,500.0,16,54.0,8
county:34039,county,Union County,NJ,34039,22,17,345.0,15,2809.5,0
county:34041,county,Warren County,NJ,34041,6,4,230.0,27,548.0,13
county:35001,county,Bernalillo County,NM,35001,76,3,345.0,23,1325.6,9
county:35003,county,Catron County,NM,35003,5,2,345.0,1,100.0,0
county:35005,county,Chaves County,NM,35005,28,3,345.0,9,159.3,4
county:35006,county,Cibola County,NM,35006,5,0,115.0,5,166.9,0
county:35007,county,Colfax County,NM,35007,15,1,230.0,6,32.0,3
county:35009,county,Curry County,NM,35009,20,5,345.0,8,791.5,1
county:35011,county,De Baca County,NM,35011,3,2,345.0,0,0.0,0
county:35013,county,Doña Ana County,NM,35013,21,4,345.0,15,739.6,6
county:35015,county,Eddy County,NM,35015,69,9,345.0,2,30.1,0
county:35017,county,Grant County,NM,35017,7,0,115.0,3,85.4,0
county:35019,county,Guadalupe County,NM,35019,5,1,345.0,1,235.0,0
county:35021,county,Harding County,NM,35021,3,0,115.0,0,0.0,0
county:35023,county,Hidalgo County,NM,35023,7,1,345.0,3,293.2,0
county:35025,county,Lea County,NM,35025,69,3,345.0,13,1811.3,1
county:35027,county,Lincoln County,NM,35027,3,3,345.0,2,2429.4,0
county:35028,county,Los Alamos County,NM,35028,6,0,115.0,2,1.0,1
county:35029,county,Luna County,NM,35029,9,2,345.0,7,794.3,1
county:35031,county,McKinley County,NM,35031,11,6,345.0,3,658.0,0
county:35033,county,Mora County,NM,35033,1,0,69.0,0,0.0,0
county:35035,county,Otero County,NM,35035,17,3,345.0,10,198.0,5
county:35037,county,Quay County,NM,35037,10,0,115.0,9,723.3,0
county:35039,county,Rio Arriba County,NM,35039,5,3,345.0,6,77.6,1
county:35041,county,Roosevelt County,NM,35041,25,8,345.0,3,942.0,0
county:35043,county,Sandoval County,NM,35043,22,3,345.0,11,110.6,5
county:35045,county,San Juan County,NM,35045,58,13,500.0,5,2033.2,1
county:35047,county,San Miguel County,NM,35047,1,0,115.0,6,31.5,2
county:35049,county,Santa Fe County,NM,35049,8,2,345.0,25,15.0,21
county:35051,county,Sierra County,NM,35051,1,0,115.0,3,30.4,0
county:35053,county,Socorro County,NM,35053,3,1,345.0,0,0.0,0
county:35055,county,Taos County,NM,35055,3,1,345.0,9,35.5,2
county:35057,county,Torrance County,NM,35057,20,11,345.0,11,2897.2,1
county:35059,county,Union County,NM,35059,6,0,115.0,0,0.0,0
county:35061,county,Valencia County,NM,35061,16,0,115.0,12,506.3,2
county:36001,county,Albany County,NY,36001,35,1,345.0,42,1450.3,19
county:36003,county,Allegany County,NY,36003,9,0,115.0,8,85.5,2
county:36005,county,Bronx County,NY,36005,7,2,345.0,3,228.0,0
county:36007,county,Broome County,NY,36007,14,1,345.0,10,139.5,5
county:36009,county,Cattaraugus County,NY,36009,14,1,345.0,14,138.4,2
county:36011,county,Cayuga County,NY,36011,3,0,115.0,6,18.7,1
county:36013,county,Chautauqua County,NY,36013,30,4,230.0,16,444.3,3
county:36015,county,Chemung County,NY,36015,6,2,345.0,19,9.6,15
county:36017,county,Chenango County,NY,36017,4,0,115.0,9,28.3,6
county:36019,county,Clinton County,NY,36019,15,3,230.0,22,847.1,3
county:36021,county,Columbia County,NY,36021,11,0,115.0,11,29.3,5
county:36023,county,Cortland County,NY,36023,8,1,345.0,19,57.0,11
county:36025,county,Delaware County,NY,36025,12,3,345.0,3,2.3,2
county:36027,county,Dutchess County,NY,36027,37,5,345.0,24,1354.4,6
county:36029,county,Erie County,NY,36029,87,8,345.0,36,170.1,16
county:36031,county,Essex County,NY,36031,9,0,115.0,2,47.3,0
county:36033,county,Franklin County,NY,36033,5,1,345.0,15,219.7,6
county:36035,county,Fulton County,NY,36035,13,0,115.0,20,41.1,8
county:36037,county,Genesee County,NY,36037,9,0,115.0,15,117.8,2
county:36039,county,Greene County,NY,36039,14,2,345.0,15,1262.9,6
county:36043,county,Herkimer County,NY,36043,10,0,115.0,13,156.3,2
county:36045,county,Jefferson County,NY,36045,13,0,115.0,38,216.2,14
county:36047,county,Kings County,NY,36047,10,4,345.0,6,1420.6,0
county:36049,county,Lewis County,NY,36049,17,3,230.0,29,772.5,8
county:36051,county,Livingston County,NY,36051,10,1,230.0,17,198.0,11
county:36053,county,Madison County,NY,36053,8,0,115.0,12,104.4,4
county:36055,county,Monroe County,NY,36055,38,3,345.0,38,154.6,18
county:36057,county,Montgomery County,NY,36057,7,0,115.0,27,63.7,17
county:36059,county,Nassau County,NY,36059,26,4,345.0,12,1449.6,4
county:36061,county,New York County,NY,36061,13,3,345.0,4,791.5,0
county:36063,county,Niagara County,NY,36063,46,7,345.0,16,5150.6,0
county:36065,county,Oneida County,NY,36065,31,3,765.0,34,143.0,14
county:36067,county,Onondaga County,NY,36067,48,4,345.0,38,324.5,21
county:36069,county,Ontario County,NY,36069,4,0,115.0,23,34.5,9
county:36071,county,Orange County,NY,36071,40,6,345.0,59,2636.8,11
county:36073,county,Orleans County,NY,36073,3,0,115.0,7,22.0,1
county:36075,county,Oswego County,NY,36075,22,7,345.0,24,5913.3,2
county:36077,county,Otsego County,NY,36077,4,0,115.0,4,3.4,2
county:36079,county,Putnam County,NY,36079,5,1,345.0,1,0.0,1
county:36081,county,Queens County,NY,36081,9,1,345.0,10,5078.9,1
county:36083,county,Rensselaer County,NY,36083,19,5,345.0,26,891.5,10
county:36085,county,Richmond County,NY,36085,5,2,345.0,5,951.7,0
county:36087,county,Rockland County,NY,36087,30,4,500.0,7,1295.5,2
county:36089,county,St. Lawrence County,NY,36089,44,2,765.0,63,2388.0,19
county:36091,county,Saratoga County,NY,36091,24,0,115.0,41,455.1,10
county:36093,county,Schenectady County,NY,36093,14,2,345.0,19,42.1,8
county:36095,county,Schoharie County,NY,36095,10,1,345.0,3,1002.0,1
county:36097,county,Schuyler County,NY,36097,2,0,115.0,6,10.7,3
county:36099,county,Seneca County,NY,36099,2,0,115.0,7,15.6,2
county:36101,county,Steuben County,NY,36101,11,2,230.0,14,448.8,4
county:36103,county,Suffolk County,NY,36103,33,0,138.0,45,4148.0,13
county:36105,county,Sullivan County,NY,36105,12,1,345.0,17,94.4,3
county:36107,county,Tioga County,NY,36107,4,0,115.0,10,46.9,2
county:36109,county,Tompkins County,NY,36109,4,0,115.0,22,76.4,13
county:36111,county,Ulster County,NY,36111,22,1,345.0,28,66.9,10
county:36113,county,Warren County,NY,36113,9,0,115.0,5,82.7,0
county:36115,county,Washington County,NY,36115,8,0,115.0,16,59.2,5
county:36117,county,Wayne County,NY,36117,9,0,115.0,18,630.7,8
county:36119,county,Westchester County,NY,36119,16,6,345.0,14,72.5,7
county:36121,county,Wyoming County,NY,36121,11,5,230.0,13,531.0,2
county:36123,county,Yates County,NY,36123,2,0,115.0,5,130.6,0
county:37001,county,Alamance County,NC,37001,21,0,115.0,8,29.7,0
county:37003,county,Alexander County,NC,37003,4,0,100.0,3,11.2,0
county:37005,county,Alleghany County,NC,37005,4,0,115.0,0,0.0,0
county:37007,county,Anson County,NC,37007,9,7,230.0,12,570.6,1
county:37009,county,Ashe County,NC,37009,10,2,230.0,0,0.0,0
county:37011,county,Avery County,NC,37011,5,0,161.0,3,1.0,2
county:37013,county,Beaufort County,NC,37013,14,8,230.0,12,196.6,0
county:37015,county,Bertie County,NC,37015,5,2,230.0,6,40.0,1
county:37017,county,Bladen County,NC,37017,25,9,230.0,17,290.7,3
county:37019,county,Brunswick County,NC,37019,18,15,230.0,8,2065.6,4
county:37021,county,Buncombe County,NC,37021,34,4,230.0,7,1027.8,2
county:37023,county,Burke County,NC,37023,23,1,230.0,7,45.4,0
county:37025,county,Cabarrus County,NC,37025,32,1,230.0,9,126.7,2
county:37027,county,Caldwell County,NC,37027,12,0,100.0,4,37.6,1
county:37029,county,Camden County,NC,37029,1,0,115.0,4,35.0,0
county:37031,county,Carteret County,NC,37031,19,3,230.0,0,0.0,0
county:37033,county,Caswell County,NC,37033,2,1,230.0,5,17.9,1
county:37035,county,Catawba County,NC,37035,37,2,230.0,15,2326.3,0
county:37037,county,Chatham County,NC,37037,15,8,230.0,12,43.8,1
county:37039,county,Cherokee County,NC,37039,7,0,161.0,11,168.3,7
county:37041,county,Chowan County,NC,37041,5,5,230.0,6,211.4,0
county:37043,county,Clay County,NC,37043,2,0,161.0,11,13.7,9
county:37045,county,Cleveland County,NC,37045,33,4,500.0,28,2949.5,0
county:37047,county,Columbus County,NC,37047,18,3,230.0,21,154.0,5
county:37049,county,Craven County,NC,37049,16,5,230.0,9,88.5,0
county:37051,county,Cumberland County,NC,37051,44,19,500.0,16,506.2,0
county:37053,county,Currituck County,NC,37053,5,5,230.0,5,262.4,0
county:37055,county,Dare County,NC,37055,7,1,230.0,2,15.1,0
county:37057,county,Davidson County,NC,37057,35,0,100.0,5,57.2,0
county:37059,county,Davie County,NC,37059,6,0,100.0,7,40.4,1
county:37061,county,Duplin County,NC,37061,20,6,230.0,35,182.4,2
county:37063,county,Durham County,NC,37063,48,5,500.0,8,16.5,4
county:37065,county,Edgecombe County,NC,37065,23,4,230.0,9,281.9,1
county:37067,county,Forsyth County,NC,37067,52,2,230.0,3,9.1,0
county:37069,county,Franklin County,NC,37069,12,0,115.0,12,135.7,1
county:37071,county,Gaston County,NC,37071,43,4,230.0,17,215.2,4
county:37073,county,Gates County,NC,37073,1,1,230.0,3,15.0,0
county:37075,county,Graham County,NC,37075,4,0,161.0,3,439.7,0
county:37077,county,Granville County,NC,37077,6,2,230.0,10,42.7,1
county:37079,county,Greene County,NC,37079,8,0,115.0,5,13.9,1
county:37081,county,Guilford County,NC,37081,60,3,500.0,10,22.3,4
county:37083,county,Halifax County,NC,37083,17,5,230.0,15,501.5,0
county:37085,county,Harnett County,NC,37085,14,7,230.0,13,51.1,1
county:37087,county,Haywood County,NC,37087,13,0,161.0,3,109.5,1
county:37089,county,Henderson County,NC,37089,8,0,115.0,8,12.0,4
county:37091,county,Hertford County,NC,37091,9,3,230.0,15,186.5,0
county:37093,county,Hoke County,NC,37093,11,1,230.0,3,14.8,0
county:37095,county,Hyde County,NC,37095,2,0,115.0,2,8.5,0
county:37097,county,Iredell County,NC,37097,28,1,230.0,5,38.9,1
county:37099,county,Jackson County,NC,37099,3,1,230.0,5,50.8,0
county:37101,county,Johnston County,NC,37101,20,11,230.0,30,108.5,0
county:37103,county,Jones County,NC,37103,6,4,230.0,7,105.6,0
county:37105,county,Lee County,NC,37105,5,5,230.0,10,38.8,1
county:37107,county,Lenoir County,NC,37107,19,3,230.0,15,108.1,2
county:37109,county,Lincoln County,NC,37109,20,1,230.0,7,2113.6,3
county:37111,county,McDowell County,NC,37111,12,1,230.0,0,0.0,0
county:37113,county,Macon County,NC,37113,3,0,161.0,1,43.2,0
county:37115,county,Madison County,NC,37115,8,0,115.0,4,12.5,1
county:37117,county,Martin County,NC,37117,6,1,230.0,16,216.0,0
county:37119,county,Mecklenburg County,NC,37119,90,6,500.0,8,2444.7,5
county:37121,county,Mitchell County,NC,37121,2,0,115.0,0,0.0,0
county:37123,county,Montgomery County,NC,37123,15,1,230.0,14,299.8,1
county:37125,county,Moore County,NC,37125,13,3,230.0,11,49.2,0
county:37127,county,Nash County,NC,37127,25,6,230.0,31,270.0,3
county:37129,county,New Hanover County,NC,37129,27,16,230.0,3,853.8,0
county:37131,county,Northampton County,NC,37131,11,1,230.0,19,568.7,0
county:37133,county,Onslow County,NC,37133,38,10,230.0,11,42.6,1
county:37135,county,Orange County,NC,37135,21,2,230.0,6,50.0,1
county:37137,county,Pamlico County,NC,37137,2,2,230.0,2,10.0,0
county:37139,county,Pasquotank County,NC,37139,5,4,230.0,3,43.1,0
county:37141,county,Pender County,NC,37141,14,4,230.0,9,132.3,1
county:37143,county,Perquimans County,NC,37143,4,4,230.0,9,259.2,0
county:37145,county,Person County,NC,37145,17,13,500.0,9,3343.9,0
county:37147,county,Pitt County,NC,37147,30,5,230.0,10,90.7,0
county:37149,county,Polk County,NC,37149,4,0,100.0,1,5.4,0
county:37151,county,Randolph County,NC,37151,23,1,230.0,18,61.2,2
county:37153,county,Richmond County,NC,37153,12,8,500.0,12,2674.2,0
county:37155,county,Robeson County,NC,37155,31,4,230.0,44,406.7,1
county:37157,county,Rockingham County,NC,37157,24,2,230.0,10,1708.5,0
county:37159,county,Rowan County,NC,37159,28,2,500.0,16,1936.2,3
county:37161,county,Rutherford County,NC,37161,20,1,230.0,14,126.8,2
county:37163,county,Sampson County,NC,37163,18,2,230.0,14,49.7,0
county:37165,county,Scotland County,NC,37165,12,5,230.0,17,145.8,0
county:37167,county,Stanly County,NC,37167,20,1,230.0,8,92.0,3
county:37169,county,Stokes County,NC,37169,10,1,230.0,4,2550.1,0
county:37171,county,Surry County,NC,37171,14,1,230.0,7,36.3,2
county:37173,county,Swain County,NC,37173,1,0,161.0,0,0.0,0
county:37175,county,Transylvania County,NC,37175,7,1,230.0,0,0.0,0
county:37177,county,Tyrrell County,NC,37177,1,0,115.0,0,0.0,0
county:37179,county,Union County,NC,37179,20,0,100.0,7,106.7,0
county:37181,county,Vance County,NC,37181,6,2,230.0,14,107.8,1
county:37183,county,Wake County,NC,37183,84,54,500.0,16,1930.9,1
county:37185,county,Warren County,NC,37185,11,0,115.0,10,116.0,1
county:37187,county,Washington County,NC,37187,5,4,230.0,3,99.0,0
county:37189,county,Watauga County,NC,37189,13,0,161.0,1,0.0,1
county:37191,county,Wayne County,NC,37191,26,5,230.0,33,2179.4,1
county:37193,county,Wilkes County,NC,37193,13,2,500.0,1,0.0,1
county:37195,county,Wilson County,NC,37195,22,2,230.0,13,128.4,0
county:37197,county,Yadkin County,NC,37197,9,0,100.0,10,86.3,2
county:37199,county,Yancey County,NC,37199,9,1,230.0,0,0.0,0
county:38001,county,Adams County,ND,38001,6,2,230.0,1,155.5,0
county:38003,county,Barnes County,ND,38003,15,1,230.0,1,258.9,0
county:38005,county,Benson County,ND,38005,1,0,115.0,0,0.0,0
county:38007,county,Billings County,ND,38007,5,1,230.0,0,0.0,0
county:38009,county,Bottineau County,ND,38009,4,0,115.0,0,0.0,0
county:38011,county,Bowman County,ND,38011,11,2,230.0,1,19.5,0
county:38013,county,Burke County,ND,38013,5,1,345.0,1,199.4,0
county:38015,county,Burleigh County,ND,38015,24,5,230.0,3,201.4,0
county:38017,county,Cass County,ND,38017,29,6,345.0,1,0.0,1
county:38019,county,Cavalier County,ND,38019,7,0,115.0,1,199.5,0
county:38021,county,Dickey County,ND,38021,5,5,345.0,1,150.0,0
county:38023,county,Divide County,ND,38023,5,0,115.0,0,0.0,0
county:38025,county,Dunn County,ND,38025,16,1,345.0,0,0.0,0
county:38027,county,Eddy County,ND,38027,1,0,115.0,0,0.0,0
county:38029,county,Emmons County,ND,38029,3,2,230.0,1,200.0,0
county:38031,county,Foster County,ND,38031,1,0,115.0,0,0.0,0
county:38035,county,Grand Forks County,ND,38035,24,3,345.0,0,0.0,0
county:38037,county,Grant County,ND,38037,10,0,115.0,0,0.0,0
county:38039,county,Griggs County,ND,38039,3,0,69.0,0,0.0,0
county:38041,county,Hettinger County,ND,38041,1,0,115.0,0,0.0,0
county:38043,county,Kidder County,ND,38043,1,1,230.0,0,0.0,0
county:38045,county,LaMoure County,ND,38045,1,0,115.0,1,61.5,0
county:38049,county,McHenry County,ND,38049,3,1,230.0,2,111.9,0
county:38051,county,McIntosh County,ND,38051,3,3,230.0,1,150.0,0
county:38053,county,McKenzie County,ND,38053,60,5,345.0,2,302.5,1
county:38055,county,McLean County,ND,38055,5,3,400.0,1,1215.6,0
county:38057,county,Mercer County,ND,38057,15,9,345.0,4,2643.4,0
county:38059,county,Morton County,ND,38059,21,6,230.0,4,486.4,0
county:38061,county,Mountrail County,ND,38061,25,4,345.0,0,0.0,0
county:38063,county,Nelson County,ND,38063,5,0,115.0,0,0.0,0
county:38065,county,Oliver County,ND,38065,6,6,345.0,4,1528.2,0
county:38067,county,Pembina County,ND,38067,10,1,230.0,0,0.0,0
county:38069,county,Pierce County,ND,38069,8,2,230.0,1,149.0,0
county:38071,county,Ramsey County,ND,38071,6,1,230.0,0,0.0,0
county:38073,county,Ransom County,ND,38073,6,0,115.0,0,0.0,0
county:38077,county,Richland County,ND,38077,10,2,230.0,0,0.0,0
county:38079,county,Rolette County,ND,38079,4,2,230.0,1,150.0,0
county:38081,county,Sargent County,ND,38081,3,1,230.0,0,0.0,0
county:38085,county,Sioux County,ND,38085,5,0,69.0,0,0.0,0
county:38087,county,Slope County,ND,38087,1,1,230.0,0,0.0,0
county:38089,county,Stark County,ND,38089,15,5,345.0,1,300.0,0
county:38091,county,Steele County,ND,38091,5,1,230.0,2,169.5,0
county:38093,county,Stutsman County,ND,38093,8,2,345.0,3,354.4,0
county:38095,county,Towner County,ND,38095,2,0,115.0,0,0.0,0
county:38097,county,Traill County,ND,38097,11,0,115.0,1,4.0,0
county:38099,county,Walsh County,ND,38099,13,0,115.0,1,4.0,0
county:38101,county,Ward County,ND,38101,10,2,230.0,2,122.6,0
county:38103,county,Wells County,ND,38103,2,1,230.0,0,0.0,0
county:38105,county,Williams County,ND,38105,38,4,345.0,3,741.9,0
county:39001,county,Adams County,OH,39001,5,1,345.0,3,0.0,3
county:39003,county,Allen County,OH,39003,25,2,345.0,2,0.0,2
county:39005,county,Ashland County,OH,39005,28,0,138.0,0,0.0,0
county:39007,county,Ashtabula County,OH,39007,4,1,345.0,2,0.0,2
county:39009,county,Athens County,OH,39009,10,0,138.0,1,0.0,1
county:39011,county,Auglaize County,OH,39011,4,1,345.0,8,26.8,3
county:39013,county,Belmont County,OH,39013,44,2,345.0,0,0.0,0
county:39015,county,Brown County,OH,39015,4,1,345.0,5,280.0,3
county:39017,county,Butler County,OH,39017,12,4,345.0,9,2004.5,1
county:39019,county,Carroll County,OH,39019,22,2,345.0,1,832.3,0
county:39021,county,Champaign County,OH,39021,3,0,138.0,3,144.0,2
county:39023,county,Clark County,OH,39023,32,1,345.0,1,1.5,0
county:39025,county,Clermont County,OH,39025,14,3,345.0,2,0.0,2
county:39027,county,Clinton County,OH,39027,9,1,345.0,1,10.0,0
county:39029,county,Columbiana County,OH,39029,40,2,345.0,1,1210.4,0
county:39031,county,Coshocton County,OH,39031,12,1,345.0,1,0.0,1
county:39033,county,Crawford County,OH,39033,24,0,138.0,1,49.5,0
county:39035,county,Cuyahoga County,OH,39035,87,5,345.0,21,170.0,12
county:39037,county,Darke County,OH,39037,1,0,138.0,6,244.7,2
county:39039,county,Defiance County,OH,39039,18,0,138.0,4,453.6,2
county:39041,county,Delaware County,OH,39041,24,6,765.0,8,0.0,8
county:39043,county,Erie County,OH,39043,29,1,345.0,1,0.0,1
county:39045,county,Fairfield County,OH,39045,37,1,345.0,2,0.0,2
county:39047,county,Fayette County,OH,39047,7,1,345.0,1,0.0,1
county:39049,county,Franklin County,OH,39049,65,6,345.0,15,2.8,14
county:39051,county,Fulton County,OH,39051,17,2,345.0,4,108.0,2
county:39053,county,Gallia County,OH,39053,12,2,765.0,5,3686.5,3
county:39055,county,Geauga County,OH,39055,3,0,138.0,0,0.0,0
county:39057,county,Greene County,OH,39057,8,3,345.0,3,1.8,2
county:39059,county,Guernsey County,OH,39059,20,2,765.0,2,1875.0,1
county:39061,county,Hamilton County,OH,39061,15,2,345.0,6,1234.2,2
county:39063,county,Hancock County,OH,39063,19,1,345.0,8,15.5,3
county:39065,county,Hardin County,OH,39065,8,2,345.0,7,868.8,1
county:39067,county,Harrison County,OH,39067,26,0,138.0,0,0.0,0
county:39069,county,Henry County,OH,39069,12,1,345.0,6,66.4,2
county:39071,county,Highland County,OH,39071,8,0,138.0,3,550.0,0
county:39073,county,Hocking County,OH,39073,8,0,138.0,0,0.0,0
county:39075,county,Holmes County,OH,39075,18,0,138.0,0,0.0,0
county:39077,county,Huron County,OH,39077,31,0,69.0,2,3.2,1
county:39079,county,Jackson County,OH,39079,9,0,138.0,0,0.0,0
county:39081,county,Jefferson County,OH,39081,39,3,345.0,0,0.0,0
county:39083,county,Knox County,OH,39083,23,0,138.0,1,0.0,1
county:39085,county,Lake County,OH,39085,12,3,345.0,4,1285.5,2
county:39087,county,Lawrence County,OH,39087,10,3,765.0,1,1430.0,0
county:39089,county,Licking County,OH,39089,59,3,345.0,6,1.9,5
county:39091,county,Logan County,OH,39091,3,0,138.0,1,3.4,0
county:39093,county,Lorain County,OH,39093,88,5,345.0,4,576.1,1
county:39095,county,Lucas County,OH,39095,50,5,345.0,14,1234.2,8
county:39097,county,Madison County,OH,39097,14,2,345.0,5,957.2,1
county:39099,county,Mahoning County,OH,39099,49,0,138.0,1,4.0,0
county:39101,county,Marion County,OH,39101,20,0,138.0,1,4.5,0
county:39103,county,Medina County,OH,39103,52,2,345.0,3,14.3,0
county:39105,county,Meigs County,OH,39105,9,0,138.0,1,47.4,0
county:39107,county,Mercer County,OH,39107,0,0,0.0,2,4.0,1
county:39109,county,Miami County,OH,39109,8,2,345.0,2,14.4,0
county:39111,county,Monroe County,OH,39111,10,1,345.0,1,521.9,0
county:39113,county,Montgomery County,OH,39113,3,0,138.0,9,853.3,5
county:39115,county,Morgan County,OH,39115,8,0,138.0,0,0.0,0
county:39117,county,Morrow County,OH,39117,14,1,345.0,0,0.0,0
county:39119,county,Muskingum County,OH,39119,29,1,345.0,1,625.0,0
county:39121,county,Noble County,OH,39121,13,0,138.0,0,0.0,0
county:39123,county,Ottawa County,OH,39123,7,1,345.0,3,925.2,2
county:39125,county,Paulding County,OH,39125,20,0,138.0,10,442.9,3
county:39127,county,Perry County,OH,39127,14,0,138.0,0,0.0,0
county:39129,county,Pickaway County,OH,39129,22,2,345.0,2,564.0,1
county:39131,county,Pike County,OH,39131,5,2,765.0,1,0.0,1
county:39133,county,Portage County,OH,39133,36,1,345.0,1,0.0,1
county:39137,county,Putnam County,OH,39137,17,0,138.0,5,151.5,3
county:39139,county,Richland County,OH,39139,34,0,138.0,1,1.9,0
county:39141,county,Ross County,OH,39141,18,1,345.0,5,212.8,3
county:39143,county,Sandusky County,OH,39143,16,0,138.0,3,746.8,0
county:39145,county,Scioto County,OH,39145,9,0,138.0,2,137.2,0
county:39147,county,Seneca County,OH,39147,22,1,345.0,0,0.0,0
county:39149,county,Shelby County,OH,39149,5,1,345.0,3,16.9,0
county:39151,county,Stark County,OH,39151,99,4,765.0,2,1.9,1
county:39153,county,Summit County,OH,39153,63,1,345.0,2,14.4,1
county:39155,county,Trumbull County,OH,39155,44,4,345.0,4,1003.0,0
county:39157,county,Tuscarawas County,OH,39157,24,0,138.0,2,60.4,0
county:39159,county,Union County,OH,39159,7,1,765.0,2,325.0,1
county:39161,county,Van Wert County,OH,39161,7,3,345.0,5,900.5,2
county:39163,county,Vinton County,OH,39163,5,1,765.0,1,977.5,0
county:39165,county,Warren County,OH,39165,13,1,345.0,0,0.0,0
county:39167,county,Washington County,OH,39167,25,3,345.0,2,1636.5,0
county:39169,county,Wayne County,OH,39169,33,0,138.0,8,92.2,5
county:39171,county,Williams County,OH,39171,16,0,138.0,6,82.0,1
county:39173,county,Wood County,OH,39173,23,3,345.0,14,921.8,5
county:39175,county,Wyandot County,OH,39175,11,0,69.0,6,11.5,4
county:40001,county,Adair County,OK,40001,7,0,161.0,0,0.0,0
county:40003,county,Alfalfa County,OK,40003,11,1,345.0,1,250.0,0
county:40005,county,Atoka County,OK,40005,3,0,138.0,0,0.0,0
county:40007,county,Beaver County,OK,40007,12,5,345.0,4,797.7,0
county:40009,county,Beckham County,OK,40009,10,5,345.0,0,0.0,0
county:40011,county,Blaine County,OK,40011,9,1,345.0,0,0.0,0
county:40013,county,Bryan County,OK,40013,18,0,138.0,2,5.0,1
county:40015,county,Caddo County,OK,40015,28,6,345.0,11,2199.5,1
county:40017,county,Canadian County,OK,40017,23,5,345.0,5,1191.5,0
county:40019,county,Carter County,OK,40019,22,1,345.0,0,0.0,0
county:40021,county,Cherokee County,OK,40021,21,0,161.0,1,44.8,0
county:40023,county,Choctaw County,OK,40023,9,1,345.0,1,446.0,0
county:40027,county,Cleveland County,OK,40027,28,2,345.0,2,20.6,0
county:40029,county,Coal County,OK,40029,8,0,138.0,0,0.0,0
county:40031,county,Comanche County,OK,40031,21,1,345.0,3,393.0,1
county:40033,county,Cotton County,OK,40033,5,0,138.0,0,0.0,0
county:40035,county,Craig County,OK,40035,4,0,161.0,1,0.0,1
county:40037,county,Creek County,OK,40037,24,1,345.0,0,0.0,0
county:40039,county,Custer County,OK,40039,17,2,345.0,2,1146.0,0
county:40041,county,Delaware County,OK,40041,19,1,345.0,0,0.0,0
county:40043,county,Dewey County,OK,40043,15,4,345.0,4,854.1,0
county:40045,county,Ellis County,OK,40045,5,3,345.0,1,250.0,0
county:40047,county,Garfield County,OK,40047,23,5,345.0,4,656.1,0
county:40049,county,Garvin County,OK,40049,23,0,138.0,0,0.0,0
county:40051,county,Grady County,OK,40051,29,3,345.0,5,560.2,0
county:40053,county,Grant County,OK,40053,16,2,345.0,2,454.5,0
county:40055,county,Greer County,OK,40055,2,0,69.0,0,0.0,0
county:40057,county,Harmon County,OK,40057,3,0,138.0,0,0.0,0
county:40059,county,Harper County,OK,40059,9,0,138.0,3,233.4,0
county:40061,county,Haskell County,OK,40061,7,0,161.0,0,0.0,0
county:40063,county,Hughes County,OK,40063,9,0,138.0,0,0.0,0
county:40065,county,Jackson County,OK,40065,14,0,138.0,0,0.0,0
county:40067,county,Jefferson County,OK,40067,5,0,138.0,0,0.0,0
county:40069,county,Johnston County,OK,40069,6,2,345.0,1,303.5,0
county:40071,county,Kay County,OK,40071,40,5,345.0,7,1203.9,0
county:40073,county,Kingfisher County,OK,40073,22,3,345.0,3,308.4,1
county:40075,county,Kiowa County,OK,40075,9,0,138.0,2,345.7,0
county:40077,county,Latimer County,OK,40077,3,0,138.0,0,0.0,0
county:40079,county,Le Flore County,OK,40079,18,0,161.0,2,460.0,0
county:40081,county,Lincoln County,OK,40081,23,0,138.0,0,0.0,0
county:40083,county,Logan County,OK,40083,18,4,345.0,2,539.5,0
county:40085,county,Love County,OK,40085,4,0,138.0,1,3.0,0
county:40087,county,McClain County,OK,40087,11,0,138.0,1,551.3,0
county:40089,county,McCurtain County,OK,40089,18,1,345.0,1,100.0,0
county:40091,county,McIntosh County,OK,40091,9,0,161.0,1,90.0,0
county:40093,county,Major County,OK,40093,10,0,138.0,1,288.0,0
county:40095,county,Marshall County,OK,40095,5,0,138.0,0,0.0,0
county:40097,county,Mayes County,OK,40097,27,4,345.0,5,2781.6,0
county:40099,county,Murray County,OK,40099,9,0,138.0,5,512.0,0
county:40101,county,Muskogee County,OK,40101,27,3,345.0,3,1905.0,0
county:40103,county,Noble County,OK,40103,14,2,345.0,3,1684.0,0
county:40105,county,Nowata County,OK,40105,8,1,345.0,1,0.0,1
county:40107,county,Okfuskee County,OK,40107,9,0,161.0,1,110.0,0
county:40109,county,Oklahoma County,OK,40109,88,2,345.0,4,2594.0,0
county:40111,county,Okmulgee County,OK,40111,9,0,138.0,1,0.0,1
county:40113,county,Osage County,OK,40113,34,1,345.0,2,150.4,1
county:40115,county,Ottawa County,OK,40115,12,0,161.0,1,0.0,1
county:40117,county,Pawnee County,OK,40117,9,0,138.0,0,0.0,0
county:40119,county,Payne County,OK,40119,26,0,138.0,3,81.0,1
county:40121,county,Pittsburg County,OK,40121,19,4,345.0,1,1370.0,0
county:40123,county,Pontotoc County,OK,40123,10,0,138.0,1,0.0,1
county:40125,county,Pottawatomie County,OK,40125,18,0,138.0,0,0.0,0
county:40127,county,Pushmataha County,OK,40127,10,0,138.0,1,100.0,0
county:40129,county,Roger Mills County,OK,40129,6,3,230.0,3,453.1,0
county:40131,county,Rogers County,OK,40131,20,1,345.0,1,1477.5,0
county:40133,county,Seminole County,OK,40133,11,1,345.0,2,1701.0,1
county:40135,county,Sequoyah County,OK,40135,14,0,161.0,2,39.0,1
county:40137,county,Stephens County,OK,40137,22,1,345.0,0,0.0,0
county:40139,county,Texas County,OK,40139,8,1,345.0,1,200.0,0
county:40141,county,Tillman County,OK,40141,9,0,69.0,0,0.0,0
county:40143,county,Tulsa County,OK,40143,80,4,345.0,5,2460.6,0
county:40145,county,Wagoner County,OK,40145,17,2,345.0,1,1214.0,0
county:40147,county,Washington County,OK,40147,11,0,161.0,0,0.0,0
county:40149,county,Washita County,OK,40149,9,2,345.0,3,524.5,0
county:40151,county,Woods County,OK,40151,11,1,345.0,1,199.0,0
county:40153,county,Woodward County,OK,40153,21,3,345.0,8,1384.0,0
county:41001,county,Baker County,OR,41001,7,3,230.0,5,260.8,0
county:41003,county,Benton County,OR,41003,5,0,115.0,22,16.0,1
county:41005,county,Clackamas County,OR,41005,17,4,500.0,38,220.9,6
county:41007,county,Clatsop County,OR,41007,10,3,230.0,1,30.0,0
county:41009,county,Columbia County,OR,41009,5,4,500.0,3,1523.7,0
county:41011,county,Coos County,OR,41011,7,2,230.0,0,0.0,0
county:41013,county,Crook County,OR,41013,16,6,500.0,5,173.0,2
county:41015,county,Curry County,OR,41015,2,1,230.0,0,0.0,0
county:41017,county,Deschutes County,OR,41017,8,4,500.0,10,46.4,4
county:41019,county,Douglas County,OR,41019,14,5,500.0,12,204.9,4
county:41021,county,Gilliam County,OR,41021,12,7,230.0,10,1879.7,0
county:41023,county,Grant County,OR,41023,1,0,138.0,0,0.0,0
county:41025,county,Harney County,OR,41025,7,1,500.0,3,29.9,0
county:41027,county,Hood River County,OR,41027,3,0,115.0,0,0.0,0
county:41029,county,Jackson County,OR,41029,3,3,500.0,12,149.8,4
county:41031,county,Jefferson County,OR,41031,2,2,500.0,9,511.2,4
county:41033,county,Josephine County,OR,41033,3,1,230.0,3,0.0,3
county:41035,county,Klamath County,OR,41035,8,4,500.0,31,757.6,15
county:41037,county,Lake County,OR,41037,10,3,500.0,13,126.5,1
county:41039,county,Lane County,OR,41039,68,5,500.0,11,231.2,1
county:41041,county,Lincoln County,OR,41041,4,1,230.0,1,18.8,0
county:41043,county,Linn County,OR,41043,12,6,1100.0,10,342.4,1
county:41045,county,Malheur County,OR,41045,5,2,230.0,11,100.0,0
county:41047,county,Marion County,OR,41047,3,3,500.0,39,79.3,7
county:41049,county,Morrow County,OR,41049,19,8,500.0,14,1774.4,1
county:41051,county,Multnomah County,OR,41051,47,8,500.0,8,427.9,0
county:41053,county,Polk County,OR,41053,2,0,115.0,8,14.1,2
county:41055,county,Sherman County,OR,41055,9,7,500.0,8,3428.6,0
county:41057,county,Tillamook County,OR,41057,5,1,230.0,1,1.0,0
county:41059,county,Umatilla County,OR,41059,27,10,500.0,17,2864.2,2
county:41061,county,Union County,OR,41061,7,3,230.0,2,100.7,1
county:41063,county,Wallowa County,OR,41063,2,1,230.0,0,0.0,0
county:41065,county,Wasco County,OR,41065,19,11,500.0,2,200.0,0
county:41067,county,Washington County,OR,41067,26,6,500.0,12,105.9,2
county:41069,county,Wheeler County,OR,41069,4,0,115.0,0,0.0,0
county:41071,county,Yamhill County,OR,41071,9,2,230.0,16,36.8,2
county:42001,county,Adams County,PA,42001,16,2,500.0,7,1084.6,2
county:42003,county,Allegheny County,PA,42003,71,8,345.0,9,1065.0,3
county:42005,county,Armstrong County,PA,42005,9,4,500.0,7,2454.8,0
county:42007,county,Beaver County,PA,42007,25,3,345.0,10,2198.5,3
county:42009,county,Bedford County,PA,42009,7,0,115.0,0,0.0,0
county:42011,county,Berks County,PA,42011,73,9,230.0,11,1312.2,5
county:42013,county,Blair County,PA,42013,5,1,230.0,2,88.0,0
county:42015,county,Bradford County,PA,42015,13,7,230.0,7,962.4,0
county:42017,county,Bucks County,PA,42017,29,13,230.0,15,2004.3,10
county:42019,county,Butler County,PA,42019,33,2,500.0,2,0.0,2
county:42021,county,Cambria County,PA,42021,25,6,500.0,11,1677.5,2
county:42025,county,Carbon County,PA,42025,22,1,230.0,4,114.1,1
county:42027,county,Centre County,PA,42027,6,3,230.0,8,103.1,5
county:42029,county,Chester County,PA,42029,24,12,230.0,7,4.7,3
county:42031,county,Clarion County,PA,42031,6,0,138.0,1,30.0,0
county:42033,county,Clearfield County,PA,42033,9,3,230.0,3,672.0,0
county:42035,county,Clinton County,PA,42035,12,2,230.0,0,0.0,0
county:42037,county,Columbia County,PA,42037,18,1,230.0,0,0.0,0
county:42039,county,Crawford County,PA,42039,13,1,345.0,1,0.0,1
county:42041,county,Cumberland County,PA,42041,37,3,230.0,9,61.3,5
county:42043,county,Dauphin County,PA,42043,54,10,500.0,5,36.7,3
county:42045,county,Delaware County,PA,42045,41,17,230.0,6,2526.7,0
county:42047,county,Elk County,PA,42047,9,4,230.0,1,54.0,0
county:42049,county,Erie County,PA,42049,13,4,345.0,1,0.0,1
county:42051,county,Fayette County,PA,42051,16,1,500.0,6,881.9,1
county:42055,county,Franklin County,PA,42055,15,0,138.0,19,391.7,8
county:42057,county,Fulton County,PA,42057,2,0,138.0,1,70.0,0
county:42059,county,Greene County,PA,42059,12,4,500.0,1,664.7,0
county:42061,county,Huntingdon County,PA,42061,4,1,230.0,3,21.8,1
county:42063,county,Indiana County,PA,42063,14,5,500.0,3,2245.4,0
county:42065,county,Jefferson County,PA,42065,3,0,138.0,0,0.0,0
county:42067,county,Juniata County,PA,42067,8,0,115.0,0,0.0,0
county:42069,county,Lackawanna County,PA,42069,30,4,500.0,5,1576.2,3
county:42071,county,Lancaster County,PA,42071,80,8,500.0,24,1826.6,10
county:42073,county,Lawrence County,PA,42073,32,2,345.0,2,1388.1,0
county:42075,county,Lebanon County,PA,42075,21,3,230.0,3,780.6,1
county:42077,county,Lehigh County,PA,42077,48,6,500.0,3,0.0,3
county:42079,county,Luzerne County,PA,42079,65,17,500.0,9,4036.6,1
county:42081,county,Lycoming County,PA,42081,26,6,230.0,3,945.4,0
county:42083,county,McKean County,PA,42083,4,2,345.0,0,0.0,0
county:42085,county,Mercer County,PA,42085,41,1,345.0,1,0.0,1
county:42087,county,Mifflin County,PA,42087,2,2,230.0,2,0.0,2
county:42089,county,Monroe County,PA,42089,24,4,230.0,3,22.7,1
county:42091,county,Montgomery County,PA,42091,38,20,500.0,12,2376.2,6
county:42093,county,Montour County,PA,42093,7,1,230.0,1,1528.0,0
county:42095,county,Northampton County,PA,42095,40,9,500.0,18,3942.5,10
county:42097,county,Northumberland County,PA,42097,17,1,230.0,2,47.3,1
county:42099,county,Perry County,PA,42099,8,1,500.0,3,1.5,2
county:42101,county,Philadelphia County,PA,42101,44,20,230.0,6,529.6,0
county:42103,county,Pike County,PA,42103,12,1,230.0,1,40.0,0
county:42105,county,Potter County,PA,42105,5,0,115.0,1,90.0,0
county:42107,county,Schuylkill County,PA,42107,39,2,230.0,8,352.6,3
county:42109,county,Snyder County,PA,42109,9,3,500.0,4,1250.1,1
county:42111,county,Somerset County,PA,42111,19,2,230.0,13,398.3,2
county:42115,county,Susquehanna County,PA,42115,11,1,230.0,1,22.0,0
county:42117,county,Tioga County,PA,42117,8,1,345.0,3,125.6,0
county:42119,county,Union County,PA,42119,8,0,69.0,2,7.3,0
county:42121,county,Venango County,PA,42121,6,1,345.0,2,389.2,0
county:42123,county,Warren County,PA,42123,5,2,230.0,2,522.1,0
county:42125,county,Washington County,PA,42125,24,0,138.0,1,0.0,1
county:42127,county,Wayne County,PA,42127,13,1,230.0,1,64.5,0
county:42129,county,Westmoreland County,PA,42129,38,3,500.0,5,1073.5,2
county:42131,county,Wyoming County,PA,42131,6,1,230.0,3,283.0,0
county:42133,county,York County,PA,42133,50,7,500.0,12,5709.6,3
county:44001,county,Bristol County,RI,44001,2,0,115.0,3,7.2,1
county:44003,county,Kent County,RI,44003,7,1,345.0,15,107.5,6
county:44005,county,Newport County,RI,44005,8,0,115.0,15,288.9,9
county:44007,county,Providence County,RI,44007,33,3,345.0,58,1781.5,17
county:44009,county,Washington County,RI,44009,8,0,115.0,61,130.4,42
county:45001,county,Abbeville County,SC,45001,3,0,115.0,2,631.9,0
county:45003,county,Aiken County,SC,45003,54,5,230.0,11,859.2,5
county:45005,county,Allendale County,SC,45005,11,0,115.0,4,100.8,0
county:45007,county,Anderson County,SC,45007,36,2,230.0,14,2495.0,1
county:45009,county,Bamberg County,SC,45009,7,0,115.0,1,6.0,0
county:45011,county,Barnwell County,SC,45011,19,1,230.0,5,41.0,0
county:45013,county,Beaufort County,SC,45013,36,2,230.0,4,219.4,0
county:45015,county,Berkeley County,SC,45015,56,12,230.0,7,3335.3,1
county:45017,county,Calhoun County,SC,45017,13,1,230.0,7,906.9,1
county:45019,county,Charleston County,SC,45019,61,5,230.0,4,177.6,2
county:45021,county,Cherokee County,SC,45021,21,2,230.0,11,1924.7,0
county:45023,county,Chester County,SC,45023,22,1,230.0,3,99.3,0
county:45025,county,Chesterfield County,SC,45025,22,3,230.0,5,77.0,3
county:45027,county,Clarendon County,SC,45027,14,1,230.0,4,8.0,0
county:45029,county,Colleton County,SC,45029,23,2,230.0,3,2.5,1
county:45031,county,Darlington County,SC,45031,27,6,230.0,9,1112.8,0
county:45033,county,Dillon County,SC,45033,11,2,230.0,2,15.0,0
county:45035,county,Dorchester County,SC,45035,36,5,230.0,2,22.5,1
county:45037,county,Edgefield County,SC,45037,9,0,115.0,0,0.0,0
county:45039,county,Fairfield County,SC,45039,20,5,230.0,4,1631.8,1
county:45041,county,Florence County,SC,45041,38,7,230.0,12,131.8,3
county:45043,county,Georgetown County,SC,45043,29,2,230.0,2,1355.6,0
county:45045,county,Greenville County,SC,45045,71,3,230.0,7,12.8,2
county:45047,county,Greenwood County,SC,45047,22,2,230.0,5,8.2,0
county:45049,county,Hampton County,SC,45049,10,3,230.0,7,79.2,1
county:45051,county,Horry County,SC,45051,76,5,230.0,5,169.5,1
county:45053,county,Jasper County,SC,45053,17,4,230.0,4,1013.4,0
county:45055,county,Kershaw County,SC,45055,32,5,230.0,3,109.5,0
county:45057,county,Lancaster County,SC,45057,17,1,230.0,2,48.0,0
county:45059,county,Laurens County,SC,45059,15,0,100.0,9,8.1,6
county:45061,county,Lee County,SC,45061,5,2,230.0,6,20.0,0
county:45063,county,Lexington County,SC,45063,54,6,230.0,12,709.6,0
county:45065,county,McCormick County,SC,45065,5,0,115.0,1,361.9,0
county:45067,county,Marion County,SC,45067,11,2,230.0,2,8.9,0
county:45069,county,Marlboro County,SC,45069,13,4,230.0,1,2.8,0
county:45071,county,Newberry County,SC,45071,25,3,230.0,3,18.3,1
county:45073,county,Oconee County,SC,45073,22,3,500.0,2,4058.7,0
county:45075,county,Orangeburg County,SC,45075,39,7,230.0,11,715.8,0
county:45077,county,Pickens County,SC,45077,28,3,230.0,4,950.5,0
county:45079,county,Richland County,SC,45079,79,12,230.0,4,965.6,0
county:45081,county,Saluda County,SC,45081,9,2,230.0,3,85.2,0
county:45083,county,Spartanburg County,SC,45083,53,3,230.0,18,59.8,3
county:45085,county,Sumter County,SC,45085,26,5,230.0,1,0.0,1
county:45087,county,Union County,SC,45087,14,0,115.0,6,38.6,1
county:45089,county,Williamsburg County,SC,45089,20,5,230.0,3,10.6,0
county:45091,county,York County,SC,45091,32,2,500.0,2,2470.2,0
county:46003,county,Aurora County,SD,46003,8,1,230.0,2,182.0,0
county:46005,county,Beadle County,SD,46005,18,3,345.0,1,58.0,0
county:46007,county,Bennett County,SD,46007,3,0,115.0,0,0.0,0
county:46009,county,Bon Homme County,SD,46009,7,0,115.0,1,220.0,0
county:46011,county,Brookings County,SD,46011,24,3,345.0,4,681.1,0
county:46013,county,Brown County,SD,46013,19,1,345.0,2,327.4,0
county:46015,county,Brule County,SD,46015,10,1,230.0,2,22.6,0
county:46017,county,Buffalo County,SD,46017,3,1,345.0,0,0.0,0
county:46019,county,Butte County,SD,46019,9,0,115.0,1,105.0,0
county:46021,county,Campbell County,SD,46021,2,2,230.0,1,97.8,0
county:46023,county,Charles Mix County,SD,46023,8,1,230.0,2,400.0,0
county:46025,county,Clark County,SD,46025,11,2,345.0,2,219.5,0
county:46027,county,Clay County,SD,46027,13,0,115.0,1,135.0,0
county:46029,county,Codington County,SD,46029,16,5,345.0,3,468.2,0
county:46031,county,Corson County,SD,46031,5,0,115.0,0,0.0,0
county:46033,county,Custer County,SD,46033,6,0,69.0,0,0.0,0
county:46035,county,Davison County,SD,46035,8,1,230.0,0,0.0,0
county:46037,county,Day County,SD,46037,4,0,115.0,1,99.0,0
county:46039,county,Deuel County,SD,46039,13,6,345.0,3,803.0,0
county:46041,county,Dewey County,SD,46041,6,0,69.0,0,0.0,0
county:46043,county,Douglas County,SD,46043,3,0,69.0,0,0.0,0
county:46045,county,Edmunds County,SD,46045,7,0,115.0,0,0.0,0
county:46047,county,Fall River County,SD,46047,8,4,230.0,1,80.0,0
county:46049,county,Faulk County,SD,46049,3,0,69.0,1,2.7,0
county:46051,county,Grant County,SD,46051,11,6,345.0,3,908.6,0
county:46053,county,Gregory County,SD,46053,4,0,115.0,0,0.0,0
county:46055,county,Haakon County,SD,46055,8,2,230.0,0,0.0,0
county:46057,county,Hamlin County,SD,46057,5,0,115.0,0,0.0,0
county:46059,county,Hand County,SD,46059,12,1,230.0,2,225.0,0
county:46061,county,Hanson County,SD,46061,3,0,69.0,0,0.0,0
county:46063,county,Harding County,SD,46063,6,0,69.0,0,0.0,0
county:46065,county,Hughes County,SD,46065,9,1,230.0,2,787.1,0
county:46067,county,Hutchinson County,SD,46067,5,0,115.0,0,0.0,0
county:46069,county,Hyde County,SD,46069,8,4,345.0,3,490.7,0
county:46071,county,Jackson County,SD,46071,4,0,115.0,0,0.0,0
county:46073,county,Jerauld County,SD,46073,6,2,230.0,1,51.0,0
county:46075,county,Jones County,SD,46075,2,0,69.0,0,0.0,0
county:46077,county,Kingsbury County,SD,46077,6,0,115.0,1,24.1,0
county:46079,county,Lake County,SD,46079,10,0,69.0,0,0.0,0
county:46081,county,Lawrence County,SD,46081,20,2,230.0,1,4.0,0
county:46083,county,Lincoln County,SD,46083,23,1,230.0,0,0.0,0
county:46085,county,Lyman County,SD,46085,6,0,69.0,1,538.3,0
county:46087,county,McCook County,SD,46087,11,2,230.0,0,0.0,0
county:46089,county,McPherson County,SD,46089,3,1,230.0,1,180.0,0
county:46091,county,Marshall County,SD,46091,5,0,69.0,0,0.0,0
county:46093,county,Meade County,SD,46093,13,1,230.0,0,0.0,0
county:46097,county,Miner County,SD,46097,4,0,115.0,0,0.0,0
county:46099,county,Minnehaha County,SD,46099,31,2,345.0,2,386.0,1
county:46101,county,Moody County,SD,46101,6,0,115.0,0,0.0,0
county:46102,county,Oglala Lakota County,SD,46102,1,0,115.0,0,0.0,0
county:46103,county,Pennington County,SD,46103,43,5,230.0,3,278.0,0
county:46105,county,Perkins County,SD,46105,3,1,230.0,0,0.0,0
county:46107,county,Potter County,SD,46107,1,1,230.0,0,0.0,0
county:46109,county,Roberts County,SD,46109,8,2,230.0,0,0.0,0
county:46111,county,Sanborn County,SD,46111,3,1,230.0,0,0.0,0
county:46115,county,Spink County,SD,46115,10,0,115.0,0,0.0,0
county:46117,county,Stanley County,SD,46117,2,0,115.0,0,0.0,0
county:46119,county,Sully County,SD,46119,4,1,230.0,0,0.0,0
county:46121,county,Todd County,SD,46121,2,0,115.0,0,0.0,0
county:46123,county,Tripp County,SD,46123,3,0,115.0,0,0.0,0
county:46125,county,Turner County,SD,46125,10,0,69.0,0,0.0,0
county:46127,county,Union County,SD,46127,10,1,230.0,0,0.0,0
county:46129,county,Walworth County,SD,46129,2,1,230.0,0,0.0,0
county:46135,county,Yankton County,SD,46135,13,2,230.0,0,0.0,0
county:46137,county,Ziebach County,SD,46137,4,0,115.0,0,0.0,0
county:47001,county,Anderson County,TN,47001,38,1,500.0,4,165.0,0
county:47003,county,Bedford County,TN,47003,9,0,161.0,1,35.0,0
county:47005,county,Benton County,TN,47005,4,0,161.0,2,4.8,1
county:47007,county,Bledsoe County,TN,47007,2,0,161.0,0,0.0,0
county:47009,county,Blount County,TN,47009,21,0,161.0,1,156.6,0
county:47011,county,Bradley County,TN,47011,26,2,500.0,0,0.0,0
county:47013,county,Campbell County,TN,47013,11,0,161.0,0,0.0,0
county:47015,county,Cannon County,TN,47015,1,0,161.0,0,0.0,0
county:47017,county,Carroll County,TN,47017,8,0,161.0,1,6.5,0
county:47019,county,Carter County,TN,47019,13,0,161.0,2,68.2,0
county:47021,county,Cheatham County,TN,47021,4,0,161.0,0,0.0,0
county:47023,county,Chester County,TN,47023,3,0,161.0,0,0.0,0
county:47025,county,Claiborne County,TN,47025,5,0,161.0,0,0.0,0
county:47027,county,Clay County,TN,47027,3,0,69.0,1,54.0,0
county:47029,county,Cocke County,TN,47029,8,0,161.0,0,0.0,0
county:47031,county,Coffee County,TN,47031,14,0,161.0,0,0.0,0
county:47033,county,Crockett County,TN,47033,4,0,161.0,0,0.0,0
county:47035,county,Cumberland County,TN,47035,11,1,500.0,2,0.0,2
county:47037,county,Davidson County,TN,47037,67,2,500.0,5,33.6,0
county:47039,county,Decatur County,TN,47039,2,0,161.0,0,0.0,0
county:47041,county,DeKalb County,TN,47041,3,0,161.0,1,140.0,0
county:47043,county,Dickson County,TN,47043,9,0,161.0,1,36.0,0
county:47045,county,Dyer County,TN,47045,19,0,161.0,1,0.0,1
county:47047,county,Fayette County,TN,47047,12,0,161.0,3,33.3,0
county:47049,county,Fentress County,TN,47049,2,0,161.0,1,0.0,1
county:47051,county,Franklin County,TN,47051,8,1,500.0,2,45.9,0
county:47053,county,Gibson County,TN,47053,14,0,161.0,1,0.0,1
county:47055,county,Giles County,TN,47055,5,0,161.0,0,0.0,0
county:47057,county,Grainger County,TN,47057,4,0,161.0,1,0.0,1
county:47059,county,Greene County,TN,47059,31,0,161.0,2,9.6,0
county:47061,county,Grundy County,TN,47061,2,0,161.0,0,0.0,0
county:47063,county,Hamblen County,TN,47063,16,0,161.0,2,0.0,2
county:47065,county,Hamilton County,TN,47065,17,2,500.0,5,2612.9,1
county:47067,county,Hancock County,TN,47067,2,0,161.0,4,22.0,3
county:47069,county,Hardeman County,TN,47069,5,0,161.0,3,18.3,1
county:47071,county,Hardin County,TN,47071,9,0,161.0,2,312.5,0
county:47073,county,Hawkins County,TN,47073,13,2,500.0,2,996.9,1
county:47075,county,Haywood County,TN,47075,12,4,500.0,4,1941.2,0
county:47077,county,Henderson County,TN,47077,7,0,161.0,1,6.5,0
county:47079,county,Henry County,TN,47079,15,0,161.0,1,6.8,0
county:47081,county,Hickman County,TN,47081,4,0,161.0,0,0.0,0
county:47083,county,Houston County,TN,47083,1,0,161.0,0,0.0,0
county:47085,county,Humphreys County,TN,47085,17,1,500.0,1,1372.0,0
county:47087,county,Jackson County,TN,47087,1,0,161.0,0,0.0,0
county:47089,county,Jefferson County,TN,47089,12,0,161.0,2,137.0,0
county:47091,county,Johnson County,TN,47091,4,0,161.0,0,0.0,0
county:47093,county,Knox County,TN,47093,67,1,500.0,6,2.0,4
county:47095,county,Lake County,TN,47095,4,0,161.0,1,177.0,0
county:47097,county,Lauderdale County,TN,47097,9,0,161.0,1,0.0,1
county:47099,county,Lawrence County,TN,47099,6,0,161.0,0,0.0,0
county:47101,county,Lewis County,TN,47101,1,0,161.0,0,0.0,0
county:47103,county,Lincoln County,TN,47103,5,0,161.0,4,152.8,0
county:47105,county,Loudon County,TN,47105,21,0,161.0,5,286.7,2
county:47107,county,McMinn County,TN,47107,18,0,161.0,2,5.3,1
county:47109,county,McNairy County,TN,47109,10,0,161.0,4,55.6,0
county:47111,county,Macon County,TN,47111,4,0,161.0,0,0.0,0
county:47113,county,Madison County,TN,47113,19,1,500.0,4,87.0,1
county:47115,county,Marion County,TN,47115,9,1,500.0,3,1817.5,1
county:47117,county,Marshall County,TN,47117,7,0,161.0,0,0.0,0
county:47119,county,Maury County,TN,47119,14,1,500.0,0,0.0,0
county:47121,county,Meigs County,TN,47121,4,0,161.0,0,0.0,0
county:47123,county,Monroe County,TN,47123,12,0,161.0,3,69.8,1
county:47125,county,Montgomery County,TN,47125,34,1,500.0,2,5.0,0
county:47127,county,Moore County,TN,47127,1,0,161.0,0,0.0,0
county:47129,county,Morgan County,TN,47129,7,0,161.0,0,0.0,0
county:47131,county,Obion County,TN,47131,13,0,161.0,1,100.0,0
county:47133,county,Overton County,TN,47133,3,0,161.0,0,0.0,0
county:47135,county,Perry County,TN,47135,2,0,161.0,0,0.0,0
county:47137,county,Pickett County,TN,47137,1,0,161.0,0,0.0,0
county:47139,county,Polk County,TN,47139,8,0,161.0,5,164.4,1
county:47141,county,Putnam County,TN,47141,12,0,161.0,1,0.0,1
county:47143,county,Rhea County,TN,47143,7,1,500.0,2,2714.4,0
county:47145,county,Roane County,TN,47145,14,1,500.0,3,1700.0,2
county:47147,county,Robertson County,TN,47147,14,0,161.0,1,0.1,0
county:47149,county,Rutherford County,TN,47149,30,1,500.0,4,10.3,0
county:47151,county,Scott County,TN,47151,4,0,161.0,0,0.0,0
county:47153,county,Sequatchie County,TN,47153,2,0,161.0,1,0.0,1
county:47155,county,Sevier County,TN,47155,15,0,161.0,1,150.8,0
county:47157,county,Shelby County,TN,47157,69,4,500.0,9,1877.3,4
county:47159,county,Smith County,TN,47159,6,0,161.0,1,99.9,0
county:47161,county,Stewart County,TN,47161,5,1,500.0,1,2600.0,0
county:47163,county,Sullivan County,TN,47163,41,1,500.0,6,342.2,2
county:47165,county,Sumner County,TN,47165,26,0,161.0,2,2022.1,0
county:47167,county,Tipton County,TN,47167,11,0,161.0,0,0.0,0
county:47169,county,Trousdale County,TN,47169,2,0,161.0,0,0.0,0
county:47171,county,Unicoi County,TN,47171,2,0,161.0,0,0.0,0
county:47173,county,Union County,TN,47173,3,0,69.0,0,0.0,0
county:47175,county,Van Buren County,TN,47175,1,0,161.0,0,0.0,0
county:47177,county,Warren County,TN,47177,6,0,161.0,8,57.7,6
county:47179,county,Washington County,TN,47179,22,0,161.0,4,119.3,1
county:47181,county,Wayne County,TN,47181,4,0,161.0,0,0.0,0
county:47183,county,Weakley County,TN,47183,14,2,500.0,1,567.8,0
county:47185,county,White County,TN,47185,3,0,161.0,0,0.0,0
county:47187,county,Williamson County,TN,47187,17,0,161.0,4,2.4,0
county:47189,county,Wilson County,TN,47189,14,1,500.0,1,0.2,0
county:48001,county,Anderson County,TX,48001,16,0,138.0,0,0.0,0
county:48003,county,Andrews County,TX,48003,41,8,345.0,8,1378.7,0
county:48005,county,Angelina County,TX,48005,17,1,345.0,3,69.8,0
county:48007,county,Aransas County,TX,48007,4,0,138.0,0,0.0,0
county:48009,county,Archer County,TX,48009,16,1,345.0,3,426.6,0
county:48011,county,Armstrong County,TX,48011,2,2,345.0,1,265.5,0
county:48013,county,Atascosa County,TX,48013,17,1,345.0,2,410.0,1
county:48015,county,Austin County,TX,48015,11,0,138.0,3,211.2,0
county:48017,county,Bailey County,TX,48017,14,2,230.0,1,148.4,0
county:48019,county,Bandera County,TX,48019,9,0,138.0,10,30.0,7
county:48021,county,Bastrop County,TX,48021,22,5,345.0,6,2295.3,1
county:48023,county,Baylor County,TX,48023,13,3,345.0,3,380.8,0
county:48025,county,Bee County,TX,48025,16,5,345.0,4,767.5,0
county:48027,county,Bell County,TX,48027,47,10,345.0,9,2657.9,4
county:48029,county,Bexar County,TX,48029,103,6,345.0,25,4479.2,7
county:48031,county,Blanco County,TX,48031,6,0,138.0,1,0.0,1
county:48033,county,Borden County,TX,48033,14,6,345.0,8,1633.0,0
county:48035,county,Bosque County,TX,48035,18,3,345.0,6,901.3,0
county:48037,county,Bowie County,TX,48037,15,2,345.0,1,0.0,1
county:48039,county,Brazoria County,TX,48039,95,5,345.0,54,4762.6,28
county:48041,county,Brazos County,TX,48041,37,1,345.0,3,270.3,0
county:48043,county,Brewster County,TX,48043,7,0,69.0,3,113.0,1
county:48045,county,Briscoe County,TX,48045,4,4,345.0,1,149.8,0
county:48047,county,Brooks County,TX,48047,2,0,138.0,3,30.0,0
county:48049,county,Brown County,TX,48049,11,2,345.0,1,320.0,0
county:48051,county,Burleson County,TX,48051,5,0,138.0,0,0.0,0
county:48053,county,Burnet County,TX,48053,13,0,138.0,2,93.6,0
county:48055,county,Caldwell County,TX,48055,9,1,345.0,1,180.0,0
county:48057,county,Calhoun County,TX,48057,23,0,138.0,8,1533.4,1
county:48059,county,Callahan County,TX,48059,17,3,345.0,6,1178.8,0
county:48061,county,Cameron County,TX,48061,66,5,345.0,14,986.6,2
county:48063,county,Camp County,TX,48063,2,0,138.0,0,0.0,0
county:48065,county,Carson County,TX,48065,23,8,345.0,10,1221.8,0
county:48067,county,Cass County,TX,48067,11,0,138.0,1,65.0,0
county:48069,county,Castro County,TX,48069,10,3,345.0,2,575.7,0
county:48071,county,Chambers County,TX,48071,36,6,345.0,2,2998.4,0
county:48073,county,Cherokee County,TX,48073,14,1,345.0,1,713.4,0
county:48075,county,Childress County,TX,48075,10,2,345.0,10,240.0,9
county:48077,county,Clay County,TX,48077,7,2,345.0,1,204.0,0
county:48079,county,Cochran County,TX,48079,10,0,115.0,1,150.0,0
county:48081,county,Coke County,TX,48081,17,4,345.0,3,674.6,0
county:48083,county,Coleman County,TX,48083,9,0,138.0,0,0.0,0
county:48085,county,Collin County,TX,48085,75,6,345.0,5,540.8,1
county:48087,county,Collingsworth County,TX,48087,2,0,138.0,0,0.0,0
county:48089,county,Colorado County,TX,48089,28,0,138.0,1,51.0,0
county:48091,county,Comal County,TX,48091,23,1,345.0,2,206.0,0
county:48093,county,Comanche County,TX,48093,15,2,345.0,2,200.1,1
county:48095,county,Concho County,TX,48095,11,4,345.0,4,1000.0,0
county:48097,county,Cooke County,TX,48097,24,2,345.0,12,492.4,6
county:48099,county,Coryell County,TX,48099,17,0,138.0,1,15.4,0
county:48101,county,Cottle County,TX,48101,3,0,138.0,0,0.0,0
county:48103,county,Crane County,TX,48103,21,0,138.0,4,611.0,0
county:48105,county,Crockett County,TX,48105,23,8,345.0,4,1075.5,0
county:48107,county,Crosby County,TX,48107,2,1,345.0,3,110.0,0
county:48109,county,Culberson County,TX,48109,26,0,138.0,5,481.9,1
county:48111,county,Dallam County,TX,48111,10,1,230.0,0,0.0,0
county:48113,county,Dallas County,TX,48113,215,15,345.0,9,1746.8,3
county:48115,county,Dawson County,TX,48115,16,1,345.0,4,463.5,0
county:48117,county,Deaf Smith County,TX,48117,10,4,345.0,1,200.0,0
county:48119,county,Delta County,TX,48119,4,0,138.0,2,100.0,1
county:48121,county,Denton County,TX,48121,77,8,345.0,10,1094.6,4
county:48123,county,DeWitt County,TX,48123,11,0,138.0,0,0.0,0
county:48125,county,Dickens County,TX,48125,9,4,345.0,3,450.0,0
county:48127,county,Dimmit County,TX,48127,10,0,138.0,3,219.8,0
county:48129,county,Donley County,TX,48129,7,2,345.0,1,174.0,0
county:48131,county,Duval County,TX,48131,5,0,138.0,0,0.0,0
county:48133,county,Eastland County,TX,48133,11,3,345.0,1,10.0,0
county:48135,county,Ector County,TX,48135,40,4,345.0,9,2295.8,0
county:48137,county,Edwards County,TX,48137,5,0,138.0,0,0.0,0
county:48139,county,Ellis County,TX,48139,56,3,345.0,6,2407.6,1
county:48141,county,El Paso County,TX,48141,68,4,345.0,14,1511.6,8
county:48143,county,Erath County,TX,48143,15,0,138.0,3,163.2,0
county:48145,county,Falls County,TX,48145,11,0,138.0,8,1544.1,1
county:48147,county,Fannin County,TX,48147,25,3,345.0,3,216.6,0
county:48149,county,Fayette County,TX,48149,18,5,345.0,7,1932.0,5
county:48151,county,Fisher County,TX,48151,12,5,345.0,1,418.9,0
county:48153,county,Floyd County,TX,48153,5,4,345.0,7,1219.0,0
county:48155,county,Foard County,TX,48155,5,2,345.0,1,352.8,0
county:48157,county,Fort Bend County,TX,48157,34,10,345.0,12,6653.2,0
county:48159,county,Franklin County,TX,48159,9,1,345.0,0,0.0,0
county:48161,county,Freestone County,TX,48161,15,2,345.0,2,1046.0,0
county:48163,county,Frio County,TX,48163,13,0,138.0,3,533.6,0
county:48165,county,Gaines County,TX,48165,31,1,230.0,0,0.0,0
county:48167,county,Galveston County,TX,48167,62,1,345.0,12,2846.1,0
county:48169,county,Garza County,TX,48169,10,0,115.0,0,0.0,0
county:48171,county,Gillespie County,TX,48171,13,0,138.0,0,0.0,0
county:48173,county,Glasscock County,TX,48173,25,9,345.0,8,1225.1,0
county:48175,county,Goliad County,TX,48175,8,1,345.0,1,622.4,0
county:48177,county,Gonzales County,TX,48177,15,0,138.0,0,0.0,0
county:48179,county,Gray County,TX,48179,12,2,345.0,0,0.0,0
county:48181,county,Grayson County,TX,48181,36,0,138.0,6,927.8,0
county:48183,county,Gregg County,TX,48183,12,0,138.0,1,351.0,0
county:48185,county,Grimes County,TX,48185,20,4,345.0,5,1301.3,1
county:48187,county,Guadalupe County,TX,48187,32,6,345.0,10,2445.1,1
county:48189,county,Hale County,TX,48189,10,5,345.0,4,1610.2,0
county:48191,county,Hall County,TX,48191,7,1,345.0,0,0.0,0
county:48193,county,Hamilton County,TX,48193,6,0,69.0,1,100.0,0
county:48195,county,Hansford County,TX,48195,13,4,345.0,5,1243.8,0
county:48197,county,Hardeman County,TX,48197,6,1,345.0,1,299.5,0
county:48199,county,Hardin County,TX,48199,8,2,500.0,1,150.0,0
county:48201,county,Harris County,TX,48201,280,17,345.0,37,9707.9,8
county:48203,county,Harrison County,TX,48203,21,3,345.0,2,1037.7,0
county:48205,county,Hartley County,TX,48205,2,1,230.0,0,0.0,0
county:48207,county,Haskell County,TX,48207,25,12,345.0,32,1210.2,25
county:48209,county,Hays County,TX,48209,23,1,345.0,1,989.0,0
county:48211,county,Hemphill County,TX,48211,4,0,69.0,1,288.6,0
county:48213,county,Henderson County,TX,48213,26,2,345.0,4,264.0,1
county:48215,county,Hidalgo County,TX,48215,64,5,345.0,18,2995.4,1
county:48217,county,Hill County,TX,48217,19,4,345.0,14,580.4,10
county:48219,county,Hockley County,TX,48219,29,6,230.0,0,0.0,0
county:48221,county,Hood County,TX,48221,24,3,345.0,4,2473.0,0
county:48223,county,Hopkins County,TX,48223,10,1,345.0,10,322.2,8
county:48225,county,Houston County,TX,48225,11,1,345.0,0,0.0,0
county:48227,county,Howard County,TX,48227,28,4,345.0,5,565.0,0
county:48229,county,Hudspeth County,TX,48229,3,0,115.0,0,0.0,0
county:48231,county,Hunt County,TX,48231,34,1,345.0,5,366.6,0
county:48233,county,Hutchinson County,TX,48233,19,2,230.0,2,263.9,0
county:48235,county,Irion County,TX,48235,10,1,345.0,2,302.4,1
county:48237,county,Jack County,TX,48237,8,4,345.0,4,1580.0,0
county:48239,county,Jackson County,TX,48239,18,0,138.0,2,222.5,0
county:48241,county,Jasper County,TX,48241,16,0,138.0,1,52.0,0
county:48243,county,Jeff Davis County,TX,48243,3,0,69.0,0,0.0,0
county:48245,county,Jefferson County,TX,48245,82,21,238.0,4,917.8,1
county:48247,county,Jim Hogg County,TX,48247,3,0,138.0,1,78.0,0
county:48249,county,Jim Wells County,TX,48249,9,0,138.0,0,0.0,0
county:48251,county,Johnson County,TX,48251,34,2,345.0,1,278.0,0
county:48253,county,Jones County,TX,48253,24,5,345.0,1,200.0,0
county:48255,county,Karnes County,TX,48255,13,1,345.0,1,10.0,0
county:48257,county,Kaufman County,TX,48257,30,2,345.0,4,2055.0,2
county:48259,county,Kendall County,TX,48259,12,2,345.0,0,0.0,0
county:48261,county,Kenedy County,TX,48261,9,7,345.0,5,1075.4,0
county:48263,county,Kent County,TX,48263,14,2,345.0,4,732.0,0
county:48265,county,Kerr County,TX,48265,14,0,138.0,3,0.0,3
county:48267,county,Kimble County,TX,48267,7,1,345.0,1,9.9,0
county:48269,county,King County,TX,48269,2,0,69.0,0,0.0,0
county:48271,county,Kinney County,TX,48271,7,0,138.0,4,340.2,0
county:48273,county,Kleberg County,TX,48273,7,0,138.0,0,0.0,0
county:48275,county,Knox County,TX,48275,15,6,345.0,4,954.4,0
county:48277,county,Lamar County,TX,48277,20,7,345.0,9,2997.7,0
county:48279,county,Lamb County,TX,48279,17,3,345.0,2,1326.2,0
county:48281,county,Lampasas County,TX,48281,7,0,138.0,1,0.0,1
county:48283,county,La Salle County,TX,48283,10,1,345.0,1,9.9,0
county:48285,county,Lavaca County,TX,48285,10,0,138.0,0,0.0,0
county:48287,county,Lee County,TX,48287,2,0,138.0,1,1.0,0
county:48289,county,Leon County,TX,48289,11,2,345.0,0,0.0,0
county:48291,county,Liberty County,TX,48291,29,4,230.0,2,109.9,1
county:48293,county,Limestone County,TX,48293,15,3,345.0,4,2849.8,0
county:48295,county,Lipscomb County,TX,48295,5,0,115.0,0,0.0,0
county:48297,county,Live Oak County,TX,48297,16,0,138.0,1,50.7,0
county:48299,county,Llano County,TX,48299,14,0,138.0,3,644.5,0
county:48301,county,Loving County,TX,48301,16,1,345.0,2,0.0,2
county:48303,county,Lubbock County,TX,48303,63,16,345.0,3,875.7,0
county:48305,county,Lynn County,TX,48305,14,6,345.0,3,699.6,0
county:48307,county,McCulloch County,TX,48307,10,3,345.0,2,340.0,0
county:48309,county,McLennan County,TX,48309,44,5,345.0,9,1484.0,4
county:48311,county,McMullen County,TX,48311,2,0,138.0,0,0.0,0
county:48313,county,Madison County,TX,48313,3,0,138.0,0,0.0,0
county:48315,county,Marion County,TX,48315,5,1,345.0,1,882.0,0
county:48317,county,Martin County,TX,48317,21,1,345.0,1,120.0,0
county:48319,county,Mason County,TX,48319,9,0,138.0,2,110.0,0
county:48321,county,Matagorda County,TX,48321,33,4,345.0,4,2879.8,0
county:48323,county,Maverick County,TX,48323,9,0,138.0,3,132.0,0
county:48325,county,Medina County,TX,48325,17,0,138.0,1,0.0,1
county:48327,county,Menard County,TX,48327,2,0,138.0,1,7.5,0
county:48329,county,Midland County,TX,48329,63,5,345.0,1,140.0,0
county:48331,county,Milam County,TX,48331,25,7,345.0,6,700.0,3
county:48333,county,Mills County,TX,48333,5,3,345.0,4,849.2,0
county:48335,county,Mitchell County,TX,48335,11,4,345.0,2,686.4,0
county:48337,county,Montague County,TX,48337,12,0,138.0,0,0.0,0
county:48339,county,Montgomery County,TX,48339,46,5,230.0,3,1542.8,1
county:48341,county,Moore County,TX,48341,8,1,230.0,6,99.5,0
county:48343,county,Morris County,TX,48343,8,0,138.0,0,0.0,0
county:48345,county,Motley County,TX,48345,4,0,69.0,0,0.0,0
county:48347,county,Nacogdoches County,TX,48347,18,1,345.0,1,114.0,0
county:48349,county,Navarro County,TX,48349,38,5,345.0,24,746.2,20
county:48351,county,Newton County,TX,48351,13,2,500.0,2,1301.0,0
county:48353,county,Nolan County,TX,48353,32,9,345.0,18,2576.5,0
county:48355,county,Nueces County,TX,48355,71,3,345.0,11,3115.9,1
county:48357,county,Ochiltree County,TX,48357,11,2,345.0,1,249.9,0
county:48359,county,Oldham County,TX,48359,7,5,345.0,6,965.3,0
county:48361,county,Orange County,TX,48361,29,8,230.0,2,2139.8,0
county:48363,county,Palo Pinto County,TX,48363,7,0,138.0,2,613.5,0
county:48365,county,Panola County,TX,48365,9,0,138.0,0,0.0,0
county:48367,county,Parker County,TX,48367,37,2,345.0,0,0.0,0
county:48369,county,Parmer County,TX,48369,11,1,345.0,1,230.4,0
county:48371,county,Pecos County,TX,48371,72,9,345.0,24,3279.3,0
county:48373,county,Polk County,TX,48373,16,0,138.0,3,176.7,1
county:48375,county,Potter County,TX,48375,25,6,345.0,2,1554.7,0
county:48377,county,Presidio County,TX,48377,10,0,138.0,1,10.0,0
county:48379,county,Rains County,TX,48379,3,0,138.0,0,0.0,0
county:48381,county,Randall County,TX,48381,22,4,345.0,2,166.5,0
county:48383,county,Reagan County,TX,48383,14,1,345.0,1,300.0,0
county:48385,county,Real County,TX,48385,2,0,69.0,3,11.5,1
county:48387,county,Red River County,TX,48387,2,1,345.0,2,610.0,0
county:48389,county,Reeves County,TX,48389,75,1,345.0,15,582.3,3
county:48391,county,Refugio County,TX,48391,10,1,345.0,1,220.0,0
county:48393,county,Roberts County,TX,48393,6,1,345.0,0,0.0,0
county:48395,county,Robertson County,TX,48395,20,3,345.0,3,2194.6,0
county:48397,county,Rockwall County,TX,48397,9,1,345.0,1,125.0,0
county:48399,county,Runnels County,TX,48399,6,0,138.0,0,0.0,0
county:48401,county,Rusk County,TX,48401,18,4,345.0,2,3319.2,0
county:48403,county,Sabine County,TX,48403,4,0,138.0,0,0.0,0
county:48405,county,San Augustine County,TX,48405,3,0,138.0,0,0.0,0
county:48407,county,San Jacinto County,TX,48407,7,0,138.0,1,170.0,0
county:48409,county,San Patricio County,TX,48409,47,7,345.0,11,2169.2,1
county:48411,county,San Saba County,TX,48411,6,0,138.0,0,0.0,0
county:48413,county,Schleicher County,TX,48413,12,3,345.0,1,199.5,0
county:48415,county,Scurry County,TX,48415,45,8,345.0,13,2479.6,0
county:48417,county,Shackelford County,TX,48417,12,5,345.0,3,565.6,0
county:48419,county,Shelby County,TX,48419,8,0,138.0,1,0.0,1
county:48421,county,Sherman County,TX,48421,4,0,115.0,2,20.0,0
county:48423,county,Smith County,TX,48423,31,3,345.0,0,0.0,0
county:48425,county,Somervell County,TX,48425,2,1,345.0,1,2400.0,0
county:48427,county,Starr County,TX,48427,22,7,345.0,12,1228.6,0
county:48429,county,Stephens County,TX,48429,6,0,138.0,0,0.0,0
county:48431,county,Sterling County,TX,48431,13,4,345.0,5,1131.2,0
county:48433,county,Stonewall County,TX,48433,8,0,138.0,0,0.0,0
county:48435,county,Sutton County,TX,48435,9,1,345.0,0,0.0,0
county:48437,county,Swisher County,TX,48437,9,3,345.0,2,1100.0,0
county:48439,county,Tarrant County,TX,48439,112,14,345.0,6,1377.5,2
county:48441,county,Taylor County,TX,48441,55,3,345.0,4,746.6,0
county:48443,county,Terrell County,TX,48443,2,0,69.0,0,0.0,0
county:48445,county,Terry County,TX,48445,16,0,115.0,0,0.0,0
county:48447,county,Throckmorton County,TX,48447,7,3,345.0,2,743.0,0
county:48449,county,Titus County,TX,48449,15,2,345.0,1,1116.0,0
county:48451,county,Tom Green County,TX,48451,37,3,345.0,6,450.0,3
county:48453,county,Travis County,TX,48453,92,5,345.0,22,1989.0,11
county:48455,county,Trinity County,TX,48455,2,0,138.0,0,0.0,0
county:48457,county,Tyler County,TX,48457,6,0,138.0,1,49.9,0
county:48459,county,Upshur County,TX,48459,6,0,138.0,1,3.0,0
county:48461,county,Upton County,TX,48461,30,4,345.0,10,1764.0,2
county:48463,county,Uvalde County,TX,48463,13,0,138.0,2,303.5,0
county:48465,county,Val Verde County,TX,48465,15,0,138.0,5,361.2,0
county:48467,county,Van Zandt County,TX,48467,21,0,138.0,1,59.0,0
county:48469,county,Victoria County,TX,48469,32,0,138.0,9,1184.4,1
county:48471,county,Walker County,TX,48471,15,2,345.0,0,0.0,0
county:48473,county,Waller County,TX,48473,10,2,345.0,2,489.0,0
county:48475,county,Ward County,TX,48475,32,2,345.0,8,567.8,4
county:48477,county,Washington County,TX,48477,10,1,345.0,0,0.0,0
county:48479,county,Webb County,TX,48479,35,7,345.0,15,2130.3,5
county:48481,county,Wharton County,TX,48481,30,8,345.0,9,3285.4,1
county:48483,county,Wheeler County,TX,48483,8,2,230.0,0,0.0,0
county:48485,county,Wichita County,TX,48485,21,2,345.0,1,80.0,0
county:48487,county,Wilbarger County,TX,48487,21,9,345.0,5,945.8,0
county:48489,county,Willacy County,TX,48489,13,5,345.0,6,1545.2,0
county:48491,county,Williamson County,TX,48491,42,2,345.0,6,211.3,2
county:48493,county,Wilson County,TX,48493,6,0,138.0,4,0.0,4
county:48495,county,Winkler County,TX,48495,30,0,138.0,3,474.5,0
county:48497,county,Wise County,TX,48497,34,2,345.0,2,859.0,0
county:48499,county,Wood County,TX,48499,17,0,138.0,1,0.0,1
county:48501,county,Yoakum County,TX,48501,35,8,345.0,2,1016.5,0
county:48503,county,Young County,TX,48503,14,2,345.0,3,1144.6,0
county:48505,county,Zapata County,TX,48505,7,2,345.0,4,440.7,0
county:48507,county,Zavala County,TX,48507,10,0,138.0,0,0.0,0
county:49001,county,Beaver County,UT,49001,7,4,345.0,18,647.9,2
county:49003,county,Box Elder County,UT,49003,18,1,345.0,5,191.8,1
county:49005,county,Cache County,UT,49005,3,0,138.0,9,27.9,5
county:49007,county,Carbon County,UT,49007,9,0,138.0,2,138.1,0
county:49009,county,Daggett County,UT,49009,1,1,230.0,1,151.8,0
county:49011,county,Davis County,UT,49011,17,1,345.0,3,31.7,1
county:49013,county,Duchesne County,UT,49013,4,0,138.0,1,1.2,0
county:49015,county,Emery County,UT,49015,5,2,345.0,4,2754.5,0
county:49017,county,Garfield County,UT,49017,11,0,138.0,1,4.2,0
county:49019,county,Grand County,UT,49019,1,0,138.0,1,0.0,1
county:49021,county,Iron County,UT,49021,22,3,345.0,19,857.4,2
county:49023,county,Juab County,UT,49023,7,4,500.0,2,729.0,0
county:49025,county,Kane County,UT,49025,7,0,138.0,2,0.0,2
county:49027,county,Millard County,UT,49027,8,8,500.0,4,222.0,0
county:49029,county,Morgan County,UT,49029,1,0,138.0,1,4.0,0
county:49031,county,Piute County,UT,49031,3,0,69.0,0,0.0,0
county:49033,county,Rich County,UT,49033,1,1,230.0,1,57.6,0
county:49035,county,Salt Lake County,UT,49035,82,5,345.0,16,1019.3,6
county:49037,county,San Juan County,UT,49037,23,1,345.0,3,132.1,1
county:49039,county,Sanpete County,UT,49039,1,0,138.0,2,1.2,1
county:49041,county,Sevier County,UT,49041,3,2,345.0,1,80.0,0
county:49043,county,Summit County,UT,49043,4,0,138.0,4,6.3,2
county:49045,county,Tooele County,UT,49045,11,0,138.0,5,155.0,3
county:49047,county,Uintah County,UT,49047,11,1,345.0,2,458.0,1
county:49049,county,Utah County,UT,49049,42,7,345.0,14,2110.9,5
county:49051,county,Wasatch County,UT,49051,5,0,138.0,2,17.8,0
county:49053,county,Washington County,UT,49053,54,1,345.0,10,136.3,3
county:49055,county,Wayne County,UT,49055,0,0,0.0,2,0.0,2
county:49057,county,Weber County,UT,49057,14,0,138.0,5,6.0,3
county:50001,county,Addison County,VT,50001,4,1,345.0,66,30.9,56
county:50003,county,Bennington County,VT,50003,4,0,115.0,20,40.2,16
county:50005,county,Caledonia County,VT,50005,3,0,115.0,35,404.6,29
county:50007,county,Chittenden County,VT,50007,12,0,115.0,53,142.3,33
county:50009,county,Essex County,VT,50009,0,0,0.0,8,8.0,5
county:50011,county,Franklin County,VT,50011,6,0,115.0,23,97.7,15
county:50013,county,Grand Isle County,VT,50013,3,0,115.0,4,1.0,3
county:50015,county,Lamoille County,VT,50015,1,0,115.0,23,10.5,17
county:50017,county,Orange County,VT,50017,2,1,230.0,41,16.8,35
county:50019,county,Orleans County,VT,50019,4,0,120.0,13,82.5,7
county:50021,county,Rutland County,VT,50021,5,1,345.0,75,71.7,60
county:50023,county,Washington County,VT,50023,3,0,115.0,36,64.9,29
county:50025,county,Windham County,VT,50025,18,3,345.0,53,119.1,47
county:50027,county,Windsor County,VT,50027,10,1,345.0,75,45.8,67
county:51001,county,Accomack County,VA,51001,16,0,138.0,7,525.8,0
county:51003,county,Albemarle County,VA,51003,13,7,230.0,2,13.3,1
county:51005,county,Alleghany County,VA,51005,4,0,138.0,2,243.7,0
county:51007,county,Amelia County,VA,51007,3,0,115.0,3,23.4,0
county:51009,county,Amherst County,VA,51009,11,0,138.0,2,7.5,1
county:51011,county,Appomattox County,VA,51011,2,0,115.0,1,15.7,0
county:51013,county,Arlington County,VA,51013,9,8,230.0,0,0.0,0
county:51015,county,Augusta County,VA,51015,14,3,500.0,1,0.0,1
county:51017,county,Bath County,VA,51017,0,0,0.0,3,2867.0,1
county:51019,county,Bedford County,VA,51019,21,0,138.0,2,4.8,0
county:51021,county,Bland County,VA,51021,1,0,138.0,0,0.0,0
county:51023,county,Botetourt County,VA,51023,13,3,765.0,0,0.0,0
county:51025,county,Brunswick County,VA,51025,11,3,500.0,2,1482.7,0
county:51027,county,Buchanan County,VA,51027,29,0,138.0,1,88.0,0
county:51029,county,Buckingham County,VA,51029,3,1,230.0,3,598.8,0
county:51031,county,Campbell County,VA,51031,22,1,765.0,4,206.1,0
county:51033,county,Caroline County,VA,51033,11,3,500.0,1,892.5,0
county:51035,county,Carroll County,VA,51035,5,0,138.0,2,30.0,0
county:51036,county,Charles City County,VA,51036,2,2,500.0,2,189.4,0
county:51037,county,Charlotte County,VA,51037,7,0,115.0,2,18.8,0
county:51041,county,Chesterfield County,VA,51041,30,18,500.0,6,486.2,1
county:51043,county,Clarke County,VA,51043,2,0,138.0,1,10.0,0
county:51045,county,Craig County,VA,51045,2,0,69.0,0,0.0,0
county:51047,county,Culpeper County,VA,51047,5,0,115.0,3,0.0,3
county:51049,county,Cumberland County,VA,51049,5,3,230.0,0,0.0,0
county:51051,county,Dickenson County,VA,51051,12,0,138.0,0,0.0,0
county:51053,county,Dinwiddie County,VA,51053,7,2,500.0,1,1.7,0
county:51057,county,Essex County,VA,51057,3,1,230.0,1,20.0,0
county:51059,county,Fairfax County,VA,51059,47,44,500.0,4,132.2,1
county:51061,county,Fauquier County,VA,51061,9,8,500.0,3,1238.8,0
county:51063,county,Floyd County,VA,51063,2,0,138.0,0,0.0,0
county:51065,county,Fluvanna County,VA,51065,10,4,500.0,6,1021.4,3
county:51067,county,Franklin County,VA,51067,9,0,138.0,1,0.0,1
county:51069,county,Frederick County,VA,51069,10,1,500.0,9,223.4,4
county:51071,county,Giles County,VA,51071,4,0,138.0,1,27.2,0
county:51073,county,Gloucester County,VA,51073,4,2,230.0,2,26.3,0
county:51075,county,Goochland County,VA,51075,3,2,230.0,1,5.0,0
county:51077,county,Grayson County,VA,51077,3,0,138.0,1,5.4,0
county:51081,county,Greensville County,VA,51081,15,5,500.0,5,2092.9,0
county:51083,county,Halifax County,VA,51083,20,4,500.0,8,1195.2,0
county:51085,county,Hanover County,VA,51085,13,6,500.0,2,1338.0,0
county:51087,county,Henrico County,VA,51087,16,14,230.0,5,398.4,1
county:51089,county,Henry County,VA,51089,16,1,765.0,4,36.4,0
county:51093,county,Isle of Wight County,VA,51093,7,5,500.0,2,101.5,0
county:51095,county,James City County,VA,51095,6,3,500.0,2,40.0,0
county:51097,county,King and Queen County,VA,51097,1,1,230.0,1,10.8,0
county:51099,county,King George County,VA,51099,4,4,230.0,1,13.2,0
county:51101,county,King William County,VA,51101,4,2,230.0,4,131.0,1
county:51103,county,Lancaster County,VA,51103,4,0,115.0,1,1.5,0
county:51105,county,Lee County,VA,51105,12,1,500.0,0,0.0,0
county:51107,county,Loudoun County,VA,51107,67,64,500.0,1,778.0,0
county:51109,county,Louisa County,VA,51109,11,6,500.0,9,2785.2,3
county:51111,county,Lunenburg County,VA,51111,6,0,115.0,0,0.0,0
county:51113,county,Madison County,VA,51113,1,0,115.0,0,0.0,0
county:51117,county,Mecklenburg County,VA,51117,25,0,115.0,3,426.7,0
county:51119,county,Middlesex County,VA,51119,2,1,230.0,1,15.0,0
county:51121,county,Montgomery County,VA,51121,18,0,138.0,4,7.2,2
county:51125,county,Nelson County,VA,51125,2,0,138.0,0,0.0,0
county:51127,county,New Kent County,VA,51127,3,2,230.0,1,20.0,0
county:51131,county,Northampton County,VA,51131,7,0,69.0,2,32.0,0
county:51135,county,Nottoway County,VA,51135,9,0,115.0,1,0.0,1
county:51137,county,Orange County,VA,51137,9,0,115.0,0,0.0,0
county:51139,county,Page County,VA,51139,2,0,138.0,2,3.0,0
county:51141,county,Patrick County,VA,51141,3,0,69.0,1,11.8,0
county:51143,county,Pittsylvania County,VA,51143,33,1,230.0,9,786.7,0
county:51145,county,Powhatan County,VA,51145,5,3,230.0,3,42.0,0
county:51147,county,Prince Edward County,VA,51147,5,1,230.0,0,0.0,0
county:51149,county,Prince George County,VA,51149,11,3,230.0,2,169.7,0
county:51153,county,Prince William County,VA,51153,59,33,500.0,4,725.5,0
county:51155,county,Pulaski County,VA,51155,11,0,138.0,1,74.8,0
county:51157,county,Rappahannock County,VA,51157,1,0,138.0,0,0.0,0
county:51159,county,Richmond County,VA,51159,3,2,230.0,5,214.8,2
county:51161,county,Roanoke County,VA,51161,15,1,345.0,1,0.0,1
county:51163,county,Rockbridge County,VA,51163,9,1,500.0,2,0.0,2
county:51165,county,Rockingham County,VA,51165,14,4,230.0,1,2.1,0
county:51167,county,Russell County,VA,51167,8,0,138.0,1,475.0,0
county:51169,county,Scott County,VA,51169,5,0,138.0,0,0.0,0
county:51171,county,Shenandoah County,VA,51171,3,0,138.0,2,15.7,1
county:51173,county,Smyth County,VA,51173,5,1,765.0,0,0.0,0
county:51175,county,Southampton County,VA,51175,10,0,115.0,5,175.1,2
county:51177,county,Spotsylvania County,VA,51177,9,5,500.0,2,500.0,1
county:51179,county,Stafford County,VA,51179,6,5,230.0,1,2.2,0
county:51181,county,Surry County,VA,51181,5,5,500.0,5,2583.0,0
county:51183,county,Sussex County,VA,51183,4,1,230.0,2,138.0,0
county:51185,county,Tazewell County,VA,51185,13,0,138.0,0,0.0,0
county:51187,county,Warren County,VA,51187,4,1,500.0,2,1474.7,0
county:51191,county,Washington County,VA,51191,17,0,161.0,1,285.0,0
county:51193,county,Westmoreland County,VA,51193,2,2,230.0,4,53.9,1
county:51195,county,Wise County,VA,51195,18,0,161.0,1,668.0,0
county:51197,county,Wythe County,VA,51197,5,1,765.0,1,20.0,0
county:51199,county,York County,VA,51199,6,4,230.0,0,0.0,0
county:51510,county,Alexandria city,VA,51510,6,6,230.0,1,29.0,0
county:51520,county,Bristol city,VA,51520,3,0,69.0,0,0.0,0
county:51530,county,Buena Vista city,VA,51530,1,0,115.0,0,0.0,0
county:51540,county,Charlottesville city,VA,51540,2,2,230.0,0,0.0,0
county:51550,county,Chesapeake city,VA,51550,20,11,500.0,6,643.8,0
county:51580,county,Covington city,VA,51580,2,0,138.0,0,0.0,0
county:51590,county,Danville city,VA,51590,17,0,138.0,4,15.0,2
county:51595,county,Emporia city,VA,51595,4,0,115.0,1,2.5,0
county:51620,county,Franklin city,VA,51620,0,0,0.0,2,6.4,0
county:51630,county,Fredericksburg city,VA,51630,1,1,230.0,0,0.0,0
county:51640,county,Galax city,VA,51640,2,0,138.0,0,0.0,0
county:51650,county,Hampton city,VA,51650,8,3,230.0,1,4.8,0
county:51660,county,Harrisonburg city,VA,51660,11,1,230.0,3,44.5,1
county:51670,county,Hopewell city,VA,51670,4,4,230.0,3,517.7,0
county:51680,county,Lynchburg city,VA,51680,15,0,138.0,2,0.0,2
county:51683,county,Manassas city,VA,51683,8,5,230.0,4,33.5,0
county:51690,county,Martinsville city,VA,51690,3,0,138.0,0,0.0,0
county:51700,county,Newport News city,VA,51700,9,6,230.0,0,0.0,0
county:51710,county,Norfolk city,VA,51710,11,5,230.0,2,3.4,0
county:51720,county,Norton city,VA,51720,2,0,161.0,0,0.0,0
county:51730,county,Petersburg city,VA,51730,3,2,230.0,0,0.0,0
county:51740,county,Portsmouth city,VA,51740,7,2,230.0,0,0.0,0
county:51750,county,Radford city,VA,51750,4,0,138.0,0,0.0,0
county:51760,county,Richmond city,VA,51760,11,3,230.0,1,114.8,0
county:51770,county,Roanoke city,VA,51770,15,0,138.0,1,0.0,1
county:51775,county,Salem city,VA,51775,12,0,138.0,1,2.0,0
county:51790,county,Staunton city,VA,51790,1,1,230.0,0,0.0,0
county:51800,county,Suffolk city,VA,51800,9,4,500.0,3,50.0,0
county:51810,county,Virginia Beach city,VA,51810,18,9,230.0,1,17.6,0
county:51820,county,Waynesboro city,VA,51820,2,0,115.0,0,0.0,0
county:51840,county,Winchester city,VA,51840,0,0,0.0,1,0.0,1
county:53001,county,Adams County,WA,53001,12,1,230.0,3,169.3,0
county:53003,county,Asotin County,WA,53003,1,1,230.0,0,0.0,0
county:53005,county,Benton County,WA,53005,45,10,500.0,5,1322.1,0
county:53007,county,Chelan County,WA,53007,1,0,115.0,3,2132.8,0
county:53009,county,Clallam County,WA,53009,28,2,230.0,0,0.0,0
county:53011,county,Clark County,WA,53011,65,4,345.0,3,382.0,1
county:53013,county,Columbia County,WA,53013,4,2,230.0,5,1467.4,0
county:53015,county,Cowlitz County,WA,53015,43,9,230.0,3,527.0,0
county:53017,county,Douglas County,WA,53017,4,3,500.0,2,3085.6,0
county:53019,county,Ferry County,WA,53019,3,0,115.0,0,0.0,0
county:53021,county,Franklin County,WA,53021,16,1,230.0,3,810.0,2
county:53023,county,Garfield County,WA,53023,4,4,500.0,3,1152.7,1
county:53025,county,Grant County,WA,53025,35,15,500.0,4,1083.8,0
county:53027,county,Grays Harbor County,WA,53027,28,2,500.0,3,745.7,0
county:53029,county,Island County,WA,53029,14,0,115.0,1,0.0,1
county:53031,county,Jefferson County,WA,53031,11,1,230.0,1,0.0,1
county:53033,county,King County,WA,53033,33,13,500.0,12,118.3,6
county:53035,county,Kitsap County,WA,53035,34,2,230.0,2,0.0,2
county:53037,county,Kittitas County,WA,53037,15,9,500.0,13,1698.1,5
county:53039,county,Klickitat County,WA,53039,32,15,500.0,12,3528.0,0
county:53041,county,Lewis County,WA,53041,40,10,500.0,7,2123.4,0
county:53043,county,Lincoln County,WA,53043,5,0,115.0,2,70.0,1
county:53045,county,Mason County,WA,53045,14,1,230.0,2,127.8,0
county:53047,county,Okanogan County,WA,53047,10,1,230.0,1,6809.0,0
county:53049,county,Pacific County,WA,53049,11,0,115.0,1,6.0,0
county:53051,county,Pend Oreille County,WA,53051,7,5,230.0,2,1208.6,0
county:53053,county,Pierce County,WA,53053,94,8,500.0,4,582.9,0
county:53055,county,San Juan County,WA,53055,19,0,69.0,5,0.5,4
county:53057,county,Skagit County,WA,53057,27,2,230.0,5,655.0,1
county:53059,county,Skamania County,WA,53059,6,2,230.0,2,1402.0,0
county:53061,county,Snohomish County,WA,53061,22,8,500.0,4,120.8,1
county:53063,county,Spokane County,WA,53063,60,5,500.0,8,177.6,2
county:53065,county,Stevens County,WA,53065,7,3,230.0,3,591.1,0
county:53067,county,Thurston County,WA,53067,33,1,500.0,2,62.0,0
county:53069,county,Wahkiakum County,WA,53069,1,0,115.0,0,0.0,0
county:53071,county,Walla Walla County,WA,53071,9,6,500.0,2,603.0,1
county:53073,county,Whatcom County,WA,53073,48,5,500.0,11,1714.6,1
county:53075,county,Whitman County,WA,53075,12,4,500.0,2,105.3,1
county:53077,county,Yakima County,WA,53077,27,3,230.0,6,110.8,1
county:54001,county,Barbour County,WV,54001,1,0,138.0,1,97.6,0
county:54003,county,Berkeley County,WV,54003,7,1,500.0,2,2.9,0
county:54005,county,Boone County,WV,54005,6,0,138.0,0,0.0,0
county:54007,county,Braxton County,WV,54007,3,0,138.0,0,0.0,0
county:54009,county,Brooke County,WV,54009,2,0,138.0,1,1880.4,0
county:54011,county,Cabell County,WV,54011,6,1,765.0,0,0.0,0
county:54013,county,Calhoun County,WV,54013,1,0,138.0,0,0.0,0
county:54015,county,Clay County,WV,54015,1,0,138.0,0,0.0,0
county:54017,county,Doddridge County,WV,54017,8,1,500.0,0,0.0,0
county:54019,county,Fayette County,WV,54019,13,0,138.0,1,102.0,0
county:54021,county,Gilmer County,WV,54021,2,0,138.0,0,0.0,0
county:54023,county,Grant County,WV,54023,5,4,500.0,3,2047.9,0
county:54025,county,Greenbrier County,WV,54025,6,0,138.0,2,156.7,0
county:54027,county,Hampshire County,WV,54027,3,0,138.0,0,0.0,0
county:54029,county,Hancock County,WV,54029,1,1,500.0,0,0.0,0
county:54031,county,Hardy County,WV,54031,2,0,138.0,0,0.0,0
county:54033,county,Harrison County,WV,54033,8,1,500.0,1,2052.0,0
county:54035,county,Jackson County,WV,54035,2,0,69.0,1,0.0,1
county:54037,county,Jefferson County,WV,54037,6,0,138.0,3,98.8,1
county:54039,county,Kanawha County,WV,54039,22,1,345.0,2,14.4,1
county:54041,county,Lewis County,WV,54041,1,0,138.0,0,0.0,0
county:54043,county,Lincoln County,WV,54043,2,0,138.0,0,0.0,0
county:54045,county,Logan County,WV,54045,10,0,138.0,0,0.0,0
county:54047,county,McDowell County,WV,54047,11,0,138.0,0,0.0,0
county:54049,county,Marion County,WV,54049,1,0,138.0,1,95.7,0
county:54051,county,Marshall County,WV,54051,33,3,765.0,2,1748.1,0
county:54053,county,Mason County,WV,54053,5,2,765.0,1,1300.0,0
county:54055,county,Mercer County,WV,54055,9,0,138.0,0,0.0,0
county:54057,county,Mineral County,WV,54057,9,0,138.0,2,170.2,0
county:54059,county,Mingo County,WV,54059,8,0,138.0,0,0.0,0
county:54061,county,Monongalia County,WV,54061,6,1,500.0,4,2079.6,0
county:54065,county,Morgan County,WV,54065,2,0,138.0,0,0.0,0
county:54067,county,Nicholas County,WV,54067,10,0,138.0,1,80.0,0
county:54069,county,Ohio County,WV,54069,13,0,138.0,0,0.0,0
county:54071,county,Pendleton County,WV,54071,2,0,138.0,0,0.0,0
county:54073,county,Pleasants County,WV,54073,7,1,765.0,3,1756.0,0
county:54075,county,Pocahontas County,WV,54075,1,0,138.0,0,0.0,0
county:54077,county,Preston County,WV,54077,5,0,138.0,0,0.0,0
county:54079,county,Putnam County,WV,54079,8,2,765.0,3,2957.1,1
county:54081,county,Raleigh County,WV,54081,15,0,138.0,0,0.0,0
county:54083,county,Randolph County,WV,54083,3,0,138.0,0,0.0,0
county:54087,county,Roane County,WV,54087,3,0,138.0,0,0.0,0
county:54089,county,Summers County,WV,54089,1,0,138.0,0,0.0,0
county:54091,county,Taylor County,WV,54091,2,1,500.0,0,0.0,0
county:54093,county,Tucker County,WV,54093,4,0,138.0,1,66.0,0
county:54097,county,Upshur County,WV,54097,6,0,138.0,1,0.0,1
county:54099,county,Wayne County,WV,54099,9,1,345.0,2,872.4,0
county:54101,county,Webster County,WV,54101,1,0,138.0,0,0.0,0
county:54103,county,Wetzel County,WV,54103,0,0,0.0,1,37.4,0
county:54107,county,Wood County,WV,54107,8,0,138.0,1,42.0,0
county:54109,county,Wyoming County,WV,54109,13,1,765.0,0,0.0,0
county:55001,county,Adams County,WI,55001,17,0,138.0,2,23.3,0
county:55003,county,Ashland County,WI,55003,5,0,161.0,5,49.6,0
county:55005,county,Barron County,WI,55005,25,0,161.0,4,31.2,0
county:55007,county,Bayfield County,WI,55007,9,0,115.0,0,0.0,0
county:55009,county,Brown County,WI,55009,36,0,138.0,6,350.9,2
county:55011,county,Buffalo County,WI,55011,14,0,161.0,2,390.0,0
county:55013,county,Burnett County,WI,55013,18,0,69.0,2,3.7,0
county:55015,county,Calumet County,WI,55015,12,1,345.0,0,0.0,0
county:55017,county,Chippewa County,WI,55017,31,0,161.0,11,514.1,1
county:55019,county,Clark County,WI,55019,21,0,115.0,0,0.0,0
county:55021,county,Columbia County,WI,55021,39,2,345.0,3,1283.7,0
county:55023,county,Crawford County,WI,55023,14,0,161.0,0,0.0,0
county:55025,county,Dane County,WI,55025,82,3,345.0,20,1032.0,3
county:55027,county,Dodge County,WI,55027,23,0,138.0,4,283.0,1
county:55029,county,Door County,WI,55029,8,0,138.0,1,5.0,0
county:55031,county,Douglas County,WI,55031,21,0,161.0,0,0.0,0
county:55033,county,Dunn County,WI,55033,15,0,161.0,4,6.5,2
county:55035,county,Eau Claire County,WI,55035,29,1,345.0,3,2.5,2
county:55037,county,Florence County,WI,55037,3,0,138.0,3,19.6,0
county:55039,county,Fond du Lac County,WI,55039,34,2,345.0,5,597.1,0
county:55041,county,Forest County,WI,55041,1,0,115.0,0,0.0,0
county:55043,county,Grant County,WI,55043,37,1,345.0,7,348.1,1
county:55045,county,Green County,WI,55045,15,0,138.0,0,0.0,0
county:55047,county,Green Lake County,WI,55047,7,0,138.0,0,0.0,0
county:55049,county,Iowa County,WI,55049,14,0,138.0,3,180.0,1
county:55051,county,Iron County,WI,55051,3,0,115.0,0,0.0,0
county:55053,county,Jackson County,WI,55053,9,0,161.0,3,7.0,0
county:55055,county,Jefferson County,WI,55055,9,0,138.0,7,748.4,1
county:55057,county,Juneau County,WI,55057,16,0,138.0,4,25.5,0
county:55059,county,Kenosha County,WI,55059,14,3,345.0,5,695.1,1
county:55061,county,Kewaunee County,WI,55061,6,1,345.0,1,11.0,0
county:55063,county,La Crosse County,WI,55063,19,1,345.0,3,190.5,1
county:55065,county,Lafayette County,WI,55065,16,0,138.0,2,98.0,1
county:55067,county,Langlade County,WI,55067,4,0,115.0,1,6.0,0
county:55069,county,Lincoln County,WI,55069,5,0,115.0,4,17.2,3
county:55071,county,Manitowoc County,WI,55071,16,2,345.0,6,1707.7,0
county:55073,county,Marathon County,WI,55073,19,2,345.0,5,1139.0,1
county:55075,county,Marinette County,WI,55075,20,0,138.0,9,298.3,1
county:55077,county,Marquette County,WI,55077,8,0,69.0,0,0.0,0
county:55078,county,Menominee County,WI,55078,1,0,69.0,0,0.0,0
county:55079,county,Milwaukee County,WI,55079,37,3,345.0,16,2963.5,9
county:55081,county,Monroe County,WI,55081,27,0,161.0,3,7.0,1
county:55083,county,Oconto County,WI,55083,9,1,345.0,2,3.1,0
county:55085,county,Oneida County,WI,55085,7,0,115.0,1,7.5,0
county:55087,county,Outagamie County,WI,55087,15,6,345.0,16,838.3,2
county:55089,county,Ozaukee County,WI,55089,7,1,345.0,2,1208.8,1
county:55091,county,Pepin County,WI,55091,3,0,69.0,0,0.0,0
county:55093,county,Pierce County,WI,55093,16,0,161.0,0,0.0,0
county:55095,county,Polk County,WI,55095,19,0,161.0,5,117.2,1
county:55097,county,Portage County,WI,55097,15,1,345.0,3,17.1,0
county:55099,county,Price County,WI,55099,6,0,115.0,3,5.2,0
county:55101,county,Racine County,WI,55101,11,3,345.0,3,7.0,1
county:55103,county,Richland County,WI,55103,10,0,69.0,2,50.0,1
county:55105,county,Rock County,WI,55105,62,5,345.0,6,1519.6,1
county:55107,county,Rusk County,WI,55107,10,0,161.0,4,23.0,2
county:55109,county,St. Croix County,WI,55109,23,0,161.0,4,7.3,1
county:55111,county,Sauk County,WI,55111,28,0,138.0,3,33.4,2
county:55113,county,Sawyer County,WI,55113,13,1,345.0,1,0.0,1
county:55115,county,Shawano County,WI,55115,21,1,345.0,0,0.0,0
county:55117,county,Sheboygan County,WI,55117,28,2,345.0,6,913.7,1
county:55119,county,Taylor County,WI,55119,11,0,69.0,2,4.5,0
county:55121,county,Trempealeau County,WI,55121,18,0,161.0,2,21.9,0
county:55123,county,Vernon County,WI,55123,16,0,161.0,3,3.6,0
county:55125,county,Vilas County,WI,55125,5,0,138.0,0,0.0,0
county:55127,county,Walworth County,WI,55127,18,0,138.0,5,12.0,3
county:55129,county,Washburn County,WI,55129,10,0,161.0,1,2.0,0
county:55131,county,Washington County,WI,55131,8,0,138.0,2,338.0,0
county:55133,county,Waukesha County,WI,55133,13,1,345.0,4,2.3,3
county:55135,county,Waupaca County,WI,55135,11,0,138.0,0,0.0,0
county:55137,county,Waushara County,WI,55137,17,0,138.0,2,99.0,1
county:55139,county,Winnebago County,WI,55139,19,1,345.0,4,371.0,3
county:55141,county,Wood County,WI,55141,23,1,345.0,4,217.1,1
county:56001,county,Albany County,WY,56001,9,2,230.0,2,487.1,0
county:56003,county,Big Horn County,WY,56003,1,1,230.0,0,0.0,0
county:56005,county,Campbell County,WY,56005,23,9,230.0,7,1402.0,0
county:56007,county,Carbon County,WY,56007,21,18,500.0,8,1239.9,0
county:56009,county,Converse County,WY,56009,12,12,230.0,6,1948.4,0
county:56011,county,Crook County,WY,56011,10,1,230.0,0,0.0,0
county:56013,county,Fremont County,WY,56013,15,5,230.0,1,15.0,0
county:56015,county,Goshen County,WY,56015,4,1,230.0,0,0.0,0
county:56017,county,Hot Springs County,WY,56017,5,2,230.0,0,0.0,0
county:56019,county,Johnson County,WY,56019,3,2,230.0,0,0.0,0
county:56021,county,Laramie County,WY,56021,28,5,345.0,7,745.6,0
county:56023,county,Lincoln County,WY,56023,12,9,230.0,8,809.1,4
county:56025,county,Natrona County,WY,56025,11,10,230.0,4,249.5,0
county:56027,county,Niobrara County,WY,56027,12,0,115.0,0,0.0,0
county:56029,county,Park County,WY,56029,8,3,230.0,0,0.0,0
county:56031,county,Platte County,WY,56031,3,2,345.0,3,1754.4,0
county:56033,county,Sheridan County,WY,56033,3,3,230.0,0,0.0,0
county:56035,county,Sublette County,WY,56035,3,3,230.0,0,0.0,0
county:56037,county,Sweetwater County,WY,56037,21,21,500.0,4,2215.0,2
county:56039,county,Teton County,WY,56039,12,0,115.0,0,0.0,0
county:56041,county,Uinta County,WY,56041,17,1,230.0,3,285.0,0
county:56043,county,Washakie County,WY,56043,1,0,115.0,0,0.0,0
county:56045,county,Weston County,WY,56045,10,2,230.0,0,0.0,0
county:72005,county,Aguadilla Municipio,PR,72005,0,0,0.0,1,0.0,1
county:72007,county,Aguas Buenas Municipio,PR,72007,1,1,230.0,0,0.0,0
county:72011,county,Añasco Municipio,PR,72011,1,0,115.0,0,0.0,0
county:72013,county,Arecibo Municipio,PR,72013,3,1,230.0,4,263.0,1
county:72017,county,Barceloneta Municipio,PR,72017,2,0,115.0,0,0.0,0
county:72019,county,Barranquitas Municipio,PR,72019,1,0,115.0,0,0.0,0
county:72021,county,Bayamón Municipio,PR,72021,2,1,230.0,3,0.0,3
county:72023,county,Cabo Rojo Municipio,PR,72023,1,1,230.0,0,0.0,0
county:72025,county,Caguas Municipio,PR,72025,1,0,115.0,0,0.0,0
county:72029,county,Canóvanas Municipio,PR,72029,1,0,115.0,1,0.0,1
county:72031,county,Carolina Municipio,PR,72031,1,1,230.0,0,0.0,0
county:72035,county,Cayey Municipio,PR,72035,1,0,115.0,0,0.0,0
county:72037,county,Ceiba Municipio,PR,72037,0,0,0.0,2,0.0,2
county:72039,county,Ciales Municipio,PR,72039,1,0,115.0,0,0.0,0
county:72047,county,Corozal Municipio,PR,72047,2,0,115.0,0,0.0,0
county:72049,county,Culebra Municipio,PR,72049,0,0,0.0,1,0.0,1
county:72051,county,Dorado Municipio,PR,72051,1,0,115.0,0,0.0,0
county:72053,county,Fajardo Municipio,PR,72053,1,0,115.0,1,2.1,0
county:72055,county,Guánica Municipio,PR,72055,1,1,230.0,0,0.0,0
county:72057,county,Guayama Municipio,PR,72057,2,1,230.0,3,532.7,0
county:72059,county,Guayanilla Municipio,PR,72059,2,1,230.0,0,0.0,0
county:72061,county,Guaynabo Municipio,PR,72061,0,0,0.0,2,0.0,2
county:72063,county,Gurabo Municipio,PR,72063,0,0,0.0,1,0.0,1
county:72069,county,Humacao Municipio,PR,72069,3,1,230.0,4,89.4,1
county:72071,county,Isabela Municipio,PR,72071,0,0,0.0,2,58.0,1
county:72073,county,Jayuya Municipio,PR,72073,1,0,115.0,0,0.0,0
county:72075,county,Juana Díaz Municipio,PR,72075,0,0,0.0,1,0.0,1
county:72077,county,Juncos Municipio,PR,72077,0,0,0.0,1,7.5,0
county:72087,county,Loíza Municipio,PR,72087,0,0,0.0,1,27.0,0
county:72089,county,Luquillo Municipio,PR,72089,0,0,0.0,1,0.7,0
county:72091,county,Manatí Municipio,PR,72091,3,1,230.0,0,0.0,0
county:72095,county,Maunabo Municipio,PR,72095,1,0,115.0,0,0.0,0
county:72097,county,Mayagüez Municipio,PR,72097,2,2,230.0,1,220.0,0
county:72101,county,Morovis Municipio,PR,72101,1,0,115.0,0,0.0,0
county:72103,county,Naguabo Municipio,PR,72103,1,0,115.0,1,23.4,0
county:72107,county,Orocovis Municipio,PR,72107,0,0,0.0,1,0.0,1
county:72109,county,Patillas Municipio,PR,72109,0,0,0.0,2,0.0,2
county:72111,county,Peñuelas Municipio,PR,72111,1,1,230.0,3,1512.2,0
county:72113,county,Ponce Municipio,PR,72113,4,0,115.0,2,13.8,0
county:72119,county,Río Grande Municipio,PR,72119,0,0,0.0,1,0.0,1
county:72123,county,Salinas Municipio,PR,72123,2,2,230.0,5,1565.0,2
county:72125,county,San Germán Municipio,PR,72125,1,1,230.0,0,0.0,0
county:72127,county,San Juan Municipio,PR,72127,1,0,115.0,2,840.0,1
county:72131,county,San Sebastián Municipio,PR,72131,1,0,115.0,0,0.0,0
county:72133,county,Santa Isabel Municipio,PR,72133,3,0,115.0,1,101.2,0
county:72135,county,Toa Alta Municipio,PR,72135,1,0,115.0,0,0.0,0
county:72137,county,Toa Baja Municipio,PR,72137,2,1,230.0,1,728.0,0
county:72139,county,Trujillo Alto Municipio,PR,72139,0,0,0.0,1,0.0,1
county:72141,county,Utuado Municipio,PR,72141,1,0,115.0,1,22.0,0
county:72145,county,Vega Baja Municipio,PR,72145,1,0,115.0,3,42.0,2
county:72147,county,Vieques Municipio,PR,72147,0,0,0.0,1,0.0,1
county:72149,county,Villalba Municipio,PR,72149,1,0,115.0,1,8.5,0
county:72151,county,Yabucoa Municipio,PR,72151,2,0,115.0,0,0.0,0
county:72153,county,Yauco Municipio,PR,72153,0,0,0.0,1,34.0,0
state:AK,state,AK,AK,,30,7,230.0,88,2623.4,22
state:AL,state,AL,AL,,1206,111,500.0,87,31690.6,17
state:AR,state,AR,AR,,907,38,500.0,154,16900.1,62
state:AZ,state,AZ,AZ,,994,178,500.0,261,35853.4,92
state:CA,state,CA,CA,,1298,321,500.0,2415,99981.2,1189
state:CO,state,CO,CO,,805,234,345.0,386,21508.1,157
state:CT,state,CT,CT,,182,24,345.0,208,10525.8,110
state:DC,state,DC,DC,,17,8,230.0,15,28.1,4
state:DE,state,DE,DE,,129,16,500.0,52,3503.3,26
state:FL,state,FL,FL,,2190,571,500.0,302,71901.5,55
state:GA,state,GA,GA,,1841,441,500.0,356,39649.5,92
state:HI,state,HI,HI,,88,0,138.0,123,3217.8,49
state:IA,state,IA,IA,,1417,91,345.0,283,23669.2,70
state:ID,state,ID,ID,,308,49,500.0,117,6647.3,26
state:IL,state,IL,IL,,1039,171,765.0,505,49975.9,195
state:IN,state,IN,IN,,1906,143,765.0,360,31214.8,183
state:KS,state,KS,KS,,715,102,345.0,142,20524.2,18
state:KY,state,KY,KY,,1371,39,765.0,71,21013.3,21
state:LA,state,LA,LA,,956,260,500.0,92,28776.4,13
state:MA,state,MA,MA,,390,50,450.0,1080,12360.2,496
state:MD,state,MD,MD,,360,86,500.0,262,12623.7,109
state:ME,state,ME,ME,,175,16,345.0,230,5734.5,83
state:MI,state,MI,MI,,1306,112,765.0,329,37411.8,100
state:MN,state,MN,MN,,1084,91,500.0,815,19085.8,188
state:MO,state,MO,MO,,1097,63,500.0,136,22039.8,29
state:MS,state,MS,MS,,837,89,500.0,74,17473.4,22
state:MT,state,MT,MT,,614,70,500.0,75,7288.2,13
state:NC,state,NC,NC,,1706,352,500.0,945,39432.3,105
state:ND,state,ND,ND,,478,92,400.0,45,9879.1,2
state:NE,state,NE,NE,,561,63,345.0,107,11871.7,15
state:NH,state,NH,NH,,104,20,345.0,96,3931.3,38
state:NJ,state,NJ,NJ,,430,207,500.0,519,17141.3,204
state:NM,state,NM,NM,,558,90,500.0,213,17253.2,66
state:NV,state,NV,NV,,349,96,500.0,185,19333.2,80
state:NY,state,NY,NY,,997,112,765.0,1105,44766.3,380
state:OH,state,OH,OH,,1882,118,765.0,292,30642.5,137
state:OK,state,OK,OK,,1223,100,345.0,133,34636.4,13
state:OR,state,OR,OR,,408,127,1100.0,337,15655.6,63
state:PA,state,PA,PA,,1424,259,500.0,316,50054.5,109
state:PR,state,PR,PR,,58,17,230.0,57,6090.5,26
state:RI,state,RI,RI,,58,4,345.0,152,2315.5,75
state:SC,state,SC,SC,,1263,146,500.0,237,27079.3,35
state:SD,state,SD,SD,,554,71,345.0,48,7774.1,1
state:TN,state,TN,TN,,1121,33,500.0,150,23402.2,44
state:TX,state,TX,TX,,5388,645,500.0,1005,183988.4,234
state:UT,state,UT,UT,,375,42,500.0,140,9942.0,41
state:VA,state,VA,VA,,1144,374,765.0,232,29734.1,42
state:VT,state,VT,VT,,75,7,345.0,525,1135.8,419
state:WA,state,WA,WA,,880,158,500.0,147,34693.2,32
state:WI,state,WI,WI,,1231,46,345.0,244,18857.3,57
state:WV,state,WV,WV,,313,22,765.0,40,17657.2,5
state:WY,state,WY,WY,,244,112,500.0,53,11151.0,6
