region_id,period,cumulative_count,net_change,cumulative_footprint_m2
county:01069,2020-08,1,1,993.0
county:01071,2020-09,0,0,0.0
county:01071,2020-10,0,0,0.0
county:01071,2020-11,0,0,0.0
county:01071,2020-12,0,0,0.0
county:01071,2021-01,0,0,0.0
county:01071,2021-02,0,0,0.0
county:01071,2021-03,0,0,0.0
county:01071,2021-04,0,0,0.0
county:01071,2021-05,0,0,0.0
county:01071,2021-06,0,0,0.0
county:01071,2021-07,0,0,0.0
county:01071,2021-08,0,0,0.0
county:01071,2021-09,0,0,0.0
county:01071,2021-10,0,0,0.0
county:01071,2021-11,0,0,0.0
county:01071,2021-12,0,0,0.0
county:01071,2022-01,0,0,0.0
county:01071,2022-02,0,0,0.0
county:01071,2022-03,0,0,0.0
county:01071,2022-04,0,0,0.0
county:01071,2022-05,0,0,0.0
county:01071,2022-06,0,0,0.0
county:01071,2022-07,0,0,0.0
county:01071,2022-08,0,0,0.0
county:01071,2022-09,0,0,0.0
county:01071,2022-10,0,0,0.0
county:01071,2022-11,0,0,0.0
county:01071,2022-12,0,0,0.0
county:01071,2023-01,0,0,0.0
county:01071,2023-02,0,0,0.0
county:01071,2023-03,0,0,0.0
county:01071,2023-04,1,1,704404.7
county:01071,2023-05,1,0,704404.7
county:01071,2023-06,1,0,704404.7
county:01071,2023-07,1,0,704404.7
county:01071,2023-08,1,0,704404.7
county:01071,2023-09,1,0,704404.7
county:01071,2023-10,1,0,704404.7
county:01071,2023-11,1,0,704404.7
county:01071,2023-12,1,0,704404.7
county:01071,2024-01,1,0,704404.7
county:01071,2024-02,3,2,731062.8
county:01073,2023-03,2,2,61833.4
county:01073,2023-04,2,0,61833.4
county:01073,2023-05,2,0,61833.4
county:01073,2023-06,2,0,61833.4
county:01073,2023-07,2,0,61833.4
county:01073,2023-08,2,0,61833.4
county:01073,2023-09,2,0,61833.4
county:01073,2023-10,2,0,61833.4
county:01073,2023-11,2,0,61833.4
county:01073,2023-12,2,0,61833.4
county:01073,2024-01,2,0,61833.4
county:01073,2024-02,2,0,61833.4
county:01073,2024-03,2,0,61833.4
county:01073,2024-04,2,0,61833.4
county:01073,2024-05,2,0,61833.4
county:01073,2024-06,2,0,61833.4
county:01073,2024-07,2,0,61833.4
county:01073,2024-08,2,0,61833.4
county:01073,2024-09,2,0,61833.4
county:01073,2024-10,2,0,61833.4
county:01073,2024-11,2,0,61833.4
county:01073,2024-12,2,0,61833.4
county:01073,2025-01,2,0,61833.4
county:01073,2025-02,2,0,61833.4
county:01073,2025-03,2,0,61833.4
county:01073,2025-04,2,0,61833.4
county:01073,2025-05,2,0,61833.4
county:01073,2025-06,1,-1,61833.4
county:01073,2025-07,1,0,61833.4
county:01073,2025-08,1,0,61833.4
county:01073,2025-09,1,0,61833.4
county:01073,2025-10,1,0,61833.4
county:01073,2025-11,1,0,61833.4
county:01073,2025-12,1,0,61833.4
county:01073,2026-01,1,0,61833.4
county:01073,2026-02,1,0,61833.4
county:01073,2026-03,1,0,61833.4
county:01073,2026-04,1,0,61833.4
county:01073,2026-05,1,0,61833.4
county:01073,2026-06,2,1,64330.2
county:01089,2021-03,1,1,0.0
county:01089,2021-04,1,0,0.0
county:01089,2021-05,1,0,0.0
county:01089,2021-06,1,0,0.0
county:01089,2021-07,1,0,0.0
county:01089,2021-08,1,0,0.0
county:01089,2021-09,1,0,0.0
county:01089,2021-10,1,0,0.0
county:01089,2021-11,1,0,0.0
county:01089,2021-12,1,0,0.0
county:01089,2022-01,1,0,0.0
county:01089,2022-02,1,0,0.0
county:01089,2022-03,1,0,0.0
county:01089,2022-04,1,0,0.0
county:01089,2022-05,1,0,0.0
county:01089,2022-06,1,0,0.0
county:01089,2022-07,1,0,0.0
county:01089,2022-08,1,0,0.0
county:01089,2022-09,1,0,0.0
county:01089,2022-10,1,0,0.0
county:01089,2022-11,2,1,1386.1
county:01089,2022-12,2,0,1386.1
county:01089,2023-01,2,0,1386.1
county:01089,2023-02,2,0,1386.1
county:01089,2023-03,2,0,1386.1
county:01089,2023-04,3,1,2910.8
county:01089,2023-05,3,0,2910.8
county:01089,2023-06,3,0,2910.8
county:01089,2023-07,3,0,2910.8
county:01089,2023-08,3,0,2910.8
county:01089,2023-09,3,0,2910.8
county:01089,2023-10,3,0,2910.8
county:01089,2023-11,3,0,2910.8
county:01089,2023-12,3,0,2910.8
county:01089,2024-01,3,0,2910.8
county:01089,2024-02,6,3,169034.8
county:01089,2024-03,6,0,169034.8
county:01089,2024-04,6,0,169034.8
county:01089,2024-05,6,0,169034.8
county:01089,2024-06,6,0,169034.8
county:01089,2024-07,6,0,169034.8
county:01089,2024-08,6,0,169034.8
county:01089,2024-09,6,0,169034.8
county:01089,2024-10,6,0,169034.8
county:01089,2024-11,6,0,169034.8
county:01089,2024-12,6,0,169034.8
county:01089,2025-01,6,0,169034.8
county:01101,2026-03,1,1,1879996.0
county:04003,2025-07,1,1,700.4
county:04013,2018-03,1,1,124328.7
county:04013,2018-04,1,0,124328.7
county:04013,2018-05,1,0,124328.7
county:04013,2018-06,1,0,124328.7
county:04013,2018-07,1,0,124328.7
county:04013,2018-08,1,0,124328.7
county:04013,2018-09,1,0,124328.7
county:04013,2018-10,1,0,124328.7
county:04013,2018-11,1,0,124328.7
county:04013,2018-12,1,0,124328.7
county:04013,2019-01,1,0,124328.7
county:04013,2019-02,1,0,124328.7
county:04013,2019-03,1,0,124328.7
county:04013,2019-04,1,0,124328.7
county:04013,2019-05,1,0,124328.7
county:04013,2019-06,1,0,124328.7
county:04013,2019-07,1,0,124328.7
county:04013,2019-08,1,0,124328.7
county:04013,2019-09,1,0,124328.7
county:04013,2019-10,1,0,124328.7
county:04013,2019-11,1,0,124328.7
county:04013,2019-12,1,0,124328.7
county:04013,2020-01,1,0,124328.7
county:04013,2020-02,1,0,124328.7
county:04013,2020-03,1,0,124328.7
county:04013,2020-04,1,0,124328.7
county:04013,2020-05,4,3,134817.6
county:04013,2020-06,6,2,134817.6
county:04013,2020-07,11,5,150649.1
county:04013,2020-08,13,2,152626.0
county:04013,2020-09,13,0,152626.0
county:04013,2020-10,13,0,152626.0
county:04013,2020-11,13,0,152626.0
county:04013,2020-12,14,1,195676.9
county:04013,2021-01,16,2,199959.3
county:04013,2021-02,16,0,199959.3
county:04013,2021-03,16,0,199959.3
county:04013,2021-04,16,0,199959.3
county:04013,2021-05,17,1,201534.6
county:04013,2021-06,17,0,201534.6
county:04013,2021-07,17,0,201534.6
county:04013,2021-08,18,1,206265.8
county:04013,2021-09,19,1,212543.1
county:04013,2021-10,19,0,212543.1
county:04013,2021-11,19,0,212543.1
county:04013,2021-12,19,0,212543.1
county:04013,2022-01,19,0,212543.1
county:04013,2022-02,19,0,212543.1
county:04013,2022-03,19,0,212543.1
county:04013,2022-04,21,2,242249.4
county:04013,2022-05,21,0,242249.4
county:04013,2022-06,21,0,242249.4
county:04013,2022-07,21,0,242249.4
county:04013,2022-08,21,0,242249.4
county:04013,2022-09,21,0,242249.4
county:04013,2022-10,21,0,242249.4
county:04013,2022-11,21,0,242249.4
county:04013,2022-12,21,0,242249.4
county:04013,2023-01,20,-1,242249.4
county:04013,2023-02,20,0,242249.4
county:04013,2023-03,20,0,242249.4
county:04013,2023-04,25,5,288241.1
county:04013,2023-05,28,3,288241.1
county:04013,2023-06,27,-1,288241.1
county:04013,2023-07,28,1,288241.1
county:04013,2023-08,29,1,288241.1
county:04013,2023-09,29,0,288241.1
county:04013,2023-10,31,2,347504.2
county:04013,2023-11,41,10,461809.3
county:04013,2023-12,42,1,522577.8
county:04013,2024-01,44,2,539666.6
county:04013,2024-02,46,2,547026.7
county:04013,2024-03,46,0,547026.7
county:04013,2024-04,46,0,547026.7
county:04013,2024-05,49,3,569191.7
county:04013,2024-06,49,0,569191.7
county:04013,2024-07,50,1,616833.8
county:04013,2024-08,51,1,627055.3
county:04013,2024-09,53,2,656691.2
county:04013,2024-10,53,0,656691.2
county:04013,2024-11,52,-1,656691.2
county:04013,2024-12,53,1,656691.2
county:04013,2025-01,53,0,656691.2
county:04013,2025-02,54,1,1067114.7
county:04013,2025-03,55,1,1093746.0
county:04013,2025-04,55,0,1093746.0
county:04013,2025-05,55,0,1093746.0
county:04013,2025-06,57,2,3130918.0
county:04013,2025-07,57,0,3130918.0
county:04013,2025-08,57,0,3130918.0
county:04013,2025-09,57,0,3130918.0
county:04013,2025-10,57,0,3130918.0
county:04013,2025-11,57,0,3130918.0
county:04013,2025-12,63,6,3924675.6
county:04013,2026-01,63,0,3924675.6
county:04013,2026-02,63,0,3924675.6
county:04013,2026-03,63,0,3924675.6
county:04013,2026-04,63,0,3924675.6
county:04013,2026-05,63,0,3924675.6
county:04013,2026-06,65,2,4850945.5
county:04019,2025-07,1,1,1335.4
county:05119,2024-08,1,1,2958.6
county:05145,2022-01,1,1,425.5
county:06001,2020-01,1,1,0.0
county:06001,2020-02,1,0,0.0
county:06001,2020-03,1,0,0.0
county:06001,2020-04,1,0,0.0
county:06001,2020-05,1,0,0.0
county:06001,2020-06,3,2,19965.7
county:06001,2020-07,3,0,19965.7
county:06001,2020-08,3,0,19965.7
county:06001,2020-09,3,0,19965.7
county:06001,2020-10,3,0,19965.7
county:06001,2020-11,3,0,19965.7
county:06001,2020-12,3,0,19965.7
county:06001,2021-01,3,0,19965.7
county:06001,2021-02,3,0,19965.7
county:06001,2021-03,3,0,19965.7
county:06001,2021-04,3,0,19965.7
county:06001,2021-05,3,0,19965.7
county:06001,2021-06,3,0,19965.7
county:06001,2021-07,3,0,19965.7
county:06001,2021-08,3,0,19965.7
county:06001,2021-09,3,0,19965.7
county:06001,2021-10,3,0,19965.7
county:06001,2021-11,3,0,19965.7
county:06001,2021-12,3,0,19965.7
county:06001,2022-01,3,0,19965.7
county:06001,2022-02,3,0,19965.7
county:06001,2022-03,3,0,19965.7
county:06001,2022-04,3,0,19965.7
county:06001,2022-05,3,0,19965.7
county:06001,2022-06,3,0,19965.7
county:06001,2022-07,3,0,19965.7
county:06001,2022-08,3,0,19965.7
county:06001,2022-09,3,0,19965.7
county:06001,2022-10,3,0,19965.7
county:06001,2022-11,3,0,19965.7
county:06001,2022-12,3,0,19965.7
county:06001,2023-01,3,0,19965.7
county:06001,2023-02,3,0,19965.7
county:06001,2023-03,3,0,19965.7
county:06001,2023-04,3,0,19965.7
county:06001,2023-05,4,1,20053.1
county:06001,2023-06,4,0,20053.1
county:06001,2023-07,4,0,20053.1
county:06001,2023-08,4,0,20053.1
county:06001,2023-09,4,0,20053.1
county:06001,2023-10,4,0,20053.1
county:06001,2023-11,4,0,20053.1
county:06001,2023-12,4,0,20053.1
county:06001,2024-01,4,0,20053.1
county:06001,2024-02,4,0,20053.1
county:06001,2024-03,4,0,20053.1
county:06001,2024-04,4,0,20053.1
county:06001,2024-05,4,0,20053.1
county:06001,2024-06,4,0,20053.1
county:06001,2024-07,4,0,20053.1
county:06001,2024-08,4,0,20053.1
county:06001,2024-09,4,0,20053.1
county:06001,2024-10,4,0,20053.1
county:06001,2024-11,4,0,20053.1
county:06001,2024-12,4,0,20053.1
county:06001,2025-01,4,0,20053.1
county:06001,2025-02,4,0,20053.1
county:06001,2025-03,4,0,20053.1
county:06001,2025-04,4,0,20053.1
county:06001,2025-05,4,0,20053.1
county:06001,2025-06,4,0,20053.1
county:06001,2025-07,4,0,20053.1
county:06001,2025-08,4,0,20053.1
county:06001,2025-09,4,0,20053.1
county:06001,2025-10,4,0,20053.1
county:06001,2025-11,4,0,20053.1
county:06001,2025-12,5,1,26167.5
county:06013,2023-05,1,1,0.0
county:06037,2016-12,5,5,31473.9
county:06037,2017-01,5,0,31473.9
county:06037,2017-02,5,0,31473.9
county:06037,2017-03,5,0,31473.9
county:06037,2017-04,5,0,31473.9
county:06037,2017-05,5,0,31473.9
county:06037,2017-06,5,0,31473.9
county:06037,2017-07,5,0,31473.9
county:06037,2017-08,5,0,31473.9
county:06037,2017-09,5,0,31473.9
county:06037,2017-10,5,0,31473.9
county:06037,2017-11,5,0,31473.9
county:06037,2017-12,5,0,31473.9
county:06037,2018-01,5,0,31473.9
county:06037,2018-02,5,0,31473.9
county:06037,2018-03,5,0,31473.9
county:06037,2018-04,5,0,31473.9
county:06037,2018-05,5,0,31473.9
county:06037,2018-06,5,0,31473.9
county:06037,2018-07,5,0,31473.9
county:06037,2018-08,5,0,31473.9
county:06037,2018-09,5,0,31473.9
county:06037,2018-10,5,0,31473.9
county:06037,2018-11,5,0,31473.9
county:06037,2018-12,5,0,31473.9
county:06037,2019-01,5,0,31473.9
county:06037,2019-02,5,0,31473.9
county:06037,2019-03,5,0,31473.9
county:06037,2019-04,5,0,31473.9
county:06037,2019-05,5,0,31473.9
county:06037,2019-06,5,0,31473.9
county:06037,2019-07,5,0,31473.9
county:06037,2019-08,5,0,31473.9
county:06037,2019-09,6,1,33089.4
county:06037,2019-10,6,0,33089.4
county:06037,2019-11,6,0,33089.4
county:06037,2019-12,6,0,33089.4
county:06037,2020-01,6,0,33089.4
county:06037,2020-02,6,0,33089.4
county:06037,2020-03,6,0,33089.4
county:06037,2020-04,6,0,33089.4
county:06037,2020-05,6,0,33089.4
county:06037,2020-06,6,0,33089.4
county:06037,2020-07,6,0,33089.4
county:06037,2020-08,6,0,33089.4
county:06037,2020-09,6,0,33089.4
county:06037,2020-10,6,0,33089.4
county:06037,2020-11,6,0,33089.4
county:06037,2020-12,6,0,33089.4
county:06037,2021-01,6,0,33089.4
county:06037,2021-02,6,0,33089.4
county:06037,2021-03,6,0,33089.4
county:06037,2021-04,6,0,33089.4
county:06037,2021-05,6,0,33089.4
county:06037,2021-06,6,0,33089.4
county:06037,2021-07,6,0,33089.4
county:06037,2021-08,6,0,33089.4
county:06037,2021-09,6,0,33089.4
county:06037,2021-10,6,0,33089.4
county:06037,2021-11,6,0,33089.4
county:06037,2021-12,6,0,33089.4
county:06037,2022-01,6,0,33089.4
county:06037,2022-02,6,0,33089.4
county:06037,2022-03,6,0,33089.4
county:06037,2022-04,6,0,33089.4
county:06037,2022-05,6,0,33089.4
county:06037,2022-06,6,0,33089.4
county:06037,2022-07,6,0,33089.4
county:06037,2022-08,6,0,33089.4
county:06037,2022-09,6,0,33089.4
county:06037,2022-10,6,0,33089.4
county:06037,2022-11,6,0,33089.4
county:06037,2022-12,6,0,33089.4
county:06037,2023-01,6,0,33089.4
county:06037,2023-02,6,0,33089.4
county:06037,2023-03,6,0,33089.4
county:06037,2023-04,8,2,44681.5
county:06037,2023-05,8,0,44681.5
county:06037,2023-06,8,0,44681.5
county:06037,2023-07,8,0,44681.5
county:06037,2023-08,8,0,44681.5
county:06037,2023-09,8,0,44681.5
county:06037,2023-10,8,0,44681.5
county:06037,2023-11,8,0,44681.5
county:06037,2023-12,8,0,44681.5
county:06037,2024-01,8,0,44681.5
county:06037,2024-02,8,0,44681.5
county:06037,2024-03,8,0,44681.5
county:06037,2024-04,8,0,44681.5
county:06037,2024-05,8,0,44681.5
county:06037,2024-06,8,0,44681.5
county:06037,2024-07,8,0,44681.5
county:06037,2024-08,8,0,44681.5
county:06037,2024-09,8,0,44681.5
county:06037,2024-10,8,0,44681.5
county:06037,2024-11,8,0,44681.5
county:06037,2024-12,8,0,44681.5
county:06037,2025-01,8,0,44681.5
county:06037,2025-02,8,0,44681.5
county:06037,2025-03,8,0,44681.5
county:06037,2025-04,9,1,55746.5
county:06037,2025-05,9,0,55746.5
county:06037,2025-06,9,0,55746.5
county:06037,2025-07,9,0,55746.5
county:06037,2025-08,10,1,55746.5
county:06037,2025-09,10,0,55746.5
county:06037,2025-10,10,0,55746.5
county:06037,2025-11,10,0,55746.5
county:06037,2025-12,10,0,55746.5
county:06037,2026-01,10,0,55746.5
county:06037,2026-02,10,0,55746.5
county:06037,2026-03,10,0,55746.5
county:06037,2026-04,11,1,65759.5
county:06055,2021-01,1,1,15123.8
county:06059,2023-10,1,1,7957.9
county:06059,2023-11,1,0,7957.9
county:06059,2023-12,1,0,7957.9
county:06059,2024-01,1,0,7957.9
county:06059,2024-02,1,0,7957.9
county:06059,2024-03,1,0,7957.9
county:06059,2024-04,1,0,7957.9
county:06059,2024-05,1,0,7957.9
county:06059,2024-06,1,0,7957.9
county:06059,2024-07,1,0,7957.9
county:06059,2024-08,1,0,7957.9
county:06059,2024-09,1,0,7957.9
county:06059,2024-10,1,0,7957.9
county:06059,2024-11,1,0,7957.9
county:06059,2024-12,1,0,7957.9
county:06059,2025-01,2,1,7957.9
county:06059,2025-02,2,0,7957.9
county:06059,2025-03,2,0,7957.9
county:06059,2025-04,2,0,7957.9
county:06059,2025-05,2,0,7957.9
county:06059,2025-06,3,1,11401.4
county:06059,2025-07,3,0,11401.4
county:06059,2025-08,3,0,11401.4
county:06059,2025-09,2,-1,11401.4
county:06065,2024-05,1,1,0.0
county:06067,2023-04,2,2,36883.0
county:06067,2023-05,2,0,36883.0
county:06067,2023-06,2,0,36883.0
county:06067,2023-07,2,0,36883.0
county:06067,2023-08,2,0,36883.0
county:06067,2023-09,2,0,36883.0
county:06067,2023-10,2,0,36883.0
county:06067,2023-11,4,2,59324.9
county:06067,2023-12,4,0,59324.9
county:06067,2024-01,4,0,59324.9
county:06067,2024-02,4,0,59324.9
county:06067,2024-03,4,0,59324.9
county:06067,2024-04,4,0,59324.9
county:06067,2024-05,5,1,62048.7
county:06073,2020-11,1,1,0.0
county:06073,2020-12,1,0,0.0
county:06073,2021-01,1,0,0.0
county:06073,2021-02,1,0,0.0
county:06073,2021-03,1,0,0.0
county:06073,2021-04,2,1,1263.2
county:06073,2021-05,2,0,1263.2
county:06073,2021-06,2,0,1263.2
county:06073,2021-07,3,1,9523.3
county:06073,2021-08,3,0,9523.3
county:06073,2021-09,3,0,9523.3
county:06073,2021-10,3,0,9523.3
county:06073,2021-11,3,0,9523.3
county:06073,2021-12,3,0,9523.3
county:06073,2022-01,3,0,9523.3
county:06073,2022-02,3,0,9523.3
county:06073,2022-03,3,0,9523.3
county:06073,2022-04,3,0,9523.3
county:06073,2022-05,3,0,9523.3
county:06073,2022-06,3,0,9523.3
county:06073,2022-07,3,0,9523.3
county:06073,2022-08,3,0,9523.3
county:06073,2022-09,3,0,9523.3
county:06073,2022-10,3,0,9523.3
county:06073,2022-11,3,0,9523.3
county:06073,2022-12,3,0,9523.3
county:06073,2023-01,3,0,9523.3
county:06073,2023-02,3,0,9523.3
county:06073,2023-03,3,0,9523.3
county:06073,2023-04,4,1,17287.8
county:06073,2023-05,4,0,17287.8
county:06073,2023-06,4,0,17287.8
county:06073,2023-07,4,0,17287.8
county:06073,2023-08,4,0,17287.8
county:06073,2023-09,4,0,17287.8
county:06073,2023-10,4,0,17287.8
county:06073,2023-11,4,0,17287.8
county:06073,2023-12,4,0,17287.8
county:06073,2024-01,4,0,17287.8
county:06073,2024-02,4,0,17287.8
county:06073,2024-03,4,0,17287.8
county:06073,2024-04,4,0,17287.8
county:06073,2024-05,4,0,17287.8
county:06073,2024-06,4,0,17287.8
county:06073,2024-07,4,0,17287.8
county:06073,2024-08,4,0,17287.8
county:06073,2024-09,4,0,17287.8
county:06073,2024-10,4,0,17287.8
county:06073,2024-11,4,0,17287.8
county:06073,2024-12,4,0,17287.8
county:06073,2025-01,4,0,17287.8
county:06073,2025-02,4,0,17287.8
county:06073,2025-03,4,0,17287.8
county:06073,2025-04,4,0,17287.8
county:06073,2025-05,4,0,17287.8
county:06073,2025-06,4,0,17287.8
county:06073,2025-07,4,0,17287.8
county:06073,2025-08,4,0,17287.8
county:06073,2025-09,4,0,17287.8
county:06073,2025-10,4,0,17287.8
county:06073,2025-11,4,0,17287.8
county:06073,2025-12,5,1,20930.1
county:06075,2016-12,3,3,16609.7
county:06075,2017-01,3,0,16609.7
county:06075,2017-02,3,0,16609.7
county:06075,2017-03,3,0,16609.7
county:06075,2017-04,3,0,16609.7
county:06075,2017-05,3,0,16609.7
county:06075,2017-06,3,0,16609.7
county:06075,2017-07,3,0,16609.7
county:06075,2017-08,3,0,16609.7
county:06075,2017-09,3,0,16609.7
county:06075,2017-10,3,0,16609.7
county:06075,2017-11,3,0,16609.7
county:06075,2017-12,3,0,16609.7
county:06075,2018-01,3,0,16609.7
county:06075,2018-02,3,0,16609.7
county:06075,2018-03,3,0,16609.7
county:06075,2018-04,3,0,16609.7
county:06075,2018-05,3,0,16609.7
county:06075,2018-06,3,0,16609.7
county:06075,2018-07,3,0,16609.7
county:06075,2018-08,3,0,16609.7
county:06075,2018-09,3,0,16609.7
county:06075,2018-10,3,0,16609.7
county:06075,2018-11,3,0,16609.7
county:06075,2018-12,3,0,16609.7
county:06075,2019-01,3,0,16609.7
county:06075,2019-02,3,0,16609.7
county:06075,2019-03,3,0,16609.7
county:06075,2019-04,3,0,16609.7
county:06075,2019-05,3,0,16609.7
county:06075,2019-06,3,0,16609.7
county:06075,2019-07,3,0,16609.7
county:06075,2019-08,3,0,16609.7
county:06075,2019-09,3,0,16609.7
county:06075,2019-10,3,0,16609.7
county:06075,2019-11,3,0,16609.7
county:06075,2019-12,3,0,16609.7
county:06075,2020-01,3,0,16609.7
county:06075,2020-02,3,0,16609.7
county:06075,2020-03,3,0,16609.7
county:06075,2020-04,3,0,16609.7
county:06075,2020-05,3,0,16609.7
county:06075,2020-06,3,0,16609.7
county:06075,2020-07,3,0,16609.7
county:06075,2020-08,3,0,16609.7
county:06075,2020-09,3,0,16609.7
county:06075,2020-10,3,0,16609.7
county:06075,2020-11,3,0,16609.7
county:06075,2020-12,3,0,16609.7
county:06075,2021-01,3,0,16609.7
county:06075,2021-02,3,0,16609.7
county:06075,2021-03,3,0,16609.7
county:06075,2021-04,3,0,16609.7
county:06075,2021-05,3,0,16609.7
county:06075,2021-06,3,0,16609.7
county:06075,2021-07,3,0,16609.7
county:06075,2021-08,3,0,16609.7
county:06075,2021-09,3,0,16609.7
county:06075,2021-10,3,0,16609.7
county:06075,2021-11,3,0,16609.7
county:06075,2021-12,3,0,16609.7
county:06075,2022-01,3,0,16609.7
county:06075,2022-02,3,0,16609.7
county:06075,2022-03,3,0,16609.7
county:06075,2022-04,3,0,16609.7
county:06075,2022-05,3,0,16609.7
county:06075,2022-06,3,0,16609.7
county:06075,2022-07,3,0,16609.7
county:06075,2022-08,3,0,16609.7
county:06075,2022-09,3,0,16609.7
county:06075,2022-10,3,0,16609.7
county:06075,2022-11,3,0,16609.7
county:06075,2022-12,3,0,16609.7
county:06075,2023-01,3,0,16609.7
county:06075,2023-02,3,0,16609.7
county:06075,2023-03,3,0,16609.7
county:06075,2023-04,4,1,16609.7
county:06079,2021-03,1,1,0.0
county:06085,2016-12,27,27,205624.2
county:06085,2017-01,27,0,205624.2
county:06085,2017-02,27,0,205624.2
county:06085,2017-03,27,0,205624.2
county:06085,2017-04,27,0,205624.2
county:06085,2017-05,28,1,205624.2
county:06085,2017-06,28,0,205624.2
county:06085,2017-07,28,0,205624.2
county:06085,2017-08,28,0,205624.2
county:06085,2017-09,28,0,205624.2
county:06085,2017-10,28,0,205624.2
county:06085,2017-11,28,0,205624.2
county:06085,2017-12,28,0,205624.2
county:06085,2018-01,28,0,205624.2
county:06085,2018-02,28,0,205624.2
county:06085,2018-03,28,0,205624.2
county:06085,2018-04,28,0,205624.2
county:06085,2018-05,28,0,205624.2
county:06085,2018-06,29,1,215100.7
county:06085,2018-07,29,0,215100.7
county:06085,2018-08,29,0,215100.7
county:06085,2018-09,29,0,215100.7
county:06085,2018-10,29,0,215100.7
county:06085,2018-11,29,0,215100.7
county:06085,2018-12,29,0,215100.7
county:06085,2019-01,29,0,215100.7
county:06085,2019-02,29,0,215100.7
county:06085,2019-03,29,0,215100.7
county:06085,2019-04,29,0,215100.7
county:06085,2019-05,29,0,215100.7
county:06085,2019-06,29,0,215100.7
county:06085,2019-07,29,0,215100.7
county:06085,2019-08,29,0,215100.7
county:06085,2019-09,29,0,215100.7
county:06085,2019-10,29,0,215100.7
county:06085,2019-11,29,0,215100.7
county:06085,2019-12,29,0,215100.7
county:06085,2020-01,29,0,215100.7
county:06085,2020-02,29,0,215100.7
county:06085,2020-03,29,0,215100.7
county:06085,2020-04,29,0,215100.7
county:06085,2020-05,29,0,215100.7
county:06085,2020-06,29,0,215100.7
county:06085,2020-07,29,0,215100.7
county:06085,2020-08,29,0,215100.7
county:06085,2020-09,29,0,215100.7
county:06085,2020-10,29,0,215100.7
county:06085,2020-11,29,0,215100.7
county:06085,2020-12,34,5,240745.5
county:06085,2021-01,34,0,240745.5
county:06085,2021-02,34,0,240745.5
county:06085,2021-03,30,-4,225314.1
county:06085,2021-04,30,0,225314.1
county:06085,2021-05,30,0,225314.1
county:06085,2021-06,30,0,225314.1
county:06085,2021-07,31,1,225314.1
county:06085,2021-08,31,0,225314.1
county:06085,2021-09,31,0,225314.1
county:06085,2021-10,31,0,225314.1
county:06085,2021-11,31,0,225314.1
county:06085,2021-12,31,0,225314.1
county:06085,2022-01,31,0,215281.2
county:06085,2022-02,34,3,223416.9
county:06085,2022-03,34,0,223416.9
county:06085,2022-04,34,0,223416.9
county:06085,2022-05,34,0,223416.9
county:06085,2022-06,34,0,223416.9
county:06085,2022-07,34,0,223416.9
county:06085,2022-08,34,0,223416.9
county:06085,2022-09,34,0,223416.9
county:06085,2022-10,34,0,223416.9
county:06085,2022-11,34,0,223416.9
county:06085,2022-12,34,0,233449.8
county:06085,2023-01,34,0,233449.8
county:06085,2023-02,34,0,233449.8
county:06085,2023-03,34,0,233449.8
county:06085,2023-04,35,1,233449.8
county:06085,2023-05,35,0,233449.8
county:06085,2023-06,35,0,233449.8
county:06085,2023-07,35,0,233449.8
county:06085,2023-08,35,0,233449.8
county:06085,2023-09,35,0,233449.8
county:06085,2023-10,35,0,233449.8
county:06085,2023-11,40,5,261585.4
county:06085,2023-12,40,0,261585.4
county:06085,2024-01,40,0,261585.4
county:06085,2024-02,40,0,261585.4
county:06085,2024-03,40,0,261585.4
county:06085,2024-04,40,0,261585.4
county:06085,2024-05,41,1,266956.1
county:06085,2024-06,41,0,266956.1
county:06085,2024-07,42,1,272567.8
county:06085,2024-08,42,0,272567.8
county:06085,2024-09,46,4,311767.1
county:06085,2024-10,46,0,311767.1
county:06085,2024-11,45,-1,311767.1
county:06085,2024-12,60,15,382803.4
county:06085,2025-01,60,0,382803.4
county:06085,2025-02,61,1,382803.4
county:06085,2025-03,61,0,382803.4
county:06085,2025-04,61,0,382803.4
county:06085,2025-05,61,0,382803.4
county:06085,2025-06,61,0,382803.4
county:06085,2025-07,61,0,382803.4
county:06085,2025-08,61,0,382803.4
county:06085,2025-09,61,0,382803.4
county:06085,2025-10,61,0,382803.4
county:06085,2025-11,61,0,382803.4
county:06085,2025-12,75,14,480580.4
county:06095,2020-03,1,1,5134.8
county:06099,2024-06,1,1,559.1
county:08001,2022-02,1,1,7995.2
county:08005,2023-11,2,2,8848.1
county:08005,2023-12,5,3,24702.2
county:08005,2024-01,6,1,29471.7
county:08005,2024-02,6,0,29471.7
county:08005,2024-03,6,0,29471.7
county:08005,2024-04,6,0,29471.7
county:08005,2024-05,6,0,29471.7
county:08005,2024-06,6,0,29471.7
county:08005,2024-07,6,0,29471.7
county:08005,2024-08,7,1,29471.7
county:08005,2024-09,7,0,29471.7
county:08005,2024-10,8,1,46591.5
county:08005,2024-11,8,0,46591.5
county:08005,2024-12,8,0,46591.5
county:08005,2025-01,8,0,46591.5
county:08005,2025-02,8,0,46591.5
county:08005,2025-03,8,0,46591.5
county:08005,2025-04,8,0,46591.5
county:08005,2025-05,8,0,46591.5
county:08005,2025-06,8,0,46591.5
county:08005,2025-07,8,0,46591.5
county:08005,2025-08,8,0,46591.5
county:08005,2025-09,8,0,46591.5
county:08005,2025-10,9,1,47340.3
county:08005,2025-11,9,0,47340.3
county:08005,2025-12,9,0,47340.3
county:08005,2026-01,9,0,47340.3
county:08005,2026-02,9,0,47340.3
county:08005,2026-03,9,0,47340.3
county:08005,2026-04,10,1,62830.0
county:08014,2024-01,1,1,17480.7
county:08031,2023-04,2,2,6372.7
county:08031,2023-05,2,0,6372.7
county:08031,2023-06,2,0,6372.7
county:08031,2023-07,2,0,6372.7
county:08031,2023-08,2,0,6372.7
county:08031,2023-09,2,0,6372.7
county:08031,2023-10,2,0,6372.7
county:08031,2023-11,2,0,6372.7
county:08031,2023-12,2,0,6372.7
county:08031,2024-01,2,0,6372.7
county:08031,2024-02,2,0,6372.7
county:08031,2024-03,2,0,6372.7
county:08031,2024-04,2,0,6372.7
county:08031,2024-05,2,0,6372.7
county:08031,2024-06,2,0,6372.7
county:08031,2024-07,2,0,6372.7
county:08031,2024-08,3,1,6372.7
county:08035,2020-03,1,1,18466.6
county:08035,2020-04,1,0,18466.6
county:08035,2020-05,1,0,18466.6
county:08035,2020-06,1,0,18466.6
county:08035,2020-07,1,0,18466.6
county:08035,2020-08,1,0,18466.6
county:08035,2020-09,1,0,18466.6
county:08035,2020-10,1,0,18466.6
county:08035,2020-11,1,0,18466.6
county:08035,2020-12,1,0,18466.6
county:08035,2021-01,1,0,18466.6
county:08035,2021-02,1,0,18466.6
county:08035,2021-03,1,0,18466.6
county:08035,2021-04,1,0,18466.6
county:08035,2021-05,1,0,18466.6
county:08035,2021-06,2,1,21080.2
county:08041,2022-08,1,1,6903.4
county:08041,2022-09,1,0,6903.4
county:08041,2022-10,1,0,6903.4
county:08041,2022-11,1,0,6903.4
county:08041,2022-12,1,0,6903.4
county:08041,2023-01,1,0,6903.4
county:08041,2023-02,1,0,6903.4
county:08041,2023-03,1,0,6903.4
county:08041,2023-04,1,0,6903.4
county:08041,2023-05,1,0,6903.4
county:08041,2023-06,1,0,6903.4
county:08041,2023-07,1,0,6903.4
county:08041,2023-08,1,0,6903.4
county:08041,2023-09,1,0,6903.4
county:08041,2023-10,1,0,6903.4
county:08041,2023-11,3,2,31731.5
county:08041,2023-12,3,0,31731.5
county:08041,2024-01,3,0,31731.5
county:08041,2024-02,3,0,31731.5
county:08041,2024-03,3,0,31731.5
county:08041,2024-04,4,1,35691.7
county:09110,2020-08,1,1,0.0
county:09110,2020-09,1,0,0.0
county:09110,2020-10,1,0,0.0
county:09110,2020-11,1,0,0.0
county:09110,2020-12,1,0,0.0
county:09110,2021-01,1,0,0.0
county:09110,2021-02,1,0,0.0
county:09110,2021-03,1,0,0.0
county:09110,2021-04,1,0,0.0
county:09110,2021-05,1,0,0.0
county:09120,2024-10,1,1,12540.3
county:09170,2023-06,1,1,5013.7
county:09190,2024-12,2,2,8203.8
county:11001,2023-04,1,1,0.0
county:12001,2020-10,2,2,3378.9
county:12011,2024-08,1,1,6835.9
county:12011,2024-09,1,0,6835.9
county:12011,2024-10,1,0,6835.9
county:12011,2024-11,1,0,6835.9
county:12011,2024-12,1,0,6835.9
county:12011,2025-01,1,0,6835.9
county:12011,2025-02,1,0,6835.9
county:12011,2025-03,1,0,6835.9
county:12011,2025-04,1,0,6835.9
county:12011,2025-05,1,0,6835.9
county:12011,2025-06,1,0,6835.9
county:12011,2025-07,1,0,6835.9
county:12011,2025-08,1,0,6835.9
county:12011,2025-09,1,0,6835.9
county:12011,2025-10,1,0,6835.9
county:12011,2025-11,1,0,6835.9
county:12011,2025-12,2,1,11409.8
county:12031,2023-11,1,1,2805.8
county:12031,2023-12,1,0,2805.8
county:12031,2024-01,1,0,2805.8
county:12031,2024-02,1,0,2805.8
county:12031,2024-03,1,0,2805.8
county:12031,2024-04,1,0,2805.8
county:12031,2024-05,1,0,2805.8
county:12031,2024-06,1,0,2805.8
county:12031,2024-07,1,0,2805.8
county:12031,2024-08,2,1,2805.8
county:12057,2023-11,1,1,9042.5
county:12057,2023-12,1,0,9042.5
county:12057,2024-01,1,0,9042.5
county:12057,2024-02,1,0,9042.5
county:12057,2024-03,1,0,9042.5
county:12057,2024-04,1,0,9042.5
county:12057,2024-05,1,0,9042.5
county:12057,2024-06,1,0,9042.5
county:12057,2024-07,1,0,9042.5
county:12057,2024-08,3,2,11889.4
county:12086,2018-01,1,1,11392.3
county:12086,2018-02,1,0,11392.3
county:12086,2018-03,1,0,11392.3
county:12086,2018-04,1,0,11392.3
county:12086,2018-05,1,0,11392.3
county:12086,2018-06,1,0,11392.3
county:12086,2018-07,1,0,11392.3
county:12086,2018-08,1,0,11392.3
county:12086,2018-09,1,0,11392.3
county:12086,2018-10,1,0,11392.3
county:12086,2018-11,1,0,11392.3
county:12086,2018-12,1,0,11392.3
county:12086,2019-01,1,0,11392.3
county:12086,2019-02,1,0,11392.3
county:12086,2019-03,1,0,11392.3
county:12086,2019-04,1,0,11392.3
county:12086,2019-05,1,0,11392.3
county:12086,2019-06,1,0,11392.3
county:12086,2019-07,1,0,11392.3
county:12086,2019-08,1,0,11392.3
county:12086,2019-09,1,0,11392.3
county:12086,2019-10,1,0,11392.3
county:12086,2019-11,1,0,11392.3
county:12086,2019-12,1,0,11392.3
county:12086,2020-01,1,0,11392.3
county:12086,2020-02,1,0,11392.3
county:12086,2020-03,1,0,11392.3
county:12086,2020-04,1,0,11392.3
county:12086,2020-05,1,0,11392.3
county:12086,2020-06,1,0,11392.3
county:12086,2020-07,1,0,11392.3
county:12086,2020-08,1,0,11392.3
county:12086,2020-09,1,0,11392.3
county:12086,2020-10,1,0,11392.3
county:12086,2020-11,1,0,11392.3
county:12086,2020-12,1,0,11392.3
county:12086,2021-01,1,0,11392.3
county:12086,2021-02,1,0,11392.3
county:12086,2021-03,1,0,11392.3
county:12086,2021-04,1,0,11392.3
county:12086,2021-05,1,0,11392.3
county:12086,2021-06,1,0,11392.3
county:12086,2021-07,1,0,11392.3
county:12086,2021-08,1,0,11392.3
county:12086,2021-09,1,0,11392.3
county:12086,2021-10,1,0,11392.3
county:12086,2021-11,1,0,11392.3
county:12086,2021-12,1,0,11392.3
county:12086,2022-01,1,0,11392.3
county:12086,2022-02,1,0,11392.3
county:12086,2022-03,1,0,11392.3
county:12086,2022-04,1,0,11392.3
county:12086,2022-05,1,0,11392.3
county:12086,2022-06,1,0,11392.3
county:12086,2022-07,1,0,11392.3
county:12086,2022-08,1,0,11392.3
county:12086,2022-09,1,0,11392.3
county:12086,2022-10,1,0,11392.3
county:12086,2022-11,1,0,11392.3
county:12086,2022-12,1,0,11392.3
county:12086,2023-01,1,0,11392.3
county:12086,2023-02,3,2,11392.3
county:12086,2023-03,3,0,11392.3
county:12086,2023-04,4,1,12870.5
county:12095,2021-06,1,1,780.7
county:12095,2021-07,1,0,780.7
county:12095,2021-08,1,0,780.7
county:12095,2021-09,1,0,780.7
county:12095,2021-10,1,0,780.7
county:12095,2021-11,1,0,780.7
county:12095,2021-12,1,0,780.7
county:12095,2022-01,2,1,10772.3
county:12105,2022-02,1,1,2097.6
county:13067,2022-03,1,1,1724.2
county:13067,2022-04,1,0,1724.2
county:13067,2022-05,2,1,8675.5
county:13097,2020-09,2,2,0.0
county:13097,2020-10,2,0,0.0
county:13097,2020-11,2,0,0.0
county:13097,2020-12,2,0,0.0
county:13097,2021-01,2,0,0.0
county:13097,2021-02,2,0,0.0
county:13097,2021-03,2,0,0.0
county:13097,2021-04,2,0,0.0
county:13097,2021-05,2,0,0.0
county:13097,2021-06,2,0,0.0
county:13097,2021-07,2,0,0.0
county:13097,2021-08,5,3,68116.5
county:13097,2021-09,5,0,68116.5
county:13097,2021-10,5,0,68116.5
county:13097,2021-11,5,0,68116.5
county:13097,2021-12,4,-1,310454.6
county:13097,2022-01,4,0,310454.6
county:13097,2022-02,4,0,310454.6
county:13097,2022-03,4,0,310454.6
county:13097,2022-04,4,0,310454.6
county:13097,2022-05,4,0,310454.6
county:13097,2022-06,4,0,310454.6
county:13097,2022-07,4,0,310454.6
county:13097,2022-08,4,0,310454.6
county:13097,2022-09,4,0,310454.6
county:13097,2022-10,4,0,310454.6
county:13097,2022-11,4,0,310454.6
county:13097,2022-12,4,0,310454.6
county:13097,2023-01,4,0,310454.6
county:13097,2023-02,4,0,310454.6
county:13097,2023-03,4,0,310454.6
county:13097,2023-04,4,0,310454.6
county:13097,2023-05,4,0,310454.6
county:13097,2023-06,4,0,310454.6
county:13097,2023-07,4,0,310454.6
county:13097,2023-08,4,0,310454.6
county:13097,2023-09,4,0,310454.6
county:13097,2023-10,4,0,310454.6
county:13097,2023-11,4,0,310454.6
county:13097,2023-12,4,0,310454.6
county:13097,2024-01,4,0,310454.6
county:13097,2024-02,4,0,310454.6
county:13097,2024-03,4,0,310454.6
county:13097,2024-04,4,0,310454.6
county:13097,2024-05,4,0,310454.6
county:13097,2024-06,4,0,310454.6
county:13097,2024-07,4,0,310454.6
county:13097,2024-08,6,2,359236.6
county:13113,2026-01,2,2,52753.0
county:13113,2026-02,2,0,52753.0
county:13113,2026-03,2,0,52753.0
county:13113,2026-04,2,0,52753.0
county:13113,2026-05,4,2,102870.0
county:13117,2023-10,1,1,0.0
county:13117,2023-11,1,0,0.0
county:13117,2023-12,1,0,0.0
county:13117,2024-01,1,0,0.0
county:13117,2024-02,1,0,0.0
county:13117,2024-03,1,0,0.0
county:13117,2024-04,1,0,0.0
county:13117,2024-05,1,0,16136.7
county:13121,2021-11,1,1,26320.1
county:13121,2021-12,1,0,26320.1
county:13121,2022-01,2,1,43415.4
county:13121,2022-02,6,4,242195.6
county:13121,2022-03,8,2,256301.2
county:13121,2022-04,9,1,256301.2
county:13121,2022-05,9,0,256301.2
county:13121,2022-06,9,0,256301.2
county:13121,2022-07,9,0,256301.2
county:13121,2022-08,9,0,256301.2
county:13121,2022-09,11,2,323167.0
county:13121,2022-10,11,0,323167.0
county:13121,2022-11,11,0,323167.0
county:13121,2022-12,11,0,323167.0
county:13121,2023-01,11,0,323167.0
county:13121,2023-02,11,0,323167.0
county:13121,2023-03,11,0,323167.0
county:13121,2023-04,13,2,330238.1
county:13121,2023-05,13,0,330238.1
county:13121,2023-06,13,0,330238.1
county:13121,2023-07,13,0,330238.1
county:13121,2023-08,13,0,330238.1
county:13121,2023-09,13,0,330238.1
county:13121,2023-10,13,0,330238.1
county:13121,2023-11,13,0,330238.1
county:13121,2023-12,13,0,330238.1
county:13121,2024-01,13,0,330238.1
county:13121,2024-02,13,0,330238.1
county:13121,2024-03,13,0,330238.1
county:13121,2024-04,13,0,330238.1
county:13121,2024-05,14,1,342116.6
county:13121,2024-06,14,0,342116.6
county:13121,2024-07,14,0,342116.6
county:13121,2024-08,14,0,342116.6
county:13121,2024-09,14,0,342116.6
county:13121,2024-10,14,0,342116.6
county:13121,2024-11,14,0,342116.6
county:13121,2024-12,14,0,342116.6
county:13121,2025-01,14,0,342116.6
county:13121,2025-02,14,0,342116.6
county:13121,2025-03,14,0,342116.6
county:13121,2025-04,14,0,342116.6
county:13121,2025-05,14,0,342116.6
county:13121,2025-06,14,0,342116.6
county:13121,2025-07,14,0,342116.6
county:13121,2025-08,14,0,342116.6
county:13121,2025-09,14,0,342116.6
county:13121,2025-10,14,0,342116.6
county:13121,2025-11,14,0,342116.6
county:13121,2025-12,14,0,342116.6
county:13121,2026-01,14,0,342116.6
county:13121,2026-02,16,2,364815.6
county:13135,2023-04,1,1,3001.6
county:13135,2023-05,1,0,3001.6
county:13135,2023-06,1,0,3001.6
county:13135,2023-07,1,0,3001.6
county:13135,2023-08,1,0,3001.6
county:13135,2023-09,4,3,200226.6
county:13215,2023-08,1,1,10838.1
county:13215,2023-09,1,0,10838.1
county:13215,2023-10,1,0,10838.1
county:13215,2023-11,2,1,49931.3
county:13217,2022-04,1,1,839138.0
county:13217,2022-05,1,0,839138.0
county:13217,2022-06,1,0,839138.0
county:13217,2022-07,1,0,839138.0
county:13217,2022-08,1,0,839138.0
county:13217,2022-09,1,0,839138.0
county:13217,2022-10,1,0,839138.0
county:13217,2022-11,1,0,839138.0
county:13217,2022-12,1,0,839138.0
county:13217,2023-01,1,0,839138.0
county:13217,2023-02,1,0,839138.0
county:13217,2023-03,1,0,839138.0
county:13217,2023-04,1,0,839138.0
county:13217,2023-05,1,0,839138.0
county:13217,2023-06,1,0,839138.0
county:13217,2023-07,1,0,839138.0
county:13217,2023-08,1,0,839138.0
county:13217,2023-09,1,0,839138.0
county:13217,2023-10,1,0,839138.0
county:13217,2023-11,1,0,839138.0
county:13217,2023-12,1,0,839138.0
county:13217,2024-01,1,0,839138.0
county:13217,2024-02,1,0,839138.0
county:13217,2024-03,1,0,839138.0
county:13217,2024-04,1,0,839138.0
county:13217,2024-05,1,0,839138.0
county:13217,2024-06,1,0,839138.0
county:13217,2024-07,1,0,839138.0
county:13217,2024-08,1,0,839138.0
county:13217,2024-09,4,3,1003265.4
county:16001,2025-12,3,3,1545682.1
county:16007,2021-02,1,1,379.2
county:16065,2024-06,1,1,1697.3
county:17019,2024-05,1,1,4238.3
county:17031,2017-10,1,1,24815.6
county:17031,2017-11,1,0,24815.6
county:17031,2017-12,1,0,24815.6
county:17031,2018-01,1,0,24815.6
county:17031,2018-02,1,0,24815.6
county:17031,2018-03,1,0,24815.6
county:17031,2018-04,2,1,53315.1
county:17031,2018-05,2,0,53315.1
county:17031,2018-06,2,0,53315.1
county:17031,2018-07,2,0,53315.1
county:17031,2018-08,2,0,53315.1
county:17031,2018-09,2,0,53315.1
county:17031,2018-10,2,0,53315.1
county:17031,2018-11,2,0,53315.1
county:17031,2018-12,2,0,53315.1
county:17031,2019-01,2,0,53315.1
county:17031,2019-02,2,0,53315.1
county:17031,2019-03,2,0,53315.1
county:17031,2019-04,2,0,53315.1
county:17031,2019-05,2,0,53315.1
county:17031,2019-06,2,0,53315.1
county:17031,2019-07,2,0,53315.1
county:17031,2019-08,1,-1,24815.6
county:17031,2019-09,1,0,24815.6
county:17031,2019-10,1,0,24815.6
county:17031,2019-11,1,0,24815.6
county:17031,2019-12,1,0,24815.6
county:17031,2020-01,1,0,24815.6
county:17031,2020-02,1,0,24815.6
county:17031,2020-03,1,0,24815.6
county:17031,2020-04,1,0,24815.6
county:17031,2020-05,1,0,24815.6
county:17031,2020-06,1,0,24815.6
county:17031,2020-07,1,0,24815.6
county:17031,2020-08,1,0,24815.6
county:17031,2020-09,2,1,30554.5
county:17031,2020-10,3,1,59054.0
county:17031,2020-11,3,0,59054.0
county:17031,2020-12,4,1,59054.0
county:17031,2021-01,5,1,68904.8
county:17031,2021-02,5,0,68904.8
county:17031,2021-03,5,0,68904.8
county:17031,2021-04,4,-1,40405.3
county:17031,2021-05,4,0,40405.3
county:17031,2021-06,4,0,40405.3
county:17031,2021-07,4,0,40405.3
county:17031,2021-08,5,1,68904.8
county:17031,2021-09,5,0,68904.8
county:17031,2021-10,5,0,68904.8
county:17031,2021-11,5,0,68904.8
county:17031,2021-12,5,0,68904.8
county:17031,2022-01,5,0,68904.8
county:17031,2022-02,6,1,80903.8
county:17031,2022-03,6,0,80903.8
county:17031,2022-04,6,0,80903.8
county:17031,2022-05,6,0,80903.8
county:17031,2022-06,6,0,80903.8
county:17031,2022-07,6,0,80903.8
county:17031,2022-08,6,0,80903.8
county:17031,2022-09,6,0,80903.8
county:17031,2022-10,6,0,80903.8
county:17031,2022-11,6,0,80903.8
county:17031,2022-12,6,0,80903.8
county:17031,2023-01,7,1,80903.8
county:17031,2023-02,8,1,86145.3
county:17031,2023-03,8,0,86145.3
county:17031,2023-04,8,0,86145.3
county:17031,2023-05,18,10,209409.7
county:17031,2023-06,19,1,209409.7
county:17031,2023-07,19,0,209409.7
county:17031,2023-08,20,1,209409.7
county:17031,2023-09,20,0,209409.7
county:17031,2023-10,20,0,209409.7
county:17031,2023-11,25,5,318801.7
county:17031,2023-12,25,0,318801.7
county:17031,2024-01,25,0,318801.7
county:17031,2024-02,25,0,318801.7
county:17031,2024-03,25,0,318801.7
county:17031,2024-04,25,0,318801.7
county:17031,2024-05,25,0,318801.7
county:17031,2024-06,25,0,318801.7
county:17031,2024-07,25,0,318801.7
county:17031,2024-08,25,0,318801.7
county:17031,2024-09,25,0,318801.7
county:17031,2024-10,26,1,329909.6
county:17031,2024-11,26,0,329909.6
county:17031,2024-12,26,0,329909.6
county:17031,2025-01,26,0,329909.6
county:17031,2025-02,26,0,329909.6
county:17031,2025-03,27,1,525496.0
county:17031,2025-04,27,0,525496.0
county:17031,2025-05,27,0,525496.0
county:17031,2025-06,29,2,553921.9
county:17031,2025-07,29,0,553921.9
county:17031,2025-08,29,0,553921.9
county:17031,2025-09,29,0,553921.9
county:17031,2025-10,29,0,553921.9
county:17031,2025-11,29,0,553921.9
county:17031,2025-12,29,0,553921.9
county:17031,2026-01,29,0,553921.9
county:17031,2026-02,30,1,564161.0
county:17037,2024-09,3,3,135367.3
county:17037,2024-10,3,0,135367.3
county:17037,2024-11,3,0,135367.3
county:17037,2024-12,3,0,135367.3
county:17037,2025-01,3,0,135367.3
county:17037,2025-02,3,0,135367.3
county:17037,2025-03,3,0,135367.3
county:17037,2025-04,3,0,135367.3
county:17037,2025-05,3,0,135367.3
county:17037,2025-06,3,0,135367.3
county:17037,2025-07,3,0,135367.3
county:17037,2025-08,3,0,135367.3
county:17037,2025-09,3,0,135367.3
county:17037,2025-10,3,0,135367.3
county:17037,2025-11,3,0,135367.3
county:17037,2025-12,4,1,1323899.1
county:17043,2022-02,1,1,1351.8
county:17043,2022-03,1,0,1351.8
county:17043,2022-04,1,0,1351.8
county:17043,2022-05,1,0,1351.8
county:17043,2022-06,1,0,1351.8
county:17043,2022-07,1,0,1351.8
county:17043,2022-08,1,0,1351.8
county:17043,2022-09,1,0,1351.8
county:17043,2022-10,1,0,1351.8
county:17043,2022-11,1,0,1351.8
county:17043,2022-12,1,0,1351.8
county:17043,2023-01,1,0,1351.8
county:17043,2023-02,1,0,1351.8
county:17043,2023-03,1,0,1351.8
county:17043,2023-04,1,0,1351.8
county:17043,2023-05,2,1,19776.7
county:17043,2023-06,3,1,30324.6
county:17043,2023-07,3,0,30324.6
county:17043,2023-08,3,0,30324.6
county:17043,2023-09,3,0,30324.6
county:17043,2023-10,3,0,30324.6
county:17043,2023-11,5,2,42999.9
county:17043,2023-12,5,0,42999.9
county:17043,2024-01,5,0,42999.9
county:17043,2024-02,5,0,42999.9
county:17043,2024-03,5,0,42999.9
county:17043,2024-04,5,0,42999.9
county:17043,2024-05,5,0,42999.9
county:17043,2024-06,5,0,42999.9
county:17043,2024-07,5,0,42999.9
county:17043,2024-08,5,0,42999.9
county:17043,2024-09,5,0,42999.9
county:17043,2024-10,6,1,76557.0
county:17043,2024-11,6,0,76557.0
county:17043,2024-12,8,2,127953.5
county:17043,2025-01,8,0,127953.5
county:17043,2025-02,8,0,127953.5
county:17043,2025-03,9,1,132351.2
county:17043,2025-04,9,0,132351.2
county:17043,2025-05,9,0,132351.2
county:17043,2025-06,10,1,133504.4
county:17043,2025-07,10,0,133504.4
county:17043,2025-08,10,0,133504.4
county:17043,2025-09,10,0,133504.4
county:17043,2025-10,13,3,161449.6
county:17043,2025-11,13,0,161449.6
county:17043,2025-12,14,1,177173.8
county:17043,2026-01,14,0,177173.8
county:17043,2026-02,16,2,207744.9
county:17097,2019-06,1,1,5109.8
county:17097,2019-07,1,0,5109.8
county:17097,2019-08,1,0,5109.8
county:17097,2019-09,1,0,5109.8
county:17097,2019-10,1,0,5109.8
county:17097,2019-11,1,0,5109.8
county:17097,2019-12,1,0,5109.8
county:17097,2020-01,1,0,5109.8
county:17097,2020-02,1,0,5109.8
county:17097,2020-03,1,0,5109.8
county:17097,2020-04,1,0,5109.8
county:17097,2020-05,1,0,5109.8
county:17097,2020-06,1,0,5109.8
county:17097,2020-07,1,0,5109.8
county:17097,2020-08,1,0,5109.8
county:17097,2020-09,1,0,5109.8
county:17097,2020-10,1,0,5109.8
county:17097,2020-11,1,0,5109.8
county:17097,2020-12,2,1,5109.8
county:17097,2021-01,2,0,5109.8
county:17097,2021-02,2,0,5109.8
county:17097,2021-03,1,-1,5109.8
county:17119,2023-01,1,1,19.0
county:17197,2026-06,1,1,3225949.5
county:18059,2025-10,1,1,1951.5
county:18089,2023-07,1,1,10778.1
county:18105,2023-09,1,1,8760.6
county:18109,2026-05,1,1,830299.0
county:18141,2026-02,2,2,1997227.2
county:18141,2026-03,2,0,1997227.2
county:18141,2026-04,2,0,1997227.2
county:18141,2026-05,2,0,1997227.2
county:18141,2026-06,9,7,2134104.4
county:18157,2020-03,2,2,0.0
county:19049,2016-08,1,1,3636.8
county:19049,2016-09,1,0,3636.8
county:19049,2016-10,1,0,3636.8
county:19049,2016-11,1,0,3636.8
county:19049,2016-12,1,0,3636.8
county:19049,2017-01,1,0,3636.8
county:19049,2017-02,1,0,3636.8
county:19049,2017-03,1,0,3636.8
county:19049,2017-04,1,0,3636.8
county:19049,2017-05,1,0,3636.8
county:19049,2017-06,1,0,3636.8
county:19049,2017-07,1,0,3636.8
county:19049,2017-08,1,0,3636.8
county:19049,2017-09,1,0,3636.8
county:19049,2017-10,1,0,3636.8
county:19049,2017-11,1,0,3636.8
county:19049,2017-12,1,0,3636.8
county:19049,2018-01,1,0,3636.8
county:19049,2018-02,1,0,3636.8
county:19049,2018-03,1,0,3636.8
county:19049,2018-04,1,0,3636.8
county:19049,2018-05,1,0,3636.8
county:19049,2018-06,1,0,3636.8
county:19049,2018-07,1,0,3636.8
county:19049,2018-08,1,0,3636.8
county:19049,2018-09,1,0,3636.8
county:19049,2018-10,1,0,3636.8
county:19049,2018-11,1,0,3636.8
county:19049,2018-12,1,0,3636.8
county:19049,2019-01,1,0,3636.8
county:19049,2019-02,1,0,3636.8
county:19049,2019-03,1,0,3636.8
county:19049,2019-04,1,0,3636.8
county:19049,2019-05,1,0,3636.8
county:19049,2019-06,1,0,3636.8
county:19049,2019-07,1,0,3636.8
county:19049,2019-08,1,0,3636.8
county:19049,2019-09,2,1,3636.8
county:19049,2019-10,2,0,3636.8
county:19049,2019-11,2,0,3636.8
county:19049,2019-12,1,-1,3636.8
county:19049,2020-01,1,0,3636.8
county:19049,2020-02,1,0,3636.8
county:19049,2020-03,1,0,3636.8
county:19049,2020-04,1,0,3636.8
county:19049,2020-05,1,0,3636.8
county:19049,2020-06,1,0,3636.8
county:19049,2020-07,1,0,3636.8
county:19049,2020-08,1,0,3636.8
county:19049,2020-09,1,0,3636.8
county:19049,2020-10,1,0,3636.8
county:19049,2020-11,0,-1,0.0
county:19049,2020-12,0,0,0.0
county:19049,2021-01,0,0,0.0
county:19049,2021-02,0,0,0.0
county:19049,2021-03,0,0,0.0
county:19049,2021-04,0,0,0.0
county:19049,2021-05,0,0,0.0
county:19049,2021-06,0,0,0.0
county:19049,2021-07,0,0,0.0
county:19049,2021-08,0,0,0.0
county:19049,2021-09,0,0,0.0
county:19049,2021-10,0,0,0.0
county:19049,2021-11,0,0,0.0
county:19049,2021-12,0,0,0.0
county:19049,2022-01,0,0,0.0
county:19049,2022-02,0,0,0.0
county:19049,2022-03,0,0,0.0
county:19049,2022-04,0,0,0.0
county:19049,2022-05,0,0,0.0
county:19049,2022-06,0,0,0.0
county:19049,2022-07,4,4,39993.5
county:19049,2022-08,4,0,39993.5
county:19049,2022-09,4,0,39993.5
county:19049,2022-10,4,0,39993.5
county:19049,2022-11,4,0,39993.5
county:19049,2022-12,4,0,39993.5
county:19049,2023-01,4,0,39993.5
county:19049,2023-02,4,0,39993.5
county:19049,2023-03,4,0,39993.5
county:19049,2023-04,4,0,39993.5
county:19049,2023-05,5,1,63264.5
county:19049,2023-06,5,0,63264.5
county:19049,2023-07,5,0,63264.5
county:19049,2023-08,5,0,63264.5
county:19049,2023-09,5,0,63264.5
county:19049,2023-10,5,0,63264.5
county:19049,2023-11,5,0,63264.5
county:19049,2023-12,5,0,63264.5
county:19049,2024-01,5,0,63264.5
county:19049,2024-02,5,0,63264.5
county:19049,2024-03,5,0,63264.5
county:19049,2024-04,5,0,63264.5
county:19049,2024-05,5,0,63264.5
county:19049,2024-06,5,0,63264.5
county:19049,2024-07,5,0,63264.5
county:19049,2024-08,5,0,63264.5
county:19049,2024-09,6,1,92417.9
county:19049,2024-10,6,0,92417.9
county:19049,2024-11,6,0,92417.9
county:19049,2024-12,6,0,92417.9
county:19049,2025-01,6,0,92417.9
county:19049,2025-02,6,0,92417.9
county:19049,2025-03,6,0,92417.9
county:19049,2025-04,9,3,162233.2
county:19103,2020-08,1,1,251.7
county:19153,2016-08,0,0,0.0
county:19153,2016-09,0,0,0.0
county:19153,2016-10,0,0,0.0
county:19153,2016-11,0,0,0.0
county:19153,2016-12,2,2,57857.4
county:19153,2017-01,2,0,57857.4
county:19153,2017-02,2,0,57857.4
county:19153,2017-03,2,0,57857.4
county:19153,2017-04,2,0,57857.4
county:19153,2017-05,2,0,57857.4
county:19153,2017-06,2,0,57857.4
county:19153,2017-07,2,0,57857.4
county:19153,2017-08,2,0,57857.4
county:19153,2017-09,2,0,57857.4
county:19153,2017-10,2,0,57857.4
county:19153,2017-11,2,0,57857.4
county:19153,2017-12,2,0,57857.4
county:19153,2018-01,2,0,57857.4
county:19153,2018-02,2,0,57857.4
county:19153,2018-03,2,0,57857.4
county:19153,2018-04,2,0,57857.4
county:19153,2018-05,2,0,57857.4
county:19153,2018-06,2,0,57857.4
county:19153,2018-07,2,0,57857.4
county:19153,2018-08,2,0,57857.4
county:19153,2018-09,2,0,57857.4
county:19153,2018-10,2,0,57857.4
county:19153,2018-11,2,0,57857.4
county:19153,2018-12,2,0,57857.4
county:19153,2019-01,2,0,57857.4
county:19153,2019-02,2,0,57857.4
county:19153,2019-03,2,0,57857.4
county:19153,2019-04,2,0,57857.4
county:19153,2019-05,2,0,57857.4
county:19153,2019-06,2,0,57857.4
county:19153,2019-07,2,0,57857.4
county:19153,2019-08,2,0,57857.4
county:19153,2019-09,2,0,57857.4
county:19153,2019-10,2,0,57857.4
county:19153,2019-11,2,0,57857.4
county:19153,2019-12,2,0,57857.4
county:19153,2020-01,2,0,57857.4
county:19153,2020-02,2,0,57857.4
county:19153,2020-03,2,0,57857.4
county:19153,2020-04,4,2,149340.3
county:19153,2020-05,4,0,149340.3
county:19153,2020-06,4,0,149340.3
county:19153,2020-07,13,9,315873.4
county:19153,2020-08,13,0,315873.4
county:19153,2020-09,14,1,316918.9
county:19153,2020-10,14,0,316918.9
county:19153,2020-11,14,0,316918.9
county:19153,2020-12,14,0,316918.9
county:19153,2021-01,14,0,316918.9
county:19153,2021-02,14,0,316918.9
county:19153,2021-03,14,0,316918.9
county:19153,2021-04,14,0,316918.9
county:19153,2021-05,14,0,316918.9
county:19153,2021-06,14,0,316918.9
county:19153,2021-07,14,0,316918.9
county:19153,2021-08,14,0,316918.9
county:19153,2021-09,14,0,316918.9
county:19153,2021-10,14,0,316918.9
county:19153,2021-11,14,0,316918.9
county:19153,2021-12,14,0,316918.9
county:19153,2022-01,14,0,316918.9
county:19153,2022-02,14,0,316918.9
county:19153,2022-03,14,0,316918.9
county:19153,2022-04,14,0,316918.9
county:19153,2022-05,14,0,316918.9
county:19153,2022-06,14,0,316918.9
county:19153,2022-07,16,2,319140.4
county:19153,2022-08,16,0,319140.4
county:19153,2022-09,16,0,319140.4
county:19153,2022-10,16,0,319140.4
county:19153,2022-11,16,0,319140.4
county:19153,2022-12,16,0,319140.4
county:19153,2023-01,16,0,319140.4
county:19153,2023-02,16,0,319140.4
county:19153,2023-03,16,0,319140.4
county:19153,2023-04,16,0,319140.4
county:19153,2023-05,16,0,319140.4
county:19153,2023-06,16,0,319140.4
county:19153,2023-07,16,0,319140.4
county:19153,2023-08,16,0,319140.4
county:19153,2023-09,16,0,319140.4
county:19153,2023-10,16,0,319140.4
county:19153,2023-11,18,2,327195.6
county:19153,2023-12,18,0,327195.6
county:19153,2024-01,18,0,327195.6
county:19153,2024-02,20,2,428872.8
county:19153,2024-03,20,0,428872.8
county:19153,2024-04,20,0,428872.8
county:19153,2024-05,20,0,428872.8
county:19153,2024-06,20,0,428872.8
county:19153,2024-07,20,0,428872.8
county:19153,2024-08,20,0,428872.8
county:19153,2024-09,20,0,428872.8
county:19153,2024-10,20,0,428872.8
county:19153,2024-11,20,0,428872.8
county:19153,2024-12,20,0,428872.8
county:19153,2025-01,20,0,428872.8
county:19153,2025-02,20,0,428872.8
county:19153,2025-03,24,4,2944742.4
county:19153,2025-04,24,0,2944742.4
county:19153,2025-05,24,0,2944742.4
county:19153,2025-06,24,0,2944742.4
county:19153,2025-07,24,0,2944742.4
county:19153,2025-08,24,0,2944742.4
county:19153,2025-09,24,0,2944742.4
county:19153,2025-10,24,0,2944742.4
county:19153,2025-11,26,2,2993785.5
county:19155,2020-09,1,1,21157.1
county:19155,2020-10,1,0,21157.1
county:19155,2020-11,1,0,21157.1
county:19155,2020-12,1,0,21157.1
county:19155,2021-01,1,0,21157.1
county:19155,2021-02,1,0,21157.1
county:19155,2021-03,1,0,21157.1
county:19155,2021-04,1,0,21157.1
county:19155,2021-05,1,0,21157.1
county:19155,2021-06,1,0,21157.1
county:19155,2021-07,1,0,21157.1
county:19155,2021-08,1,0,21157.1
county:19155,2021-09,1,0,21157.1
county:19155,2021-10,1,0,21157.1
county:19155,2021-11,1,0,21157.1
county:19155,2021-12,1,0,21157.1
county:19155,2022-01,1,0,21157.1
county:19155,2022-02,1,0,21157.1
county:19155,2022-03,1,0,21157.1
county:19155,2022-04,1,0,21157.1
county:19155,2022-05,1,0,21157.1
county:19155,2022-06,14,13,227066.1
county:19155,2022-07,14,0,227066.1
county:19155,2022-08,14,0,227066.1
county:19155,2022-09,14,0,227066.1
county:19155,2022-10,14,0,227066.1
county:19155,2022-11,14,0,227066.1
county:19155,2022-12,14,0,227066.1
county:19155,2023-01,14,0,227066.1
county:19155,2023-02,14,0,227066.1
county:19155,2023-03,14,0,227066.1
county:19155,2023-04,14,0,227066.1
county:19155,2023-05,14,0,227066.1
county:19155,2023-06,14,0,227066.1
county:19155,2023-07,14,0,227066.1
county:19155,2023-08,14,0,227066.1
county:19155,2023-09,14,0,227066.1
county:19155,2023-10,14,0,227066.1
county:19155,2023-11,17,3,484842.9
county:19155,2023-12,17,0,484842.9
county:19155,2024-01,17,0,484842.9
county:19155,2024-02,18,1,491904.1
county:19155,2024-03,18,0,491904.1
county:19155,2024-04,18,0,491904.1
county:19155,2024-05,20,2,546861.3
county:19163,2020-03,1,1,5015.3
county:19181,2020-07,2,2,44867.5
county:19181,2020-08,2,0,44867.5
county:19181,2020-09,2,0,44867.5
county:19181,2020-10,2,0,44867.5
county:19181,2020-11,2,0,44867.5
county:19181,2020-12,2,0,44867.5
county:19181,2021-01,2,0,44867.5
county:19181,2021-02,2,0,44867.5
county:19181,2021-03,2,0,44867.5
county:19181,2021-04,2,0,44867.5
county:19181,2021-05,2,0,44867.5
county:19181,2021-06,2,0,44867.5
county:19181,2021-07,2,0,44867.5
county:19181,2021-08,2,0,44867.5
county:19181,2021-09,2,0,44867.5
county:19181,2021-10,2,0,44867.5
county:19181,2021-11,2,0,44867.5
county:19181,2021-12,2,0,44867.5
county:19181,2022-01,2,0,44867.5
county:19181,2022-02,2,0,44867.5
county:19181,2022-03,2,0,44867.5
county:19181,2022-04,2,0,44867.5
county:19181,2022-05,2,0,44867.5
county:19181,2022-06,2,0,44867.5
county:19181,2022-07,3,1,67375.2
county:19181,2022-08,3,0,67375.2
county:19181,2022-09,3,0,67375.2
county:19181,2022-10,3,0,67375.2
county:19181,2022-11,3,0,67375.2
county:19181,2022-12,3,0,67375.2
county:19181,2023-01,3,0,67375.2
county:19181,2023-02,3,0,67375.2
county:19181,2023-03,3,0,67375.2
county:19181,2023-04,3,0,67375.2
county:19181,2023-05,3,0,67375.2
county:19181,2023-06,3,0,67375.2
county:19181,2023-07,3,0,67375.2
county:19181,2023-08,3,0,67375.2
county:19181,2023-09,3,0,67375.2
county:19181,2023-10,3,0,67375.2
county:19181,2023-11,3,0,67375.2
county:19181,2023-12,3,0,67375.2
county:19181,2024-01,3,0,67375.2
county:19181,2024-02,3,0,67375.2
county:19181,2024-03,3,0,67375.2
county:19181,2024-04,3,0,67375.2
county:19181,2024-05,3,0,67375.2
county:19181,2024-06,3,0,67375.2
county:19181,2024-07,3,0,67375.2
county:19181,2024-08,3,0,67375.2
county:19181,2024-09,5,2,113306.4
county:19181,2024-10,5,0,113306.4
county:19181,2024-11,5,0,113306.4
county:19181,2024-12,5,0,113306.4
county:19181,2025-01,5,0,113306.4
county:19181,2025-02,5,0,113306.4
county:19181,2025-03,6,1,770450.8
county:20007,2026-04,1,1,42.5
county:20051,2020-04,1,1,1074.1
county:20091,2022-07,4,4,19654.9
county:20091,2022-08,4,0,19654.9
county:20091,2022-09,4,0,19654.9
county:20091,2022-10,4,0,19654.9
county:20091,2022-11,4,0,19654.9
county:20091,2022-12,4,0,19654.9
county:20091,2023-01,4,0,19654.9
county:20091,2023-02,4,0,19654.9
county:20091,2023-03,4,0,19654.9
county:20091,2023-04,4,0,19654.9
county:20091,2023-05,4,0,19654.9
county:20091,2023-06,4,0,19654.9
county:20091,2023-07,4,0,19654.9
county:20091,2023-08,4,0,19654.9
county:20091,2023-09,4,0,19654.9
county:20091,2023-10,4,0,19654.9
county:20091,2023-11,4,0,19654.9
county:20091,2023-12,5,1,25052.2
county:20091,2024-01,5,0,25052.2
county:20091,2024-02,5,0,25052.2
county:20091,2024-03,5,0,25052.2
county:20091,2024-04,5,0,25052.2
county:20091,2024-05,5,0,25052.2
county:20091,2024-06,5,0,25052.2
county:20091,2024-07,5,0,25052.2
county:20091,2024-08,5,0,25052.2
county:20091,2024-09,5,0,25052.2
county:20091,2024-10,5,0,25052.2
county:20091,2024-11,5,0,25052.2
county:20091,2024-12,5,0,25052.2
county:20091,2025-01,5,0,25052.2
county:20091,2025-02,5,0,25052.2
county:20091,2025-03,5,0,25052.2
county:20091,2025-04,5,0,25052.2
county:20091,2025-05,5,0,25052.2
county:20091,2025-06,6,1,33090.6
county:21071,2025-12,1,1,1448.8
county:21107,2024-02,1,1,41102.5
county:21111,2024-08,2,2,6625.9
county:21145,2025-11,1,1,20765.4
county:22033,2019-09,1,1,0.0
county:22083,2026-03,1,1,0.0
county:23005,2021-05,2,2,5145.3
county:24003,2022-11,1,1,3100.4
county:24003,2022-12,1,0,3100.4
county:24003,2023-01,1,0,3100.4
county:24003,2023-02,1,0,3100.4
county:24003,2023-03,1,0,3100.4
county:24003,2023-04,1,0,3100.4
county:24003,2023-05,1,0,3100.4
county:24003,2023-06,1,0,3100.4
county:24003,2023-07,1,0,3100.4
county:24003,2023-08,1,0,3100.4
county:24003,2023-09,2,1,3100.4
county:24005,2023-09,1,1,0.0
county:24021,2025-10,1,1,5948.0
county:24027,2023-02,1,1,10424.3
county:24031,2023-09,1,1,13591.9
county:24033,2022-11,1,1,4000.2
county:24510,2021-04,1,1,360.5
county:24510,2021-05,1,0,360.5
county:24510,2021-06,1,0,360.5
county:24510,2021-07,1,0,360.5
county:24510,2021-08,1,0,360.5
county:24510,2021-09,1,0,360.5
county:24510,2021-10,1,0,360.5
county:24510,2021-11,1,0,360.5
county:24510,2021-12,1,0,360.5
county:24510,2022-01,1,0,360.5
county:24510,2022-02,1,0,360.5
county:24510,2022-03,1,0,360.5
county:24510,2022-04,3,2,360.5
county:24510,2022-05,3,0,360.5
county:24510,2022-06,3,0,360.5
county:24510,2022-07,3,0,360.5
county:24510,2022-08,3,0,360.5
county:24510,2022-09,3,0,360.5
county:24510,2022-10,3,0,360.5
county:24510,2022-11,4,1,3159.8
county:24510,2022-12,4,0,3159.8
county:24510,2023-01,4,0,3159.8
county:24510,2023-02,4,0,3159.8
county:24510,2023-03,4,0,3159.8
county:24510,2023-04,4,0,3159.8
county:24510,2023-05,4,0,3159.8
county:24510,2023-06,4,0,3159.8
county:24510,2023-07,4,0,3159.8
county:24510,2023-08,4,0,3159.8
county:24510,2023-09,6,2,3159.8
county:25009,2022-11,1,1,4771.0
county:25013,2020-03,1,1,0.0
county:25013,2020-04,1,0,0.0
county:25013,2020-05,1,0,0.0
county:25013,2020-06,1,0,0.0
county:25013,2020-07,1,0,0.0
county:25013,2020-08,1,0,0.0
county:25013,2020-09,1,0,0.0
county:25013,2020-10,1,0,0.0
county:25013,2020-11,1,0,0.0
county:25013,2020-12,1,0,0.0
county:25013,2021-01,1,0,0.0
county:25013,2021-02,1,0,0.0
county:25013,2021-03,1,0,0.0
county:25013,2021-04,1,0,0.0
county:25013,2021-05,1,0,0.0
county:25013,2021-06,1,0,0.0
county:25013,2021-07,1,0,0.0
county:25013,2021-08,1,0,0.0
county:25013,2021-09,1,0,0.0
county:25013,2021-10,1,0,0.0
county:25013,2021-11,1,0,0.0
county:25013,2021-12,0,-1,0.0
county:25017,2023-04,1,1,12445.3
county:25017,2023-05,1,0,12445.3
county:25017,2023-06,1,0,12445.3
county:25017,2023-07,1,0,12445.3
county:25017,2023-08,1,0,12445.3
county:25017,2023-09,1,0,12445.3
county:25017,2023-10,1,0,12445.3
county:25017,2023-11,1,0,12445.3
county:25017,2023-12,1,0,12445.3
county:25017,2024-01,1,0,12445.3
county:25017,2024-02,1,0,12445.3
county:25017,2024-03,1,0,12445.3
county:25017,2024-04,1,0,12445.3
county:25017,2024-05,1,0,12445.3
county:25017,2024-06,1,0,12445.3
county:25017,2024-07,1,0,12445.3
county:25017,2024-08,1,0,12445.3
county:25017,2024-09,1,0,12445.3
county:25017,2024-10,1,0,12445.3
county:25017,2024-11,1,0,12445.3
county:25017,2024-12,1,0,12445.3
county:25017,2025-01,1,0,12445.3
county:25017,2025-02,1,0,12445.3
county:25017,2025-03,1,0,12445.3
county:25017,2025-04,1,0,12445.3
county:25017,2025-05,1,0,12445.3
county:25017,2025-06,1,0,12445.3
county:25017,2025-07,1,0,12445.3
county:25017,2025-08,1,0,12445.3
county:25017,2025-09,1,0,12445.3
county:25017,2025-10,1,0,12445.3
county:25017,2025-11,2,1,23934.2
county:26045,2020-11,2,2,8911.5
county:26049,2023-01,1,1,3422.1
county:26099,2021-04,1,1,0.0
county:26115,2024-04,1,1,0.0
county:26125,2020-12,1,1,0.0
county:26125,2021-01,1,0,0.0
county:26125,2021-02,1,0,0.0
county:26125,2021-03,1,0,0.0
county:26125,2021-04,1,0,0.0
county:26125,2021-05,1,0,0.0
county:26125,2021-06,1,0,0.0
county:26125,2021-07,1,0,0.0
county:26125,2021-08,1,0,0.0
county:26125,2021-09,1,0,0.0
county:26125,2021-10,1,0,0.0
county:26125,2021-11,1,0,0.0
county:26125,2021-12,1,0,0.0
county:26125,2022-01,1,0,0.0
county:26125,2022-02,1,0,0.0
county:26125,2022-03,1,0,0.0
county:26125,2022-04,1,0,0.0
county:26125,2022-05,1,0,0.0
county:26125,2022-06,1,0,0.0
county:26125,2022-07,1,0,0.0
county:26125,2022-08,1,0,0.0
county:26125,2022-09,1,0,0.0
county:26125,2022-10,1,0,0.0
county:26125,2022-11,1,0,0.0
county:26125,2022-12,1,0,0.0
county:26125,2023-01,1,0,0.0
county:26125,2023-02,1,0,0.0
county:26125,2023-03,1,0,0.0
county:26125,2023-04,1,0,0.0
county:26125,2023-05,1,0,0.0
county:26125,2023-06,1,0,0.0
county:26125,2023-07,1,0,0.0
county:26125,2023-08,1,0,0.0
county:26125,2023-09,1,0,0.0
county:26125,2023-10,1,0,0.0
county:26125,2023-11,1,0,0.0
county:26125,2023-12,1,0,0.0
county:26125,2024-01,1,0,0.0
county:26125,2024-02,0,-1,0.0
county:26125,2024-03,0,0,0.0
county:26125,2024-04,0,0,0.0
county:26125,2024-05,0,0,0.0
county:26125,2024-06,0,0,0.0
county:26125,2024-07,0,0,0.0
county:26125,2024-08,1,1,3769.5
county:26125,2024-09,1,0,3769.5
county:26125,2024-10,1,0,3769.5
county:26125,2024-11,1,0,3769.5
county:26125,2024-12,1,0,3769.5
county:26125,2025-01,1,0,3769.5
county:26125,2025-02,1,0,3769.5
county:26125,2025-03,1,0,3769.5
county:26125,2025-04,1,0,3769.5
county:26125,2025-05,1,0,3769.5
county:26125,2025-06,1,0,3769.5
county:26125,2025-07,1,0,3769.5
county:26125,2025-08,1,0,3769.5
county:26125,2025-09,1,0,3769.5
county:26125,2025-10,1,0,3769.5
county:26125,2025-11,1,0,3769.5
county:26125,2025-12,1,0,3769.5
county:26125,2026-01,1,0,3769.5
county:26125,2026-02,1,0,3769.5
county:26125,2026-03,1,0,3769.5
county:26125,2026-04,1,0,3769.5
county:26125,2026-05,2,1,3769.5
county:26161,2026-06,1,1,1367460.7
county:26163,2020-02,1,1,2285.4
county:26163,2020-03,1,0,2285.4
county:26163,2020-04,1,0,2285.4
county:26163,2020-05,1,0,2285.4
county:26163,2020-06,2,1,2374.0
county:26163,2020-07,2,0,2374.0
county:26163,2020-08,2,0,2374.0
county:26163,2020-09,2,0,2374.0
county:26163,2020-10,2,0,2374.0
county:26163,2020-11,2,0,2374.0
county:26163,2020-12,2,0,2374.0
county:26163,2021-01,2,0,2374.0
county:26163,2021-02,2,0,2374.0
county:26163,2021-03,2,0,2374.0
county:26163,2021-04,2,0,2374.0
county:26163,2021-05,2,0,2374.0
county:26163,2021-06,2,0,2374.0
county:26163,2021-07,3,1,4690.4
county:26163,2021-08,3,0,4690.4
county:26163,2021-09,3,0,4690.4
county:26163,2021-10,3,0,4690.4
county:26163,2021-11,3,0,4690.4
county:26163,2021-12,3,0,4690.4
county:26163,2022-01,3,0,4690.4
county:26163,2022-02,3,0,4690.4
county:26163,2022-03,3,0,4690.4
county:26163,2022-04,3,0,4690.4
county:26163,2022-05,3,0,4690.4
county:26163,2022-06,3,0,4690.4
county:26163,2022-07,3,0,4690.4
county:26163,2022-08,3,0,4690.4
county:26163,2022-09,3,0,4690.4
county:26163,2022-10,3,0,4690.4
county:26163,2022-11,3,0,4690.4
county:26163,2022-12,3,0,4690.4
county:26163,2023-01,3,0,4690.4
county:26163,2023-02,3,0,4690.4
county:26163,2023-03,3,0,4690.4
county:26163,2023-04,3,0,4690.4
county:26163,2023-05,3,0,4690.4
county:26163,2023-06,3,0,4690.4
county:26163,2023-07,3,0,4690.4
county:26163,2023-08,3,0,4690.4
county:26163,2023-09,3,0,4690.4
county:26163,2023-10,3,0,4690.4
county:26163,2023-11,3,0,4690.4
county:26163,2023-12,3,0,4690.4
county:26163,2024-01,3,0,4690.4
county:26163,2024-02,3,0,4690.4
county:26163,2024-03,3,0,4690.4
county:26163,2024-04,3,0,4690.4
county:26163,2024-05,3,0,4690.4
county:26163,2024-06,3,0,4690.4
county:26163,2024-07,3,0,4690.4
county:26163,2024-08,3,0,4690.4
county:26163,2024-09,3,0,4690.4
county:26163,2024-10,3,0,4690.4
county:26163,2024-11,3,0,4690.4
county:26163,2024-12,3,0,4690.4
county:26163,2025-01,3,0,4690.4
county:26163,2025-02,3,0,4690.4
county:26163,2025-03,3,0,4690.4
county:26163,2025-04,3,0,4690.4
county:26163,2025-05,3,0,4690.4
county:26163,2025-06,3,0,4690.4
county:26163,2025-07,3,0,4690.4
county:26163,2025-08,3,0,4690.4
county:26163,2025-09,3,0,4690.4
county:26163,2025-10,4,1,8984.4
county:27003,2025-06,1,1,6884.3
county:27019,2024-08,1,1,12588.9
county:27037,2025-11,1,1,960112.8
county:27037,2025-12,3,2,1016055.6
county:27053,2023-03,1,1,8147.4
county:27053,2023-04,1,0,8147.4
county:27053,2023-05,1,0,8147.4
county:27053,2023-06,1,0,8147.4
county:27053,2023-07,1,0,8147.4
county:27053,2023-08,1,0,8147.4
county:27053,2023-09,1,0,8147.4
county:27053,2023-10,1,0,8147.4
county:27053,2023-11,1,0,8147.4
county:27053,2023-12,1,0,8147.4
county:27053,2024-01,1,0,8147.4
county:27053,2024-02,1,0,8147.4
county:27053,2024-03,1,0,8147.4
county:27053,2024-04,1,0,8147.4
county:27053,2024-05,1,0,8147.4
county:27053,2024-06,1,0,8147.4
county:27053,2024-07,1,0,8147.4
county:27053,2024-08,1,0,8147.4
county:27053,2024-09,1,0,8147.4
county:27053,2024-10,1,0,8147.4
county:27053,2024-11,1,0,8147.4
county:27053,2024-12,2,1,18798.6
county:27053,2025-01,2,0,18798.6
county:27053,2025-02,2,0,18798.6
county:27053,2025-03,2,0,18798.6
county:27053,2025-04,3,1,23553.5
county:27053,2025-05,3,0,23553.5
county:27053,2025-06,3,0,23553.5
county:27053,2025-07,3,0,23553.5
county:27053,2025-08,3,0,23553.5
county:27053,2025-09,3,0,23553.5
county:27053,2025-10,3,0,23553.5
county:27053,2025-11,3,0,23553.5
county:27053,2025-12,3,0,23553.5
county:27053,2026-01,3,0,23553.5
county:27053,2026-02,3,0,23553.5
county:27053,2026-03,3,0,23553.5
county:27053,2026-04,4,1,29913.3
county:27053,2026-05,4,0,29913.3
county:27053,2026-06,5,1,31158.3
county:27109,2022-09,1,1,4488.9
county:27123,2025-12,1,1,10052.3
county:27137,2024-08,1,1,2523.5
county:28033,2025-12,1,1,75526.1
county:28033,2026-01,1,0,75526.1
county:28033,2026-02,1,0,75526.1
county:28033,2026-03,1,0,75526.1
county:28033,2026-04,1,0,75526.1
county:28033,2026-05,2,1,247364.3
county:28089,2025-12,1,1,1540461.9
county:28089,2026-01,1,0,1540461.9
county:28089,2026-02,1,0,1540461.9
county:28089,2026-03,1,0,1540461.9
county:28089,2026-04,1,0,1540461.9
county:28089,2026-05,5,4,1620742.6
county:28149,2023-04,1,1,0.0
county:28149,2023-05,1,0,0.0
county:28149,2023-06,1,0,0.0
county:28149,2023-07,1,0,0.0
county:28149,2023-08,1,0,0.0
county:28149,2023-09,1,0,0.0
county:28149,2023-10,1,0,0.0
county:28149,2023-11,1,0,0.0
county:28149,2023-12,1,0,0.0
county:28149,2024-01,1,0,0.0
county:28149,2024-02,1,0,0.0
county:28149,2024-03,1,0,0.0
county:28149,2024-04,1,0,0.0
county:28149,2024-05,1,0,0.0
county:28149,2024-06,1,0,0.0
county:28149,2024-07,1,0,0.0
county:28149,2024-08,1,0,0.0
county:28149,2024-09,1,0,0.0
county:28149,2024-10,1,0,0.0
county:28149,2024-11,1,0,0.0
county:28149,2024-12,1,0,0.0
county:28149,2025-01,1,0,0.0
county:28149,2025-02,1,0,0.0
county:28149,2025-03,1,0,0.0
county:28149,2025-04,1,0,0.0
county:28149,2025-05,1,0,0.0
county:28149,2025-06,1,0,0.0
county:28149,2025-07,1,0,0.0
county:28149,2025-08,1,0,0.0
county:28149,2025-09,1,0,0.0
county:28149,2025-10,1,0,0.0
county:28149,2025-11,0,-1,0.0
county:29001,2026-05,1,1,788.4
county:29019,2024-10,1,1,3668.6
county:29025,2025-03,1,1,133.1
county:29047,2023-06,1,1,57222.5
county:29047,2023-07,1,0,57222.5
county:29047,2023-08,1,0,57222.5
county:29047,2023-09,1,0,57222.5
county:29047,2023-10,1,0,57222.5
county:29047,2023-11,1,0,57222.5
county:29047,2023-12,1,0,57222.5
county:29047,2024-01,1,0,57222.5
county:29047,2024-02,1,0,57222.5
county:29047,2024-03,1,0,57222.5
county:29047,2024-04,1,0,57222.5
county:29047,2024-05,1,0,57222.5
county:29047,2024-06,1,0,57222.5
county:29047,2024-07,1,0,57222.5
county:29047,2024-08,1,0,57222.5
county:29047,2024-09,1,0,57222.5
county:29047,2024-10,1,0,57222.5
county:29047,2024-11,1,0,57222.5
county:29047,2024-12,1,0,57222.5
county:29047,2025-01,1,0,57222.5
county:29047,2025-02,1,0,57222.5
county:29047,2025-03,1,0,57222.5
county:29047,2025-04,1,0,57222.5
county:29047,2025-05,1,0,57222.5
county:29047,2025-06,1,0,57222.5
county:29047,2025-07,1,0,57222.5
county:29047,2025-08,2,1,1312975.3
county:29047,2025-09,2,0,1312975.3
county:29047,2025-10,3,1,1341535.1
county:29095,2022-07,2,2,0.0
county:29095,2022-08,2,0,0.0
county:29095,2022-09,2,0,0.0
county:29095,2022-10,2,0,0.0
county:29095,2022-11,2,0,0.0
county:29095,2022-12,2,0,0.0
county:29095,2023-01,2,0,0.0
county:29095,2023-02,2,0,0.0
county:29095,2023-03,2,0,0.0
county:29095,2023-04,2,0,0.0
county:29095,2023-05,2,0,0.0
county:29095,2023-06,2,0,0.0
county:29095,2023-07,2,0,0.0
county:29095,2023-08,2,0,0.0
county:29095,2023-09,2,0,0.0
county:29095,2023-10,2,0,0.0
county:29095,2023-11,2,0,0.0
county:29095,2023-12,2,0,0.0
county:29095,2024-01,2,0,0.0
county:29095,2024-02,2,0,0.0
county:29095,2024-03,2,0,0.0
county:29095,2024-04,2,0,0.0
county:29095,2024-05,2,0,0.0
county:29095,2024-06,2,0,0.0
county:29095,2024-07,2,0,0.0
county:29095,2024-08,2,0,0.0
county:29095,2024-09,2,0,0.0
county:29095,2024-10,2,0,0.0
county:29095,2024-11,2,0,0.0
county:29095,2024-12,2,0,0.0
county:29095,2025-01,2,0,0.0
county:29095,2025-02,2,0,0.0
county:29095,2025-03,2,0,0.0
county:29095,2025-04,2,0,0.0
county:29095,2025-05,2,0,0.0
county:29095,2025-06,2,0,0.0
county:29095,2025-07,2,0,0.0
county:29095,2025-08,2,0,0.0
county:29095,2025-09,2,0,0.0
county:29095,2025-10,2,0,0.0
county:29095,2025-11,2,0,0.0
county:29095,2025-12,2,0,0.0
county:29095,2026-01,2,0,0.0
county:29095,2026-02,2,0,0.0
county:29095,2026-03,2,0,0.0
county:29095,2026-04,3,1,17130.3
county:29165,2022-07,5,5,42855.2
county:29510,2022-10,1,1,2145.5
county:29510,2022-11,1,0,2145.5
county:29510,2022-12,1,0,2145.5
county:29510,2023-01,1,0,2145.5
county:29510,2023-02,1,0,2145.5
county:29510,2023-03,1,0,2145.5
county:29510,2023-04,1,0,2145.5
county:29510,2023-05,1,0,2145.5
county:29510,2023-06,1,0,2145.5
county:29510,2023-07,1,0,2145.5
county:29510,2023-08,1,0,2145.5
county:29510,2023-09,1,0,2145.5
county:29510,2023-10,1,0,2145.5
county:29510,2023-11,1,0,2145.5
county:29510,2023-12,1,0,2145.5
county:29510,2024-01,1,0,2145.5
county:29510,2024-02,1,0,2145.5
county:29510,2024-03,1,0,2145.5
county:29510,2024-04,1,0,2145.5
county:29510,2024-05,1,0,2145.5
county:29510,2024-06,1,0,2145.5
county:29510,2024-07,1,0,2145.5
county:29510,2024-08,1,0,2145.5
county:29510,2024-09,1,0,2145.5
county:29510,2024-10,1,0,2145.5
county:29510,2024-11,1,0,2145.5
county:29510,2024-12,1,0,2145.5
county:29510,2025-01,2,1,4378.8
county:29510,2025-02,2,0,4378.8
county:29510,2025-03,2,0,4378.8
county:29510,2025-04,2,0,4378.8
county:29510,2025-05,2,0,4378.8
county:29510,2025-06,2,0,4378.8
county:29510,2025-07,2,0,4378.8
county:29510,2025-08,2,0,4378.8
county:29510,2025-09,2,0,4378.8
county:29510,2025-10,2,0,4378.8
county:29510,2025-11,3,1,6656.7
county:30017,2025-07,1,1,789.0
county:30039,2019-12,1,1,140.3
county:30111,2026-02,1,1,0.0
county:31019,2024-07,1,1,32827.8
county:31055,2021-05,1,1,3611.5
county:31055,2021-06,1,0,3611.5
county:31055,2021-07,1,0,3611.5
county:31055,2021-08,1,0,3611.5
county:31055,2021-09,1,0,3611.5
county:31055,2021-10,1,0,3611.5
county:31055,2021-11,1,0,3611.5
county:31055,2021-12,1,0,3611.5
county:31055,2022-01,1,0,3611.5
county:31055,2022-02,1,0,3611.5
county:31055,2022-03,1,0,3611.5
county:31055,2022-04,1,0,3611.5
county:31055,2022-05,1,0,3611.5
county:31055,2022-06,1,0,3611.5
county:31055,2022-07,1,0,3611.5
county:31055,2022-08,1,0,3611.5
county:31055,2022-09,1,0,3611.5
county:31055,2022-10,2,1,10042.2
county:31055,2022-11,2,0,10042.2
county:31055,2022-12,2,0,10042.2
county:31055,2023-01,2,0,10042.2
county:31055,2023-02,2,0,10042.2
county:31055,2023-03,2,0,10042.2
county:31055,2023-04,2,0,10042.2
county:31055,2023-05,2,0,10042.2
county:31055,2023-06,2,0,10042.2
county:31055,2023-07,2,0,10042.2
county:31055,2023-08,2,0,10042.2
county:31055,2023-09,2,0,10042.2
county:31055,2023-10,4,2,19259.3
county:31055,2023-11,4,0,19259.3
county:31055,2023-12,4,0,19259.3
county:31055,2024-01,4,0,19259.3
county:31055,2024-02,4,0,19259.3
county:31055,2024-03,4,0,19259.3
county:31055,2024-04,4,0,19259.3
county:31055,2024-05,4,0,19259.3
county:31055,2024-06,4,0,19259.3
county:31055,2024-07,4,0,19259.3
county:31055,2024-08,4,0,19259.3
county:31055,2024-09,4,0,19259.3
county:31055,2024-10,4,0,19259.3
county:31055,2024-11,4,0,19259.3
county:31055,2024-12,5,1,1837923.8
county:31055,2025-01,5,0,1837923.8
county:31055,2025-02,5,0,1837923.8
county:31055,2025-03,5,0,1837923.8
county:31055,2025-04,5,0,1837923.8
county:31055,2025-05,5,0,1837923.8
county:31055,2025-06,6,1,1842976.5
county:31055,2025-07,6,0,1842976.5
county:31055,2025-08,10,4,1927154.5
county:31153,2020-09,3,3,123928.6
county:31153,2020-10,3,0,123928.6
county:31153,2020-11,3,0,123928.6
county:31153,2020-12,3,0,123928.6
county:31153,2021-01,3,0,123928.6
county:31153,2021-02,3,0,123928.6
county:31153,2021-03,3,0,123928.6
county:31153,2021-04,3,0,123928.6
county:31153,2021-05,1,-2,550201.7
county:31153,2021-06,1,0,550201.7
county:31153,2021-07,1,0,550201.7
county:31153,2021-08,1,0,550201.7
county:31153,2021-09,1,0,550201.7
county:31153,2021-10,1,0,550201.7
county:31153,2021-11,1,0,550201.7
county:31153,2021-12,1,0,550201.7
county:31153,2022-01,1,0,550201.7
county:31153,2022-02,1,0,550201.7
county:31153,2022-03,1,0,550201.7
county:31153,2022-04,1,0,550201.7
county:31153,2022-05,1,0,550201.7
county:31153,2022-06,1,0,550201.7
county:31153,2022-07,1,0,550201.7
county:31153,2022-08,1,0,550201.7
county:31153,2022-09,1,0,550201.7
county:31153,2022-10,1,0,550201.7
county:31153,2022-11,1,0,550201.7
county:31153,2022-12,1,0,550201.7
county:31153,2023-01,1,0,550201.7
county:31153,2023-02,2,1,1130181.7
county:31153,2023-03,2,0,1130181.7
county:31153,2023-04,3,1,1133964.2
county:31153,2023-05,3,0,1133964.2
county:31153,2023-06,3,0,1133964.2
county:31153,2023-07,3,0,1133964.2
county:31153,2023-08,4,1,1148130.7
county:31153,2023-09,4,0,1148130.7
county:31153,2023-10,4,0,1148130.7
county:31153,2023-11,4,0,1148130.7
county:31153,2023-12,4,0,1148130.7
county:31153,2024-01,4,0,1148130.7
county:31153,2024-02,11,7,1455821.4
county:31153,2024-03,11,0,1455821.4
county:31153,2024-04,11,0,1455821.4
county:31153,2024-05,13,2,1494850.0
county:31153,2024-06,13,0,1494850.0
county:31153,2024-07,13,0,1494850.0
county:31153,2024-08,13,0,1494850.0
county:31153,2024-09,14,1,1522480.7
county:31153,2024-10,14,0,1522480.7
county:31153,2024-11,14,0,1522480.7
county:31153,2024-12,14,0,1522480.7
county:31153,2025-01,14,0,1522480.7
county:31153,2025-02,14,0,1522480.7
county:31153,2025-03,14,0,1522480.7
county:31153,2025-04,14,0,1522480.7
county:31153,2025-05,14,0,1522480.7
county:31153,2025-06,14,0,1522480.7
county:31153,2025-07,14,0,1522480.7
county:31153,2025-08,14,0,1522480.7
county:31153,2025-09,14,0,1522480.7
county:31153,2025-10,14,0,1522480.7
county:31153,2025-11,15,1,2248743.2
county:32003,2019-11,1,1,10287.1
county:32003,2019-12,1,0,10287.1
county:32003,2020-01,1,0,10287.1
county:32003,2020-02,1,0,10287.1
county:32003,2020-03,1,0,10287.1
county:32003,2020-04,1,0,10287.1
county:32003,2020-05,1,0,10287.1
county:32003,2020-06,1,0,10287.1
county:32003,2020-07,1,0,10287.1
county:32003,2020-08,1,0,10287.1
county:32003,2020-09,3,2,36773.5
county:32003,2020-10,3,0,36773.5
county:32003,2020-11,3,0,36773.5
county:32003,2020-12,3,0,36773.5
county:32003,2021-01,3,0,36773.5
county:32003,2021-02,3,0,36773.5
county:32003,2021-03,3,0,36773.5
county:32003,2021-04,3,0,36773.5
county:32003,2021-05,3,0,36773.5
county:32003,2021-06,3,0,36773.5
county:32003,2021-07,3,0,36773.5
county:32003,2021-08,3,0,36773.5
county:32003,2021-09,8,5,158660.2
county:32003,2021-10,8,0,158660.2
county:32003,2021-11,8,0,158660.2
county:32003,2021-12,9,1,159738.0
county:32003,2022-01,11,2,164310.0
county:32003,2022-02,12,1,169749.2
county:32003,2022-03,12,0,169749.2
county:32003,2022-04,12,0,169749.2
county:32003,2022-05,12,0,169749.2
county:32003,2022-06,12,0,169749.2
county:32003,2022-07,12,0,169749.2
county:32003,2022-08,12,0,169749.2
county:32003,2022-09,12,0,169749.2
county:32003,2022-10,12,0,169749.2
county:32003,2022-11,12,0,169749.2
county:32003,2022-12,12,0,169749.2
county:32003,2023-01,12,0,169749.2
county:32003,2023-02,12,0,169749.2
county:32003,2023-03,12,0,169749.2
county:32003,2023-04,12,0,169749.2
county:32003,2023-05,12,0,169749.2
county:32003,2023-06,12,0,169749.2
county:32003,2023-07,12,0,169749.2
county:32003,2023-08,12,0,169749.2
county:32003,2023-09,14,2,169749.2
county:32003,2023-10,14,0,169749.2
county:32003,2023-11,14,0,169749.2
county:32003,2023-12,14,0,169749.2
county:32003,2024-01,14,0,169749.2
county:32003,2024-02,16,2,176130.6
county:32003,2024-03,17,1,198592.4
county:32003,2024-04,17,0,198592.4
county:32003,2024-05,17,0,198592.4
county:32003,2024-06,17,0,198592.4
county:32003,2024-07,17,0,198592.4
county:32003,2024-08,18,1,198592.4
county:32003,2024-09,20,2,281298.6
county:32003,2024-10,20,0,281298.6
county:32003,2024-11,20,0,281298.6
county:32003,2024-12,20,0,281298.6
county:32003,2025-01,20,0,281298.6
county:32003,2025-02,20,0,281298.6
county:32003,2025-03,20,0,281298.6
county:32003,2025-04,21,1,470664.2
county:32003,2025-05,21,0,470664.2
county:32003,2025-06,21,0,470664.2
county:32003,2025-07,21,0,470664.2
county:32003,2025-08,22,1,491474.3
county:32003,2025-09,22,0,491474.3
county:32003,2025-10,23,1,493805.8
county:32003,2025-11,23,0,493805.8
county:32029,2019-08,1,1,0.0
county:32029,2019-09,1,0,0.0
county:32029,2019-10,1,0,0.0
county:32029,2019-11,1,0,0.0
county:32029,2019-12,1,0,0.0
county:32029,2020-01,1,0,0.0
county:32029,2020-02,1,0,0.0
county:32029,2020-03,1,0,0.0
county:32029,2020-04,1,0,0.0
county:32029,2020-05,1,0,0.0
county:32029,2020-06,1,0,0.0
county:32029,2020-07,1,0,0.0
county:32029,2020-08,1,0,0.0
county:32029,2020-09,1,0,0.0
county:32029,2020-10,1,0,0.0
county:32029,2020-11,1,0,0.0
county:32029,2020-12,1,0,0.0
county:32029,2021-01,1,0,0.0
county:32029,2021-02,1,0,0.0
county:32029,2021-03,1,0,0.0
county:32029,2021-04,1,0,0.0
county:32029,2021-05,1,0,0.0
county:32029,2021-06,1,0,0.0
county:32029,2021-07,1,0,0.0
county:32029,2021-08,1,0,0.0
county:32029,2021-09,1,0,0.0
county:32029,2021-10,1,0,0.0
county:32029,2021-11,1,0,0.0
county:32029,2021-12,1,0,0.0
county:32029,2022-01,1,0,0.0
county:32029,2022-02,1,0,0.0
county:32029,2022-03,1,0,0.0
county:32029,2022-04,1,0,0.0
county:32029,2022-05,1,0,0.0
county:32029,2022-06,1,0,0.0
county:32029,2022-07,1,0,0.0
county:32029,2022-08,1,0,0.0
county:32029,2022-09,1,0,0.0
county:32029,2022-10,1,0,0.0
county:32029,2022-11,1,0,0.0
county:32029,2022-12,1,0,0.0
county:32029,2023-01,1,0,0.0
county:32029,2023-02,1,0,0.0
county:32029,2023-03,1,0,0.0
county:32029,2023-04,1,0,0.0
county:32029,2023-05,1,0,0.0
county:32029,2023-06,1,0,0.0
county:32029,2023-07,1,0,0.0
county:32029,2023-08,1,0,0.0
county:32029,2023-09,1,0,0.0
county:32029,2023-10,1,0,0.0
county:32029,2023-11,1,0,0.0
county:32029,2023-12,1,0,0.0
county:32029,2024-01,1,0,0.0
county:32029,2024-02,1,0,0.0
county:32029,2024-03,1,0,0.0
county:32029,2024-04,3,2,85975.1
county:32029,2024-05,3,0,85975.1
county:32029,2024-06,3,0,85975.1
county:32029,2024-07,3,0,85975.1
county:32029,2024-08,3,0,85975.1
county:32029,2024-09,3,0,85975.1
county:32029,2024-10,4,1,122290.3
county:32029,2024-11,4,0,122290.3
county:32029,2024-12,4,0,122290.3
county:32029,2025-01,4,0,122290.3
county:32029,2025-02,4,0,122290.3
county:32029,2025-03,4,0,122290.3
county:32029,2025-04,4,0,122290.3
county:32029,2025-05,4,0,122290.3
county:32029,2025-06,4,0,122290.3
county:32029,2025-07,4,0,122290.3
county:32029,2025-08,4,0,122290.3
county:32029,2025-09,4,0,122290.3
county:32029,2025-10,4,0,122290.3
county:32029,2025-11,4,0,122290.3
county:32029,2025-12,4,0,122290.3
county:32029,2026-01,4,0,122290.3
county:32029,2026-02,4,0,122290.3
county:32029,2026-03,6,2,179288.4
county:32029,2026-04,6,0,179288.4
county:32029,2026-05,5,-1,179288.4
county:32031,2024-03,0,0,0.0
county:32031,2024-04,0,0,0.0
county:32031,2024-05,0,0,0.0
county:32031,2024-06,0,0,0.0
county:32031,2024-07,0,0,0.0
county:32031,2024-08,0,0,0.0
county:32031,2024-09,0,0,0.0
county:32031,2024-10,11,11,109243.4
county:33015,2023-06,1,1,718.5
county:33015,2023-07,1,0,718.5
county:33015,2023-08,1,0,718.5
county:33015,2023-09,1,0,718.5
county:33015,2023-10,1,0,718.5
county:33015,2023-11,1,0,718.5
county:33015,2023-12,1,0,718.5
county:33015,2024-01,1,0,718.5
county:33015,2024-02,1,0,718.5
county:33015,2024-03,1,0,718.5
county:33015,2024-04,1,0,718.5
county:33015,2024-05,1,0,718.5
county:33015,2024-06,1,0,718.5
county:33015,2024-07,1,0,718.5
county:33015,2024-08,1,0,718.5
county:33015,2024-09,1,0,718.5
county:33015,2024-10,1,0,718.5
county:33015,2024-11,1,0,718.5
county:33015,2024-12,1,0,718.5
county:33015,2025-01,1,0,718.5
county:33015,2025-02,1,0,718.5
county:33015,2025-03,1,0,718.5
county:33015,2025-04,1,0,718.5
county:33015,2025-05,1,0,718.5
county:33015,2025-06,1,0,718.5
county:33015,2025-07,1,0,718.5
county:33015,2025-08,2,1,1584.0
county:33017,2024-06,1,1,2838.6
county:34003,2019-09,1,1,18655.4
county:34013,2025-05,1,1,8302.1
county:34013,2025-06,1,0,8302.1
county:34013,2025-07,1,0,8302.1
county:34013,2025-08,1,0,8302.1
county:34013,2025-09,1,0,8302.1
county:34013,2025-10,1,0,8302.1
county:34013,2025-11,1,0,8302.1
county:34013,2025-12,2,1,18322.4
county:34015,2021-06,1,1,3814.5
county:34017,2016-12,6,6,110151.1
county:34017,2017-01,6,0,110151.1
county:34017,2017-02,6,0,110151.1
county:34017,2017-03,6,0,110151.1
county:34017,2017-04,6,0,110151.1
county:34017,2017-05,6,0,110151.1
county:34017,2017-06,6,0,110151.1
county:34017,2017-07,6,0,110151.1
county:34017,2017-08,6,0,110151.1
county:34017,2017-09,6,0,110151.1
county:34017,2017-10,6,0,110151.1
county:34017,2017-11,6,0,110151.1
county:34017,2017-12,6,0,110151.1
county:34017,2018-01,6,0,110151.1
county:34017,2018-02,6,0,110151.1
county:34017,2018-03,6,0,110151.1
county:34017,2018-04,6,0,110151.1
county:34017,2018-05,6,0,110151.1
county:34017,2018-06,6,0,110151.1
county:34017,2018-07,6,0,110151.1
county:34017,2018-08,6,0,110151.1
county:34017,2018-09,6,0,110151.1
county:34017,2018-10,6,0,110151.1
county:34017,2018-11,6,0,110151.1
county:34017,2018-12,6,0,110151.1
county:34017,2019-01,6,0,110151.1
county:34017,2019-02,6,0,110151.1
county:34017,2019-03,6,0,110151.1
county:34017,2019-04,6,0,110151.1
county:34017,2019-05,6,0,110151.1
county:34017,2019-06,6,0,110151.1
county:34017,2019-07,6,0,110151.1
county:34017,2019-08,5,-1,80675.6
county:34017,2019-09,6,1,110151.1
county:34017,2019-10,6,0,110151.1
county:34017,2019-11,6,0,110151.1
county:34017,2019-12,6,0,110151.1
county:34017,2020-01,6,0,110151.1
county:34017,2020-02,6,0,110151.1
county:34017,2020-03,6,0,110151.1
county:34017,2020-04,6,0,110151.1
county:34017,2020-05,6,0,110151.1
county:34017,2020-06,6,0,110151.1
county:34017,2020-07,6,0,110151.1
county:34017,2020-08,6,0,110151.1
county:34017,2020-09,6,0,110151.1
county:34017,2020-10,6,0,110151.1
county:34017,2020-11,6,0,110151.1
county:34017,2020-12,6,0,110151.1
county:34017,2021-01,6,0,110151.1
county:34017,2021-02,6,0,110151.1
county:34017,2021-03,6,0,110151.1
county:34017,2021-04,6,0,110151.1
county:34017,2021-05,6,0,110151.1
county:34017,2021-06,6,0,110151.1
county:34017,2021-07,6,0,110151.1
county:34017,2021-08,6,0,110151.1
county:34017,2021-09,6,0,110151.1
county:34017,2021-10,6,0,110151.1
county:34017,2021-11,6,0,110151.1
county:34017,2021-12,6,0,110151.1
county:34017,2022-01,6,0,110151.1
county:34017,2022-02,6,0,110151.1
county:34017,2022-03,6,0,110151.1
county:34017,2022-04,6,0,110151.1
county:34017,2022-05,6,0,110151.1
county:34017,2022-06,6,0,110151.1
county:34017,2022-07,6,0,110151.1
county:34017,2022-08,6,0,110151.1
county:34017,2022-09,6,0,110151.1
county:34017,2022-10,6,0,110151.1
county:34017,2022-11,6,0,110151.1
county:34017,2022-12,6,0,110151.1
county:34017,2023-01,6,0,110151.1
county:34017,2023-02,6,0,110151.1
county:34017,2023-03,6,0,110151.1
county:34017,2023-04,7,1,123451.4
county:34017,2023-05,7,0,123451.4
county:34017,2023-06,7,0,123451.4
county:34017,2023-07,7,0,123451.4
county:34017,2023-08,7,0,123451.4
county:34017,2023-09,7,0,123451.4
county:34017,2023-10,7,0,123451.4
county:34017,2023-11,7,0,123451.4
county:34017,2023-12,7,0,123451.4
county:34017,2024-01,7,0,123451.4
county:34017,2024-02,7,0,123451.4
county:34017,2024-03,7,0,123451.4
county:34017,2024-04,10,3,179631.2
county:34017,2024-05,10,0,179631.2
county:34017,2024-06,10,0,179631.2
county:34017,2024-07,10,0,179631.2
county:34017,2024-08,10,0,179631.2
county:34017,2024-09,10,0,179631.2
county:34017,2024-10,10,0,179631.2
county:34017,2024-11,10,0,179631.2
county:34017,2024-12,10,0,179631.2
county:34017,2025-01,13,3,195633.1
county:34017,2025-02,13,0,195633.1
county:34017,2025-03,13,0,195633.1
county:34017,2025-04,13,0,195633.1
county:34017,2025-05,16,3,274518.7
county:34021,2025-03,1,1,0.0
county:34023,2016-12,3,3,41765.2
county:34023,2017-01,3,0,41765.2
county:34023,2017-02,3,0,41765.2
county:34023,2017-03,3,0,41765.2
county:34023,2017-04,3,0,41765.2
county:34023,2017-05,3,0,41765.2
county:34023,2017-06,3,0,41765.2
county:34023,2017-07,3,0,41765.2
county:34023,2017-08,3,0,41765.2
county:34023,2017-09,3,0,41765.2
county:34023,2017-10,4,1,73672.3
county:34023,2017-11,4,0,73672.3
county:34023,2017-12,4,0,73672.3
county:34023,2018-01,4,0,73672.3
county:34023,2018-02,4,0,73672.3
county:34023,2018-03,4,0,73672.3
county:34023,2018-04,4,0,73672.3
county:34023,2018-05,4,0,73672.3
county:34023,2018-06,4,0,73672.3
county:34023,2018-07,4,0,73672.3
county:34023,2018-08,4,0,73672.3
county:34023,2018-09,4,0,73672.3
county:34023,2018-10,4,0,73672.3
county:34023,2018-11,4,0,73672.3
county:34023,2018-12,4,0,73672.3
county:34023,2019-01,4,0,73672.3
county:34023,2019-02,4,0,73672.3
county:34023,2019-03,4,0,73672.3
county:34023,2019-04,4,0,73672.3
county:34023,2019-05,4,0,73672.3
county:34023,2019-06,4,0,73672.3
county:34023,2019-07,4,0,73672.3
county:34023,2019-08,4,0,73672.3
county:34023,2019-09,5,1,88458.8
county:34023,2019-10,5,0,88458.8
county:34023,2019-11,5,0,88458.8
county:34023,2019-12,5,0,88458.8
county:34023,2020-01,5,0,88458.8
county:34023,2020-02,5,0,88458.8
county:34023,2020-03,5,0,88458.8
county:34023,2020-04,5,0,88458.8
county:34023,2020-05,5,0,88458.8
county:34023,2020-06,5,0,88458.8
county:34023,2020-07,5,0,88458.8
county:34023,2020-08,5,0,88458.8
county:34023,2020-09,5,0,88458.8
county:34023,2020-10,5,0,88458.8
county:34023,2020-11,5,0,88458.8
county:34023,2020-12,5,0,88458.8
county:34023,2021-01,5,0,88458.8
county:34023,2021-02,5,0,88458.8
county:34023,2021-03,5,0,88458.8
county:34023,2021-04,5,0,88458.8
county:34023,2021-05,5,0,88458.8
county:34023,2021-06,5,0,88458.8
county:34023,2021-07,5,0,88458.8
county:34023,2021-08,9,4,103574.6
county:34023,2021-09,10,1,180675.7
county:34023,2021-10,10,0,180675.7
county:34023,2021-11,10,0,180675.7
county:34023,2021-12,10,0,180675.7
county:34023,2022-01,10,0,180675.7
county:34023,2022-02,10,0,180675.7
county:34023,2022-03,10,0,180675.7
county:34023,2022-04,10,0,180675.7
county:34023,2022-05,10,0,180675.7
county:34023,2022-06,10,0,180675.7
county:34023,2022-07,10,0,180675.7
county:34023,2022-08,10,0,180675.7
county:34023,2022-09,10,0,180675.7
county:34023,2022-10,10,0,180675.7
county:34023,2022-11,10,0,180675.7
county:34023,2022-12,10,0,180675.7
county:34023,2023-01,10,0,180675.7
county:34023,2023-02,10,0,180675.7
county:34023,2023-03,10,0,180675.7
county:34023,2023-04,10,0,180675.7
county:34023,2023-05,10,0,180675.7
county:34023,2023-06,10,0,180675.7
county:34023,2023-07,10,0,180675.7
county:34023,2023-08,10,0,180675.7
county:34023,2023-09,10,0,180675.7
county:34023,2023-10,10,0,180675.7
county:34023,2023-11,10,0,180675.7
county:34023,2023-12,10,0,180675.7
county:34023,2024-01,10,0,180675.7
county:34023,2024-02,10,0,180675.7
county:34023,2024-03,10,0,180675.7
county:34023,2024-04,10,0,180675.7
county:34023,2024-05,10,0,180675.7
county:34023,2024-06,10,0,180675.7
county:34023,2024-07,10,0,180675.7
county:34023,2024-08,10,0,180675.7
county:34023,2024-09,10,0,180675.7
county:34023,2024-10,11,1,213404.2
county:34023,2024-11,11,0,213404.2
county:34023,2024-12,13,2,219095.8
county:34025,2016-12,1,1,2406.6
county:34031,2016-12,2,2,9407.4
county:34031,2017-01,2,0,9407.4
county:34031,2017-02,2,0,9407.4
county:34031,2017-03,2,0,9407.4
county:34031,2017-04,2,0,9407.4
county:34031,2017-05,2,0,9407.4
county:34031,2017-06,2,0,9407.4
county:34031,2017-07,2,0,9407.4
county:34031,2017-08,2,0,9407.4
county:34031,2017-09,2,0,9407.4
county:34031,2017-10,2,0,9407.4
county:34031,2017-11,2,0,9407.4
county:34031,2017-12,2,0,9407.4
county:34031,2018-01,2,0,9407.4
county:34031,2018-02,2,0,9407.4
county:34031,2018-03,2,0,9407.4
county:34031,2018-04,2,0,9407.4
county:34031,2018-05,2,0,9407.4
county:34031,2018-06,2,0,9407.4
county:34031,2018-07,2,0,9407.4
county:34031,2018-08,2,0,9407.4
county:34031,2018-09,2,0,9407.4
county:34031,2018-10,2,0,9407.4
county:34031,2018-11,2,0,9407.4
county:34031,2018-12,2,0,9407.4
county:34031,2019-01,2,0,9407.4
county:34031,2019-02,2,0,9407.4
county:34031,2019-03,2,0,9407.4
county:34031,2019-04,2,0,9407.4
county:34031,2019-05,2,0,9407.4
county:34031,2019-06,2,0,9407.4
county:34031,2019-07,2,0,9407.4
county:34031,2019-08,2,0,9407.4
county:34031,2019-09,2,0,9407.4
county:34031,2019-10,2,0,9407.4
county:34031,2019-11,2,0,9407.4
county:34031,2019-12,2,0,9407.4
county:34031,2020-01,2,0,9407.4
county:34031,2020-02,2,0,9407.4
county:34031,2020-03,2,0,9407.4
county:34031,2020-04,2,0,9407.4
county:34031,2020-05,2,0,9407.4
county:34031,2020-06,0,-2,0.0
county:34031,2020-07,0,0,0.0
county:34031,2020-08,0,0,0.0
county:34031,2020-09,0,0,0.0
county:34031,2020-10,0,0,0.0
county:34031,2020-11,0,0,0.0
county:34031,2020-12,0,0,0.0
county:34031,2021-01,0,0,0.0
county:34031,2021-02,0,0,0.0
county:34031,2021-03,0,0,0.0
county:34031,2021-04,0,0,0.0
county:34031,2021-05,0,0,0.0
county:34031,2021-06,0,0,0.0
county:34031,2021-07,1,1,0.0
county:34031,2021-08,1,0,0.0
county:34031,2021-09,1,0,0.0
county:34031,2021-10,1,0,0.0
county:34031,2021-11,1,0,0.0
county:34031,2021-12,1,0,0.0
county:34031,2022-01,1,0,0.0
county:34031,2022-02,1,0,0.0
county:34031,2022-03,1,0,0.0
county:34031,2022-04,1,0,0.0
county:34031,2022-05,1,0,0.0
county:34031,2022-06,1,0,0.0
county:34031,2022-07,1,0,0.0
county:34031,2022-08,1,0,0.0
county:34031,2022-09,1,0,0.0
county:34031,2022-10,1,0,0.0
county:34031,2022-11,0,-1,0.0
county:34031,2022-12,0,0,0.0
county:34031,2023-01,0,0,0.0
county:34031,2023-02,0,0,0.0
county:34031,2023-03,0,0,0.0
county:34031,2023-04,0,0,0.0
county:34031,2023-05,0,0,0.0
county:34031,2023-06,0,0,0.0
county:34031,2023-07,0,0,0.0
county:34031,2023-08,0,0,0.0
county:34031,2023-09,0,0,0.0
county:34031,2023-10,0,0,0.0
county:34031,2023-11,0,0,0.0
county:34031,2023-12,0,0,0.0
county:34031,2024-01,0,0,0.0
county:34031,2024-02,0,0,0.0
county:34031,2024-03,0,0,0.0
county:34031,2024-04,0,0,0.0
county:34031,2024-05,0,0,0.0
county:34031,2024-06,0,0,0.0
county:34031,2024-07,0,0,0.0
county:34031,2024-08,0,0,0.0
county:34031,2024-09,0,0,0.0
county:34031,2024-10,2,2,9407.4
county:34031,2024-11,2,0,9407.4
county:34031,2024-12,2,0,9407.4
county:34031,2025-01,2,0,9407.4
county:34031,2025-02,2,0,9407.4
county:34031,2025-03,2,0,9407.4
county:34031,2025-04,2,0,9407.4
county:34031,2025-05,2,0,9407.4
county:34031,2025-06,2,0,9407.4
county:34031,2025-07,2,0,9407.4
county:34031,2025-08,2,0,9407.4
county:34031,2025-09,2,0,9407.4
county:34031,2025-10,2,0,9407.4
county:34031,2025-11,2,0,9407.4
county:34031,2025-12,3,1,22439.7
county:34035,2016-12,3,3,22916.5
county:34035,2017-01,3,0,22916.5
county:34035,2017-02,3,0,22916.5
county:34035,2017-03,3,0,22916.5
county:34035,2017-04,3,0,22916.5
county:34035,2017-05,3,0,22916.5
county:34035,2017-06,3,0,22916.5
county:34035,2017-07,3,0,22916.5
county:34035,2017-08,3,0,22916.5
county:34035,2017-09,3,0,22916.5
county:34035,2017-10,3,0,22916.5
county:34035,2017-11,3,0,22916.5
county:34035,2017-12,3,0,22916.5
county:34035,2018-01,3,0,22916.5
county:34035,2018-02,3,0,22916.5
county:34035,2018-03,3,0,22916.5
county:34035,2018-04,3,0,22916.5
county:34035,2018-05,3,0,22916.5
county:34035,2018-06,3,0,22916.5
county:34035,2018-07,3,0,22916.5
county:34035,2018-08,3,0,22916.5
county:34035,2018-09,3,0,22916.5
county:34035,2018-10,3,0,22916.5
county:34035,2018-11,3,0,22916.5
county:34035,2018-12,3,0,22916.5
county:34035,2019-01,3,0,22916.5
county:34035,2019-02,3,0,22916.5
county:34035,2019-03,3,0,22916.5
county:34035,2019-04,3,0,22916.5
county:34035,2019-05,3,0,22916.5
county:34035,2019-06,3,0,22916.5
county:34035,2019-07,3,0,22916.5
county:34035,2019-08,4,1,30816.1
county:34035,2019-09,4,0,30816.1
county:34035,2019-10,4,0,30816.1
county:34035,2019-11,4,0,30816.1
county:34035,2019-12,4,0,30816.1
county:34035,2020-01,4,0,30816.1
county:34035,2020-02,4,0,30816.1
county:34035,2020-03,4,0,30816.1
county:34035,2020-04,4,0,30816.1
county:34035,2020-05,4,0,30816.1
county:34035,2020-06,4,0,30816.1
county:34035,2020-07,4,0,30816.1
county:34035,2020-08,4,0,30816.1
county:34035,2020-09,4,0,30816.1
county:34035,2020-10,4,0,30816.1
county:34035,2020-11,4,0,30816.1
county:34035,2020-12,4,0,30816.1
county:34035,2021-01,4,0,30816.1
county:34035,2021-02,4,0,30816.1
county:34035,2021-03,4,0,30816.1
county:34035,2021-04,4,0,45756.6
county:34035,2021-05,4,0,45756.6
county:34035,2021-06,5,1,71465.7
county:34035,2021-07,5,0,71465.7
county:34035,2021-08,6,1,71465.7
county:34035,2021-09,6,0,71465.7
county:34035,2021-10,5,-1,95543.8
county:34035,2021-11,5,0,95543.8
county:34035,2021-12,5,0,95543.8
county:34035,2022-01,5,0,95543.8
county:34035,2022-02,7,2,96281.7
county:34035,2022-03,7,0,96281.7
county:34035,2022-04,7,0,96281.7
county:34035,2022-05,7,0,96281.7
county:34035,2022-06,7,0,96281.7
county:34035,2022-07,7,0,96281.7
county:34035,2022-08,7,0,96281.7
county:34035,2022-09,7,0,96281.7
county:34035,2022-10,7,0,96281.7
county:34035,2022-11,7,0,96281.7
county:34035,2022-12,7,0,96281.7
county:34035,2023-01,7,0,96281.7
county:34035,2023-02,7,0,96281.7
county:34035,2023-03,7,0,96281.7
county:34035,2023-04,7,0,96281.7
county:34035,2023-05,7,0,96281.7
county:34035,2023-06,7,0,96281.7
county:34035,2023-07,7,0,96281.7
county:34035,2023-08,7,0,96281.7
county:34035,2023-09,7,0,96281.7
county:34035,2023-10,7,0,96281.7
county:34035,2023-11,7,0,96281.7
county:34035,2023-12,9,2,103163.9
county:34035,2024-01,9,0,103163.9
county:34035,2024-02,9,0,103163.9
county:34035,2024-03,9,0,103163.9
county:34035,2024-04,9,0,103163.9
county:34035,2024-05,9,0,103163.9
county:34035,2024-06,9,0,103163.9
county:34035,2024-07,9,0,103163.9
county:34035,2024-08,9,0,103163.9
county:34035,2024-09,9,0,103163.9
county:34035,2024-10,9,0,103163.9
county:34035,2024-11,9,0,103163.9
county:34035,2024-12,15,6,168254.2
county:34035,2025-01,15,0,168254.2
county:34035,2025-02,15,0,168254.2
county:34035,2025-03,15,0,168254.2
county:34035,2025-04,15,0,168254.2
county:34035,2025-05,15,0,168254.2
county:34035,2025-06,15,0,168254.2
county:34035,2025-07,15,0,168254.2
county:34035,2025-08,14,-1,168254.2
county:34039,2024-10,1,1,0.0
county:35001,2020-03,1,1,0.0
county:35001,2020-04,1,0,0.0
county:35001,2020-05,1,0,0.0
county:35001,2020-06,1,0,0.0
county:35001,2020-07,1,0,0.0
county:35001,2020-08,1,0,0.0
county:35001,2020-09,1,0,0.0
county:35001,2020-10,1,0,0.0
county:35001,2020-11,1,0,0.0
county:35001,2020-12,1,0,0.0
county:35001,2021-01,1,0,0.0
county:35001,2021-02,1,0,0.0
county:35001,2021-03,1,0,0.0
county:35001,2021-04,1,0,0.0
county:35001,2021-05,1,0,0.0
county:35001,2021-06,1,0,0.0
county:35001,2021-07,1,0,0.0
county:35001,2021-08,1,0,0.0
county:35001,2021-09,1,0,0.0
county:35001,2021-10,1,0,0.0
county:35001,2021-11,1,0,0.0
county:35001,2021-12,1,0,0.0
county:35001,2022-01,1,0,0.0
county:35001,2022-02,1,0,0.0
county:35001,2022-03,1,0,0.0
county:35001,2022-04,1,0,0.0
county:35001,2022-05,1,0,0.0
county:35001,2022-06,3,2,0.0
county:35001,2022-07,3,0,0.0
county:35001,2022-08,3,0,0.0
county:35001,2022-09,3,0,0.0
county:35001,2022-10,3,0,0.0
county:35001,2022-11,3,0,0.0
county:35001,2022-12,3,0,0.0
county:35001,2023-01,3,0,0.0
county:35001,2023-02,6,3,6371.3
county:35001,2023-03,6,0,6371.3
county:35001,2023-04,6,0,6371.3
county:35001,2023-05,6,0,6371.3
county:35001,2023-06,6,0,6371.3
county:35001,2023-07,6,0,6371.3
county:35001,2023-08,6,0,6371.3
county:35001,2023-09,6,0,6371.3
county:35001,2023-10,6,0,6371.3
county:35001,2023-11,6,0,6371.3
county:35001,2023-12,6,0,6371.3
county:35001,2024-01,6,0,6371.3
county:35001,2024-02,6,0,6371.3
county:35001,2024-03,6,0,6371.3
county:35001,2024-04,6,0,6371.3
county:35001,2024-05,6,0,6371.3
county:35001,2024-06,6,0,6371.3
county:35001,2024-07,6,0,6371.3
county:35001,2024-08,6,0,6371.3
county:35001,2024-09,6,0,6371.3
county:35001,2024-10,6,0,6371.3
county:35001,2024-11,6,0,6371.3
county:35001,2024-12,8,2,6371.3
county:35013,2023-12,1,1,2957.8
county:35013,2024-01,1,0,2957.8
county:35013,2024-02,1,0,2957.8
county:35013,2024-03,1,0,2957.8
county:35013,2024-04,1,0,2957.8
county:35013,2024-05,1,0,2957.8
county:35013,2024-06,1,0,2957.8
county:35013,2024-07,1,0,2957.8
county:35013,2024-08,1,0,2957.8
county:35013,2024-09,1,0,2957.8
county:35013,2024-10,1,0,2957.8
county:35013,2024-11,1,0,2957.8
county:35013,2024-12,1,0,2957.8
county:35013,2025-01,1,0,2957.8
county:35013,2025-02,1,0,2957.8
county:35013,2025-03,1,0,2957.8
county:35013,2025-04,1,0,2957.8
county:35013,2025-05,1,0,2957.8
county:35013,2025-06,1,0,2957.8
county:35013,2025-07,1,0,2957.8
county:35013,2025-08,1,0,2957.8
county:35013,2025-09,1,0,2957.8
county:35013,2025-10,1,0,2957.8
county:35013,2025-11,1,0,2957.8
county:35013,2025-12,1,0,2957.8
county:35013,2026-01,1,0,2957.8
county:35013,2026-02,1,0,2957.8
county:35013,2026-03,1,0,2957.8
county:35013,2026-04,1,0,2957.8
county:35013,2026-05,2,1,6145.6
county:35049,2024-09,1,1,2905.2
county:35061,2021-11,1,1,2028683.0
county:35061,2021-12,1,0,2028683.0
county:35061,2022-01,1,0,2028683.0
county:35061,2022-02,1,0,2028683.0
county:35061,2022-03,1,0,2028683.0
county:35061,2022-04,1,0,2028683.0
county:35061,2022-05,1,0,2028683.0
county:35061,2022-06,1,0,2028683.0
county:35061,2022-07,1,0,2028683.0
county:35061,2022-08,1,0,2028683.0
county:35061,2022-09,1,0,2028683.0
county:35061,2022-10,1,0,2028683.0
county:35061,2022-11,1,0,2028683.0
county:35061,2022-12,1,0,2028683.0
county:35061,2023-01,1,0,2028683.0
county:35061,2023-02,1,0,2028683.0
county:35061,2023-03,1,0,2028683.0
county:35061,2023-04,1,0,2028683.0
county:35061,2023-05,1,0,2028683.0
county:35061,2023-06,1,0,2028683.0
county:35061,2023-07,1,0,2028683.0
county:35061,2023-08,1,0,2028683.0
county:35061,2023-09,1,0,2028683.0
county:35061,2023-10,1,0,2028683.0
county:35061,2023-11,1,0,2028683.0
county:35061,2023-12,1,0,2028683.0
county:35061,2024-01,1,0,2028683.0
county:35061,2024-02,1,0,2028683.0
county:35061,2024-03,1,0,2028683.0
county:35061,2024-04,1,0,2028683.0
county:35061,2024-05,1,0,2028683.0
county:35061,2024-06,1,0,2028683.0
county:35061,2024-07,1,0,2028683.0
county:35061,2024-08,1,0,2028683.0
county:35061,2024-09,5,4,2255485.3
county:35061,2024-10,5,0,2255485.3
county:35061,2024-11,5,0,2255485.3
county:35061,2024-12,6,1,2310155.2
county:36001,2022-10,1,1,972.3
county:36001,2022-11,1,0,972.3
county:36001,2022-12,1,0,972.3
county:36001,2023-01,1,0,972.3
county:36001,2023-02,1,0,972.3
county:36001,2023-03,1,0,972.3
county:36001,2023-04,2,1,2398.9
county:36001,2023-05,2,0,2398.9
county:36001,2023-06,2,0,2398.9
county:36001,2023-07,2,0,2398.9
county:36001,2023-08,2,0,2398.9
county:36001,2023-09,2,0,2398.9
county:36001,2023-10,2,0,2398.9
county:36001,2023-11,2,0,2398.9
county:36001,2023-12,2,0,2398.9
county:36001,2024-01,2,0,2398.9
county:36001,2024-02,2,0,2398.9
county:36001,2024-03,2,0,2398.9
county:36001,2024-04,2,0,2398.9
county:36001,2024-05,2,0,2398.9
county:36001,2024-06,2,0,2398.9
county:36001,2024-07,2,0,2398.9
county:36001,2024-08,3,1,2398.9
county:36001,2024-09,3,0,2398.9
county:36001,2024-10,3,0,2398.9
county:36001,2024-11,3,0,2398.9
county:36001,2024-12,3,0,2398.9
county:36001,2025-01,3,0,2398.9
county:36001,2025-02,3,0,2398.9
county:36001,2025-03,3,0,2398.9
county:36029,2021-03,1,1,3896.2
county:36029,2021-04,1,0,3896.2
county:36029,2021-05,1,0,3896.2
county:36029,2021-06,1,0,3896.2
county:36029,2021-07,1,0,3896.2
county:36029,2021-08,1,0,3896.2
county:36029,2021-09,1,0,3896.2
county:36029,2021-10,1,0,3896.2
county:36029,2021-11,1,0,3896.2
county:36029,2021-12,1,0,3896.2
county:36029,2022-01,1,0,3896.2
county:36029,2022-02,1,0,3896.2
county:36029,2022-03,1,0,3896.2
county:36029,2022-04,1,0,3896.2
county:36029,2022-05,2,1,3896.2
county:36033,2026-04,1,1,60632.1
county:36047,2025-04,1,1,0.0
county:36055,2026-06,1,1,135.3
county:36061,2016-12,1,1,0.0
county:36061,2017-01,1,0,0.0
county:36061,2017-02,1,0,0.0
county:36061,2017-03,1,0,0.0
county:36061,2017-04,1,0,0.0
county:36061,2017-05,1,0,0.0
county:36061,2017-06,1,0,0.0
county:36061,2017-07,1,0,0.0
county:36061,2017-08,1,0,0.0
county:36061,2017-09,1,0,0.0
county:36061,2017-10,1,0,0.0
county:36061,2017-11,1,0,0.0
county:36061,2017-12,1,0,0.0
county:36061,2018-01,1,0,0.0
county:36061,2018-02,1,0,0.0
county:36061,2018-03,1,0,0.0
county:36061,2018-04,1,0,0.0
county:36061,2018-05,1,0,0.0
county:36061,2018-06,1,0,0.0
county:36061,2018-07,1,0,0.0
county:36061,2018-08,1,0,0.0
county:36061,2018-09,1,0,0.0
county:36061,2018-10,1,0,0.0
county:36061,2018-11,1,0,0.0
county:36061,2018-12,1,0,0.0
county:36061,2019-01,1,0,0.0
county:36061,2019-02,1,0,0.0
county:36061,2019-03,1,0,0.0
county:36061,2019-04,1,0,0.0
county:36061,2019-05,1,0,0.0
county:36061,2019-06,1,0,0.0
county:36061,2019-07,1,0,0.0
county:36061,2019-08,1,0,0.0
county:36061,2019-09,1,0,0.0
county:36061,2019-10,1,0,0.0
county:36061,2019-11,1,0,0.0
county:36061,2019-12,1,0,0.0
county:36061,2020-01,1,0,0.0
county:36061,2020-02,1,0,0.0
county:36061,2020-03,1,0,0.0
county:36061,2020-04,1,0,0.0
county:36061,2020-05,1,0,0.0
county:36061,2020-06,1,0,0.0
county:36061,2020-07,1,0,0.0
county:36061,2020-08,1,0,0.0
county:36061,2020-09,1,0,0.0
county:36061,2020-10,1,0,0.0
county:36061,2020-11,1,0,0.0
county:36061,2020-12,1,0,0.0
county:36061,2021-01,1,0,0.0
county:36061,2021-02,1,0,0.0
county:36061,2021-03,1,0,0.0
county:36061,2021-04,1,0,0.0
county:36061,2021-05,1,0,0.0
county:36061,2021-06,1,0,0.0
county:36061,2021-07,1,0,0.0
county:36061,2021-08,1,0,0.0
county:36061,2021-09,1,0,0.0
county:36061,2021-10,1,0,0.0
county:36061,2021-11,1,0,0.0
county:36061,2021-12,1,0,0.0
county:36061,2022-01,1,0,0.0
county:36061,2022-02,1,0,0.0
county:36061,2022-03,1,0,0.0
county:36061,2022-04,1,0,0.0
county:36061,2022-05,1,0,0.0
county:36061,2022-06,1,0,0.0
county:36061,2022-07,1,0,0.0
county:36061,2022-08,1,0,0.0
county:36061,2022-09,1,0,0.0
county:36061,2022-10,1,0,0.0
county:36061,2022-11,1,0,0.0
county:36061,2022-12,1,0,0.0
county:36061,2023-01,1,0,0.0
county:36061,2023-02,1,0,0.0
county:36061,2023-03,1,0,0.0
county:36061,2023-04,2,1,3938.7
county:36061,2023-05,2,0,3938.7
county:36061,2023-06,2,0,3938.7
county:36061,2023-07,2,0,3938.7
county:36061,2023-08,2,0,3938.7
county:36061,2023-09,2,0,3938.7
county:36061,2023-10,3,1,6799.3
county:36061,2023-11,3,0,6799.3
county:36061,2023-12,3,0,6799.3
county:36061,2024-01,3,0,6799.3
county:36061,2024-02,3,0,6799.3
county:36061,2024-03,3,0,6799.3
county:36061,2024-04,3,0,6799.3
county:36061,2024-05,3,0,6799.3
county:36061,2024-06,3,0,6799.3
county:36061,2024-07,3,0,6799.3
county:36061,2024-08,3,0,6799.3
county:36061,2024-09,3,0,6799.3
county:36061,2024-10,5,2,6799.3
county:36061,2024-11,5,0,6799.3
county:36061,2024-12,5,0,6799.3
county:36061,2025-01,5,0,6799.3
county:36061,2025-02,5,0,6799.3
county:36061,2025-03,5,0,6799.3
county:36061,2025-04,5,0,6799.3
county:36061,2025-05,5,0,6799.3
county:36061,2025-06,4,-1,6799.3
county:36063,2022-11,2,2,7228.0
county:36063,2022-12,2,0,7228.0
county:36063,2023-01,2,0,7228.0
county:36063,2023-02,2,0,7228.0
county:36063,2023-03,2,0,7228.0
county:36063,2023-04,2,0,7228.0
county:36063,2023-05,2,0,7228.0
county:36063,2023-06,2,0,7228.0
county:36063,2023-07,2,0,7228.0
county:36063,2023-08,2,0,7228.0
county:36063,2023-09,2,0,7228.0
county:36063,2023-10,2,0,7228.0
county:36063,2023-11,2,0,7228.0
county:36063,2023-12,2,0,7228.0
county:36063,2024-01,2,0,7228.0
county:36063,2024-02,2,0,7228.0
county:36063,2024-03,2,0,7228.0
county:36063,2024-04,2,0,7228.0
county:36063,2024-05,2,0,7228.0
county:36063,2024-06,2,0,7228.0
county:36063,2024-07,2,0,7228.0
county:36063,2024-08,2,0,7228.0
county:36063,2024-09,2,0,7228.0
county:36063,2024-10,2,0,7228.0
county:36063,2024-11,2,0,7228.0
county:36063,2024-12,2,0,7228.0
county:36063,2025-01,2,0,7228.0
county:36063,2025-02,2,0,7228.0
county:36063,2025-03,2,0,7228.0
county:36063,2025-04,2,0,7228.0
county:36063,2025-05,2,0,7228.0
county:36063,2025-06,2,0,7228.0
county:36063,2025-07,2,0,7228.0
county:36063,2025-08,2,0,7228.0
county:36063,2025-09,2,0,7228.0
county:36063,2025-10,2,0,7228.0
county:36063,2025-11,2,0,7228.0
county:36063,2025-12,2,0,7228.0
county:36063,2026-01,2,0,7228.0
county:36063,2026-02,2,0,7228.0
county:36063,2026-03,2,0,7228.0
county:36063,2026-04,13,11,10886.1
county:36067,2021-04,1,1,1130.6
county:36085,2025-05,2,2,12396.4
county:36087,2025-05,4,4,73791.1
county:36089,2026-04,1,1,2290.0
county:36103,2016-12,1,1,3413.8
county:36119,2020-05,1,1,1247.3
county:36123,2026-02,1,1,8908.8
county:37027,2020-09,2,2,73589.5
county:37027,2020-10,2,0,73589.5
county:37027,2020-11,2,0,73589.5
county:37027,2020-12,2,0,73589.5
county:37027,2021-01,2,0,73589.5
county:37027,2021-02,2,0,73589.5
county:37027,2021-03,2,0,73589.5
county:37027,2021-04,2,0,73589.5
county:37027,2021-05,2,0,73589.5
county:37027,2021-06,2,0,73589.5
county:37027,2021-07,2,0,73589.5
county:37027,2021-08,2,0,73589.5
county:37027,2021-09,2,0,73589.5
county:37027,2021-10,2,0,73589.5
county:37027,2021-11,2,0,73589.5
county:37027,2021-12,2,0,73589.5
county:37027,2022-01,2,0,73589.5
county:37027,2022-02,2,0,73589.5
county:37027,2022-03,2,0,73589.5
county:37027,2022-04,2,0,73589.5
county:37027,2022-05,2,0,73589.5
county:37027,2022-06,2,0,73589.5
county:37027,2022-07,2,0,73589.5
county:37027,2022-08,2,0,73589.5
county:37027,2022-09,1,-1,0.0
county:37035,2022-09,1,1,0.0
county:37035,2022-10,1,0,0.0
county:37035,2022-11,1,0,0.0
county:37035,2022-12,1,0,0.0
county:37035,2023-01,1,0,0.0
county:37035,2023-02,1,0,0.0
county:37035,2023-03,1,0,0.0
county:37035,2023-04,1,0,0.0
county:37035,2023-05,1,0,0.0
county:37035,2023-06,1,0,0.0
county:37035,2023-07,1,0,0.0
county:37035,2023-08,1,0,0.0
county:37035,2023-09,1,0,0.0
county:37035,2023-10,1,0,0.0
county:37035,2023-11,4,3,90571.0
county:37045,2022-09,1,1,35302.3
county:37063,2020-03,2,2,0.0
county:37063,2020-04,2,0,0.0
county:37063,2020-05,2,0,0.0
county:37063,2020-06,2,0,0.0
county:37063,2020-07,2,0,0.0
county:37063,2020-08,2,0,0.0
county:37063,2020-09,2,0,0.0
county:37063,2020-10,2,0,0.0
county:37063,2020-11,2,0,0.0
county:37063,2020-12,2,0,0.0
county:37063,2021-01,2,0,0.0
county:37063,2021-02,2,0,0.0
county:37063,2021-03,2,0,0.0
county:37063,2021-04,2,0,0.0
county:37063,2021-05,2,0,0.0
county:37063,2021-06,2,0,0.0
county:37063,2021-07,2,0,0.0
county:37063,2021-08,2,0,0.0
county:37063,2021-09,2,0,0.0
county:37063,2021-10,2,0,0.0
county:37063,2021-11,2,0,0.0
county:37063,2021-12,2,0,0.0
county:37063,2022-01,2,0,0.0
county:37063,2022-02,2,0,0.0
county:37063,2022-03,2,0,0.0
county:37063,2022-04,2,0,0.0
county:37063,2022-05,2,0,0.0
county:37063,2022-06,2,0,0.0
county:37063,2022-07,2,0,0.0
county:37063,2022-08,2,0,0.0
county:37063,2022-09,2,0,0.0
county:37063,2022-10,2,0,0.0
county:37063,2022-11,2,0,0.0
county:37063,2022-12,2,0,0.0
county:37063,2023-01,3,1,0.0
county:37099,2020-05,1,1,0.0
county:37099,2020-06,1,0,0.0
county:37099,2020-07,1,0,0.0
county:37099,2020-08,1,0,0.0
county:37099,2020-09,1,0,0.0
county:37099,2020-10,1,0,0.0
county:37099,2020-11,1,0,0.0
county:37099,2020-12,1,0,0.0
county:37099,2021-01,1,0,0.0
county:37099,2021-02,1,0,0.0
county:37099,2021-03,1,0,0.0
county:37099,2021-04,1,0,0.0
county:37099,2021-05,1,0,0.0
county:37099,2021-06,1,0,0.0
county:37099,2021-07,1,0,0.0
county:37099,2021-08,1,0,0.0
county:37099,2021-09,0,-1,0.0
county:37119,2022-10,1,1,1681.1
county:37119,2022-11,1,0,1681.1
county:37119,2022-12,1,0,1681.1
county:37119,2023-01,1,0,1681.1
county:37119,2023-02,1,0,1681.1
county:37119,2023-03,1,0,1681.1
county:37119,2023-04,1,0,1681.1
county:37119,2023-05,1,0,1681.1
county:37119,2023-06,1,0,1681.1
county:37119,2023-07,1,0,1681.1
county:37119,2023-08,1,0,1681.1
county:37119,2023-09,1,0,1681.1
county:37119,2023-10,1,0,1681.1
county:37119,2023-11,1,0,1681.1
county:37119,2023-12,1,0,1681.1
county:37119,2024-01,1,0,1681.1
county:37119,2024-02,1,0,1681.1
county:37119,2024-03,1,0,1681.1
county:37119,2024-04,2,1,10377.2
county:37119,2024-05,2,0,10377.2
county:37119,2024-06,2,0,10377.2
county:37119,2024-07,2,0,10377.2
county:37119,2024-08,4,2,19347.1
county:37119,2024-09,4,0,19347.1
county:37119,2024-10,4,0,19347.1
county:37119,2024-11,4,0,19347.1
county:37119,2024-12,5,1,25068.0
county:37161,2016-12,2,2,44120.5
county:37161,2017-01,2,0,44120.5
county:37161,2017-02,2,0,44120.5
county:37161,2017-03,2,0,44120.5
county:37161,2017-04,2,0,44120.5
county:37161,2017-05,2,0,44120.5
county:37161,2017-06,2,0,44120.5
county:37161,2017-07,2,0,44120.5
county:37161,2017-08,2,0,44120.5
county:37161,2017-09,2,0,44120.5
county:37161,2017-10,2,0,44120.5
county:37161,2017-11,2,0,44120.5
county:37161,2017-12,2,0,44120.5
county:37161,2018-01,2,0,44120.5
county:37161,2018-02,2,0,44120.5
county:37161,2018-03,2,0,44120.5
county:37161,2018-04,2,0,44120.5
county:37161,2018-05,2,0,44120.5
county:37161,2018-06,2,0,44120.5
county:37161,2018-07,2,0,44120.5
county:37161,2018-08,2,0,44120.5
county:37161,2018-09,2,0,44120.5
county:37161,2018-10,2,0,44120.5
county:37161,2018-11,2,0,44120.5
county:37161,2018-12,2,0,44120.5
county:37161,2019-01,2,0,44120.5
county:37161,2019-02,2,0,44120.5
county:37161,2019-03,2,0,44120.5
county:37161,2019-04,2,0,44120.5
county:37161,2019-05,2,0,44120.5
county:37161,2019-06,2,0,44120.5
county:37161,2019-07,2,0,44120.5
county:37161,2019-08,2,0,44120.5
county:37161,2019-09,2,0,44120.5
county:37161,2019-10,2,0,44120.5
county:37161,2019-11,2,0,44120.5
county:37161,2019-12,2,0,44120.5
county:37161,2020-01,2,0,44120.5
county:37161,2020-02,2,0,44120.5
county:37161,2020-03,2,0,44120.5
county:37161,2020-04,2,0,44120.5
county:37161,2020-05,2,0,44120.5
county:37161,2020-06,2,0,44120.5
county:37161,2020-07,2,0,44120.5
county:37161,2020-08,2,0,44120.5
county:37161,2020-09,2,0,44120.5
county:37161,2020-10,2,0,44120.5
county:37161,2020-11,2,0,44120.5
county:37161,2020-12,0,-2,0.0
county:37161,2021-01,0,0,0.0
county:37161,2021-02,0,0,0.0
county:37161,2021-03,0,0,0.0
county:37161,2021-04,0,0,0.0
county:37161,2021-05,0,0,0.0
county:37161,2021-06,0,0,0.0
county:37161,2021-07,0,0,0.0
county:37161,2021-08,0,0,0.0
county:37161,2021-09,0,0,0.0
county:37161,2021-10,0,0,0.0
county:37161,2021-11,0,0,0.0
county:37161,2021-12,0,0,0.0
county:37161,2022-01,0,0,0.0
county:37161,2022-02,0,0,0.0
county:37161,2022-03,0,0,0.0
county:37161,2022-04,0,0,0.0
county:37161,2022-05,0,0,0.0
county:37161,2022-06,0,0,0.0
county:37161,2022-07,0,0,0.0
county:37161,2022-08,0,0,0.0
county:37161,2022-09,0,0,0.0
county:37161,2022-10,0,0,0.0
county:37161,2022-11,1,1,450534.7
county:37161,2022-12,1,0,450534.7
county:37161,2023-01,1,0,450534.7
county:37161,2023-02,1,0,450534.7
county:37161,2023-03,1,0,450534.7
county:37161,2023-04,1,0,450534.7
county:37161,2023-05,1,0,450534.7
county:37161,2023-06,1,0,450534.7
county:37161,2023-07,1,0,450534.7
county:37161,2023-08,1,0,450534.7
county:37161,2023-09,1,0,450534.7
county:37161,2023-10,1,0,450534.7
county:37161,2023-11,1,0,450534.7
county:37161,2023-12,1,0,450534.7
county:37161,2024-01,1,0,450534.7
county:37161,2024-02,1,0,450534.7
county:37161,2024-03,1,0,450534.7
county:37161,2024-04,1,0,450534.7
county:37161,2024-05,1,0,450534.7
county:37161,2024-06,1,0,450534.7
county:37161,2024-07,1,0,450534.7
county:37161,2024-08,1,0,450534.7
county:37161,2024-09,4,3,524368.4
county:37161,2024-10,4,0,524368.4
county:37161,2024-11,4,0,524368.4
county:37161,2024-12,4,0,524368.4
county:37161,2025-01,4,0,524368.4
county:37161,2025-02,4,0,524368.4
county:37161,2025-03,4,0,524368.4
county:37161,2025-04,4,0,524368.4
county:37161,2025-05,4,0,524368.4
county:37161,2025-06,4,0,524368.4
county:37161,2025-07,4,0,524368.4
county:37161,2025-08,4,0,524368.4
county:37161,2025-09,4,0,524368.4
county:37161,2025-10,4,0,524368.4
county:37161,2025-11,4,0,524368.4
county:37161,2025-12,4,0,524368.4
county:37161,2026-01,4,0,524368.4
county:37161,2026-02,4,0,524368.4
county:37161,2026-03,4,0,524368.4
county:37161,2026-04,5,1,533714.2
county:37179,2021-03,1,1,56498.2
county:37183,2023-01,1,1,4286.7
county:37183,2023-02,1,0,4286.7
county:37183,2023-03,1,0,4286.7
county:37183,2023-04,1,0,4286.7
county:37183,2023-05,2,1,17572.9
county:37183,2023-06,2,0,17572.9
county:37183,2023-07,2,0,17572.9
county:37183,2023-08,2,0,17572.9
county:37183,2023-09,2,0,17572.9
county:37183,2023-10,2,0,17572.9
county:37183,2023-11,2,0,17572.9
county:37183,2023-12,2,0,17572.9
county:37183,2024-01,2,0,17572.9
county:37183,2024-02,2,0,17572.9
county:37183,2024-03,2,0,17572.9
county:37183,2024-04,2,0,17572.9
county:37183,2024-05,2,0,17572.9
county:37183,2024-06,2,0,17572.9
county:37183,2024-07,2,0,17572.9
county:37183,2024-08,4,2,18328.6
county:38017,2026-01,1,1,0.0
county:38017,2026-02,1,0,0.0
county:38017,2026-03,2,1,0.0
county:38021,2025-08,1,1,251399.1
county:38021,2025-09,1,0,251399.1
county:38021,2025-10,1,0,251399.1
county:38021,2025-11,1,0,251399.1
county:38021,2025-12,1,0,251399.1
county:38021,2026-01,1,0,251399.1
county:38021,2026-02,1,0,251399.1
county:38021,2026-03,1,0,251399.1
county:38021,2026-04,1,0,251399.1
county:38021,2026-05,1,0,251399.1
county:38021,2026-06,11,10,262679.3
county:39017,2024-08,1,1,0.0
county:39017,2024-09,1,0,0.0
county:39017,2024-10,1,0,0.0
county:39017,2024-11,1,0,0.0
county:39017,2024-12,2,1,143407.6
county:39023,2024-08,1,1,7426.4
county:39035,2021-09,1,1,6637.0
county:39035,2021-10,1,0,6637.0
county:39035,2021-11,1,0,6637.0
county:39035,2021-12,1,0,6637.0
county:39035,2022-01,1,0,6637.0
county:39035,2022-02,1,0,6637.0
county:39035,2022-03,1,0,6637.0
county:39035,2022-04,1,0,6637.0
county:39035,2022-05,1,0,6637.0
county:39035,2022-06,1,0,6637.0
county:39035,2022-07,1,0,6637.0
county:39035,2022-08,1,0,6637.0
county:39035,2022-09,1,0,6637.0
county:39035,2022-10,1,0,6637.0
county:39035,2022-11,1,0,6637.0
county:39035,2022-12,1,0,6637.0
county:39035,2023-01,1,0,6637.0
county:39035,2023-02,1,0,6637.0
county:39035,2023-03,1,0,6637.0
county:39035,2023-04,1,0,6637.0
county:39035,2023-05,1,0,6637.0
county:39035,2023-06,1,0,6637.0
county:39035,2023-07,1,0,6637.0
county:39035,2023-08,1,0,6637.0
county:39035,2023-09,1,0,6637.0
county:39035,2023-10,1,0,6637.0
county:39035,2023-11,1,0,6637.0
county:39035,2023-12,1,0,6637.0
county:39035,2024-01,2,1,9089.0
county:39035,2024-02,2,0,9089.0
county:39035,2024-03,2,0,9089.0
county:39035,2024-04,2,0,9089.0
county:39035,2024-05,2,0,9089.0
county:39035,2024-06,2,0,9089.0
county:39035,2024-07,2,0,9089.0
county:39035,2024-08,2,0,9089.0
county:39035,2024-09,2,0,9089.0
county:39035,2024-10,2,0,9089.0
county:39035,2024-11,2,0,9089.0
county:39035,2024-12,2,0,9089.0
county:39035,2025-01,2,0,9089.0
county:39035,2025-02,3,1,99650.2
county:39035,2025-03,3,0,99650.2
county:39035,2025-04,4,1,122385.8
county:39035,2025-05,5,1,125125.6
county:39041,2024-09,1,1,28581.3
county:39043,2026-01,1,1,58852.8
county:39045,2024-02,1,1,26872.5
county:39045,2024-03,1,0,26872.5
county:39045,2024-04,1,0,26872.5
county:39045,2024-05,1,0,26872.5
county:39045,2024-06,1,0,26872.5
county:39045,2024-07,1,0,26872.5
county:39045,2024-08,1,0,26872.5
county:39045,2024-09,1,0,26872.5
county:39045,2024-10,1,0,26872.5
county:39045,2024-11,1,0,26872.5
county:39045,2024-12,1,0,26872.5
county:39045,2025-01,1,0,26872.5
county:39045,2025-02,1,0,26872.5
county:39045,2025-03,1,0,26872.5
county:39045,2025-04,1,0,26872.5
county:39045,2025-05,1,0,26872.5
county:39045,2025-06,1,0,26872.5
county:39045,2025-07,1,0,26872.5
county:39045,2025-08,1,0,26872.5
county:39045,2025-09,1,0,26872.5
county:39045,2025-10,1,0,26872.5
county:39045,2025-11,1,0,26872.5
county:39045,2025-12,1,0,26872.5
county:39045,2026-01,1,0,26872.5
county:39045,2026-02,1,0,26872.5
county:39045,2026-03,1,0,26872.5
county:39045,2026-04,2,1,53978.1
county:39049,2016-12,2,2,239549.8
county:39049,2017-01,2,0,239549.8
county:39049,2017-02,2,0,239549.8
county:39049,2017-03,2,0,239549.8
county:39049,2017-04,2,0,239549.8
county:39049,2017-05,2,0,239549.8
county:39049,2017-06,2,0,239549.8
county:39049,2017-07,2,0,239549.8
county:39049,2017-08,2,0,239549.8
county:39049,2017-09,2,0,239549.8
county:39049,2017-10,2,0,239549.8
county:39049,2017-11,2,0,239549.8
county:39049,2017-12,2,0,239549.8
county:39049,2018-01,2,0,239549.8
county:39049,2018-02,2,0,239549.8
county:39049,2018-03,2,0,239549.8
county:39049,2018-04,2,0,239549.8
county:39049,2018-05,2,0,239549.8
county:39049,2018-06,2,0,239549.8
county:39049,2018-07,2,0,239549.8
county:39049,2018-08,2,0,239549.8
county:39049,2018-09,2,0,239549.8
county:39049,2018-10,2,0,239549.8
county:39049,2018-11,2,0,239549.8
county:39049,2018-12,2,0,239549.8
county:39049,2019-01,2,0,239549.8
county:39049,2019-02,2,0,239549.8
county:39049,2019-03,2,0,239549.8
county:39049,2019-04,2,0,239549.8
county:39049,2019-05,2,0,239549.8
county:39049,2019-06,2,0,239549.8
county:39049,2019-07,2,0,239549.8
county:39049,2019-08,2,0,239549.8
county:39049,2019-09,2,0,239549.8
county:39049,2019-10,2,0,239549.8
county:39049,2019-11,2,0,239549.8
county:39049,2019-12,2,0,239549.8
county:39049,2020-01,2,0,239549.8
county:39049,2020-02,2,0,239549.8
county:39049,2020-03,2,0,239549.8
county:39049,2020-04,2,0,239549.8
county:39049,2020-05,2,0,239549.8
county:39049,2020-06,1,-1,239549.8
county:39049,2020-07,1,0,239549.8
county:39049,2020-08,1,0,239549.8
county:39049,2020-09,1,0,239549.8
county:39049,2020-10,1,0,239549.8
county:39049,2020-11,1,0,239549.8
county:39049,2020-12,1,0,239549.8
county:39049,2021-01,1,0,239549.8
county:39049,2021-02,1,0,239549.8
county:39049,2021-03,1,0,239549.8
county:39049,2021-04,1,0,239549.8
county:39049,2021-05,1,0,239549.8
county:39049,2021-06,1,0,239549.8
county:39049,2021-07,1,0,239549.8
county:39049,2021-08,4,3,281071.0
county:39049,2021-09,4,0,281071.0
county:39049,2021-10,4,0,281071.0
county:39049,2021-11,4,0,281071.0
county:39049,2021-12,4,0,281071.0
county:39049,2022-01,4,0,281071.0
county:39049,2022-02,4,0,281071.0
county:39049,2022-03,4,0,281071.0
county:39049,2022-04,4,0,281071.0
county:39049,2022-05,4,0,281071.0
county:39049,2022-06,4,0,281071.0
county:39049,2022-07,4,0,281071.0
county:39049,2022-08,4,0,281071.0
county:39049,2022-09,4,0,281071.0
county:39049,2022-10,4,0,281071.0
county:39049,2022-11,4,0,281071.0
county:39049,2022-12,4,0,281071.0
county:39049,2023-01,4,0,281071.0
county:39049,2023-02,4,0,281071.0
county:39049,2023-03,4,0,281071.0
county:39049,2023-04,4,0,281071.0
county:39049,2023-05,4,0,281071.0
county:39049,2023-06,11,7,380214.3
county:39049,2023-07,11,0,380214.3
county:39049,2023-08,11,0,380214.3
county:39049,2023-09,11,0,380214.3
county:39049,2023-10,11,0,380214.3
county:39049,2023-11,12,1,432545.1
county:39049,2023-12,12,0,432545.1
county:39049,2024-01,12,0,432545.1
county:39049,2024-02,17,5,528194.1
county:39049,2024-03,17,0,528194.1
county:39049,2024-04,17,0,528194.1
county:39049,2024-05,17,0,528194.1
county:39049,2024-06,17,0,528194.1
county:39049,2024-07,17,0,528194.1
county:39049,2024-08,17,0,528194.1
county:39049,2024-09,18,1,1593210.0
county:39049,2024-10,17,-1,528194.1
county:39049,2024-11,18,1,1593210.0
county:39049,2024-12,22,4,1609854.0
county:39049,2025-01,22,0,1609854.0
county:39049,2025-02,22,0,1609854.0
county:39049,2025-03,22,0,1609854.0
county:39049,2025-04,22,0,1609854.0
county:39049,2025-05,28,6,1742760.8
county:39049,2025-06,28,0,1742760.8
county:39049,2025-07,29,1,1751058.5
county:39049,2025-08,29,0,1751058.5
county:39049,2025-09,29,0,1751058.5
county:39049,2025-10,29,0,1751058.5
county:39049,2025-11,31,2,1787448.0
county:39049,2025-12,32,1,1801978.0
county:39061,2019-10,1,1,2743.8
county:39061,2019-11,1,0,2743.8
county:39061,2019-12,1,0,2743.8
county:39061,2020-01,1,0,2743.8
county:39061,2020-02,1,0,2743.8
county:39061,2020-03,1,0,2743.8
county:39061,2020-04,1,0,2743.8
county:39061,2020-05,1,0,2743.8
county:39061,2020-06,1,0,2743.8
county:39061,2020-07,1,0,2743.8
county:39061,2020-08,1,0,2743.8
county:39061,2020-09,1,0,2743.8
county:39061,2020-10,1,0,2743.8
county:39061,2020-11,1,0,2743.8
county:39061,2020-12,1,0,2743.8
county:39061,2021-01,1,0,2743.8
county:39061,2021-02,1,0,2743.8
county:39061,2021-03,1,0,2743.8
county:39061,2021-04,1,0,2743.8
county:39061,2021-05,1,0,2743.8
county:39061,2021-06,2,1,3958.5
county:39089,2016-12,1,1,102779.7
county:39089,2017-01,1,0,102779.7
county:39089,2017-02,1,0,102779.7
county:39089,2017-03,1,0,102779.7
county:39089,2017-04,1,0,102779.7
county:39089,2017-05,1,0,102779.7
county:39089,2017-06,1,0,102779.7
county:39089,2017-07,1,0,102779.7
county:39089,2017-08,1,0,102779.7
county:39089,2017-09,1,0,102779.7
county:39089,2017-10,1,0,102779.7
county:39089,2017-11,1,0,102779.7
county:39089,2017-12,1,0,102779.7
county:39089,2018-01,1,0,102779.7
county:39089,2018-02,1,0,102779.7
county:39089,2018-03,1,0,102779.7
county:39089,2018-04,1,0,102779.7
county:39089,2018-05,1,0,102779.7
county:39089,2018-06,1,0,102779.7
county:39089,2018-07,1,0,102779.7
county:39089,2018-08,1,0,102779.7
county:39089,2018-09,1,0,102779.7
county:39089,2018-10,1,0,102779.7
county:39089,2018-11,1,0,102779.7
county:39089,2018-12,1,0,102779.7
county:39089,2019-01,1,0,102779.7
county:39089,2019-02,1,0,102779.7
county:39089,2019-03,1,0,102779.7
county:39089,2019-04,1,0,102779.7
county:39089,2019-05,1,0,102779.7
county:39089,2019-06,1,0,102779.7
county:39089,2019-07,1,0,102779.7
county:39089,2019-08,1,0,102779.7
county:39089,2019-09,1,0,102779.7
county:39089,2019-10,1,0,102779.7
county:39089,2019-11,1,0,102779.7
county:39089,2019-12,1,0,102779.7
county:39089,2020-01,1,0,102779.7
county:39089,2020-02,1,0,102779.7
county:39089,2020-03,1,0,102779.7
county:39089,2020-04,1,0,102779.7
county:39089,2020-05,1,0,102779.7
county:39089,2020-06,1,0,102779.7
county:39089,2020-07,1,0,102779.7
county:39089,2020-08,1,0,102779.7
county:39089,2020-09,4,3,211519.1
county:39089,2020-10,4,0,211519.1
county:39089,2020-11,4,0,211519.1
county:39089,2020-12,4,0,211519.1
county:39089,2021-01,4,0,211519.1
county:39089,2021-02,4,0,211519.1
county:39089,2021-03,4,0,211519.1
county:39089,2021-04,4,0,211519.1
county:39089,2021-05,4,0,211519.1
county:39089,2021-06,4,0,211519.1
county:39089,2021-07,4,0,211519.1
county:39089,2021-08,4,0,211519.1
county:39089,2021-09,4,0,211519.1
county:39089,2021-10,4,0,211519.1
county:39089,2021-11,4,0,211519.1
county:39089,2021-12,4,0,211519.1
county:39089,2022-01,4,0,211519.1
county:39089,2022-02,4,0,211519.1
county:39089,2022-03,4,0,211519.1
county:39089,2022-04,4,0,211519.1
county:39089,2022-05,4,0,211519.1
county:39089,2022-06,4,0,211519.1
county:39089,2022-07,4,0,211519.1
county:39089,2022-08,4,0,211519.1
county:39089,2022-09,4,0,211519.1
county:39089,2022-10,4,0,211519.1
county:39089,2022-11,4,0,211519.1
county:39089,2022-12,4,0,211519.1
county:39089,2023-01,4,0,211519.1
county:39089,2023-02,4,0,211519.1
county:39089,2023-03,4,0,211519.1
county:39089,2023-04,4,0,211519.1
county:39089,2023-05,4,0,211519.1
county:39089,2023-06,4,0,211519.1
county:39089,2023-07,4,0,211519.1
county:39089,2023-08,4,0,211519.1
county:39089,2023-09,4,0,211519.1
county:39089,2023-10,4,0,211519.1
county:39089,2023-11,9,5,283404.5
county:39089,2023-12,9,0,283404.5
county:39089,2024-01,9,0,283404.5
county:39089,2024-02,15,6,420552.2
county:39089,2024-03,15,0,420552.2
county:39089,2024-04,15,0,420552.2
county:39089,2024-05,15,0,420552.2
county:39089,2024-06,15,0,420552.2
county:39089,2024-07,15,0,420552.2
county:39089,2024-08,15,0,420552.2
county:39089,2024-09,15,0,420552.2
county:39089,2024-10,15,0,420552.2
county:39089,2024-11,15,0,420552.2
county:39089,2024-12,16,1,562196.1
county:39089,2025-01,16,0,562196.1
county:39089,2025-02,16,0,562196.1
county:39089,2025-03,16,0,562196.1
county:39089,2025-04,17,1,571039.6
county:39089,2025-05,24,7,710935.1
county:39089,2025-06,24,0,710935.1
county:39089,2025-07,24,0,710935.1
county:39089,2025-08,29,5,2397883.1
county:39089,2025-09,33,4,2488557.0
county:39089,2025-10,33,0,2488557.0
county:39089,2025-11,33,0,2488557.0
county:39089,2025-12,33,0,2488557.0
county:39089,2026-01,33,0,2488557.0
county:39089,2026-02,33,0,2488557.0
county:39089,2026-03,36,3,4667442.1
county:39099,2024-05,1,1,7003.0
county:39153,2024-08,1,1,5521.0
county:39159,2024-02,3,3,41345.0
county:39159,2024-03,3,0,41345.0
county:39159,2024-04,3,0,41345.0
county:39159,2024-05,4,1,63048.0
county:39159,2024-06,4,0,63048.0
county:39159,2024-07,4,0,63048.0
county:39159,2024-08,4,0,63048.0
county:39159,2024-09,4,0,63048.0
county:39159,2024-10,4,0,63048.0
county:39159,2024-11,4,0,63048.0
county:39159,2024-12,4,0,63048.0
county:39159,2025-01,4,0,63048.0
county:39159,2025-02,4,0,63048.0
county:39159,2025-03,4,0,63048.0
county:39159,2025-04,4,0,63048.0
county:39159,2025-05,8,4,136946.6
county:39165,2024-12,2,2,26125.9
county:39173,2025-11,1,1,1997250.8
county:40013,2020-02,1,1,0.0
county:40013,2020-03,1,0,0.0
county:40013,2020-04,1,0,0.0
county:40013,2020-05,1,0,0.0
county:40013,2020-06,1,0,0.0
county:40013,2020-07,1,0,0.0
county:40013,2020-08,1,0,0.0
county:40013,2020-09,1,0,0.0
county:40013,2020-10,1,0,0.0
county:40013,2020-11,1,0,0.0
county:40013,2020-12,1,0,0.0
county:40013,2021-01,1,0,0.0
county:40013,2021-02,1,0,0.0
county:40013,2021-03,1,0,0.0
county:40013,2021-04,1,0,0.0
county:40013,2021-05,1,0,0.0
county:40013,2021-06,1,0,0.0
county:40013,2021-07,1,0,0.0
county:40013,2021-08,1,0,0.0
county:40013,2021-09,1,0,0.0
county:40013,2021-10,1,0,0.0
county:40013,2021-11,1,0,0.0
county:40013,2021-12,1,0,0.0
county:40013,2022-01,1,0,0.0
county:40013,2022-02,1,0,0.0
county:40013,2022-03,1,0,0.0
county:40013,2022-04,1,0,0.0
county:40013,2022-05,1,0,0.0
county:40013,2022-06,1,0,0.0
county:40013,2022-07,1,0,0.0
county:40013,2022-08,1,0,0.0
county:40013,2022-09,1,0,0.0
county:40013,2022-10,1,0,0.0
county:40013,2022-11,1,0,0.0
county:40013,2022-12,1,0,0.0
county:40013,2023-01,1,0,0.0
county:40013,2023-02,1,0,0.0
county:40013,2023-03,1,0,0.0
county:40013,2023-04,1,0,0.0
county:40013,2023-05,1,0,0.0
county:40013,2023-06,1,0,0.0
county:40013,2023-07,1,0,0.0
county:40013,2023-08,1,0,0.0
county:40013,2023-09,1,0,0.0
county:40013,2023-10,1,0,0.0
county:40013,2023-11,1,0,0.0
county:40013,2023-12,1,0,0.0
county:40013,2024-01,1,0,0.0
county:40013,2024-02,1,0,0.0
county:40013,2024-03,1,0,0.0
county:40013,2024-04,1,0,0.0
county:40013,2024-05,1,0,0.0
county:40013,2024-06,1,0,0.0
county:40013,2024-07,1,0,0.0
county:40013,2024-08,1,0,0.0
county:40013,2024-09,1,0,0.0
county:40013,2024-10,1,0,0.0
county:40013,2024-11,1,0,0.0
county:40013,2024-12,1,0,0.0
county:40013,2025-01,1,0,0.0
county:40013,2025-02,1,0,0.0
county:40013,2025-03,1,0,0.0
county:40013,2025-04,1,0,0.0
county:40013,2025-05,1,0,0.0
county:40013,2025-06,1,0,0.0
county:40013,2025-07,1,0,0.0
county:40013,2025-08,1,0,0.0
county:40013,2025-09,1,0,0.0
county:40013,2025-10,1,0,0.0
county:40013,2025-11,1,0,0.0
county:40013,2025-12,1,0,0.0
county:40013,2026-01,1,0,0.0
county:40013,2026-02,1,0,1253.7
county:40097,2020-09,6,6,0.0
county:40097,2020-10,6,0,0.0
county:40097,2020-11,6,0,0.0
county:40097,2020-12,6,0,0.0
county:40097,2021-01,6,0,0.0
county:40097,2021-02,6,0,0.0
county:40097,2021-03,0,-6,0.0
county:40101,2025-05,1,1,10448.5
county:40109,2021-02,1,1,0.0
county:40143,2021-05,1,1,798.0
county:40143,2021-06,1,0,798.0
county:40143,2021-07,1,0,798.0
county:40143,2021-08,1,0,798.0
county:40143,2021-09,1,0,798.0
county:40143,2021-10,1,0,798.0
county:40143,2021-11,1,0,798.0
county:40143,2021-12,1,0,798.0
county:40143,2022-01,1,0,798.0
county:40143,2022-02,1,0,798.0
county:40143,2022-03,1,0,798.0
county:40143,2022-04,1,0,798.0
county:40143,2022-05,1,0,798.0
county:40143,2022-06,1,0,798.0
county:40143,2022-07,1,0,798.0
county:40143,2022-08,1,0,798.0
county:40143,2022-09,1,0,798.0
county:40143,2022-10,1,0,798.0
county:40143,2022-11,1,0,798.0
county:40143,2022-12,1,0,798.0
county:40143,2023-01,1,0,798.0
county:40143,2023-02,1,0,798.0
county:40143,2023-03,1,0,798.0
county:40143,2023-04,1,0,798.0
county:40143,2023-05,1,0,798.0
county:40143,2023-06,1,0,798.0
county:40143,2023-07,1,0,798.0
county:40143,2023-08,1,0,798.0
county:40143,2023-09,1,0,798.0
county:40143,2023-10,1,0,798.0
county:40143,2023-11,1,0,798.0
county:40143,2023-12,1,0,798.0
county:40143,2024-01,2,1,39336.8
county:40143,2024-02,2,0,39336.8
county:40143,2024-03,2,0,39336.8
county:40143,2024-04,2,0,39336.8
county:40143,2024-05,2,0,39336.8
county:40143,2024-06,2,0,39336.8
county:40143,2024-07,2,0,39336.8
county:40143,2024-08,2,0,39336.8
county:40143,2024-09,2,0,39336.8
county:40143,2024-10,2,0,39336.8
county:40143,2024-11,2,0,39336.8
county:40143,2024-12,2,0,39336.8
county:40143,2025-01,2,0,39336.8
county:40143,2025-02,2,0,39336.8
county:40143,2025-03,2,0,39336.8
county:40143,2025-04,3,1,39336.8
county:40143,2025-05,3,0,39336.8
county:40143,2025-06,3,0,39336.8
county:40143,2025-07,3,0,39336.8
county:40143,2025-08,3,0,39336.8
county:40143,2025-09,3,0,39336.8
county:40143,2025-10,3,0,39336.8
county:40143,2025-11,3,0,39336.8
county:40143,2025-12,3,0,39336.8
county:40143,2026-01,3,0,39336.8
county:40143,2026-02,3,0,39336.8
county:40143,2026-03,3,0,39336.8
county:40143,2026-04,7,4,41098.0
county:40143,2026-05,8,1,41098.0
county:41005,2022-08,1,1,2309.0
county:41011,2026-03,0,0,0.0
county:41013,2016-12,3,3,47445.9
county:41013,2017-01,3,0,47445.9
county:41013,2017-02,3,0,47445.9
county:41013,2017-03,3,0,47445.9
county:41013,2017-04,3,0,47445.9
county:41013,2017-05,3,0,47445.9
county:41013,2017-06,3,0,47445.9
county:41013,2017-07,3,0,47445.9
county:41013,2017-08,4,1,82512.9
county:41013,2017-09,4,0,82512.9
county:41013,2017-10,4,0,82512.9
county:41013,2017-11,4,0,82512.9
county:41013,2017-12,4,0,82512.9
county:41013,2018-01,4,0,82512.9
county:41013,2018-02,4,0,82512.9
county:41013,2018-03,4,0,82512.9
county:41013,2018-04,4,0,82512.9
county:41013,2018-05,4,0,82512.9
county:41013,2018-06,4,0,82512.9
county:41013,2018-07,4,0,82512.9
county:41013,2018-08,4,0,82512.9
county:41013,2018-09,4,0,82512.9
county:41013,2018-10,4,0,82512.9
county:41013,2018-11,4,0,82512.9
county:41013,2018-12,4,0,82512.9
county:41013,2019-01,4,0,82512.9
county:41013,2019-02,4,0,82512.9
county:41013,2019-03,4,0,82512.9
county:41013,2019-04,4,0,82512.9
county:41013,2019-05,4,0,82512.9
county:41013,2019-06,4,0,82512.9
county:41013,2019-07,6,2,145040.6
county:41013,2019-08,6,0,145040.6
county:41013,2019-09,6,0,145040.6
county:41013,2019-10,6,0,145040.6
county:41013,2019-11,6,0,145040.6
county:41013,2019-12,6,0,145040.6
county:41013,2020-01,6,0,145040.6
county:41013,2020-02,8,2,261461.4
county:41013,2020-03,8,0,261461.4
county:41013,2020-04,8,0,261461.4
county:41013,2020-05,8,0,261461.4
county:41013,2020-06,8,0,261461.4
county:41013,2020-07,8,0,261461.4
county:41013,2020-08,8,0,261461.4
county:41013,2020-09,8,0,261461.4
county:41013,2020-10,8,0,261461.4
county:41013,2020-11,8,0,261461.4
county:41013,2020-12,8,0,261461.4
county:41013,2021-01,8,0,261461.4
county:41013,2021-02,8,0,261461.4
county:41013,2021-03,8,0,261461.4
county:41013,2021-04,8,0,261461.4
county:41013,2021-05,8,0,261461.4
county:41013,2021-06,8,0,261461.4
county:41013,2021-07,8,0,261461.4
county:41013,2021-08,8,0,261461.4
county:41013,2021-09,8,0,261461.4
county:41013,2021-10,8,0,261461.4
county:41013,2021-11,8,0,261461.4
county:41013,2021-12,8,0,261461.4
county:41013,2022-01,8,0,261461.4
county:41013,2022-02,8,0,261461.4
county:41013,2022-03,8,0,261461.4
county:41013,2022-04,8,0,261461.4
county:41013,2022-05,8,0,261461.4
county:41013,2022-06,8,0,261461.4
county:41013,2022-07,8,0,261461.4
county:41013,2022-08,8,0,261461.4
county:41013,2022-09,8,0,261461.4
county:41013,2022-10,8,0,261461.4
county:41013,2022-11,8,0,261461.4
county:41013,2022-12,8,0,261461.4
county:41013,2023-01,8,0,261461.4
county:41013,2023-02,8,0,261461.4
county:41013,2023-03,8,0,261461.4
county:41013,2023-04,8,0,261461.4
county:41013,2023-05,8,0,261461.4
county:41013,2023-06,8,0,261461.4
county:41013,2023-07,8,0,261461.4
county:41013,2023-08,8,0,261461.4
county:41013,2023-09,8,0,261461.4
county:41013,2023-10,8,0,261461.4
county:41013,2023-11,8,0,261461.4
county:41013,2023-12,8,0,261461.4
county:41013,2024-01,8,0,261461.4
county:41013,2024-02,9,1,261461.4
county:41013,2024-03,9,0,261461.4
county:41013,2024-04,11,2,287030.0
county:41013,2024-05,11,0,287030.0
county:41013,2024-06,11,0,287030.0
county:41013,2024-07,11,0,287030.0
county:41013,2024-08,11,0,287030.0
county:41013,2024-09,13,2,351745.0
county:41013,2024-10,13,0,351745.0
county:41013,2024-11,13,0,351745.0
county:41013,2024-12,13,0,351745.0
county:41013,2025-01,13,0,351745.0
county:41013,2025-02,13,0,351745.0
county:41013,2025-03,13,0,351745.0
county:41013,2025-04,13,0,351745.0
county:41013,2025-05,13,0,351745.0
county:41013,2025-06,13,0,351745.0
county:41013,2025-07,13,0,351745.0
county:41013,2025-08,13,0,351745.0
county:41013,2025-09,10,-3,259088.9
county:41013,2025-10,10,0,259088.9
county:41013,2025-11,10,0,259088.9
county:41013,2025-12,13,3,351745.0
county:41017,2022-10,1,1,1045.1
county:41017,2022-11,1,0,1045.1
county:41017,2022-12,1,0,1045.1
county:41017,2023-01,1,0,1045.1
county:41017,2023-02,1,0,1045.1
county:41017,2023-03,1,0,1045.1
county:41017,2023-04,1,0,1045.1
county:41017,2023-05,1,0,1045.1
county:41017,2023-06,1,0,1045.1
county:41017,2023-07,1,0,1045.1
county:41017,2023-08,1,0,1045.1
county:41017,2023-09,1,0,1045.1
county:41017,2023-10,1,0,1045.1
county:41017,2023-11,1,0,1045.1
county:41017,2023-12,1,0,1045.1
county:41017,2024-01,1,0,1045.1
county:41017,2024-02,1,0,1045.1
county:41017,2024-03,1,0,1045.1
county:41017,2024-04,1,0,1045.1
county:41017,2024-05,1,0,1045.1
county:41017,2024-06,1,0,1045.1
county:41017,2024-07,1,0,1045.1
county:41017,2024-08,1,0,1045.1
county:41017,2024-09,1,0,1045.1
county:41017,2024-10,1,0,1045.1
county:41017,2024-11,1,0,1045.1
county:41017,2024-12,1,0,1045.1
county:41017,2025-01,1,0,1045.1
county:41017,2025-02,1,0,1045.1
county:41017,2025-03,1,0,1045.1
county:41017,2025-04,1,0,1045.1
county:41017,2025-05,1,0,1045.1
county:41017,2025-06,1,0,1045.1
county:41017,2025-07,1,0,1045.1
county:41017,2025-08,1,0,1045.1
county:41017,2025-09,1,0,1045.1
county:41017,2025-10,1,0,1045.1
county:41017,2025-11,1,0,1045.1
county:41017,2025-12,1,0,1045.1
county:41017,2026-01,1,0,1045.1
county:41017,2026-02,1,0,1045.1
county:41017,2026-03,1,0,1045.1
county:41017,2026-04,2,1,3842.5
county:41029,2026-04,1,1,183.0
county:41033,2019-10,1,1,0.0
county:41033,2019-11,1,0,0.0
county:41033,2019-12,1,0,0.0
county:41033,2020-01,1,0,0.0
county:41033,2020-02,1,0,0.0
county:41033,2020-03,1,0,0.0
county:41033,2020-04,1,0,0.0
county:41033,2020-05,1,0,0.0
county:41033,2020-06,1,0,0.0
county:41033,2020-07,1,0,0.0
county:41033,2020-08,1,0,0.0
county:41033,2020-09,1,0,0.0
county:41033,2020-10,1,0,0.0
county:41033,2020-11,1,0,0.0
county:41033,2020-12,1,0,0.0
county:41033,2021-01,1,0,0.0
county:41033,2021-02,1,0,0.0
county:41033,2021-03,1,0,0.0
county:41033,2021-04,1,0,0.0
county:41033,2021-05,1,0,0.0
county:41033,2021-06,1,0,0.0
county:41033,2021-07,1,0,0.0
county:41033,2021-08,1,0,0.0
county:41033,2021-09,1,0,0.0
county:41033,2021-10,1,0,0.0
county:41033,2021-11,1,0,0.0
county:41033,2021-12,1,0,0.0
county:41033,2022-01,1,0,0.0
county:41033,2022-02,1,0,0.0
county:41033,2022-03,1,0,0.0
county:41033,2022-04,1,0,0.0
county:41033,2022-05,1,0,0.0
county:41033,2022-06,1,0,0.0
county:41033,2022-07,1,0,0.0
county:41033,2022-08,1,0,0.0
county:41033,2022-09,1,0,0.0
county:41033,2022-10,1,0,0.0
county:41033,2022-11,1,0,0.0
county:41033,2022-12,1,0,0.0
county:41033,2023-01,1,0,0.0
county:41033,2023-02,1,0,0.0
county:41033,2023-03,1,0,0.0
county:41033,2023-04,1,0,0.0
county:41033,2023-05,1,0,0.0
county:41033,2023-06,1,0,0.0
county:41033,2023-07,1,0,0.0
county:41033,2023-08,1,0,0.0
county:41033,2023-09,1,0,0.0
county:41033,2023-10,1,0,0.0
county:41033,2023-11,1,0,0.0
county:41033,2023-12,1,0,0.0
county:41033,2024-01,1,0,0.0
county:41033,2024-02,1,0,0.0
county:41033,2024-03,1,0,0.0
county:41033,2024-04,1,0,0.0
county:41033,2024-05,1,0,0.0
county:41033,2024-06,1,0,0.0
county:41033,2024-07,1,0,0.0
county:41033,2024-08,1,0,0.0
county:41033,2024-09,1,0,0.0
county:41033,2024-10,1,0,0.0
county:41033,2024-11,1,0,0.0
county:41033,2024-12,1,0,0.0
county:41033,2025-01,1,0,0.0
county:41033,2025-02,1,0,0.0
county:41033,2025-03,1,0,0.0
county:41033,2025-04,1,0,0.0
county:41033,2025-05,1,0,0.0
county:41033,2025-06,1,0,0.0
county:41033,2025-07,1,0,0.0
county:41033,2025-08,1,0,0.0
county:41033,2025-09,1,0,0.0
county:41033,2025-10,1,0,0.0
county:41033,2025-11,1,0,0.0
county:41033,2025-12,1,0,0.0
county:41033,2026-01,1,0,0.0
county:41033,2026-02,1,0,0.0
county:41033,2026-03,1,0,0.0
county:41033,2026-04,0,-1,0.0
county:41039,2024-01,1,1,0.0
county:41039,2024-02,1,0,0.0
county:41039,2024-03,1,0,0.0
county:41039,2024-04,1,0,0.0
county:41039,2024-05,1,0,0.0
county:41039,2024-06,1,0,0.0
county:41039,2024-07,1,0,0.0
county:41039,2024-08,1,0,0.0
county:41039,2024-09,1,0,0.0
county:41039,2024-10,1,0,0.0
county:41039,2024-11,1,0,0.0
county:41039,2024-12,1,0,0.0
county:41039,2025-01,1,0,0.0
county:41039,2025-02,1,0,0.0
county:41039,2025-03,1,0,0.0
county:41039,2025-04,1,0,0.0
county:41039,2025-05,1,0,0.0
county:41039,2025-06,1,0,0.0
county:41039,2025-07,1,0,0.0
county:41039,2025-08,1,0,0.0
county:41039,2025-09,1,0,0.0
county:41039,2025-10,1,0,0.0
county:41039,2025-11,1,0,0.0
county:41039,2025-12,1,0,0.0
county:41039,2026-01,1,0,0.0
county:41039,2026-02,1,0,0.0
county:41039,2026-03,1,0,0.0
county:41039,2026-04,1,0,0.0
county:41043,2025-03,1,1,234.3
county:41047,2021-05,1,1,4323.4
county:41047,2021-06,1,0,4323.4
county:41047,2021-07,2,1,6602.3
county:41049,2016-12,2,2,34440.3
county:41049,2017-01,2,0,34440.3
county:41049,2017-02,2,0,34440.3
county:41049,2017-03,2,0,34440.3
county:41049,2017-04,2,0,34440.3
county:41049,2017-05,2,0,34440.3
county:41049,2017-06,2,0,34440.3
county:41049,2017-07,2,0,34440.3
county:41049,2017-08,2,0,34440.3
county:41049,2017-09,2,0,34440.3
county:41049,2017-10,2,0,34440.3
county:41049,2017-11,2,0,34440.3
county:41049,2017-12,2,0,34440.3
county:41049,2018-01,2,0,34440.3
county:41049,2018-02,2,0,34440.3
county:41049,2018-03,2,0,34440.3
county:41049,2018-04,2,0,34440.3
county:41049,2018-05,2,0,34440.3
county:41049,2018-06,2,0,34440.3
county:41049,2018-07,2,0,34440.3
county:41049,2018-08,2,0,34440.3
county:41049,2018-09,2,0,34440.3
county:41049,2018-10,2,0,34440.3
county:41049,2018-11,2,0,34440.3
county:41049,2018-12,2,0,34440.3
county:41049,2019-01,2,0,34440.3
county:41049,2019-02,2,0,34440.3
county:41049,2019-03,2,0,34440.3
county:41049,2019-04,2,0,34440.3
county:41049,2019-05,2,0,34440.3
county:41049,2019-06,3,1,58936.3
county:41049,2019-07,7,4,122758.5
county:41049,2019-08,7,0,122758.5
county:41049,2019-09,7,0,122758.5
county:41049,2019-10,7,0,122758.5
county:41049,2019-11,7,0,122758.5
county:41049,2019-12,7,0,122758.5
county:41049,2020-01,7,0,122758.5
county:41049,2020-02,7,0,122758.5
county:41049,2020-03,7,0,122758.5
county:41049,2020-04,7,0,122758.5
county:41049,2020-05,7,0,122758.5
county:41049,2020-06,7,0,122758.5
county:41049,2020-07,7,0,122758.5
county:41049,2020-08,7,0,122758.5
county:41049,2020-09,7,0,122758.5
county:41049,2020-10,7,0,122758.5
county:41049,2020-11,7,0,122758.5
county:41049,2020-12,7,0,122758.5
county:41049,2021-01,7,0,122758.5
county:41049,2021-02,7,0,122758.5
county:41049,2021-03,11,4,201349.1
county:41049,2021-04,11,0,201349.1
county:41049,2021-05,11,0,201349.1
county:41049,2021-06,11,0,201349.1
county:41049,2021-07,11,0,201349.1
county:41049,2021-08,11,0,201349.1
county:41049,2021-09,11,0,201349.1
county:41049,2021-10,11,0,201349.1
county:41049,2021-11,11,0,201349.1
county:41049,2021-12,11,0,201349.1
county:41049,2022-01,11,0,201349.1
county:41049,2022-02,13,2,241622.8
county:41049,2022-03,13,0,241622.8
county:41049,2022-04,13,0,241622.8
county:41049,2022-05,15,2,261488.1
county:41049,2022-06,15,0,261488.1
county:41049,2022-07,15,0,261488.1
county:41049,2022-08,15,0,261488.1
county:41049,2022-09,15,0,261488.1
county:41049,2022-10,15,0,261488.1
county:41049,2022-11,15,0,261488.1
county:41049,2022-12,15,0,261488.1
county:41049,2023-01,15,0,261488.1
county:41049,2023-02,15,0,261488.1
county:41049,2023-03,15,0,261488.1
county:41049,2023-04,15,0,261488.1
county:41049,2023-05,14,-1,261488.1
county:41049,2023-06,14,0,261488.1
county:41049,2023-07,14,0,261488.1
county:41049,2023-08,14,0,261488.1
county:41049,2023-09,14,0,261488.1
county:41049,2023-10,14,0,261488.1
county:41049,2023-11,15,1,281354.4
county:41049,2023-12,15,0,281354.4
county:41049,2024-01,15,0,281354.4
county:41049,2024-02,19,4,341998.8
county:41049,2024-03,19,0,341998.8
county:41049,2024-04,19,0,341998.8
county:41049,2024-05,23,4,383939.1
county:41049,2024-06,23,0,383939.1
county:41049,2024-07,23,0,383939.1
county:41049,2024-08,23,0,383939.1
county:41049,2024-09,23,0,383939.1
county:41049,2024-10,23,0,383939.1
county:41049,2024-11,23,0,383939.1
county:41049,2024-12,23,0,383939.1
county:41049,2025-01,23,0,383939.1
county:41049,2025-02,23,0,383939.1
county:41049,2025-03,23,0,383939.1
county:41049,2025-04,23,0,383939.1
county:41049,2025-05,28,5,482382.2
county:41049,2025-06,28,0,482382.2
county:41049,2025-07,28,0,482382.2
county:41049,2025-08,28,0,482382.2
county:41049,2025-09,28,0,482382.2
county:41049,2025-10,28,0,482382.2
county:41049,2025-11,28,0,482382.2
county:41049,2025-12,28,0,482382.2
county:41049,2026-01,28,0,482382.2
county:41049,2026-02,28,0,482382.2
county:41049,2026-03,28,0,482382.2
county:41049,2026-04,37,9,1416797.1
county:41049,2026-05,38,1,1436662.5
county:41051,2019-11,0,0,0.0
county:41051,2019-12,0,0,0.0
county:41051,2020-01,0,0,0.0
county:41051,2020-02,0,0,0.0
county:41051,2020-03,0,0,0.0
county:41051,2020-04,0,0,0.0
county:41051,2020-05,0,0,0.0
county:41051,2020-06,0,0,0.0
county:41051,2020-07,0,0,0.0
county:41051,2020-08,1,1,0.0
county:41051,2020-09,1,0,0.0
county:41051,2020-10,1,0,0.0
county:41051,2020-11,1,0,0.0
county:41051,2020-12,1,0,0.0
county:41051,2021-01,1,0,0.0
county:41051,2021-02,1,0,0.0
county:41051,2021-03,1,0,0.0
county:41051,2021-04,1,0,0.0
county:41051,2021-05,1,0,0.0
county:41051,2021-06,1,0,0.0
county:41051,2021-07,1,0,0.0
county:41051,2021-08,1,0,0.0
county:41051,2021-09,1,0,0.0
county:41051,2021-10,1,0,0.0
county:41051,2021-11,1,0,0.0
county:41051,2021-12,1,0,0.0
county:41051,2022-01,1,0,0.0
county:41051,2022-02,1,0,0.0
county:41051,2022-03,1,0,0.0
county:41051,2022-04,1,0,0.0
county:41051,2022-05,1,0,0.0
county:41051,2022-06,1,0,0.0
county:41051,2022-07,1,0,0.0
county:41051,2022-08,1,0,0.0
county:41051,2022-09,1,0,0.0
county:41051,2022-10,1,0,0.0
county:41051,2022-11,1,0,0.0
county:41051,2022-12,1,0,0.0
county:41051,2023-01,1,0,0.0
county:41051,2023-02,1,0,0.0
county:41051,2023-03,1,0,0.0
county:41051,2023-04,2,1,3860.7
county:41051,2023-05,2,0,3860.7
county:41051,2023-06,2,0,3860.7
county:41051,2023-07,2,0,3860.7
county:41051,2023-08,2,0,3860.7
county:41051,2023-09,2,0,3860.7
county:41051,2023-10,2,0,3860.7
county:41051,2023-11,2,0,3860.7
county:41051,2023-12,2,0,3860.7
county:41051,2024-01,2,0,3860.7
county:41051,2024-02,2,0,3860.7
county:41051,2024-03,2,0,3860.7
county:41051,2024-04,2,0,3860.7
county:41051,2024-05,2,0,3860.7
county:41051,2024-06,2,0,3860.7
county:41051,2024-07,2,0,3860.7
county:41051,2024-08,2,0,3860.7
county:41051,2024-09,2,0,3860.7
county:41051,2024-10,2,0,3860.7
county:41051,2024-11,2,0,3860.7
county:41051,2024-12,2,0,3860.7
county:41051,2025-01,2,0,3860.7
county:41051,2025-02,2,0,3860.7
county:41051,2025-03,2,0,3860.7
county:41051,2025-04,2,0,3860.7
county:41051,2025-05,2,0,3860.7
county:41051,2025-06,2,0,3860.7
county:41051,2025-07,2,0,3860.7
county:41051,2025-08,2,0,3860.7
county:41051,2025-09,2,0,3860.7
county:41051,2025-10,2,0,3860.7
county:41051,2025-11,2,0,3860.7
county:41051,2025-12,2,0,3860.7
county:41051,2026-01,2,0,3860.7
county:41051,2026-02,2,0,3860.7
county:41051,2026-03,2,0,3860.7
county:41051,2026-04,4,2,3860.7
county:41057,2026-03,0,0,0.0
county:41059,2016-12,1,1,0.0
county:41059,2017-01,1,0,0.0
county:41059,2017-02,1,0,0.0
county:41059,2017-03,1,0,0.0
county:41059,2017-04,1,0,0.0
county:41059,2017-05,1,0,0.0
county:41059,2017-06,1,0,0.0
county:41059,2017-07,1,0,0.0
county:41059,2017-08,1,0,0.0
county:41059,2017-09,1,0,0.0
county:41059,2017-10,1,0,0.0
county:41059,2017-11,1,0,0.0
county:41059,2017-12,1,0,0.0
county:41059,2018-01,1,0,0.0
county:41059,2018-02,1,0,0.0
county:41059,2018-03,1,0,0.0
county:41059,2018-04,1,0,0.0
county:41059,2018-05,1,0,0.0
county:41059,2018-06,1,0,0.0
county:41059,2018-07,1,0,0.0
county:41059,2018-08,1,0,0.0
county:41059,2018-09,1,0,0.0
county:41059,2018-10,1,0,0.0
county:41059,2018-11,1,0,0.0
county:41059,2018-12,1,0,0.0
county:41059,2019-01,1,0,0.0
county:41059,2019-02,1,0,0.0
county:41059,2019-03,1,0,0.0
county:41059,2019-04,1,0,0.0
county:41059,2019-05,1,0,0.0
county:41059,2019-06,1,0,0.0
county:41059,2019-07,3,2,56630.3
county:41059,2019-08,3,0,56630.3
county:41059,2019-09,3,0,56630.3
county:41059,2019-10,3,0,56630.3
county:41059,2019-11,3,0,56630.3
county:41059,2019-12,3,0,56630.3
county:41059,2020-01,2,-1,36590.8
county:41059,2020-02,2,0,36590.8
county:41059,2020-03,2,0,36590.8
county:41059,2020-04,2,0,36590.8
county:41059,2020-05,2,0,36590.8
county:41059,2020-06,2,0,36590.8
county:41059,2020-07,2,0,36590.8
county:41059,2020-08,2,0,36590.8
county:41059,2020-09,2,0,36590.8
county:41059,2020-10,2,0,36590.8
county:41059,2020-11,2,0,36590.8
county:41059,2020-12,2,0,36590.8
county:41059,2021-01,2,0,36590.8
county:41059,2021-02,2,0,36590.8
county:41059,2021-03,2,0,36590.8
county:41059,2021-04,3,1,61822.4
county:41059,2021-05,3,0,61822.4
county:41059,2021-06,3,0,61822.4
county:41059,2021-07,3,0,61822.4
county:41059,2021-08,3,0,61822.4
county:41059,2021-09,3,0,61822.4
county:41059,2021-10,3,0,61822.4
county:41059,2021-11,3,0,61822.4
county:41059,2021-12,3,0,61822.4
county:41059,2022-01,3,0,61822.4
county:41059,2022-02,3,0,61822.4
county:41059,2022-03,3,0,61822.4
county:41059,2022-04,3,0,61822.4
county:41059,2022-05,3,0,61822.4
county:41059,2022-06,3,0,61822.4
county:41059,2022-07,3,0,61822.4
county:41059,2022-08,3,0,61822.4
county:41059,2022-09,3,0,61822.4
county:41059,2022-10,3,0,61822.4
county:41059,2022-11,3,0,61822.4
county:41059,2022-12,3,0,61822.4
county:41059,2023-01,3,0,61822.4
county:41059,2023-02,3,0,61822.4
county:41059,2023-03,3,0,61822.4
county:41059,2023-04,3,0,61822.4
county:41059,2023-05,16,13,167146.5
county:41059,2023-06,16,0,167146.5
county:41059,2023-07,16,0,167146.5
county:41059,2023-08,16,0,167146.5
county:41059,2023-09,16,0,167146.5
county:41059,2023-10,16,0,167146.5
county:41059,2023-11,16,0,167146.5
county:41059,2023-12,16,0,167146.5
county:41059,2024-01,16,0,167146.5
county:41059,2024-02,20,4,247013.2
county:41059,2024-03,20,0,247013.2
county:41059,2024-04,20,0,247013.2
county:41059,2024-05,25,5,308285.8
county:41059,2024-06,25,0,308285.8
county:41059,2024-07,25,0,308285.8
county:41059,2024-08,25,0,308285.8
county:41059,2024-09,25,0,308285.8
county:41059,2024-10,25,0,308285.8
county:41059,2024-11,25,0,308285.8
county:41059,2024-12,25,0,308285.8
county:41059,2025-01,25,0,308285.8
county:41059,2025-02,25,0,308285.8
county:41059,2025-03,25,0,308285.8
county:41059,2025-04,26,1,349261.0
county:41059,2025-05,31,5,411266.1
county:41059,2025-06,31,0,411266.1
county:41059,2025-07,31,0,411266.1
county:41059,2025-08,31,0,411266.1
county:41059,2025-09,31,0,411266.1
county:41059,2025-10,31,0,411266.1
county:41059,2025-11,31,0,411266.1
county:41059,2025-12,31,0,411266.1
county:41059,2026-01,31,0,411266.1
county:41059,2026-02,31,0,411266.1
county:41059,2026-03,31,0,411266.1
county:41059,2026-04,34,3,470653.5
county:41065,2016-12,1,1,138183.8
county:41065,2017-01,1,0,138183.8
county:41065,2017-02,1,0,138183.8
county:41065,2017-03,1,0,138183.8
county:41065,2017-04,1,0,138183.8
county:41065,2017-05,1,0,138183.8
county:41065,2017-06,1,0,138183.8
county:41065,2017-07,1,0,138183.8
county:41065,2017-08,1,0,138183.8
county:41065,2017-09,1,0,138183.8
county:41065,2017-10,1,0,138183.8
county:41065,2017-11,1,0,138183.8
county:41065,2017-12,1,0,138183.8
county:41065,2018-01,1,0,138183.8
county:41065,2018-02,1,0,138183.8
county:41065,2018-03,1,0,138183.8
county:41065,2018-04,1,0,138183.8
county:41065,2018-05,1,0,138183.8
county:41065,2018-06,1,0,138183.8
county:41065,2018-07,1,0,138183.8
county:41065,2018-08,1,0,138183.8
county:41065,2018-09,1,0,138183.8
county:41065,2018-10,1,0,138183.8
county:41065,2018-11,1,0,138183.8
county:41065,2018-12,1,0,138183.8
county:41065,2019-01,1,0,138183.8
county:41065,2019-02,1,0,138183.8
county:41065,2019-03,1,0,138183.8
county:41065,2019-04,1,0,138183.8
county:41065,2019-05,1,0,138183.8
county:41065,2019-06,1,0,138183.8
county:41065,2019-07,4,3,0.0
county:41065,2019-08,4,0,0.0
county:41065,2019-09,4,0,0.0
county:41065,2019-10,4,0,0.0
county:41065,2019-11,4,0,0.0
county:41065,2019-12,4,0,0.0
county:41065,2020-01,4,0,0.0
county:41065,2020-02,4,0,0.0
county:41065,2020-03,4,0,0.0
county:41065,2020-04,4,0,0.0
county:41065,2020-05,4,0,0.0
county:41065,2020-06,4,0,0.0
county:41065,2020-07,4,0,0.0
county:41065,2020-08,4,0,0.0
county:41065,2020-09,4,0,0.0
county:41065,2020-10,4,0,0.0
county:41065,2020-11,4,0,0.0
county:41065,2020-12,4,0,0.0
county:41065,2021-01,4,0,0.0
county:41065,2021-02,4,0,0.0
county:41065,2021-03,4,0,0.0
county:41065,2021-04,4,0,0.0
county:41065,2021-05,4,0,0.0
county:41065,2021-06,4,0,0.0
county:41065,2021-07,4,0,0.0
county:41065,2021-08,4,0,0.0
county:41065,2021-09,4,0,0.0
county:41065,2021-10,4,0,0.0
county:41065,2021-11,4,0,0.0
county:41065,2021-12,4,0,0.0
county:41065,2022-01,4,0,0.0
county:41065,2022-02,4,0,0.0
county:41065,2022-03,4,0,0.0
county:41065,2022-04,4,0,0.0
county:41065,2022-05,4,0,0.0
county:41065,2022-06,4,0,0.0
county:41065,2022-07,4,0,0.0
county:41065,2022-08,4,0,0.0
county:41065,2022-09,4,0,0.0
county:41065,2022-10,4,0,0.0
county:41065,2022-11,4,0,0.0
county:41065,2022-12,4,0,0.0
county:41065,2023-01,4,0,0.0
county:41065,2023-02,4,0,0.0
county:41065,2023-03,4,0,0.0
county:41065,2023-04,4,0,0.0
county:41065,2023-05,4,0,0.0
county:41065,2023-06,4,0,0.0
county:41065,2023-07,4,0,0.0
county:41065,2023-08,4,0,0.0
county:41065,2023-09,4,0,0.0
county:41065,2023-10,2,-2,240463.9
county:41065,2023-11,2,0,240463.9
county:41065,2023-12,2,0,240463.9
county:41065,2024-01,2,0,240463.9
county:41065,2024-02,2,0,240463.9
county:41065,2024-03,2,0,240463.9
county:41065,2024-04,2,0,240463.9
county:41065,2024-05,2,0,240463.9
county:41065,2024-06,2,0,240463.9
county:41065,2024-07,2,0,240463.9
county:41065,2024-08,2,0,240463.9
county:41065,2024-09,2,0,240463.9
county:41065,2024-10,2,0,240463.9
county:41065,2024-11,2,0,240463.9
county:41065,2024-12,2,0,240463.9
county:41065,2025-01,2,0,240463.9
county:41065,2025-02,2,0,240463.9
county:41065,2025-03,2,0,240463.9
county:41065,2025-04,2,0,240463.9
county:41065,2025-05,2,0,240463.9
county:41065,2025-06,2,0,240463.9
county:41065,2025-07,2,0,240463.9
county:41065,2025-08,2,0,240463.9
county:41065,2025-09,2,0,240463.9
county:41065,2025-10,2,0,240463.9
county:41065,2025-11,2,0,240463.9
county:41065,2025-12,2,0,240463.9
county:41065,2026-01,2,0,240463.9
county:41065,2026-02,2,0,240463.9
county:41065,2026-03,2,0,240463.9
county:41065,2026-04,2,0,240463.9
county:41065,2026-05,4,2,293932.3
county:41067,2021-02,4,4,34314.6
county:41067,2021-03,13,9,179167.7
county:41067,2021-04,13,0,179167.7
county:41067,2021-05,13,0,179167.7
county:41067,2021-06,13,0,179167.7
county:41067,2021-07,13,0,179167.7
county:41067,2021-08,13,0,179167.7
county:41067,2021-09,13,0,179167.7
county:41067,2021-10,12,-1,179167.7
county:41067,2021-11,12,0,179167.7
county:41067,2021-12,12,0,179167.7
county:41067,2022-01,12,0,179167.7
county:41067,2022-02,12,0,179167.7
county:41067,2022-03,12,0,179167.7
county:41067,2022-04,12,0,179167.7
county:41067,2022-05,12,0,179167.7
county:41067,2022-06,12,0,179167.7
county:41067,2022-07,12,0,179167.7
county:41067,2022-08,12,0,179167.7
county:41067,2022-09,13,1,195211.9
county:41067,2022-10,13,0,195211.9
county:41067,2022-11,14,1,209650.9
county:41067,2022-12,14,0,209650.9
county:41067,2023-01,15,1,212001.1
county:41067,2023-02,17,2,228781.7
county:41067,2023-03,18,1,255523.7
county:41067,2023-04,18,0,255523.7
county:41067,2023-05,18,0,255523.7
county:41067,2023-06,18,0,255523.7
county:41067,2023-07,18,0,255523.7
county:41067,2023-08,19,1,271464.5
county:41067,2023-09,19,0,271464.5
county:41067,2023-10,20,1,287629.0
county:41067,2023-11,21,1,303322.4
county:41067,2023-12,21,0,303322.4
county:41067,2024-01,23,2,320450.7
county:41067,2024-02,23,0,320450.7
county:41067,2024-03,23,0,311389.3
county:41067,2024-04,22,-1,311389.3
county:41067,2024-05,22,0,311389.3
county:41067,2024-06,22,0,311389.3
county:41067,2024-07,23,1,319237.0
county:41067,2024-08,23,0,328298.4
county:41067,2024-09,23,0,328298.4
county:41067,2024-10,23,0,328298.4
county:41067,2024-11,23,0,328298.4
county:41067,2024-12,23,0,328298.4
county:41067,2025-01,23,0,328298.4
county:41067,2025-02,23,0,328298.4
county:41067,2025-03,23,0,328298.4
county:41067,2025-04,23,0,328298.4
county:41067,2025-05,24,1,330160.4
county:41067,2025-06,24,0,330160.4
county:41067,2025-07,24,0,330160.4
county:41067,2025-08,24,0,330160.4
county:41067,2025-09,24,0,330160.4
county:41067,2025-10,24,0,330160.4
county:41067,2025-11,24,0,330160.4
county:41067,2025-12,24,0,330160.4
county:41067,2026-01,26,2,366603.0
county:41067,2026-02,26,0,366603.0
county:41067,2026-03,26,0,366603.0
county:41067,2026-04,37,11,490492.2
county:42003,2022-11,1,1,5574.9
county:42003,2022-12,1,0,5574.9
county:42003,2023-01,1,0,5574.9
county:42003,2023-02,1,0,5574.9
county:42003,2023-03,1,0,5574.9
county:42003,2023-04,1,0,5574.9
county:42003,2023-05,1,0,5574.9
county:42003,2023-06,1,0,5574.9
county:42003,2023-07,1,0,5574.9
county:42003,2023-08,1,0,5574.9
county:42003,2023-09,1,0,5574.9
county:42003,2023-10,1,0,5574.9
county:42003,2023-11,3,2,8124.3
county:42003,2023-12,3,0,8124.3
county:42003,2024-01,3,0,8124.3
county:42003,2024-02,3,0,8124.3
county:42003,2024-03,3,0,8124.3
county:42003,2024-04,3,0,8124.3
county:42003,2024-05,3,0,8124.3
county:42003,2024-06,2,-1,8124.3
county:42033,2026-02,1,1,0.0
county:42033,2026-03,1,0,0.0
county:42033,2026-04,1,0,0.0
county:42033,2026-05,0,-1,0.0
county:42033,2026-06,1,1,0.0
county:42077,2021-10,1,1,13574.8
county:42077,2021-11,1,0,13574.8
county:42077,2021-12,1,0,13574.8
county:42077,2022-01,1,0,13574.8
county:42077,2022-02,1,0,13574.8
county:42077,2022-03,1,0,13574.8
county:42077,2022-04,1,0,13574.8
county:42077,2022-05,1,0,13574.8
county:42077,2022-06,1,0,13574.8
county:42077,2022-07,1,0,13574.8
county:42077,2022-08,1,0,13574.8
county:42077,2022-09,1,0,13574.8
county:42077,2022-10,1,0,13574.8
county:42077,2022-11,1,0,13574.8
county:42077,2022-12,1,0,13574.8
county:42077,2023-01,1,0,13574.8
county:42077,2023-02,1,0,13574.8
county:42077,2023-03,1,0,13574.8
county:42077,2023-04,1,0,13574.8
county:42077,2023-05,1,0,13574.8
county:42077,2023-06,1,0,13574.8
county:42077,2023-07,1,0,13574.8
county:42077,2023-08,1,0,13574.8
county:42077,2023-09,1,0,13574.8
county:42077,2023-10,1,0,13574.8
county:42077,2023-11,1,0,13574.8
county:42077,2023-12,1,0,13574.8
county:42077,2024-01,1,0,13574.8
county:42077,2024-02,1,0,13574.8
county:42077,2024-03,1,0,13574.8
county:42077,2024-04,1,0,13574.8
county:42077,2024-05,1,0,13574.8
county:42077,2024-06,1,0,13574.8
county:42077,2024-07,1,0,13574.8
county:42077,2024-08,2,1,18126.6
county:42079,2026-04,3,3,35908.0
county:42091,2022-11,1,1,5794.8
county:42091,2022-12,1,0,5794.8
county:42091,2023-01,1,0,5794.8
county:42091,2023-02,1,0,5794.8
county:42091,2023-03,1,0,5794.8
county:42091,2023-04,1,0,5794.8
county:42091,2023-05,1,0,5794.8
county:42091,2023-06,1,0,5794.8
county:42091,2023-07,1,0,5794.8
county:42091,2023-08,1,0,5794.8
county:42091,2023-09,1,0,5794.8
county:42091,2023-10,1,0,5794.8
county:42091,2023-11,1,0,5794.8
county:42091,2023-12,1,0,5794.8
county:42091,2024-01,1,0,5794.8
county:42091,2024-02,1,0,5794.8
county:42091,2024-03,1,0,5794.8
county:42091,2024-04,1,0,5794.8
county:42091,2024-05,1,0,5794.8
county:42091,2024-06,1,0,5794.8
county:42091,2024-07,1,0,5794.8
county:42091,2024-08,2,1,16101.6
county:42091,2024-09,2,0,16101.6
county:42091,2024-10,2,0,16101.6
county:42091,2024-11,2,0,16101.6
county:42091,2024-12,2,0,16101.6
county:42091,2025-01,2,0,16101.6
county:42091,2025-02,2,0,16101.6
county:42091,2025-03,2,0,16101.6
county:42091,2025-04,2,0,16101.6
county:42091,2025-05,2,0,16101.6
county:42091,2025-06,2,0,16101.6
county:42091,2025-07,2,0,16101.6
county:42091,2025-08,2,0,16101.6
county:42091,2025-09,2,0,16101.6
county:42091,2025-10,2,0,16101.6
county:42091,2025-11,2,0,16101.6
county:42091,2025-12,4,2,19281.1
county:42101,2022-10,1,1,11116.8
county:45003,2024-08,1,1,671476.0
county:45015,2020-09,7,7,13621.8
county:45015,2020-10,7,0,13621.8
county:45015,2020-11,7,0,13621.8
county:45015,2020-12,7,0,13621.8
county:45015,2021-01,7,0,13621.8
county:45015,2021-02,7,0,13621.8
county:45015,2021-03,7,0,13621.8
county:45015,2021-04,7,0,13621.8
county:45015,2021-05,7,0,13621.8
county:45015,2021-06,7,0,13621.8
county:45015,2021-07,7,0,13621.8
county:45015,2021-08,7,0,13621.8
county:45015,2021-09,7,0,13621.8
county:45015,2021-10,7,0,13621.8
county:45015,2021-11,7,0,13621.8
county:45015,2021-12,7,0,13621.8
county:45015,2022-01,7,0,13621.8
county:45015,2022-02,7,0,13621.8
county:45015,2022-03,7,0,13621.8
county:45015,2022-04,7,0,13621.8
county:45015,2022-05,7,0,13621.8
county:45015,2022-06,1,-6,772112.6
county:45015,2022-07,1,0,772112.6
county:45015,2022-08,1,0,772112.6
county:45015,2022-09,1,0,772112.6
county:45015,2022-10,1,0,772112.6
county:45015,2022-11,1,0,772112.6
county:45015,2022-12,1,0,772112.6
county:45015,2023-01,1,0,772112.6
county:45015,2023-02,1,0,772112.6
county:45015,2023-03,1,0,772112.6
county:45015,2023-04,1,0,772112.6
county:45015,2023-05,1,0,772112.6
county:45015,2023-06,1,0,772112.6
county:45015,2023-07,1,0,772112.6
county:45015,2023-08,1,0,772112.6
county:45015,2023-09,1,0,772112.6
county:45015,2023-10,1,0,772112.6
county:45015,2023-11,1,0,772112.6
county:45015,2023-12,1,0,772112.6
county:45015,2024-01,1,0,772112.6
county:45015,2024-02,10,9,969283.7
county:45051,2024-10,1,1,8542.1
county:46099,2021-09,1,1,5199.2
county:46099,2021-10,1,0,5199.2
county:46099,2021-11,1,0,5199.2
county:46099,2021-12,1,0,5199.2
county:46099,2022-01,1,0,5199.2
county:46099,2022-02,1,0,5199.2
county:46099,2022-03,1,0,5199.2
county:46099,2022-04,1,0,5199.2
county:46099,2022-05,1,0,5199.2
county:46099,2022-06,1,0,5199.2
county:46099,2022-07,1,0,5199.2
county:46099,2022-08,1,0,5199.2
county:46099,2022-09,1,0,5199.2
county:46099,2022-10,1,0,5199.2
county:46099,2022-11,1,0,5199.2
county:46099,2022-12,1,0,5199.2
county:46099,2023-01,1,0,5199.2
county:46099,2023-02,1,0,5199.2
county:46099,2023-03,1,0,5199.2
county:46099,2023-04,1,0,5199.2
county:46099,2023-05,1,0,5199.2
county:46099,2023-06,1,0,5199.2
county:46099,2023-07,1,0,5199.2
county:46099,2023-08,1,0,5199.2
county:46099,2023-09,1,0,5199.2
county:46099,2023-10,1,0,5199.2
county:46099,2023-11,1,0,5199.2
county:46099,2023-12,1,0,5199.2
county:46099,2024-01,1,0,5199.2
county:46099,2024-02,1,0,5199.2
county:46099,2024-03,1,0,5199.2
county:46099,2024-04,1,0,5199.2
county:46099,2024-05,1,0,5199.2
county:46099,2024-06,1,0,5199.2
county:46099,2024-07,1,0,5199.2
county:46099,2024-08,1,0,5199.2
county:46099,2024-09,1,0,5199.2
county:46099,2024-10,1,0,5199.2
county:46099,2024-11,1,0,5199.2
county:46099,2024-12,1,0,5199.2
county:46099,2025-01,1,0,5199.2
county:46099,2025-02,1,0,5199.2
county:46099,2025-03,1,0,5199.2
county:46099,2025-04,2,1,27786.3
county:47037,2021-01,1,1,17798.9
county:47037,2021-02,1,0,17798.9
county:47037,2021-03,1,0,17798.9
county:47037,2021-04,1,0,17798.9
county:47037,2021-05,1,0,17798.9
county:47037,2021-06,1,0,17798.9
county:47037,2021-07,1,0,17798.9
county:47037,2021-08,1,0,17798.9
county:47037,2021-09,1,0,17798.9
county:47037,2021-10,1,0,17798.9
county:47037,2021-11,1,0,17798.9
county:47037,2021-12,1,0,17798.9
county:47037,2022-01,1,0,17798.9
county:47037,2022-02,1,0,17798.9
county:47037,2022-03,1,0,17798.9
county:47037,2022-04,1,0,17798.9
county:47037,2022-05,1,0,17798.9
county:47037,2022-06,1,0,17798.9
county:47037,2022-07,1,0,17798.9
county:47037,2022-08,1,0,17798.9
county:47037,2022-09,1,0,17798.9
county:47037,2022-10,1,0,17798.9
county:47037,2022-11,1,0,17798.9
county:47037,2022-12,1,0,17798.9
county:47037,2023-01,1,0,17798.9
county:47037,2023-02,1,0,17798.9
county:47037,2023-03,1,0,17798.9
county:47037,2023-04,1,0,17798.9
county:47037,2023-05,2,1,18760.9
county:47037,2023-06,2,0,18760.9
county:47037,2023-07,2,0,18760.9
county:47037,2023-08,2,0,18760.9
county:47037,2023-09,3,1,27430.5
county:47037,2023-10,3,0,27430.5
county:47037,2023-11,3,0,27430.5
county:47037,2023-12,3,0,27430.5
county:47037,2024-01,3,0,27430.5
county:47037,2024-02,3,0,27430.5
county:47037,2024-03,3,0,27430.5
county:47037,2024-04,3,0,27430.5
county:47037,2024-05,3,0,27430.5
county:47037,2024-06,3,0,27430.5
county:47037,2024-07,3,0,27430.5
county:47037,2024-08,3,0,27430.5
county:47037,2024-09,3,0,27430.5
county:47037,2024-10,3,0,27430.5
county:47037,2024-11,3,0,27430.5
county:47037,2024-12,3,0,27430.5
county:47037,2025-01,3,0,27430.5
county:47037,2025-02,3,0,27430.5
county:47037,2025-03,3,0,27430.5
county:47037,2025-04,3,0,27430.5
county:47037,2025-05,3,0,27430.5
county:47037,2025-06,3,0,27430.5
county:47037,2025-07,3,0,27430.5
county:47037,2025-08,3,0,27430.5
county:47037,2025-09,3,0,27430.5
county:47037,2025-10,3,0,27430.5
county:47037,2025-11,3,0,27430.5
county:47037,2025-12,3,0,27430.5
county:47037,2026-01,3,0,27430.5
county:47037,2026-02,3,0,27430.5
county:47037,2026-03,6,3,158846.8
county:47057,2021-02,1,1,114.5
county:47065,2026-03,1,1,750.6
county:47079,2025-12,1,1,7942.4
county:47125,2020-09,0,0,0.0
county:47125,2020-10,0,0,0.0
county:47125,2020-11,0,0,0.0
county:47125,2020-12,0,0,0.0
county:47125,2021-01,0,0,0.0
county:47125,2021-02,0,0,0.0
county:47125,2021-03,0,0,0.0
county:47125,2021-04,0,0,0.0
county:47125,2021-05,0,0,0.0
county:47125,2021-06,0,0,0.0
county:47125,2021-07,0,0,0.0
county:47125,2021-08,0,0,0.0
county:47125,2021-09,0,0,0.0
county:47125,2021-10,0,0,0.0
county:47125,2021-11,0,0,0.0
county:47125,2021-12,0,0,0.0
county:47125,2022-01,0,0,0.0
county:47125,2022-02,0,0,0.0
county:47125,2022-03,0,0,0.0
county:47125,2022-04,0,0,0.0
county:47125,2022-05,0,0,0.0
county:47125,2022-06,0,0,0.0
county:47125,2022-07,0,0,0.0
county:47125,2022-08,0,0,0.0
county:47125,2022-09,0,0,0.0
county:47125,2022-10,0,0,0.0
county:47125,2022-11,0,0,0.0
county:47125,2022-12,0,0,0.0
county:47125,2023-01,0,0,0.0
county:47125,2023-02,0,0,0.0
county:47125,2023-03,1,1,2472353.4
county:47125,2023-04,1,0,2472353.4
county:47125,2023-05,1,0,2472353.4
county:47125,2023-06,1,0,2472353.4
county:47125,2023-07,1,0,2472353.4
county:47125,2023-08,1,0,2472353.4
county:47125,2023-09,1,0,2472353.4
county:47125,2023-10,1,0,2472353.4
county:47125,2023-11,1,0,2472353.4
county:47125,2023-12,1,0,2472353.4
county:47125,2024-01,1,0,2472353.4
county:47125,2024-02,4,3,2519661.4
county:47125,2024-03,4,0,2519661.4
county:47125,2024-04,4,0,2519661.4
county:47125,2024-05,4,0,2519661.4
county:47125,2024-06,4,0,2519661.4
county:47125,2024-07,4,0,2519661.4
county:47125,2024-08,4,0,2519661.4
county:47125,2024-09,4,0,2519661.4
county:47125,2024-10,4,0,2519661.4
county:47125,2024-11,4,0,2519661.4
county:47125,2024-12,4,0,2519661.4
county:47125,2025-01,4,0,2519661.4
county:47125,2025-02,4,0,2519661.4
county:47125,2025-03,4,0,2519661.4
county:47125,2025-04,4,0,2519661.4
county:47125,2025-05,4,0,2519661.4
county:47125,2025-06,4,0,2519661.4
county:47125,2025-07,4,0,2519661.4
county:47125,2025-08,4,0,2519661.4
county:47125,2025-09,4,0,2519661.4
county:47125,2025-10,4,0,2519661.4
county:47125,2025-11,4,0,2519661.4
county:47125,2025-12,4,0,2519661.4
county:47125,2026-01,5,1,2535431.6
county:47145,2023-02,1,1,0.0
county:47149,2026-05,1,1,22487.7
county:47157,2025-05,1,1,89335.8
county:47157,2025-06,1,0,89335.8
county:47157,2025-07,1,0,89335.8
county:47157,2025-08,2,1,161518.5
county:47157,2025-09,2,0,161518.5
county:47157,2025-10,2,0,161518.5
county:47157,2025-11,2,0,161518.5
county:47157,2025-12,2,0,161518.5
county:47157,2026-01,2,0,161518.5
county:47157,2026-02,2,0,161518.5
county:47157,2026-03,2,0,161518.5
county:47157,2026-04,2,0,161518.5
county:47157,2026-05,4,2,665101.5
county:47165,2023-10,1,1,1583534.4
county:47165,2023-11,1,0,1583534.4
county:47165,2023-12,1,0,1583534.4
county:47165,2024-01,1,0,1583534.4
county:47165,2024-02,1,0,1583534.4
county:47165,2024-03,1,0,1583534.4
county:47165,2024-04,1,0,1583534.4
county:47165,2024-05,1,0,1583534.4
county:47165,2024-06,1,0,1583534.4
county:47165,2024-07,1,0,1583534.4
county:47165,2024-08,1,0,1583534.4
county:47165,2024-09,4,3,1758175.8
county:47187,2023-09,2,2,32980.8
county:47187,2023-10,2,0,32980.8
county:47187,2023-11,2,0,32980.8
county:47187,2023-12,2,0,32980.8
county:47187,2024-01,2,0,32980.8
county:47187,2024-02,2,0,32980.8
county:47187,2024-03,2,0,32980.8
county:47187,2024-04,2,0,32980.8
county:47187,2024-05,2,0,32980.8
county:47187,2024-06,2,0,32980.8
county:47187,2024-07,2,0,32980.8
county:47187,2024-08,4,2,39942.4
county:47187,2024-09,4,0,39942.4
county:47187,2024-10,4,0,39942.4
county:47187,2024-11,4,0,39942.4
county:47187,2024-12,4,0,39942.4
county:47187,2025-01,4,0,39942.4
county:47187,2025-02,4,0,39942.4
county:47187,2025-03,4,0,39942.4
county:47187,2025-04,4,0,39942.4
county:47187,2025-05,5,1,210379.3
county:47187,2025-06,5,0,210379.3
county:47187,2025-07,5,0,210379.3
county:47187,2025-08,5,0,210379.3
county:47187,2025-09,5,0,210379.3
county:47187,2025-10,5,0,210379.3
county:47187,2025-11,5,0,210379.3
county:47187,2025-12,5,0,210379.3
county:47187,2026-01,5,0,210379.3
county:47187,2026-02,5,0,210379.3
county:47187,2026-03,5,0,210379.3
county:47187,2026-04,5,0,210379.3
county:47187,2026-05,6,1,299209.6
county:48005,2025-12,1,1,1206.6
county:48027,2026-04,1,1,13453.9
county:48029,2017-07,16,16,217026.6
county:48029,2017-08,16,0,217026.6
county:48029,2017-09,17,1,889765.2
county:48029,2017-10,17,0,889765.2
county:48029,2017-11,17,0,889765.2
county:48029,2017-12,17,0,889765.2
county:48029,2018-01,17,0,889765.2
county:48029,2018-02,17,0,889765.2
county:48029,2018-03,17,0,889765.2
county:48029,2018-04,17,0,889765.2
county:48029,2018-05,17,0,889765.2
county:48029,2018-06,17,0,889765.2
county:48029,2018-07,17,0,889765.2
county:48029,2018-08,17,0,889765.2
county:48029,2018-09,17,0,889765.2
county:48029,2018-10,17,0,889765.2
county:48029,2018-11,17,0,889765.2
county:48029,2018-12,17,0,889765.2
county:48029,2019-01,17,0,889765.2
county:48029,2019-02,17,0,889765.2
county:48029,2019-03,18,1,249287.3
county:48029,2019-04,18,0,249287.3
county:48029,2019-05,18,0,249287.3
county:48029,2019-06,18,0,249287.3
county:48029,2019-07,18,0,249287.3
county:48029,2019-08,17,-1,243870.7
county:48029,2019-09,17,0,243870.7
county:48029,2019-10,17,0,243870.7
county:48029,2019-11,17,0,243870.7
county:48029,2019-12,17,0,243870.7
county:48029,2020-01,17,0,243870.7
county:48029,2020-02,17,0,243870.7
county:48029,2020-03,17,0,243870.7
county:48029,2020-04,17,0,243870.7
county:48029,2020-05,17,0,243870.7
county:48029,2020-06,17,0,243870.7
county:48029,2020-07,16,-1,243870.7
county:48029,2020-08,16,0,243870.7
county:48029,2020-09,16,0,243870.7
county:48029,2020-10,16,0,243870.7
county:48029,2020-11,16,0,243870.7
county:48029,2020-12,16,0,243870.7
county:48029,2021-01,16,0,243870.7
county:48029,2021-02,16,0,243870.7
county:48029,2021-03,16,0,243870.7
county:48029,2021-04,16,0,243870.7
county:48029,2021-05,16,0,243870.7
county:48029,2021-06,16,0,243870.7
county:48029,2021-07,16,0,243870.7
county:48029,2021-08,16,0,243870.7
county:48029,2021-09,16,0,243870.7
county:48029,2021-10,16,0,243870.7
county:48029,2021-11,16,0,243870.7
county:48029,2021-12,19,3,296570.7
county:48029,2022-01,19,0,296570.7
county:48029,2022-02,19,0,296570.7
county:48029,2022-03,19,0,296570.7
county:48029,2022-04,19,0,296570.7
county:48029,2022-05,19,0,296570.7
county:48029,2022-06,19,0,296570.7
county:48029,2022-07,20,1,309607.0
county:48029,2022-08,20,0,309607.0
county:48029,2022-09,20,0,309607.0
county:48029,2022-10,20,0,309607.0
county:48029,2022-11,20,0,309607.0
county:48029,2022-12,20,0,309607.0
county:48029,2023-01,20,0,309607.0
county:48029,2023-02,20,0,309607.0
county:48029,2023-03,20,0,309607.0
county:48029,2023-04,20,0,309607.0
county:48029,2023-05,20,0,309607.0
county:48029,2023-06,20,0,309607.0
county:48029,2023-07,20,0,309607.0
county:48029,2023-08,20,0,309607.0
county:48029,2023-09,20,0,309607.0
county:48029,2023-10,20,0,309607.0
county:48029,2023-11,20,0,309607.0
county:48029,2023-12,20,0,309607.0
county:48029,2024-01,20,0,309607.0
county:48029,2024-02,20,0,309607.0
county:48029,2024-03,20,0,309607.0
county:48029,2024-04,20,0,309607.0
county:48029,2024-05,20,0,309607.0
county:48029,2024-06,21,1,309648.4
county:48029,2024-07,21,0,309648.4
county:48029,2024-08,22,1,313015.4
county:48029,2024-09,22,0,313015.4
county:48029,2024-10,22,0,313015.4
county:48029,2024-11,22,0,313015.4
county:48029,2024-12,27,5,429649.5
county:48029,2025-01,27,0,429649.5
county:48029,2025-02,27,0,429649.5
county:48029,2025-03,27,0,429649.5
county:48029,2025-04,27,0,429649.5
county:48029,2025-05,27,0,429649.5
county:48029,2025-06,27,0,429649.5
county:48029,2025-07,27,0,429649.5
county:48029,2025-08,27,0,429649.5
county:48029,2025-09,30,3,472693.8
county:48029,2025-10,30,0,472693.8
county:48029,2025-11,30,0,472693.8
county:48029,2025-12,33,3,486072.9
county:48029,2026-01,33,0,486072.9
county:48029,2026-02,33,0,486072.9
county:48029,2026-03,33,0,486072.9
county:48029,2026-04,35,2,519475.4
county:48029,2026-05,36,1,554180.2
county:48085,2017-08,4,4,39844.0
county:48085,2017-09,4,0,39844.0
county:48085,2017-10,4,0,39844.0
county:48085,2017-11,4,0,39844.0
county:48085,2017-12,4,0,39844.0
county:48085,2018-01,4,0,39844.0
county:48085,2018-02,4,0,39844.0
county:48085,2018-03,4,0,39844.0
county:48085,2018-04,4,0,39844.0
county:48085,2018-05,6,2,68127.7
county:48085,2018-06,6,0,68127.7
county:48085,2018-07,6,0,68127.7
county:48085,2018-08,6,0,68127.7
county:48085,2018-09,6,0,68127.7
county:48085,2018-10,6,0,68127.7
county:48085,2018-11,6,0,68127.7
county:48085,2018-12,6,0,68127.7
county:48085,2019-01,6,0,68127.7
county:48085,2019-02,6,0,68127.7
county:48085,2019-03,6,0,68127.7
county:48085,2019-04,6,0,68127.7
county:48085,2019-05,6,0,68127.7
county:48085,2019-06,6,0,68127.7
county:48085,2019-07,6,0,68127.7
county:48085,2019-08,6,0,68127.7
county:48085,2019-09,6,0,68127.7
county:48085,2019-10,6,0,68127.7
county:48085,2019-11,6,0,68127.7
county:48085,2019-12,6,0,68127.7
county:48085,2020-01,6,0,68127.7
county:48085,2020-02,6,0,68127.7
county:48085,2020-03,6,0,68127.7
county:48085,2020-04,6,0,68127.7
county:48085,2020-05,6,0,68127.7
county:48085,2020-06,6,0,68127.7
county:48085,2020-07,6,0,68127.7
county:48085,2020-08,6,0,68127.7
county:48085,2020-09,6,0,68127.7
county:48085,2020-10,6,0,68127.7
county:48085,2020-11,6,0,68127.7
county:48085,2020-12,6,0,68127.7
county:48085,2021-01,6,0,68127.7
county:48085,2021-02,6,0,68127.7
county:48085,2021-03,6,0,68127.7
county:48085,2021-04,6,0,68127.7
county:48085,2021-05,6,0,68127.7
county:48085,2021-06,6,0,68127.7
county:48085,2021-07,6,0,68127.7
county:48085,2021-08,6,0,68127.7
county:48085,2021-09,6,0,68127.7
county:48085,2021-10,6,0,68127.7
county:48085,2021-11,6,0,68127.7
county:48085,2021-12,6,0,68127.7
county:48085,2022-01,6,0,68127.7
county:48085,2022-02,6,0,68127.7
county:48085,2022-03,6,0,68127.7
county:48085,2022-04,6,0,68127.7
county:48085,2022-05,6,0,68127.7
county:48085,2022-06,6,0,68127.7
county:48085,2022-07,6,0,68127.7
county:48085,2022-08,6,0,68127.7
county:48085,2022-09,6,0,68127.7
county:48085,2022-10,6,0,68127.7
county:48085,2022-11,6,0,68127.7
county:48085,2022-12,7,1,75246.3
county:48085,2023-01,7,0,75246.3
county:48085,2023-02,7,0,75246.3
county:48085,2023-03,7,0,75246.3
county:48085,2023-04,7,0,75246.3
county:48085,2023-05,7,0,75246.3
county:48085,2023-06,7,0,75246.3
county:48085,2023-07,7,0,75246.3
county:48085,2023-08,7,0,75246.3
county:48085,2023-09,7,0,75246.3
county:48085,2023-10,7,0,75246.3
county:48085,2023-11,9,2,138884.7
county:48085,2023-12,9,0,138884.7
county:48085,2024-01,9,0,138884.7
county:48085,2024-02,9,0,138884.7
county:48085,2024-03,9,0,138884.7
county:48085,2024-04,9,0,138884.7
county:48085,2024-05,9,0,138884.7
county:48085,2024-06,9,0,138884.7
county:48085,2024-07,9,0,138884.7
county:48085,2024-08,11,2,165489.4
county:48085,2024-09,11,0,165489.4
county:48085,2024-10,11,0,165489.4
county:48085,2024-11,11,0,165489.4
county:48085,2024-12,11,0,165489.4
county:48085,2025-01,11,0,165489.4
county:48085,2025-02,11,0,165489.4
county:48085,2025-03,11,0,165489.4
county:48085,2025-04,11,0,165489.4
county:48085,2025-05,11,0,165489.4
county:48085,2025-06,11,0,165489.4
county:48085,2025-07,11,0,165489.4
county:48085,2025-08,11,0,165489.4
county:48085,2025-09,11,0,165489.4
county:48085,2025-10,13,2,231767.4
county:48085,2025-11,13,0,231767.4
county:48085,2025-12,13,0,231767.4
county:48085,2026-01,13,0,231767.4
county:48085,2026-02,13,0,231767.4
county:48085,2026-03,16,3,444427.3
county:48085,2026-04,16,0,444427.3
county:48085,2026-05,16,0,444427.3
county:48085,2026-06,17,1,452579.8
county:48113,2019-10,1,1,0.0
county:48113,2019-11,1,0,0.0
county:48113,2019-12,1,0,0.0
county:48113,2020-01,1,0,0.0
county:48113,2020-02,1,0,0.0
county:48113,2020-03,1,0,0.0
county:48113,2020-04,1,0,0.0
county:48113,2020-05,1,0,0.0
county:48113,2020-06,1,0,0.0
county:48113,2020-07,1,0,0.0
county:48113,2020-08,1,0,0.0
county:48113,2020-09,2,1,0.0
county:48113,2020-10,3,1,0.0
county:48113,2020-11,2,-1,0.0
county:48113,2020-12,2,0,0.0
county:48113,2021-01,2,0,0.0
county:48113,2021-02,2,0,0.0
county:48113,2021-03,2,0,0.0
county:48113,2021-04,2,0,0.0
county:48113,2021-05,2,0,0.0
county:48113,2021-06,2,0,0.0
county:48113,2021-07,2,0,0.0
county:48113,2021-08,2,0,0.0
county:48113,2021-09,2,0,0.0
county:48113,2021-10,2,0,0.0
county:48113,2021-11,2,0,0.0
county:48113,2021-12,2,0,0.0
county:48113,2022-01,2,0,0.0
county:48113,2022-02,2,0,0.0
county:48113,2022-03,2,0,0.0
county:48113,2022-04,2,0,0.0
county:48113,2022-05,2,0,0.0
county:48113,2022-06,2,0,0.0
county:48113,2022-07,2,0,0.0
county:48113,2022-08,2,0,0.0
county:48113,2022-09,2,0,0.0
county:48113,2022-10,3,1,8257.4
county:48113,2022-11,3,0,8257.4
county:48113,2022-12,4,1,30538.9
county:48113,2023-01,4,0,30538.9
county:48113,2023-02,4,0,30538.9
county:48113,2023-03,4,0,30538.9
county:48113,2023-04,12,8,118966.4
county:48113,2023-05,14,2,160587.2
county:48113,2023-06,14,0,160587.2
county:48113,2023-07,14,0,160587.2
county:48113,2023-08,14,0,160587.2
county:48113,2023-09,14,0,160587.2
county:48113,2023-10,14,0,160587.2
county:48113,2023-11,13,-1,160587.2
county:48113,2023-12,13,0,160587.2
county:48113,2024-01,13,0,160587.2
county:48113,2024-02,13,0,160587.2
county:48113,2024-03,13,0,160587.2
county:48113,2024-04,13,0,160587.2
county:48113,2024-05,13,0,160587.2
county:48113,2024-06,13,0,160587.2
county:48113,2024-07,14,1,186659.1
county:48113,2024-08,15,1,186659.1
county:48113,2024-09,15,0,186659.1
county:48113,2024-10,15,0,186659.1
county:48113,2024-11,15,0,186659.1
county:48113,2024-12,15,0,186659.1
county:48113,2025-01,15,0,186659.1
county:48113,2025-02,15,0,186659.1
county:48113,2025-03,15,0,186659.1
county:48113,2025-04,15,0,186659.1
county:48113,2025-05,15,0,186659.1
county:48113,2025-06,15,0,186659.1
county:48113,2025-07,15,0,186659.1
county:48113,2025-08,15,0,186659.1
county:48113,2025-09,15,0,186659.1
county:48113,2025-10,15,0,186659.1
county:48113,2025-11,16,1,191290.6
county:48113,2025-12,23,7,222759.2
county:48113,2026-01,25,2,226806.5
county:48113,2026-02,25,0,226806.5
county:48113,2026-03,25,0,226806.5
county:48113,2026-04,25,0,226806.5
county:48113,2026-05,25,0,226806.5
county:48113,2026-06,31,6,334281.2
county:48121,2020-06,2,2,29935.7
county:48121,2020-07,2,0,29935.7
county:48121,2020-08,2,0,29935.7
county:48121,2020-09,2,0,29935.7
county:48121,2020-10,2,0,29935.7
county:48121,2020-11,2,0,29935.7
county:48121,2020-12,2,0,29935.7
county:48121,2021-01,2,0,29935.7
county:48121,2021-02,2,0,29935.7
county:48121,2021-03,2,0,29935.7
county:48121,2021-04,2,0,29935.7
county:48121,2021-05,2,0,29935.7
county:48121,2021-06,2,0,29935.7
county:48121,2021-07,2,0,29935.7
county:48121,2021-08,2,0,29935.7
county:48121,2021-09,2,0,29935.7
county:48121,2021-10,2,0,29935.7
county:48121,2021-11,2,0,29935.7
county:48121,2021-12,2,0,29935.7
county:48121,2022-01,2,0,29935.7
county:48121,2022-02,2,0,29935.7
county:48121,2022-03,2,0,29935.7
county:48121,2022-04,2,0,29935.7
county:48121,2022-05,2,0,29935.7
county:48121,2022-06,2,0,29935.7
county:48121,2022-07,2,0,29935.7
county:48121,2022-08,2,0,29935.7
county:48121,2022-09,2,0,29935.7
county:48121,2022-10,2,0,29935.7
county:48125,2026-03,1,1,589338.9
county:48139,2020-09,3,3,30146.9
county:48139,2020-10,3,0,30146.9
county:48139,2020-11,3,0,30146.9
county:48139,2020-12,3,0,30146.9
county:48139,2021-01,3,0,30146.9
county:48139,2021-02,3,0,30146.9
county:48139,2021-03,3,0,30146.9
county:48139,2021-04,3,0,30146.9
county:48139,2021-05,3,0,30146.9
county:48139,2021-06,3,0,30146.9
county:48139,2021-07,3,0,30146.9
county:48139,2021-08,3,0,30146.9
county:48139,2021-09,3,0,30146.9
county:48139,2021-10,3,0,30146.9
county:48139,2021-11,3,0,30146.9
county:48139,2021-12,3,0,30146.9
county:48139,2022-01,3,0,30146.9
county:48139,2022-02,3,0,30146.9
county:48139,2022-03,3,0,30146.9
county:48139,2022-04,3,0,30146.9
county:48139,2022-05,3,0,30146.9
county:48139,2022-06,3,0,30146.9
county:48139,2022-07,3,0,30146.9
county:48139,2022-08,3,0,30146.9
county:48139,2022-09,3,0,30146.9
county:48139,2022-10,3,0,30146.9
county:48139,2022-11,3,0,30146.9
county:48139,2022-12,3,0,30146.9
county:48139,2023-01,3,0,30146.9
county:48139,2023-02,3,0,30146.9
county:48139,2023-03,3,0,30146.9
county:48139,2023-04,3,0,30146.9
county:48139,2023-05,3,0,30146.9
county:48139,2023-06,3,0,30146.9
county:48139,2023-07,3,0,30146.9
county:48139,2023-08,3,0,30146.9
county:48139,2023-09,3,0,30146.9
county:48139,2023-10,3,0,30146.9
county:48139,2023-11,3,0,30146.9
county:48139,2023-12,3,0,30146.9
county:48139,2024-01,3,0,30146.9
county:48139,2024-02,3,0,30146.9
county:48139,2024-03,3,0,30146.9
county:48139,2024-04,3,0,30146.9
county:48139,2024-05,3,0,30146.9
county:48139,2024-06,3,0,30146.9
county:48139,2024-07,3,0,30146.9
county:48139,2024-08,3,0,30146.9
county:48139,2024-09,7,4,30146.9
county:48139,2024-10,7,0,30146.9
county:48139,2024-11,7,0,30146.9
county:48139,2024-12,7,0,30146.9
county:48139,2025-01,7,0,30146.9
county:48139,2025-02,7,0,30146.9
county:48139,2025-03,7,0,30146.9
county:48139,2025-04,7,0,30146.9
county:48139,2025-05,7,0,30146.9
county:48139,2025-06,7,0,30146.9
county:48139,2025-07,7,0,30146.9
county:48139,2025-08,7,0,30146.9
county:48139,2025-09,14,7,289569.6
county:48139,2025-10,14,0,289569.6
county:48139,2025-11,14,0,289569.6
county:48139,2025-12,15,1,315794.7
county:48141,2026-04,1,1,867.9
county:48201,2018-04,1,1,32724.8
county:48201,2018-05,4,3,76978.2
county:48201,2018-06,4,0,76978.2
county:48201,2018-07,4,0,76978.2
county:48201,2018-08,4,0,76978.2
county:48201,2018-09,4,0,76978.2
county:48201,2018-10,4,0,76978.2
county:48201,2018-11,4,0,76978.2
county:48201,2018-12,4,0,76978.2
county:48201,2019-01,4,0,76978.2
county:48201,2019-02,4,0,76978.2
county:48201,2019-03,4,0,76978.2
county:48201,2019-04,4,0,76978.2
county:48201,2019-05,4,0,76978.2
county:48201,2019-06,4,0,76978.2
county:48201,2019-07,4,0,76978.2
county:48201,2019-08,4,0,76978.2
county:48201,2019-09,4,0,76978.2
county:48201,2019-10,4,0,76978.2
county:48201,2019-11,4,0,76978.2
county:48201,2019-12,4,0,76978.2
county:48201,2020-01,4,0,76978.2
county:48201,2020-02,4,0,76978.2
county:48201,2020-03,4,0,76978.2
county:48201,2020-04,4,0,76978.2
county:48201,2020-05,4,0,76978.2
county:48201,2020-06,4,0,76978.2
county:48201,2020-07,4,0,76978.2
county:48201,2020-08,4,0,76978.2
county:48201,2020-09,4,0,76978.2
county:48201,2020-10,4,0,76978.2
county:48201,2020-11,4,0,76978.2
county:48201,2020-12,4,0,76978.2
county:48201,2021-01,4,0,76978.2
county:48201,2021-02,4,0,76978.2
county:48201,2021-03,4,0,76978.2
county:48201,2021-04,4,0,76978.2
county:48201,2021-05,4,0,76978.2
county:48201,2021-06,4,0,76978.2
county:48201,2021-07,4,0,76978.2
county:48201,2021-08,4,0,76978.2
county:48201,2021-09,4,0,76978.2
county:48201,2021-10,4,0,76978.2
county:48201,2021-11,4,0,76978.2
county:48201,2021-12,4,0,76978.2
county:48201,2022-01,4,0,76978.2
county:48201,2022-02,4,0,76978.2
county:48201,2022-03,4,0,76978.2
county:48201,2022-04,4,0,76978.2
county:48201,2022-05,4,0,76978.2
county:48201,2022-06,4,0,76978.2
county:48201,2022-07,4,0,76978.2
county:48201,2022-08,4,0,76978.2
county:48201,2022-09,4,0,76978.2
county:48201,2022-10,5,1,79346.1
county:48201,2022-11,5,0,79346.1
county:48201,2022-12,5,0,79346.1
county:48201,2023-01,5,0,79346.1
county:48201,2023-02,5,0,79346.1
county:48201,2023-03,5,0,79346.1
county:48201,2023-04,5,0,79346.1
county:48201,2023-05,5,0,79346.1
county:48201,2023-06,5,0,79346.1
county:48201,2023-07,5,0,79346.1
county:48201,2023-08,5,0,79346.1
county:48201,2023-09,5,0,79346.1
county:48201,2023-10,5,0,79346.1
county:48201,2023-11,6,1,111355.0
county:48221,2025-09,1,1,164335.2
county:48325,2021-12,1,1,21265.3
county:48331,2025-11,1,1,404871.2
county:48339,2021-10,2,2,11717.1
county:48349,2025-11,1,1,1088627.0
county:48389,2026-05,6,6,218866.1
county:48439,2016-12,1,1,0.0
county:48439,2017-01,1,0,0.0
county:48439,2017-02,1,0,0.0
county:48439,2017-03,1,0,0.0
county:48439,2017-04,1,0,0.0
county:48439,2017-05,1,0,0.0
county:48439,2017-06,1,0,0.0
county:48439,2017-07,1,0,0.0
county:48439,2017-08,1,0,0.0
county:48439,2017-09,1,0,0.0
county:48439,2017-10,1,0,0.0
county:48439,2017-11,1,0,0.0
county:48439,2017-12,1,0,0.0
county:48439,2018-01,1,0,0.0
county:48439,2018-02,1,0,0.0
county:48439,2018-03,1,0,0.0
county:48439,2018-04,2,1,58937.3
county:48439,2018-05,2,0,58937.3
county:48439,2018-06,2,0,58937.3
county:48439,2018-07,2,0,58937.3
county:48439,2018-08,2,0,58937.3
county:48439,2018-09,2,0,58937.3
county:48439,2018-10,2,0,58937.3
county:48439,2018-11,2,0,58937.3
county:48439,2018-12,2,0,58937.3
county:48439,2019-01,2,0,58937.3
county:48439,2019-02,2,0,58937.3
county:48439,2019-03,2,0,58937.3
county:48439,2019-04,2,0,58937.3
county:48439,2019-05,2,0,58937.3
county:48439,2019-06,2,0,58937.3
county:48439,2019-07,2,0,58937.3
county:48439,2019-08,2,0,58937.3
county:48439,2019-09,2,0,58937.3
county:48439,2019-10,2,0,58937.3
county:48439,2019-11,2,0,58937.3
county:48439,2019-12,2,0,58937.3
county:48439,2020-01,2,0,58937.3
county:48439,2020-02,2,0,58937.3
county:48439,2020-03,2,0,58937.3
county:48439,2020-04,2,0,58937.3
county:48439,2020-05,2,0,58937.3
county:48439,2020-06,4,2,195170.1
county:48439,2020-07,4,0,195170.1
county:48439,2020-08,4,0,195170.1
county:48439,2020-09,4,0,195170.1
county:48439,2020-10,4,0,195170.1
county:48439,2020-11,4,0,195170.1
county:48439,2020-12,4,0,195170.1
county:48439,2021-01,4,0,195170.1
county:48439,2021-02,4,0,195170.1
county:48439,2021-03,4,0,195170.1
county:48439,2021-04,4,0,195170.1
county:48439,2021-05,4,0,195170.1
county:48439,2021-06,4,0,195170.1
county:48439,2021-07,4,0,195170.1
county:48439,2021-08,4,0,195170.1
county:48439,2021-09,4,0,195170.1
county:48439,2021-10,4,0,195170.1
county:48439,2021-11,4,0,195170.1
county:48439,2021-12,4,0,195170.1
county:48439,2022-01,4,0,195170.1
county:48439,2022-02,4,0,195170.1
county:48439,2022-03,4,0,195170.1
county:48439,2022-04,4,0,195170.1
county:48439,2022-05,4,0,195170.1
county:48439,2022-06,4,0,195170.1
county:48439,2022-07,5,1,211556.6
county:48439,2022-08,5,0,211556.6
county:48439,2022-09,5,0,211556.6
county:48439,2022-10,5,0,211556.6
county:48439,2022-11,5,0,211556.6
county:48439,2022-12,5,0,211556.6
county:48439,2023-01,5,0,211556.6
county:48439,2023-02,5,0,211556.6
county:48439,2023-03,5,0,211556.6
county:48439,2023-04,5,0,211556.6
county:48439,2023-05,5,0,211556.6
county:48439,2023-06,5,0,211556.6
county:48439,2023-07,5,0,211556.6
county:48439,2023-08,5,0,211556.6
county:48439,2023-09,6,1,240193.5
county:48439,2023-10,6,0,240193.5
county:48439,2023-11,7,1,244159.7
county:48439,2023-12,7,0,244159.7
county:48439,2024-01,7,0,244159.7
county:48439,2024-02,7,0,244159.7
county:48439,2024-03,7,0,244159.7
county:48439,2024-04,7,0,244159.7
county:48439,2024-05,7,0,244159.7
county:48439,2024-06,7,0,244159.7
county:48439,2024-07,7,0,244159.7
county:48439,2024-08,7,0,244159.7
county:48439,2024-09,7,0,244159.7
county:48439,2024-10,7,0,244159.7
county:48439,2024-11,7,0,244159.7
county:48439,2024-12,7,0,244159.7
county:48439,2025-01,7,0,244159.7
county:48439,2025-02,7,0,244159.7
county:48439,2025-03,7,0,244159.7
county:48439,2025-04,7,0,244159.7
county:48439,2025-05,7,0,244159.7
county:48439,2025-06,7,0,244159.7
county:48439,2025-07,7,0,244159.7
county:48439,2025-08,7,0,244159.7
county:48439,2025-09,7,0,244159.7
county:48439,2025-10,8,1,261649.4
county:48439,2025-11,8,0,261649.4
county:48439,2025-12,8,0,261649.4
county:48439,2026-01,8,0,261649.4
county:48439,2026-02,8,0,261649.4
county:48439,2026-03,8,0,261649.4
county:48439,2026-04,9,1,266410.7
county:48453,2023-09,1,1,855.6
county:48453,2023-10,1,0,855.6
county:48453,2023-11,5,4,36132.5
county:48453,2023-12,5,0,36132.5
county:48453,2024-01,5,0,36132.5
county:48453,2024-02,5,0,36132.5
county:48453,2024-03,5,0,36132.5
county:48453,2024-04,5,0,80961.3
county:48453,2024-05,5,0,80961.3
county:48453,2024-06,5,0,80961.3
county:48453,2024-07,5,0,80961.3
county:48453,2024-08,5,0,80961.3
county:48453,2024-09,5,0,80961.3
county:48453,2024-10,5,0,80961.3
county:48453,2024-11,5,0,80961.3
county:48453,2024-12,14,9,154013.9
county:48453,2025-01,14,0,154013.9
county:48453,2025-02,14,0,154013.9
county:48453,2025-03,15,1,157366.7
county:48453,2025-04,15,0,157366.7
county:48453,2025-05,15,0,157366.7
county:48453,2025-06,15,0,157366.7
county:48453,2025-07,16,1,196958.1
county:48475,2025-12,1,1,0.0
county:48485,2025-09,1,1,3635.1
county:48491,2026-03,1,1,16184.0
county:49035,2019-08,1,1,0.0
county:49035,2019-09,1,0,0.0
county:49035,2019-10,1,0,0.0
county:49035,2019-11,1,0,0.0
county:49035,2019-12,1,0,0.0
county:49035,2020-01,1,0,0.0
county:49035,2020-02,1,0,0.0
county:49035,2020-03,1,0,0.0
county:49035,2020-04,1,0,0.0
county:49035,2020-05,1,0,0.0
county:49035,2020-06,1,0,0.0
county:49035,2020-07,1,0,0.0
county:49035,2020-08,1,0,0.0
county:49035,2020-09,1,0,0.0
county:49035,2020-10,1,0,0.0
county:49035,2020-11,1,0,0.0
county:49035,2020-12,1,0,0.0
county:49035,2021-01,1,0,0.0
county:49035,2021-02,1,0,0.0
county:49035,2021-03,1,0,0.0
county:49035,2021-04,0,-1,0.0
county:49035,2021-05,0,0,0.0
county:49035,2021-06,0,0,0.0
county:49035,2021-07,0,0,0.0
county:49035,2021-08,0,0,0.0
county:49035,2021-09,0,0,0.0
county:49035,2021-10,0,0,0.0
county:49035,2021-11,0,0,0.0
county:49035,2021-12,0,0,0.0
county:49035,2022-01,0,0,0.0
county:49035,2022-02,0,0,0.0
county:49035,2022-03,0,0,0.0
county:49035,2022-04,0,0,0.0
county:49035,2022-05,0,0,0.0
county:49035,2022-06,0,0,0.0
county:49035,2022-07,0,0,0.0
county:49035,2022-08,0,0,0.0
county:49035,2022-09,0,0,0.0
county:49035,2022-10,0,0,0.0
county:49035,2022-11,0,0,0.0
county:49035,2022-12,0,0,0.0
county:49035,2023-01,0,0,0.0
county:49035,2023-02,0,0,0.0
county:49035,2023-03,0,0,0.0
county:49035,2023-04,0,0,0.0
county:49035,2023-05,0,0,0.0
county:49035,2023-06,0,0,0.0
county:49035,2023-07,0,0,0.0
county:49035,2023-08,0,0,0.0
county:49035,2023-09,0,0,0.0
county:49035,2023-10,0,0,0.0
county:49035,2023-11,0,0,0.0
county:49035,2023-12,0,0,0.0
county:49035,2024-01,0,0,0.0
county:49035,2024-02,0,0,0.0
county:49035,2024-03,0,0,0.0
county:49035,2024-04,0,0,0.0
county:49035,2024-05,0,0,0.0
county:49035,2024-06,0,0,0.0
county:49035,2024-07,0,0,0.0
county:49035,2024-08,6,6,43120.3
county:49035,2024-09,6,0,43120.3
county:49035,2024-10,6,0,43120.3
county:49035,2024-11,6,0,43120.3
county:49035,2024-12,6,0,43120.3
county:49035,2025-01,6,0,43120.3
county:49035,2025-02,6,0,43120.3
county:49035,2025-03,6,0,43120.3
county:49035,2025-04,6,0,43120.3
county:49035,2025-05,6,0,43120.3
county:49035,2025-06,6,0,43120.3
county:49035,2025-07,6,0,43120.3
county:49035,2025-08,6,0,43120.3
county:49035,2025-09,6,0,43120.3
county:49035,2025-10,6,0,43120.3
county:49035,2025-11,6,0,43120.3
county:49035,2025-12,6,0,43120.3
county:49035,2026-01,6,0,43120.3
county:49035,2026-02,6,0,43120.3
county:49035,2026-03,6,0,43120.3
county:49035,2026-04,6,0,43120.3
county:49035,2026-05,6,0,43120.3
county:49035,2026-06,13,7,79726.6
county:49047,2025-06,1,1,1205.1
county:49049,2023-02,4,4,2260665.1
county:49049,2023-03,4,0,2260665.1
county:49049,2023-04,4,0,2260665.1
county:49049,2023-05,4,0,2260665.1
county:49049,2023-06,4,0,2260665.1
county:49049,2023-07,4,0,2260665.1
county:49049,2023-08,4,0,2260665.1
county:49049,2023-09,4,0,2260665.1
county:49049,2023-10,4,0,2260665.1
county:49049,2023-11,4,0,2260665.1
county:49049,2023-12,4,0,2260665.1
county:49049,2024-01,4,0,2260665.1
county:49049,2024-02,4,0,2260665.1
county:49049,2024-03,4,0,2260665.1
county:49049,2024-04,4,0,2260665.1
county:49049,2024-05,4,0,2260665.1
county:49049,2024-06,4,0,2260665.1
county:49049,2024-07,4,0,2260665.1
county:49049,2024-08,5,1,2260665.1
county:49049,2024-09,5,0,2260665.1
county:49049,2024-10,5,0,2260665.1
county:49049,2024-11,5,0,2260665.1
county:49049,2024-12,5,0,2260665.1
county:49049,2025-01,5,0,2260665.1
county:49049,2025-02,5,0,2260665.1
county:49049,2025-03,5,0,2260665.1
county:49049,2025-04,5,0,2260665.1
county:49049,2025-05,5,0,2260665.1
county:49049,2025-06,5,0,2260665.1
county:49049,2025-07,5,0,2260665.1
county:49049,2025-08,5,0,2260665.1
county:49049,2025-09,5,0,2260665.1
county:49049,2025-10,5,0,2260665.1
county:49049,2025-11,5,0,2260665.1
county:49049,2025-12,5,0,2260665.1
county:49049,2026-01,5,0,2260665.1
county:49049,2026-02,7,2,2324674.5
county:49053,2025-06,1,1,170.4
county:51019,2021-09,1,1,0.0
county:51019,2021-10,1,0,0.0
county:51019,2021-11,1,0,0.0
county:51019,2021-12,1,0,0.0
county:51019,2022-01,1,0,0.0
county:51019,2022-02,1,0,0.0
county:51019,2022-03,1,0,0.0
county:51019,2022-04,1,0,0.0
county:51019,2022-05,1,0,0.0
county:51019,2022-06,1,0,0.0
county:51019,2022-07,1,0,0.0
county:51019,2022-08,1,0,0.0
county:51019,2022-09,1,0,0.0
county:51019,2022-10,1,0,0.0
county:51019,2022-11,1,0,0.0
county:51019,2022-12,1,0,0.0
county:51019,2023-01,1,0,0.0
county:51019,2023-02,1,0,0.0
county:51019,2023-03,1,0,0.0
county:51019,2023-04,1,0,0.0
county:51019,2023-05,1,0,0.0
county:51019,2023-06,1,0,0.0
county:51019,2023-07,1,0,0.0
county:51019,2023-08,1,0,0.0
county:51019,2023-09,1,0,0.0
county:51019,2023-10,1,0,0.0
county:51019,2023-11,1,0,0.0
county:51019,2023-12,1,0,0.0
county:51019,2024-01,1,0,0.0
county:51019,2024-02,1,0,0.0
county:51019,2024-03,1,0,0.0
county:51019,2024-04,1,0,0.0
county:51019,2024-05,1,0,0.0
county:51019,2024-06,0,-1,0.0
county:51041,2026-03,6,6,354366.0
county:51047,2023-12,1,1,120768.2
county:51059,2016-12,6,6,32256.7
county:51059,2017-01,6,0,32256.7
county:51059,2017-02,6,0,32256.7
county:51059,2017-03,6,0,32256.7
county:51059,2017-04,6,0,32256.7
county:51059,2017-05,6,0,32256.7
county:51059,2017-06,6,0,32256.7
county:51059,2017-07,6,0,32256.7
county:51059,2017-08,6,0,32256.7
county:51059,2017-09,6,0,32256.7
county:51059,2017-10,7,1,41197.8
county:51059,2017-11,7,0,41197.8
county:51059,2017-12,7,0,41197.8
county:51059,2018-01,7,0,41197.8
county:51059,2018-02,7,0,41197.8
county:51059,2018-03,7,0,41197.8
county:51059,2018-04,7,0,41197.8
county:51059,2018-05,7,0,41197.8
county:51059,2018-06,7,0,41197.8
county:51059,2018-07,7,0,41197.8
county:51059,2018-08,7,0,41197.8
county:51059,2018-09,7,0,41197.8
county:51059,2018-10,7,0,41197.8
county:51059,2018-11,7,0,41197.8
county:51059,2018-12,7,0,41197.8
county:51059,2019-01,7,0,41197.8
county:51059,2019-02,7,0,41197.8
county:51059,2019-03,7,0,41197.8
county:51059,2019-04,7,0,41197.8
county:51059,2019-05,7,0,41197.8
county:51059,2019-06,7,0,41197.8
county:51059,2019-07,7,0,41197.8
county:51059,2019-08,7,0,41197.8
county:51059,2019-09,7,0,41197.8
county:51059,2019-10,7,0,41197.8
county:51059,2019-11,7,0,41197.8
county:51059,2019-12,7,0,41197.8
county:51059,2020-01,7,0,41197.8
county:51059,2020-02,7,0,41197.8
county:51059,2020-03,7,0,41197.8
county:51059,2020-04,7,0,41197.8
county:51059,2020-05,7,0,41197.8
county:51059,2020-06,7,0,41197.8
county:51059,2020-07,7,0,41197.8
county:51059,2020-08,7,0,41197.8
county:51059,2020-09,7,0,41197.8
county:51059,2020-10,8,1,41197.8
county:51059,2020-11,8,0,41197.8
county:51059,2020-12,8,0,41197.8
county:51059,2021-01,8,0,41197.8
county:51059,2021-02,8,0,41197.8
county:51059,2021-03,8,0,41197.8
county:51059,2021-04,8,0,41197.8
county:51059,2021-05,8,0,41197.8
county:51059,2021-06,8,0,41197.8
county:51059,2021-07,8,0,41197.8
county:51059,2021-08,8,0,41197.8
county:51059,2021-09,8,0,41197.8
county:51059,2021-10,8,0,41197.8
county:51059,2021-11,8,0,41197.8
county:51059,2021-12,8,0,41197.8
county:51059,2022-01,8,0,41197.8
county:51059,2022-02,8,0,41197.8
county:51059,2022-03,8,0,41197.8
county:51059,2022-04,9,1,41197.8
county:51059,2022-05,9,0,41197.8
county:51059,2022-06,9,0,41197.8
county:51059,2022-07,9,0,41197.8
county:51059,2022-08,9,0,41197.8
county:51059,2022-09,10,1,41197.8
county:51059,2022-10,10,0,41197.8
county:51059,2022-11,10,0,41197.8
county:51059,2022-12,10,0,41197.8
county:51059,2023-01,11,1,54021.7
county:51059,2023-02,11,0,54021.7
county:51059,2023-03,11,0,54021.7
county:51059,2023-04,11,0,54021.7
county:51059,2023-05,11,0,54021.7
county:51059,2023-06,11,0,54021.7
county:51059,2023-07,11,0,54021.7
county:51059,2023-08,11,0,54021.7
county:51059,2023-09,12,1,55817.1
county:51059,2023-10,12,0,55817.1
county:51059,2023-11,12,0,55817.1
county:51059,2023-12,12,0,55817.1
county:51059,2024-01,12,0,55817.1
county:51059,2024-02,14,2,78107.8
county:51059,2024-03,14,0,78107.8
county:51059,2024-04,14,0,78107.8
county:51059,2024-05,14,0,78107.8
county:51059,2024-06,14,0,78107.8
county:51059,2024-07,14,0,78107.8
county:51059,2024-08,15,1,85513.1
county:51059,2024-09,17,2,92623.3
county:51059,2024-10,17,0,92623.3
county:51059,2024-11,17,0,92623.3
county:51059,2024-12,22,5,132513.1
county:51059,2025-01,22,0,132513.1
county:51059,2025-02,22,0,132513.1
county:51059,2025-03,22,0,132513.1
county:51059,2025-04,22,0,132513.1
county:51059,2025-05,22,0,132513.1
county:51059,2025-06,22,0,132513.1
county:51059,2025-07,22,0,132513.1
county:51059,2025-08,22,0,132513.1
county:51059,2025-09,27,5,192342.6
county:51059,2025-10,27,0,192342.6
county:51059,2025-11,27,0,192342.6
county:51059,2025-12,27,0,192342.6
county:51059,2026-01,27,0,192342.6
county:51059,2026-02,27,0,192342.6
county:51059,2026-03,27,0,192342.6
county:51059,2026-04,27,0,192342.6
county:51059,2026-05,32,5,227473.9
county:51061,2024-06,1,1,0.0
county:51061,2024-07,1,0,0.0
county:51061,2024-08,1,0,0.0
county:51061,2024-09,1,0,0.0
county:51061,2024-10,1,0,0.0
county:51061,2024-11,1,0,0.0
county:51061,2024-12,1,0,7969.5
county:51061,2025-01,1,0,7969.5
county:51061,2025-02,1,0,7969.5
county:51061,2025-03,1,0,7969.5
county:51061,2025-04,3,2,23468.4
county:51069,2023-12,1,1,25381.0
county:51087,2019-10,2,2,18108.2
county:51087,2019-11,2,0,18108.2
county:51087,2019-12,2,0,18108.2
county:51087,2020-01,2,0,18108.2
county:51087,2020-02,2,0,18108.2
county:51087,2020-03,2,0,18108.2
county:51087,2020-04,2,0,18108.2
county:51087,2020-05,2,0,18108.2
county:51087,2020-06,2,0,18108.2
county:51087,2020-07,2,0,18108.2
county:51087,2020-08,2,0,18108.2
county:51087,2020-09,2,0,18108.2
county:51087,2020-10,2,0,18108.2
county:51087,2020-11,2,0,18108.2
county:51087,2020-12,2,0,18108.2
county:51087,2021-01,2,0,18108.2
county:51087,2021-02,2,0,18108.2
county:51087,2021-03,2,0,18108.2
county:51087,2021-04,2,0,18108.2
county:51087,2021-05,2,0,18108.2
county:51087,2021-06,2,0,18108.2
county:51087,2021-07,2,0,18108.2
county:51087,2021-08,2,0,18108.2
county:51087,2021-09,2,0,18108.2
county:51087,2021-10,2,0,18108.2
county:51087,2021-11,2,0,18108.2
county:51087,2021-12,2,0,18108.2
county:51087,2022-01,2,0,18108.2
county:51087,2022-02,2,0,18108.2
county:51087,2022-03,2,0,18108.2
county:51087,2022-04,2,0,18108.2
county:51087,2022-05,2,0,18108.2
county:51087,2022-06,2,0,18108.2
county:51087,2022-07,2,0,18108.2
county:51087,2022-08,2,0,18108.2
county:51087,2022-09,2,0,18108.2
county:51087,2022-10,2,0,18108.2
county:51087,2022-11,2,0,18108.2
county:51087,2022-12,2,0,18108.2
county:51087,2023-01,2,0,18108.2
county:51087,2023-02,2,0,18108.2
county:51087,2023-03,2,0,18108.2
county:51087,2023-04,2,0,18108.2
county:51087,2023-05,2,0,18108.2
county:51087,2023-06,2,0,18108.2
county:51087,2023-07,2,0,18108.2
county:51087,2023-08,2,0,18108.2
county:51087,2023-09,2,0,18108.2
county:51087,2023-10,2,0,18108.2
county:51087,2023-11,2,0,18108.2
county:51087,2023-12,3,1,743467.9
county:51087,2024-01,3,0,743467.9
county:51087,2024-02,3,0,743467.9
county:51087,2024-03,3,0,743467.9
county:51087,2024-04,3,0,743467.9
county:51087,2024-05,3,0,743467.9
county:51087,2024-06,3,0,743467.9
county:51087,2024-07,3,0,743467.9
county:51087,2024-08,4,1,747163.4
county:51087,2024-09,6,2,832272.9
county:51087,2024-10,6,0,832272.9
county:51087,2024-11,6,0,832272.9
county:51087,2024-12,6,0,832272.9
county:51087,2025-01,6,0,832272.9
county:51087,2025-02,6,0,832272.9
county:51087,2025-03,6,0,832272.9
county:51087,2025-04,6,0,832272.9
county:51087,2025-05,7,1,888451.1
county:51087,2025-06,7,0,888451.1
county:51087,2025-07,7,0,888451.1
county:51087,2025-08,7,0,888451.1
county:51087,2025-09,7,0,888451.1
county:51087,2025-10,7,0,888451.1
county:51087,2025-11,7,0,888451.1
county:51087,2025-12,7,0,888451.1
county:51087,2026-01,7,0,888451.1
county:51087,2026-02,7,0,888451.1
county:51087,2026-03,31,24,3221858.3
county:51107,2016-12,39,39,705672.2
county:51107,2017-01,39,0,705672.2
county:51107,2017-02,39,0,705672.2
county:51107,2017-03,39,0,705672.2
county:51107,2017-04,39,0,705672.2
county:51107,2017-05,39,0,705672.2
county:51107,2017-06,39,0,705672.2
county:51107,2017-07,39,0,705672.2
county:51107,2017-08,39,0,705672.2
county:51107,2017-09,39,0,705672.2
county:51107,2017-10,39,0,705672.2
county:51107,2017-11,39,0,705672.2
county:51107,2017-12,39,0,705672.2
county:51107,2018-01,39,0,705672.2
county:51107,2018-02,39,0,705672.2
county:51107,2018-03,39,0,705672.2
county:51107,2018-04,39,0,705672.2
county:51107,2018-05,39,0,705672.2
county:51107,2018-06,39,0,705672.2
county:51107,2018-07,45,6,779092.5
county:51107,2018-08,45,0,779092.5
county:51107,2018-09,45,0,779092.5
county:51107,2018-10,45,0,779092.5
county:51107,2018-11,48,3,869270.0
county:51107,2018-12,48,0,869270.0
county:51107,2019-01,48,0,869270.0
county:51107,2019-02,48,0,869270.0
county:51107,2019-03,48,0,869270.0
county:51107,2019-04,48,0,869270.0
county:51107,2019-05,48,0,869270.0
county:51107,2019-06,50,2,882738.4
county:51107,2019-07,72,22,1066340.1
county:51107,2019-08,72,0,1066340.1
county:51107,2019-09,72,0,1066340.1
county:51107,2019-10,72,0,1066340.1
county:51107,2019-11,72,0,1066340.1
county:51107,2019-12,72,0,1066340.1
county:51107,2020-01,72,0,1066340.1
county:51107,2020-02,72,0,1066340.1
county:51107,2020-03,72,0,1066340.1
county:51107,2020-04,81,9,1241474.5
county:51107,2020-05,81,0,1241474.5
county:51107,2020-06,79,-2,1167032.2
county:51107,2020-07,83,4,1283802.7
county:51107,2020-08,83,0,1283802.7
county:51107,2020-09,88,5,1345397.3
county:51107,2020-10,88,0,1345397.3
county:51107,2020-11,90,2,1358720.9
county:51107,2020-12,91,1,1368544.0
county:51107,2021-01,95,4,1686239.5
county:51107,2021-02,95,0,1686239.5
county:51107,2021-03,95,0,1686239.5
county:51107,2021-04,96,1,1794859.9
county:51107,2021-05,96,0,1794859.9
county:51107,2021-06,102,6,1877130.9
county:51107,2021-07,105,3,1910491.8
county:51107,2021-08,105,0,1910491.8
county:51107,2021-09,109,4,1931367.0
county:51107,2021-10,119,10,2200734.9
county:51107,2021-11,119,0,2200734.9
county:51107,2021-12,123,4,2245756.4
county:51107,2022-01,134,11,2722808.8
county:51107,2022-02,134,0,2722808.8
county:51107,2022-03,134,0,2722808.8
county:51107,2022-04,134,0,2722808.8
county:51107,2022-05,134,0,2722808.8
county:51107,2022-06,134,0,2722808.8
county:51107,2022-07,134,0,2722808.8
county:51107,2022-08,136,2,2749485.9
county:51107,2022-09,136,0,2749485.9
county:51107,2022-10,137,1,2761794.8
county:51107,2022-11,138,1,2856773.8
county:51107,2022-12,138,0,2856773.8
county:51107,2023-01,138,0,2856773.8
county:51107,2023-02,139,1,2856773.8
county:51107,2023-03,142,3,2902893.0
county:51107,2023-04,148,6,3247155.0
county:51107,2023-05,151,3,3276791.8
county:51107,2023-06,152,1,3290737.7
county:51107,2023-07,170,18,3720051.0
county:51107,2023-08,170,0,3720051.0
county:51107,2023-09,171,1,3724605.4
county:51107,2023-10,171,0,3724605.4
county:51107,2023-11,175,4,3738900.5
county:51107,2023-12,174,-1,3597296.0
county:51107,2024-01,174,0,3597296.0
county:51107,2024-02,178,4,3620535.9
county:51107,2024-03,178,0,3620535.9
county:51107,2024-04,181,3,3646417.3
county:51107,2024-05,183,2,3648986.0
county:51107,2024-06,187,4,3672913.0
county:51107,2024-07,189,2,3697100.8
county:51107,2024-08,191,2,3713041.1
county:51107,2024-09,194,3,3792486.1
county:51107,2024-10,194,0,3792486.1
county:51107,2024-11,195,1,3792486.1
county:51107,2024-12,199,4,4381614.2
county:51107,2025-01,199,0,4381614.2
county:51107,2025-02,199,0,4381614.2
county:51107,2025-03,199,0,4381614.2
county:51107,2025-04,202,3,4448504.7
county:51107,2025-05,203,1,4890072.1
county:51107,2025-06,203,0,4890072.1
county:51107,2025-07,203,0,4890072.1
county:51107,2025-08,203,0,4890072.1
county:51107,2025-09,205,2,4890072.1
county:51107,2025-10,210,5,4969082.3
county:51107,2025-11,210,0,4969082.3
county:51107,2025-12,213,3,5021132.7
county:51107,2026-01,213,0,5021132.7
county:51107,2026-02,213,0,5038727.7
county:51107,2026-03,212,-1,5038727.7
county:51107,2026-04,212,0,5038727.7
county:51107,2026-05,219,7,5194277.9
county:51107,2026-06,216,-3,5194277.9
county:51117,2022-08,1,1,0.0
county:51117,2022-09,1,0,0.0
county:51117,2022-10,1,0,0.0
county:51117,2022-11,1,0,0.0
county:51117,2022-12,1,0,0.0
county:51117,2023-01,1,0,0.0
county:51117,2023-02,1,0,0.0
county:51117,2023-03,1,0,0.0
county:51117,2023-04,1,0,0.0
county:51117,2023-05,1,0,0.0
county:51117,2023-06,1,0,0.0
county:51117,2023-07,1,0,0.0
county:51117,2023-08,1,0,0.0
county:51117,2023-09,1,0,0.0
county:51117,2023-10,1,0,0.0
county:51117,2023-11,1,0,0.0
county:51117,2023-12,2,1,1102062.5
county:51117,2024-01,2,0,1102062.5
county:51117,2024-02,2,0,1102062.5
county:51117,2024-03,2,0,1102062.5
county:51117,2024-04,2,0,1102062.5
county:51117,2024-05,2,0,1102062.5
county:51117,2024-06,2,0,1102062.5
county:51117,2024-07,2,0,1102062.5
county:51117,2024-08,1,-1,1102062.5
county:51153,2016-12,7,7,59036.2
county:51153,2017-01,7,0,59036.2
county:51153,2017-02,7,0,59036.2
county:51153,2017-03,7,0,59036.2
county:51153,2017-04,7,0,59036.2
county:51153,2017-05,7,0,59036.2
county:51153,2017-06,7,0,59036.2
county:51153,2017-07,7,0,59036.2
county:51153,2017-08,7,0,59036.2
county:51153,2017-09,7,0,59036.2
county:51153,2017-10,7,0,59036.2
county:51153,2017-11,7,0,59036.2
county:51153,2017-12,7,0,59036.2
county:51153,2018-01,7,0,59036.2
county:51153,2018-02,7,0,59036.2
county:51153,2018-03,7,0,59036.2
county:51153,2018-04,7,0,59036.2
county:51153,2018-05,7,0,59036.2
county:51153,2018-06,7,0,59036.2
county:51153,2018-07,7,0,59036.2
county:51153,2018-08,7,0,59036.2
county:51153,2018-09,7,0,59036.2
county:51153,2018-10,7,0,59036.2
county:51153,2018-11,7,0,59036.2
county:51153,2018-12,7,0,59036.2
county:51153,2019-01,7,0,59036.2
county:51153,2019-02,7,0,59036.2
county:51153,2019-03,7,0,59036.2
county:51153,2019-04,7,0,59036.2
county:51153,2019-05,7,0,59036.2
county:51153,2019-06,7,0,59036.2
county:51153,2019-07,7,0,59036.2
county:51153,2019-08,7,0,59036.2
county:51153,2019-09,7,0,59036.2
county:51153,2019-10,7,0,59036.2
county:51153,2019-11,7,0,59036.2
county:51153,2019-12,7,0,59036.2
county:51153,2020-01,7,0,59036.2
county:51153,2020-02,7,0,59036.2
county:51153,2020-03,7,0,59036.2
county:51153,2020-04,7,0,59036.2
county:51153,2020-05,7,0,59036.2
county:51153,2020-06,7,0,59036.2
county:51153,2020-07,9,2,86929.6
county:51153,2020-08,9,0,86929.6
county:51153,2020-09,9,0,86929.6
county:51153,2020-10,9,0,86929.6
county:51153,2020-11,9,0,86929.6
county:51153,2020-12,9,0,86929.6
county:51153,2021-01,9,0,86929.6
county:51153,2021-02,9,0,86929.6
county:51153,2021-03,9,0,86929.6
county:51153,2021-04,9,0,86929.6
county:51153,2021-05,9,0,86929.6
county:51153,2021-06,10,1,205682.4
county:51153,2021-07,10,0,205682.4
county:51153,2021-08,11,1,230166.0
county:51153,2021-09,12,1,251360.9
county:51153,2021-10,26,14,597608.1
county:51153,2021-11,26,0,597608.1
county:51153,2021-12,25,-1,597608.1
county:51153,2022-01,25,0,597608.1
county:51153,2022-02,25,0,597608.1
county:51153,2022-03,25,0,597608.1
county:51153,2022-04,25,0,597608.1
county:51153,2022-05,25,0,597608.1
county:51153,2022-06,25,0,597608.1
county:51153,2022-07,25,0,597608.1
county:51153,2022-08,25,0,597608.1
county:51153,2022-09,25,0,597608.1
county:51153,2022-10,25,0,597608.1
county:51153,2022-11,25,0,597608.1
county:51153,2022-12,25,0,597608.1
county:51153,2023-01,28,3,648890.7
county:51153,2023-02,28,0,648890.7
county:51153,2023-03,28,0,648890.7
county:51153,2023-04,28,0,648890.7
county:51153,2023-05,28,0,648890.7
county:51153,2023-06,34,6,707340.7
county:51153,2023-07,38,4,764022.5
county:51153,2023-08,38,0,764022.5
county:51153,2023-09,38,0,764022.5
county:51153,2023-10,38,0,764022.5
county:51153,2023-11,44,6,833306.5
county:51153,2023-12,44,0,833306.5
county:51153,2024-01,44,0,833306.5
county:51153,2024-02,46,2,879984.2
county:51153,2024-03,46,0,879984.2
county:51153,2024-04,45,-1,879984.2
county:51153,2024-05,56,11,1007175.7
county:51153,2024-06,56,0,1007175.7
county:51153,2024-07,56,0,1007175.7
county:51153,2024-08,56,0,1007175.7
county:51153,2024-09,56,0,1007175.7
county:51153,2024-10,56,0,1007175.7
county:51153,2024-11,56,0,1007175.7
county:51153,2024-12,58,2,1024076.5
county:51153,2025-01,58,0,1024076.5
county:51153,2025-02,58,0,1024076.5
county:51153,2025-03,58,0,1024076.5
county:51153,2025-04,58,0,1024076.5
county:51153,2025-05,58,0,1024076.5
county:51153,2025-06,58,0,1024076.5
county:51153,2025-07,58,0,1024076.5
county:51153,2025-08,58,0,1024076.5
county:51153,2025-09,59,1,1024076.5
county:51153,2025-10,59,0,1024076.5
county:51153,2025-11,60,1,1047030.1
county:51153,2025-12,60,0,1047030.1
county:51153,2026-01,63,3,1098805.5
county:51153,2026-02,63,0,1098805.5
county:51153,2026-03,63,0,1098805.5
county:51153,2026-04,63,0,1098805.5
county:51153,2026-05,67,4,1148361.2
county:51660,2023-12,1,1,46986.2
county:51680,2017-11,1,1,0.0
county:51680,2017-12,1,0,0.0
county:51680,2018-01,1,0,0.0
county:51680,2018-02,2,1,0.0
county:51680,2018-03,2,0,0.0
county:51680,2018-04,2,0,0.0
county:51680,2018-05,2,0,0.0
county:51680,2018-06,2,0,0.0
county:51680,2018-07,2,0,0.0
county:51680,2018-08,2,0,0.0
county:51680,2018-09,2,0,0.0
county:51680,2018-10,2,0,0.0
county:51680,2018-11,2,0,0.0
county:51680,2018-12,2,0,0.0
county:51680,2019-01,2,0,0.0
county:51680,2019-02,2,0,0.0
county:51680,2019-03,2,0,0.0
county:51680,2019-04,2,0,0.0
county:51680,2019-05,2,0,0.0
county:51680,2019-06,2,0,0.0
county:51680,2019-07,2,0,0.0
county:51680,2019-08,2,0,0.0
county:51680,2019-09,2,0,0.0
county:51680,2019-10,2,0,0.0
county:51680,2019-11,2,0,0.0
county:51680,2019-12,2,0,0.0
county:51680,2020-01,2,0,0.0
county:51680,2020-02,2,0,0.0
county:51680,2020-03,2,0,0.0
county:51680,2020-04,2,0,0.0
county:51680,2020-05,2,0,0.0
county:51680,2020-06,2,0,0.0
county:51680,2020-07,2,0,0.0
county:51680,2020-08,2,0,0.0
county:51680,2020-09,2,0,0.0
county:51680,2020-10,2,0,0.0
county:51680,2020-11,2,0,0.0
county:51680,2020-12,2,0,0.0
county:51680,2021-01,2,0,0.0
county:51680,2021-02,2,0,0.0
county:51680,2021-03,2,0,0.0
county:51680,2021-04,2,0,0.0
county:51680,2021-05,2,0,0.0
county:51680,2021-06,2,0,0.0
county:51680,2021-07,2,0,0.0
county:51680,2021-08,2,0,0.0
county:51680,2021-09,2,0,0.0
county:51680,2021-10,2,0,0.0
county:51680,2021-11,2,0,0.0
county:51680,2021-12,2,0,0.0
county:51680,2022-01,2,0,0.0
county:51680,2022-02,2,0,0.0
county:51680,2022-03,2,0,0.0
county:51680,2022-04,2,0,0.0
county:51680,2022-05,2,0,0.0
county:51680,2022-06,2,0,0.0
county:51680,2022-07,2,0,0.0
county:51680,2022-08,2,0,0.0
county:51680,2022-09,2,0,0.0
county:51680,2022-10,2,0,0.0
county:51680,2022-11,2,0,0.0
county:51680,2022-12,2,0,0.0
county:51680,2023-01,2,0,0.0
county:51680,2023-02,2,0,0.0
county:51680,2023-03,2,0,0.0
county:51680,2023-04,2,0,0.0
county:51680,2023-05,2,0,0.0
county:51680,2023-06,2,0,0.0
county:51680,2023-07,2,0,0.0
county:51680,2023-08,2,0,0.0
county:51680,2023-09,2,0,0.0
county:51680,2023-10,2,0,0.0
county:51680,2023-11,2,0,0.0
county:51680,2023-12,2,0,0.0
county:51680,2024-01,2,0,0.0
county:51680,2024-02,2,0,0.0
county:51680,2024-03,2,0,0.0
county:51680,2024-04,2,0,0.0
county:51680,2024-05,2,0,0.0
county:51680,2024-06,2,0,0.0
county:51680,2024-07,2,0,0.0
county:51680,2024-08,2,0,0.0
county:51680,2024-09,2,0,0.0
county:51680,2024-10,2,0,0.0
county:51680,2024-11,2,0,0.0
county:51680,2024-12,2,0,0.0
county:51680,2025-01,2,0,0.0
county:51680,2025-02,2,0,0.0
county:51680,2025-03,2,0,0.0
county:51680,2025-04,2,0,0.0
county:51680,2025-05,2,0,0.0
county:51680,2025-06,1,-1,0.0
county:51683,2025-09,1,1,8914.3
county:51683,2025-10,1,0,8914.3
county:51683,2025-11,1,0,8914.3
county:51683,2025-12,1,0,8914.3
county:51683,2026-01,1,0,8914.3
county:51683,2026-02,1,0,8914.3
county:51683,2026-03,1,0,8914.3
county:51683,2026-04,1,0,8914.3
county:51683,2026-05,4,3,42972.5
county:53007,2022-11,0,0,0.0
county:53007,2022-12,0,0,0.0
county:53007,2023-01,0,0,0.0
county:53007,2023-02,0,0,0.0
county:53007,2023-03,0,0,0.0
county:53007,2023-04,0,0,0.0
county:53007,2023-05,3,3,0.0
county:53007,2023-06,3,0,0.0
county:53007,2023-07,3,0,0.0
county:53007,2023-08,3,0,0.0
county:53007,2023-09,3,0,0.0
county:53007,2023-10,3,0,0.0
county:53007,2023-11,3,0,0.0
county:53007,2023-12,3,0,0.0
county:53007,2024-01,3,0,0.0
county:53007,2024-02,3,0,0.0
county:53007,2024-03,3,0,0.0
county:53007,2024-04,3,0,0.0
county:53007,2024-05,3,0,0.0
county:53007,2024-06,3,0,0.0
county:53007,2024-07,3,0,0.0
county:53007,2024-08,3,0,0.0
county:53007,2024-09,3,0,0.0
county:53007,2024-10,3,0,0.0
county:53007,2024-11,3,0,0.0
county:53007,2024-12,3,0,0.0
county:53007,2025-01,3,0,0.0
county:53007,2025-02,3,0,0.0
county:53007,2025-03,3,0,0.0
county:53007,2025-04,3,0,0.0
county:53007,2025-05,3,0,0.0
county:53007,2025-06,3,0,0.0
county:53007,2025-07,3,0,0.0
county:53007,2025-08,3,0,0.0
county:53007,2025-09,3,0,0.0
county:53007,2025-10,3,0,0.0
county:53007,2025-11,3,0,0.0
county:53007,2025-12,3,0,0.0
county:53007,2026-01,3,0,0.0
county:53007,2026-02,3,0,0.0
county:53007,2026-03,3,0,0.0
county:53007,2026-04,3,0,0.0
county:53007,2026-05,3,0,0.0
county:53007,2026-06,0,-3,0.0
county:53017,2016-12,2,2,42295.7
county:53017,2017-01,2,0,42295.7
county:53017,2017-02,2,0,42295.7
county:53017,2017-03,2,0,42295.7
county:53017,2017-04,2,0,42295.7
county:53017,2017-05,2,0,42295.7
county:53017,2017-06,2,0,42295.7
county:53017,2017-07,2,0,42295.7
county:53017,2017-08,2,0,42295.7
county:53017,2017-09,2,0,42295.7
county:53017,2017-10,2,0,42295.7
county:53017,2017-11,2,0,42295.7
county:53017,2017-12,2,0,42295.7
county:53017,2018-01,2,0,42295.7
county:53017,2018-02,2,0,42295.7
county:53017,2018-03,2,0,42295.7
county:53017,2018-04,2,0,42295.7
county:53017,2018-05,2,0,42295.7
county:53017,2018-06,2,0,42295.7
county:53017,2018-07,2,0,42295.7
county:53017,2018-08,2,0,42295.7
county:53017,2018-09,2,0,42295.7
county:53017,2018-10,2,0,42295.7
county:53017,2018-11,2,0,42295.7
county:53017,2018-12,2,0,42295.7
county:53017,2019-01,2,0,42295.7
county:53017,2019-02,2,0,42295.7
county:53017,2019-03,2,0,42295.7
county:53017,2019-04,2,0,42295.7
county:53017,2019-05,2,0,42295.7
county:53017,2019-06,2,0,42295.7
county:53017,2019-07,3,1,299738.5
county:53017,2019-08,3,0,299738.5
county:53017,2019-09,3,0,299738.5
county:53017,2019-10,3,0,299738.5
county:53017,2019-11,3,0,299738.5
county:53017,2019-12,3,0,299738.5
county:53017,2020-01,3,0,299738.5
county:53017,2020-02,3,0,299738.5
county:53017,2020-03,3,0,299738.5
county:53017,2020-04,3,0,299738.5
county:53017,2020-05,3,0,299738.5
county:53017,2020-06,3,0,299738.5
county:53017,2020-07,3,0,299738.5
county:53017,2020-08,3,0,299738.5
county:53017,2020-09,3,0,299738.5
county:53017,2020-10,3,0,299738.5
county:53017,2020-11,3,0,299738.5
county:53017,2020-12,3,0,299738.5
county:53017,2021-01,3,0,299738.5
county:53017,2021-02,3,0,299738.5
county:53017,2021-03,3,0,299738.5
county:53017,2021-04,3,0,299738.5
county:53017,2021-05,3,0,299738.5
county:53017,2021-06,3,0,299738.5
county:53017,2021-07,3,0,299738.5
county:53017,2021-08,3,0,299738.5
county:53017,2021-09,3,0,299738.5
county:53017,2021-10,3,0,299738.5
county:53017,2021-11,3,0,299738.5
county:53017,2021-12,3,0,299738.5
county:53017,2022-01,3,0,299738.5
county:53017,2022-02,3,0,299738.5
county:53017,2022-03,3,0,299738.5
county:53017,2022-04,3,0,299738.5
county:53017,2022-05,3,0,299738.5
county:53017,2022-06,12,9,381060.7
county:53017,2022-07,12,0,381060.7
county:53017,2022-08,12,0,381060.7
county:53017,2022-09,12,0,381060.7
county:53017,2022-10,12,0,381060.7
county:53017,2022-11,12,0,381060.7
county:53017,2022-12,12,0,381060.7
county:53017,2023-01,12,0,381060.7
county:53017,2023-02,12,0,381060.7
county:53017,2023-03,12,0,381060.7
county:53017,2023-04,12,0,381060.7
county:53017,2023-05,14,2,424748.7
county:53017,2023-06,14,0,424748.7
county:53017,2023-07,14,0,424748.7
county:53017,2023-08,14,0,424748.7
county:53017,2023-09,14,0,424748.7
county:53017,2023-10,14,0,424748.7
county:53017,2023-11,14,0,424748.7
county:53017,2023-12,14,0,424748.7
county:53017,2024-01,14,0,424748.7
county:53017,2024-02,14,0,424748.7
county:53017,2024-03,14,0,424748.7
county:53017,2024-04,14,0,424748.7
county:53017,2024-05,14,0,424748.7
county:53017,2024-06,14,0,424748.7
county:53017,2024-07,14,0,424748.7
county:53017,2024-08,14,0,424748.7
county:53017,2024-09,14,0,424748.7
county:53017,2024-10,14,0,424748.7
county:53017,2024-11,14,0,424748.7
county:53017,2024-12,13,-1,424748.7
county:53025,2016-12,4,4,1118304.5
county:53025,2017-01,4,0,1118304.5
county:53025,2017-02,4,0,1118304.5
county:53025,2017-03,4,0,1118304.5
county:53025,2017-04,4,0,1118304.5
county:53025,2017-05,4,0,1118304.5
county:53025,2017-06,4,0,1118304.5
county:53025,2017-07,4,0,1118304.5
county:53025,2017-08,4,0,1118304.5
county:53025,2017-09,4,0,1118304.5
county:53025,2017-10,4,0,1118304.5
county:53025,2017-11,4,0,1118304.5
county:53025,2017-12,4,0,1118304.5
county:53025,2018-01,4,0,1118304.5
county:53025,2018-02,4,0,1118304.5
county:53025,2018-03,4,0,1118304.5
county:53025,2018-04,4,0,1118304.5
county:53025,2018-05,4,0,1118304.5
county:53025,2018-06,4,0,1118304.5
county:53025,2018-07,4,0,1118304.5
county:53025,2018-08,4,0,1118304.5
county:53025,2018-09,4,0,1118304.5
county:53025,2018-10,4,0,1118304.5
county:53025,2018-11,4,0,1118304.5
county:53025,2018-12,4,0,1118304.5
county:53025,2019-01,4,0,1118304.5
county:53025,2019-02,4,0,1118304.5
county:53025,2019-03,4,0,1118304.5
county:53025,2019-04,4,0,1118304.5
county:53025,2019-05,4,0,1118304.5
county:53025,2019-06,4,0,1118304.5
county:53025,2019-07,29,25,255862.1
county:53025,2019-08,29,0,255862.1
county:53025,2019-09,29,0,255862.1
county:53025,2019-10,29,0,255862.1
county:53025,2019-11,29,0,255862.1
county:53025,2019-12,29,0,255862.1
county:53025,2020-01,29,0,255862.1
county:53025,2020-02,29,0,255862.1
county:53025,2020-03,29,0,255862.1
county:53025,2020-04,29,0,255862.1
county:53025,2020-05,30,1,276008.0
county:53025,2020-06,30,0,276008.0
county:53025,2020-07,29,-1,276008.0
county:53025,2020-08,29,0,276008.0
county:53025,2020-09,29,0,276008.0
county:53025,2020-10,29,0,276008.0
county:53025,2020-11,29,0,276008.0
county:53025,2020-12,29,0,276008.0
county:53025,2021-01,29,0,276008.0
county:53025,2021-02,29,0,276008.0
county:53025,2021-03,29,0,276008.0
county:53025,2021-04,29,0,276008.0
county:53025,2021-05,29,0,276008.0
county:53025,2021-06,29,0,276008.0
county:53025,2021-07,29,0,276008.0
county:53025,2021-08,29,0,276008.0
county:53025,2021-09,29,0,276008.0
county:53025,2021-10,29,0,276008.0
county:53025,2021-11,29,0,276008.0
county:53025,2021-12,29,0,276008.0
county:53025,2022-01,29,0,276008.0
county:53025,2022-02,29,0,276008.0
county:53025,2022-03,29,0,276008.0
county:53025,2022-04,29,0,276008.0
county:53025,2022-05,29,0,276008.0
county:53025,2022-06,29,0,276008.0
county:53025,2022-07,29,0,276008.0
county:53025,2022-08,29,0,276008.0
county:53025,2022-09,29,0,276008.0
county:53025,2022-10,29,0,276008.0
county:53025,2022-11,29,0,276008.0
county:53025,2022-12,29,0,276008.0
county:53025,2023-01,29,0,276008.0
county:53025,2023-02,29,0,276008.0
county:53025,2023-03,29,0,276008.0
county:53025,2023-04,29,0,276008.0
county:53025,2023-05,29,0,276008.0
county:53025,2023-06,29,0,276008.0
county:53025,2023-07,29,0,276008.0
county:53025,2023-08,31,2,315725.3
county:53025,2023-09,31,0,315725.3
county:53025,2023-10,31,0,315725.3
county:53025,2023-11,35,4,1434029.8
county:53025,2023-12,35,0,1434029.8
county:53025,2024-01,35,0,1434029.8
county:53025,2024-02,35,0,1434029.8
county:53025,2024-03,35,0,1434029.8
county:53025,2024-04,35,0,1434029.8
county:53025,2024-05,35,0,1434029.8
county:53025,2024-06,35,0,1434029.8
county:53025,2024-07,35,0,1434029.8
county:53025,2024-08,35,0,1434029.8
county:53025,2024-09,35,0,1434029.8
county:53025,2024-10,35,0,1434029.8
county:53025,2024-11,35,0,1434029.8
county:53025,2024-12,36,1,1358284.5
county:53025,2025-01,36,0,1358284.5
county:53025,2025-02,36,0,1358284.5
county:53025,2025-03,38,2,2421984.5
county:53025,2025-04,38,0,2421984.5
county:53025,2025-05,38,0,2421984.5
county:53025,2025-06,38,0,2421984.5
county:53025,2025-07,38,0,2421984.5
county:53025,2025-08,38,0,2421984.5
county:53025,2025-09,38,0,2435310.7
county:53025,2025-10,38,0,2435310.7
county:53025,2025-11,38,0,2435310.7
county:53025,2025-12,38,0,2435310.7
county:53025,2026-01,39,1,2493235.6
county:53033,2015-07,1,1,1168.3
county:53033,2015-08,1,0,1168.3
county:53033,2015-09,1,0,1168.3
county:53033,2015-10,1,0,1168.3
county:53033,2015-11,1,0,1168.3
county:53033,2015-12,1,0,1168.3
county:53033,2016-01,1,0,1168.3
county:53033,2016-02,1,0,1168.3
county:53033,2016-03,1,0,1168.3
county:53033,2016-04,1,0,1168.3
county:53033,2016-05,1,0,1168.3
county:53033,2016-06,1,0,1168.3
county:53033,2016-07,1,0,1168.3
county:53033,2016-08,1,0,1168.3
county:53033,2016-09,1,0,1168.3
county:53033,2016-10,1,0,1168.3
county:53033,2016-11,1,0,1168.3
county:53033,2016-12,10,9,76988.3
county:53033,2017-01,10,0,76988.3
county:53033,2017-02,10,0,76988.3
county:53033,2017-03,10,0,76988.3
county:53033,2017-04,10,0,76988.3
county:53033,2017-05,10,0,76988.3
county:53033,2017-06,10,0,76988.3
county:53033,2017-07,10,0,76988.3
county:53033,2017-08,10,0,76988.3
county:53033,2017-09,10,0,76988.3
county:53033,2017-10,10,0,76988.3
county:53033,2017-11,10,0,76988.3
county:53033,2017-12,10,0,76988.3
county:53033,2018-01,10,0,76988.3
county:53033,2018-02,10,0,76988.3
county:53033,2018-03,10,0,76988.3
county:53033,2018-04,10,0,76988.3
county:53033,2018-05,10,0,76988.3
county:53033,2018-06,10,0,76988.3
county:53033,2018-07,10,0,76988.3
county:53033,2018-08,10,0,76988.3
county:53033,2018-09,10,0,76988.3
county:53033,2018-10,10,0,76988.3
county:53033,2018-11,10,0,76988.3
county:53033,2018-12,10,0,76988.3
county:53033,2019-01,10,0,76988.3
county:53033,2019-02,10,0,76988.3
county:53033,2019-03,10,0,76988.3
county:53033,2019-04,10,0,76988.3
county:53033,2019-05,10,0,76988.3
county:53033,2019-06,10,0,76988.3
county:53033,2019-07,10,0,76988.3
county:53033,2019-08,10,0,76988.3
county:53033,2019-09,10,0,76988.3
county:53033,2019-10,10,0,76988.3
county:53033,2019-11,10,0,76988.3
county:53033,2019-12,10,0,76988.3
county:53033,2020-01,10,0,76988.3
county:53033,2020-02,10,0,76988.3
county:53033,2020-03,10,0,76988.3
county:53033,2020-04,10,0,76988.3
county:53033,2020-05,10,0,76988.3
county:53033,2020-06,10,0,76988.3
county:53033,2020-07,10,0,76988.3
county:53033,2020-08,10,0,76988.3
county:53033,2020-09,10,0,76988.3
county:53033,2020-10,10,0,76988.3
county:53033,2020-11,10,0,76988.3
county:53033,2020-12,10,0,76988.3
county:53033,2021-01,10,0,76988.3
county:53033,2021-02,10,0,76988.3
county:53033,2021-03,13,3,87632.5
county:53033,2021-04,13,0,87632.5
county:53033,2021-05,13,0,87632.5
county:53033,2021-06,13,0,87632.5
county:53033,2021-07,13,0,87632.5
county:53033,2021-08,13,0,87632.5
county:53033,2021-09,13,0,87632.5
county:53033,2021-10,13,0,87632.5
county:53033,2021-11,13,0,87632.5
county:53033,2021-12,13,0,87632.5
county:53033,2022-01,13,0,87632.5
county:53033,2022-02,13,0,87632.5
county:53033,2022-03,13,0,87632.5
county:53033,2022-04,13,0,87632.5
county:53033,2022-05,13,0,87632.5
county:53033,2022-06,13,0,87632.5
county:53033,2022-07,13,0,87632.5
county:53033,2022-08,13,0,87632.5
county:53033,2022-09,13,0,87632.5
county:53033,2022-10,13,0,87632.5
county:53033,2022-11,13,0,87632.5
county:53033,2022-12,13,0,87632.5
county:53033,2023-01,13,0,87632.5
county:53033,2023-02,13,0,87632.5
county:53033,2023-03,13,0,87632.5
county:53033,2023-04,13,0,87632.5
county:53033,2023-05,13,0,87632.5
county:53033,2023-06,13,0,87632.5
county:53033,2023-07,13,0,87632.5
county:53033,2023-08,13,0,87632.5
county:53033,2023-09,13,0,87632.5
county:53033,2023-10,13,0,87632.5
county:53033,2023-11,13,0,87632.5
county:53033,2023-12,14,1,89546.4
county:53033,2024-01,14,0,89546.4
county:53033,2024-02,14,0,89546.4
county:53033,2024-03,14,0,89546.4
county:53033,2024-04,14,0,89546.4
county:53033,2024-05,14,0,89546.4
county:53033,2024-06,14,0,89546.4
county:53033,2024-07,14,0,89546.4
county:53033,2024-08,14,0,89546.4
county:53033,2024-09,14,0,89546.4
county:53033,2024-10,14,0,89546.4
county:53033,2024-11,14,0,89546.4
county:53033,2024-12,15,1,90292.0
county:53053,2023-11,3,3,210130.5
county:53061,2020-08,1,1,220.2
county:53061,2020-09,1,0,220.2
county:53061,2020-10,1,0,220.2
county:53061,2020-11,1,0,220.2
county:53061,2020-12,1,0,220.2
county:53061,2021-01,1,0,220.2
county:53061,2021-02,1,0,220.2
county:53061,2021-03,1,0,220.2
county:53061,2021-04,1,0,220.2
county:53061,2021-05,1,0,220.2
county:53061,2021-06,1,0,220.2
county:53061,2021-07,1,0,220.2
county:53061,2021-08,1,0,220.2
county:53061,2021-09,1,0,220.2
county:53061,2021-10,1,0,220.2
county:53061,2021-11,1,0,220.2
county:53061,2021-12,1,0,220.2
county:53061,2022-01,2,1,9924.9
county:53061,2022-02,2,0,9924.9
county:53061,2022-03,2,0,9924.9
county:53061,2022-04,2,0,9924.9
county:53061,2022-05,2,0,9924.9
county:53061,2022-06,2,0,9924.9
county:53061,2022-07,2,0,9924.9
county:53061,2022-08,2,0,9924.9
county:53061,2022-09,2,0,9924.9
county:53061,2022-10,2,0,9924.9
county:53061,2022-11,2,0,9924.9
county:53061,2022-12,2,0,9924.9
county:53061,2023-01,2,0,9924.9
county:53061,2023-02,2,0,9924.9
county:53061,2023-03,2,0,9924.9
county:53061,2023-04,2,0,9924.9
county:53061,2023-05,2,0,9924.9
county:53061,2023-06,2,0,9924.9
county:53061,2023-07,2,0,9924.9
county:53061,2023-08,2,0,9924.9
county:53061,2023-09,2,0,9924.9
county:53061,2023-10,2,0,9924.9
county:53061,2023-11,3,1,12242.3
county:53061,2023-12,3,0,12242.3
county:53061,2024-01,3,0,12242.3
county:53061,2024-02,3,0,12242.3
county:53061,2024-03,3,0,12242.3
county:53061,2024-04,3,0,12242.3
county:53061,2024-05,3,0,12242.3
county:53061,2024-06,3,0,12242.3
county:53061,2024-07,3,0,12242.3
county:53061,2024-08,3,0,12242.3
county:53061,2024-09,3,0,12242.3
county:53061,2024-10,3,0,12242.3
county:53061,2024-11,3,0,12242.3
county:53061,2024-12,3,0,12242.3
county:53061,2025-01,3,0,12242.3
county:53061,2025-02,3,0,12242.3
county:53061,2025-03,3,0,12242.3
county:53061,2025-04,3,0,12242.3
county:53061,2025-05,3,0,12242.3
county:53061,2025-06,3,0,12242.3
county:53061,2025-07,3,0,12242.3
county:53061,2025-08,3,0,12242.3
county:53061,2025-09,3,0,12242.3
county:53061,2025-10,3,0,12242.3
county:53061,2025-11,3,0,12242.3
county:53061,2025-12,3,0,12242.3
county:53061,2026-01,3,0,12242.3
county:53061,2026-02,4,1,12242.3
county:53061,2026-03,3,-1,12242.3
county:53063,2021-02,1,1,1308.6
county:53063,2021-03,1,0,1308.6
county:53063,2021-04,1,0,1308.6
county:53063,2021-05,1,0,1308.6
county:53063,2021-06,1,0,1308.6
county:53063,2021-07,1,0,1308.6
county:53063,2021-08,1,0,1308.6
county:53063,2021-09,1,0,1308.6
county:53063,2021-10,1,0,1308.6
county:53063,2021-11,1,0,1308.6
county:53063,2021-12,1,0,1308.6
county:53063,2022-01,1,0,1308.6
county:53063,2022-02,1,0,1308.6
county:53063,2022-03,1,0,1308.6
county:53063,2022-04,1,0,1308.6
county:53063,2022-05,1,0,1308.6
county:53063,2022-06,1,0,1308.6
county:53063,2022-07,1,0,1308.6
county:53063,2022-08,1,0,1308.6
county:53063,2022-09,1,0,1308.6
county:53063,2022-10,1,0,1308.6
county:53063,2022-11,1,0,1308.6
county:53063,2022-12,1,0,1308.6
county:53063,2023-01,1,0,1308.6
county:53063,2023-02,1,0,1308.6
county:53063,2023-03,1,0,1308.6
county:53063,2023-04,1,0,1308.6
county:53063,2023-05,1,0,1308.6
county:53063,2023-06,1,0,1308.6
county:53063,2023-07,1,0,1308.6
county:53063,2023-08,1,0,1308.6
county:53063,2023-09,1,0,1308.6
county:53063,2023-10,1,0,1308.6
county:53063,2023-11,1,0,1308.6
county:53063,2023-12,3,2,3668.3
county:53063,2024-01,3,0,3668.3
county:53063,2024-02,3,0,3668.3
county:53063,2024-03,3,0,3668.3
county:53063,2024-04,3,0,3668.3
county:53063,2024-05,3,0,3668.3
county:53063,2024-06,4,1,5009.4
county:53063,2024-07,4,0,5009.4
county:53063,2024-08,4,0,5009.4
county:53063,2024-09,4,0,5009.4
county:53063,2024-10,4,0,5009.4
county:53063,2024-11,4,0,5009.4
county:53063,2024-12,4,0,5009.4
county:53063,2025-01,4,0,5009.4
county:53063,2025-02,4,0,5009.4
county:53063,2025-03,4,0,5009.4
county:53063,2025-04,4,0,5009.4
county:53063,2025-05,4,0,5009.4
county:53063,2025-06,3,-1,5009.4
county:53067,2025-03,1,1,849.1
county:53073,2023-04,1,1,400.6
county:54039,2026-02,1,1,0.0
county:54065,2019-09,1,1,0.0
county:55015,2026-02,1,1,5591.0
county:55021,2023-09,1,1,33.6
county:55025,2024-07,1,1,852.5
county:55025,2024-08,1,0,852.5
county:55025,2024-09,1,0,852.5
county:55025,2024-10,1,0,852.5
county:55025,2024-11,1,0,852.5
county:55025,2024-12,1,0,852.5
county:55025,2025-01,1,0,852.5
county:55025,2025-02,1,0,852.5
county:55025,2025-03,1,0,852.5
county:55025,2025-04,1,0,852.5
county:55025,2025-05,1,0,852.5
county:55025,2025-06,1,0,852.5
county:55025,2025-07,1,0,852.5
county:55025,2025-08,1,0,852.5
county:55025,2025-09,1,0,852.5
county:55025,2025-10,2,1,852.5
county:55027,2025-11,1,1,1696551.2
county:55033,2025-12,1,1,312.9
county:55077,2020-09,1,1,767.1
county:55079,2020-11,1,1,0.0
county:55079,2020-12,1,0,0.0
county:55079,2021-01,1,0,0.0
county:55079,2021-02,1,0,0.0
county:55079,2021-03,1,0,0.0
county:55079,2021-04,1,0,0.0
county:55079,2021-05,1,0,0.0
county:55079,2021-06,1,0,0.0
county:55079,2021-07,1,0,0.0
county:55079,2021-08,1,0,0.0
county:55079,2021-09,1,0,0.0
county:55079,2021-10,1,0,0.0
county:55079,2021-11,1,0,0.0
county:55079,2021-12,1,0,0.0
county:55079,2022-01,1,0,0.0
county:55079,2022-02,1,0,0.0
county:55079,2022-03,1,0,0.0
county:55079,2022-04,1,0,0.0
county:55079,2022-05,2,1,0.0
county:55079,2022-06,2,0,0.0
county:55079,2022-07,2,0,0.0
county:55079,2022-08,2,0,0.0
county:55079,2022-09,2,0,0.0
county:55079,2022-10,2,0,0.0
county:55079,2022-11,2,0,0.0
county:55079,2022-12,2,0,0.0
county:55079,2023-01,2,0,0.0
county:55079,2023-02,2,0,0.0
county:55079,2023-03,2,0,0.0
county:55079,2023-04,2,0,0.0
county:55079,2023-05,2,0,0.0
county:55079,2023-06,2,0,0.0
county:55079,2023-07,2,0,0.0
county:55079,2023-08,2,0,0.0
county:55079,2023-09,2,0,0.0
county:55079,2023-10,2,0,0.0
county:55079,2023-11,3,1,2424.7
county:55101,2021-09,1,1,844.9
county:55101,2021-10,1,0,844.9
county:55101,2021-11,1,0,844.9
county:55101,2021-12,1,0,844.9
county:55101,2022-01,1,0,844.9
county:55101,2022-02,1,0,844.9
county:55101,2022-03,1,0,844.9
county:55101,2022-04,1,0,844.9
county:55101,2022-05,1,0,844.9
county:55101,2022-06,1,0,844.9
county:55101,2022-07,1,0,844.9
county:55101,2022-08,1,0,844.9
county:55101,2022-09,1,0,844.9
county:55101,2022-10,1,0,844.9
county:55101,2022-11,1,0,844.9
county:55101,2022-12,1,0,844.9
county:55101,2023-01,1,0,844.9
county:55101,2023-02,1,0,844.9
county:55101,2023-03,1,0,844.9
county:55101,2023-04,1,0,844.9
county:55101,2023-05,1,0,844.9
county:55101,2023-06,1,0,844.9
county:55101,2023-07,1,0,844.9
county:55101,2023-08,1,0,844.9
county:55101,2023-09,1,0,844.9
county:55101,2023-10,1,0,844.9
county:55101,2023-11,1,0,844.9
county:55101,2023-12,1,0,844.9
county:55101,2024-01,1,0,844.9
county:55101,2024-02,1,0,844.9
county:55101,2024-03,1,0,844.9
county:55101,2024-04,1,0,844.9
county:55101,2024-05,1,0,844.9
county:55101,2024-06,1,0,844.9
county:55101,2024-07,1,0,844.9
county:55101,2024-08,1,0,844.9
county:55101,2024-09,1,0,844.9
county:55101,2024-10,1,0,844.9
county:55101,2024-11,1,0,844.9
county:55101,2024-12,1,0,844.9
county:55101,2025-01,1,0,844.9
county:55101,2025-02,1,0,844.9
county:55101,2025-03,1,0,844.9
county:55101,2025-04,1,0,844.9
county:55101,2025-05,1,0,844.9
county:55101,2025-06,1,0,844.9
county:55101,2025-07,1,0,844.9
county:55101,2025-08,1,0,844.9
county:55101,2025-09,1,0,844.9
county:55101,2025-10,1,0,844.9
county:55101,2025-11,1,0,844.9
county:55101,2025-12,1,0,844.9
county:55101,2026-01,1,0,844.9
county:55101,2026-02,1,0,844.9
county:55101,2026-03,1,0,844.9
county:55101,2026-04,1,0,844.9
county:55101,2026-05,2,1,27519.9
county:55101,2026-06,5,3,5409975.5
county:55127,2025-05,1,1,836.3
county:55133,2022-01,1,1,4394.2
county:56005,2025-08,1,1,555.1
county:56021,2024-04,11,11,864022.7
county:56021,2024-05,14,3,954967.0
county:56021,2024-06,14,0,954967.0
county:56021,2024-07,14,0,954967.0
county:56021,2024-08,14,0,954967.0
county:56021,2024-09,14,0,954967.0
county:56021,2024-10,14,0,954967.0
county:56021,2024-11,14,0,954967.0
county:56021,2024-12,14,0,954967.0
county:56021,2025-01,14,0,954967.0
county:56021,2025-02,14,0,954967.0
county:56021,2025-03,14,0,954967.0
county:56021,2025-04,15,1,955070.6
county:56021,2025-05,17,2,964972.2
county:56021,2025-06,17,0,964972.2
county:56021,2025-07,17,0,964972.2
county:56021,2025-08,17,0,964972.2
county:56021,2025-09,17,0,964972.2
county:56021,2025-10,17,0,964972.2
county:56021,2025-11,17,0,964972.2
county:56021,2025-12,18,1,2470464.5
county:72061,2022-09,1,1,0.0
county:72127,2025-05,1,1,2149.6
national:US,2015-07,1,1,1168.3
national:US,2015-08,1,0,1168.3
national:US,2015-09,1,0,1168.3
national:US,2015-10,1,0,1168.3
national:US,2015-11,1,0,1168.3
national:US,2015-12,1,0,1168.3
national:US,2016-01,1,0,1168.3
national:US,2016-02,1,0,1168.3
national:US,2016-03,1,0,1168.3
national:US,2016-04,1,0,1168.3
national:US,2016-05,1,0,1168.3
national:US,2016-06,1,0,1168.3
national:US,2016-07,1,0,1168.3
national:US,2016-08,2,1,4805.1
national:US,2016-09,2,0,4805.1
national:US,2016-10,2,0,4805.1
national:US,2016-11,2,0,4805.1
national:US,2016-12,136,134,3146336.2
national:US,2017-01,138,2,3146336.2
national:US,2017-02,138,0,3146336.2
national:US,2017-03,138,0,3146336.2
national:US,2017-04,138,0,3146336.2
national:US,2017-05,139,1,3146336.2
national:US,2017-06,140,1,3146336.2
national:US,2017-07,156,16,3363362.8
national:US,2017-08,161,5,3438273.8
national:US,2017-09,162,1,4111012.4
national:US,2017-10,165,3,4176676.2
national:US,2017-11,166,1,4176676.2
national:US,2017-12,166,0,4176676.2
national:US,2018-01,167,1,4188068.5
national:US,2018-02,168,1,4188068.5
national:US,2018-03,169,1,4312397.2
national:US,2018-04,172,3,4432558.8
national:US,2018-05,177,5,4505095.9
national:US,2018-06,178,1,4514572.4
national:US,2018-07,184,6,4587992.7
national:US,2018-08,184,0,4587992.7
national:US,2018-09,184,0,4587992.7
national:US,2018-10,184,0,4587992.7
national:US,2018-11,187,3,4678170.2
national:US,2018-12,187,0,4678170.2
national:US,2019-01,187,0,4678170.2
national:US,2019-02,187,0,4678170.2
national:US,2019-03,188,1,4037692.3
national:US,2019-04,188,0,4037692.3
national:US,2019-05,188,0,4037692.3
national:US,2019-06,192,4,4080766.5
national:US,2019-07,250,58,3704165.0
national:US,2019-08,250,0,3648673.0
national:US,2019-09,258,8,3713205.9
national:US,2019-10,263,5,3734057.9
national:US,2019-11,264,1,3744345.0
national:US,2019-12,264,0,3744485.3
national:US,2020-01,264,0,3724445.8
national:US,2020-02,268,4,3843152.0
national:US,2020-03,278,10,3871768.7
national:US,2020-04,290,12,4139460.1
national:US,2020-05,296,6,4171342.2
national:US,2020-06,300,4,4273715.3
national:US,2020-07,320,20,4645611.3
national:US,2020-08,328,8,4649053.1
national:US,2020-09,366,38,5115868.9
national:US,2020-10,371,5,5147747.3
national:US,2020-11,376,5,5166345.6
national:US,2020-12,384,8,5200743.9
national:US,2021-01,393,9,5565495.3
national:US,2021-02,401,8,5601612.2
national:US,2021-03,410,9,5880663.1
national:US,2021-04,414,4,6003710.4
national:US,2021-05,420,6,6445437.0
national:US,2021-06,432,12,6680593.4
national:US,2021-07,440,8,6726809.7
national:US,2021-08,455,15,6909277.5
national:US,2021-09,470,15,7169293.8
national:US,2021-10,495,25,7834278.9
national:US,2021-11,499,4,9889282.0
national:US,2021-12,505,6,10251684.7
national:US,2022-01,523,18,10764887.5
national:US,2022-02,539,16,11041697.8
national:US,2022-03,542,3,11057527.6
national:US,2022-04,550,8,11926371.9
national:US,2022-05,556,6,11953188.5
national:US,2022-06,574,18,12998910.5
national:US,2022-07,595,21,13155566.1
national:US,2022-08,601,6,13191455.6
national:US,2022-09,608,7,13240567.3
national:US,2022-10,617,9,13286893.0
national:US,2022-11,628,11,13881500.4
national:US,2022-12,630,2,13920933.4
national:US,2023-01,639,9,13995117.9
national:US,2023-02,656,17,16874580.7
national:US,2023-03,664,8,19489776.1
national:US,2023-04,707,43,20787704.6
national:US,2023-05,749,42,21187270.2
national:US,2023-06,767,18,21432312.0
national:US,2023-07,791,24,21929085.2
national:US,2023-08,799,8,22009747.9
national:US,2023-09,820,21,22306851.7
national:US,2023-10,827,7,24226313.2
national:US,2023-11,902,75,26668255.7
national:US,2023-12,917,15,28643342.3
national:US,2024-01,931,14,28740800.4
national:US,2024-02,994,63,30183068.3
national:US,2024-03,995,1,30196468.7
national:US,2024-04,1018,23,31311581.4
national:US,2024-05,1057,39,31820703.6
national:US,2024-06,1065,8,31851108.1
national:US,2024-07,1073,8,31996149.6
national:US,2024-08,1118,45,32918466.0
national:US,2024-09,1162,44,35280376.9
national:US,2024-10,1188,26,34489591.3
national:US,2024-11,1189,1,35554607.2
national:US,2024-12,1276,87,38742128.8
national:US,2025-01,1281,5,38760364.0
national:US,2025-02,1284,3,39261348.7
national:US,2025-03,1304,20,43729247.4
national:US,2025-04,1322,18,44181882.6
national:US,2025-05,1372,50,45647863.0
national:US,2025-06,1379,7,47739408.5
national:US,2025-07,1384,5,47790122.4
national:US,2025-08,1400,16,51162813.7
national:US,2025-09,1421,21,51713338.8
national:US,2025-10,1440,19,51947895.5
national:US,2025-11,1459,19,58969120.9
national:US,2025-12,1520,61,66079851.7
national:US,2026-01,1533,13,66357417.9
national:US,2026-02,1552,19,68515512.2
national:US,2026-03,1597,45,76269514.3
national:US,2026-04,1655,58,77632407.9
national:US,2026-05,1699,44,80011695.1
national:US,2026-06,1736,37,91218098.8
state:AL,2020-08,1,1,993.0
state:AL,2020-09,1,0,993.0
state:AL,2020-10,1,0,993.0
state:AL,2020-11,1,0,993.0
state:AL,2020-12,1,0,993.0
state:AL,2021-01,1,0,993.0
state:AL,2021-02,1,0,993.0
state:AL,2021-03,2,1,993.0
state:AL,2021-04,2,0,993.0
state:AL,2021-05,2,0,993.0
state:AL,2021-06,2,0,993.0
state:AL,2021-07,2,0,993.0
state:AL,2021-08,2,0,993.0
state:AL,2021-09,2,0,993.0
state:AL,2021-10,2,0,993.0
state:AL,2021-11,2,0,993.0
state:AL,2021-12,2,0,993.0
state:AL,2022-01,2,0,993.0
state:AL,2022-02,2,0,993.0
state:AL,2022-03,2,0,993.0
state:AL,2022-04,2,0,993.0
state:AL,2022-05,2,0,993.0
state:AL,2022-06,2,0,993.0
state:AL,2022-07,2,0,993.0
state:AL,2022-08,2,0,993.0
state:AL,2022-09,2,0,993.0
state:AL,2022-10,2,0,993.0
state:AL,2022-11,3,1,2379.1
state:AL,2022-12,3,0,2379.1
state:AL,2023-01,3,0,2379.1
state:AL,2023-02,3,0,2379.1
state:AL,2023-03,5,2,64212.5
state:AL,2023-04,7,2,770141.9
state:AL,2023-05,7,0,770141.9
state:AL,2023-06,7,0,770141.9
state:AL,2023-07,7,0,770141.9
state:AL,2023-08,7,0,770141.9
state:AL,2023-09,7,0,770141.9
state:AL,2023-10,7,0,770141.9
state:AL,2023-11,7,0,770141.9
state:AL,2023-12,7,0,770141.9
state:AL,2024-01,7,0,770141.9
state:AL,2024-02,12,5,962924.0
state:AL,2024-03,12,0,962924.0
state:AL,2024-04,12,0,962924.0
state:AL,2024-05,12,0,962924.0
state:AL,2024-06,12,0,962924.0
state:AL,2024-07,12,0,962924.0
state:AL,2024-08,12,0,962924.0
state:AL,2024-09,12,0,962924.0
state:AL,2024-10,12,0,962924.0
state:AL,2024-11,12,0,962924.0
state:AL,2024-12,12,0,962924.0
state:AL,2025-01,12,0,962924.0
state:AL,2025-02,12,0,962924.0
state:AL,2025-03,12,0,962924.0
state:AL,2025-04,12,0,962924.0
state:AL,2025-05,12,0,962924.0
state:AL,2025-06,11,-1,962924.0
state:AL,2025-07,11,0,962924.0
state:AL,2025-08,11,0,962924.0
state:AL,2025-09,11,0,962924.0
state:AL,2025-10,11,0,962924.0
state:AL,2025-11,11,0,962924.0
state:AL,2025-12,11,0,962924.0
state:AL,2026-01,11,0,962924.0
state:AL,2026-02,11,0,962924.0
state:AL,2026-03,12,1,2842920.0
state:AL,2026-04,12,0,2842920.0
state:AL,2026-05,12,0,2842920.0
state:AL,2026-06,13,1,2845416.8
state:AR,2022-01,1,1,425.5
state:AR,2022-02,1,0,425.5
state:AR,2022-03,1,0,425.5
state:AR,2022-04,1,0,425.5
state:AR,2022-05,1,0,425.5
state:AR,2022-06,1,0,425.5
state:AR,2022-07,1,0,425.5
state:AR,2022-08,1,0,425.5
state:AR,2022-09,1,0,425.5
state:AR,2022-10,1,0,425.5
state:AR,2022-11,1,0,425.5
state:AR,2022-12,1,0,425.5
state:AR,2023-01,1,0,425.5
state:AR,2023-02,1,0,425.5
state:AR,2023-03,1,0,425.5
state:AR,2023-04,1,0,425.5
state:AR,2023-05,1,0,425.5
state:AR,2023-06,1,0,425.5
state:AR,2023-07,1,0,425.5
state:AR,2023-08,1,0,425.5
state:AR,2023-09,1,0,425.5
state:AR,2023-10,1,0,425.5
state:AR,2023-11,1,0,425.5
state:AR,2023-12,1,0,425.5
state:AR,2024-01,1,0,425.5
state:AR,2024-02,1,0,425.5
state:AR,2024-03,1,0,425.5
state:AR,2024-04,1,0,425.5
state:AR,2024-05,1,0,425.5
state:AR,2024-06,1,0,425.5
state:AR,2024-07,1,0,425.5
state:AR,2024-08,2,1,3384.1
state:AZ,2018-03,1,1,124328.7
state:AZ,2018-04,1,0,124328.7
state:AZ,2018-05,1,0,124328.7
state:AZ,2018-06,1,0,124328.7
state:AZ,2018-07,1,0,124328.7
state:AZ,2018-08,1,0,124328.7
state:AZ,2018-09,1,0,124328.7
state:AZ,2018-10,1,0,124328.7
state:AZ,2018-11,1,0,124328.7
state:AZ,2018-12,1,0,124328.7
state:AZ,2019-01,1,0,124328.7
state:AZ,2019-02,1,0,124328.7
state:AZ,2019-03,1,0,124328.7
state:AZ,2019-04,1,0,124328.7
state:AZ,2019-05,1,0,124328.7
state:AZ,2019-06,1,0,124328.7
state:AZ,2019-07,1,0,124328.7
state:AZ,2019-08,1,0,124328.7
state:AZ,2019-09,1,0,124328.7
state:AZ,2019-10,1,0,124328.7
state:AZ,2019-11,1,0,124328.7
state:AZ,2019-12,1,0,124328.7
state:AZ,2020-01,1,0,124328.7
state:AZ,2020-02,1,0,124328.7
state:AZ,2020-03,1,0,124328.7
state:AZ,2020-04,1,0,124328.7
state:AZ,2020-05,4,3,134817.6
state:AZ,2020-06,6,2,134817.6
state:AZ,2020-07,11,5,150649.1
state:AZ,2020-08,13,2,152626.0
state:AZ,2020-09,13,0,152626.0
state:AZ,2020-10,13,0,152626.0
state:AZ,2020-11,13,0,152626.0
state:AZ,2020-12,14,1,195676.9
state:AZ,2021-01,16,2,199959.3
state:AZ,2021-02,16,0,199959.3
state:AZ,2021-03,16,0,199959.3
state:AZ,2021-04,16,0,199959.3
state:AZ,2021-05,17,1,201534.6
state:AZ,2021-06,17,0,201534.6
state:AZ,2021-07,17,0,201534.6
state:AZ,2021-08,18,1,206265.8
state:AZ,2021-09,19,1,212543.1
state:AZ,2021-10,19,0,212543.1
state:AZ,2021-11,19,0,212543.1
state:AZ,2021-12,19,0,212543.1
state:AZ,2022-01,19,0,212543.1
state:AZ,2022-02,19,0,212543.1
state:AZ,2022-03,19,0,212543.1
state:AZ,2022-04,21,2,242249.4
state:AZ,2022-05,21,0,242249.4
state:AZ,2022-06,21,0,242249.4
state:AZ,2022-07,21,0,242249.4
state:AZ,2022-08,21,0,242249.4
state:AZ,2022-09,21,0,242249.4
state:AZ,2022-10,21,0,242249.4
state:AZ,2022-11,21,0,242249.4
state:AZ,2022-12,21,0,242249.4
state:AZ,2023-01,20,-1,242249.4
state:AZ,2023-02,20,0,242249.4
state:AZ,2023-03,20,0,242249.4
state:AZ,2023-04,25,5,288241.1
state:AZ,2023-05,28,3,288241.1
state:AZ,2023-06,27,-1,288241.1
state:AZ,2023-07,28,1,288241.1
state:AZ,2023-08,29,1,288241.1
state:AZ,2023-09,29,0,288241.1
state:AZ,2023-10,31,2,347504.2
state:AZ,2023-11,41,10,461809.3
state:AZ,2023-12,42,1,522577.8
state:AZ,2024-01,44,2,539666.6
state:AZ,2024-02,46,2,547026.7
state:AZ,2024-03,46,0,547026.7
state:AZ,2024-04,46,0,547026.7
state:AZ,2024-05,49,3,569191.7
state:AZ,2024-06,49,0,569191.7
state:AZ,2024-07,50,1,616833.8
state:AZ,2024-08,51,1,627055.3
state:AZ,2024-09,53,2,656691.2
state:AZ,2024-10,53,0,656691.2
state:AZ,2024-11,52,-1,656691.2
state:AZ,2024-12,53,1,656691.2
state:AZ,2025-01,53,0,656691.2
state:AZ,2025-02,54,1,1067114.7
state:AZ,2025-03,55,1,1093746.0
state:AZ,2025-04,55,0,1093746.0
state:AZ,2025-05,55,0,1093746.0
state:AZ,2025-06,57,2,3130918.0
state:AZ,2025-07,59,2,3132953.8
state:AZ,2025-08,59,0,3132953.8
state:AZ,2025-09,59,0,3132953.8
state:AZ,2025-10,59,0,3132953.8
state:AZ,2025-11,59,0,3132953.8
state:AZ,2025-12,65,6,3926711.4
state:AZ,2026-01,65,0,3926711.4
state:AZ,2026-02,65,0,3926711.4
state:AZ,2026-03,65,0,3926711.4
state:AZ,2026-04,65,0,3926711.4
state:AZ,2026-05,65,0,3926711.4
state:AZ,2026-06,67,2,4852981.3
state:CA,2016-12,35,35,253707.8
state:CA,2017-01,35,0,253707.8
state:CA,2017-02,35,0,253707.8
state:CA,2017-03,35,0,253707.8
state:CA,2017-04,35,0,253707.8
state:CA,2017-05,36,1,253707.8
state:CA,2017-06,36,0,253707.8
state:CA,2017-07,36,0,253707.8
state:CA,2017-08,36,0,253707.8
state:CA,2017-09,36,0,253707.8
state:CA,2017-10,36,0,253707.8
state:CA,2017-11,36,0,253707.8
state:CA,2017-12,36,0,253707.8
state:CA,2018-01,36,0,253707.8
state:CA,2018-02,36,0,253707.8
state:CA,2018-03,36,0,253707.8
state:CA,2018-04,36,0,253707.8
state:CA,2018-05,36,0,253707.8
state:CA,2018-06,37,1,263184.3
state:CA,2018-07,37,0,263184.3
state:CA,2018-08,37,0,263184.3
state:CA,2018-09,37,0,263184.3
state:CA,2018-10,37,0,263184.3
state:CA,2018-11,37,0,263184.3
state:CA,2018-12,37,0,263184.3
state:CA,2019-01,37,0,263184.3
state:CA,2019-02,37,0,263184.3
state:CA,2019-03,37,0,263184.3
state:CA,2019-04,37,0,263184.3
state:CA,2019-05,37,0,263184.3
state:CA,2019-06,37,0,263184.3
state:CA,2019-07,37,0,263184.3
state:CA,2019-08,37,0,263184.3
state:CA,2019-09,38,1,264799.8
state:CA,2019-10,38,0,264799.8
state:CA,2019-11,38,0,264799.8
state:CA,2019-12,38,0,264799.8
state:CA,2020-01,39,1,264799.8
state:CA,2020-02,39,0,264799.8
state:CA,2020-03,40,1,269934.6
state:CA,2020-04,40,0,269934.6
state:CA,2020-05,40,0,269934.6
state:CA,2020-06,42,2,289900.3
state:CA,2020-07,42,0,289900.3
state:CA,2020-08,42,0,289900.3
state:CA,2020-09,42,0,289900.3
state:CA,2020-10,42,0,289900.3
state:CA,2020-11,43,1,289900.3
state:CA,2020-12,48,5,315545.1
state:CA,2021-01,49,1,330668.9
state:CA,2021-02,49,0,330668.9
state:CA,2021-03,46,-3,315237.5
state:CA,2021-04,47,1,316500.7
state:CA,2021-05,47,0,316500.7
state:CA,2021-06,47,0,316500.7
state:CA,2021-07,49,2,324760.8
state:CA,2021-08,49,0,324760.8
state:CA,2021-09,49,0,324760.8
state:CA,2021-10,49,0,324760.8
state:CA,2021-11,49,0,324760.8
state:CA,2021-12,49,0,324760.8
state:CA,2022-01,49,0,314727.9
state:CA,2022-02,52,3,322863.6
state:CA,2022-03,52,0,322863.6
state:CA,2022-04,52,0,322863.6
state:CA,2022-05,52,0,322863.6
state:CA,2022-06,52,0,322863.6
state:CA,2022-07,52,0,322863.6
state:CA,2022-08,52,0,322863.6
state:CA,2022-09,52,0,322863.6
state:CA,2022-10,52,0,322863.6
state:CA,2022-11,52,0,322863.6
state:CA,2022-12,52,0,332896.5
state:CA,2023-01,52,0,332896.5
state:CA,2023-02,52,0,332896.5
state:CA,2023-03,52,0,332896.5
state:CA,2023-04,59,7,389136.1
state:CA,2023-05,61,2,389223.5
state:CA,2023-06,61,0,389223.5
state:CA,2023-07,61,0,389223.5
state:CA,2023-08,61,0,389223.5
state:CA,2023-09,61,0,389223.5
state:CA,2023-10,62,1,397181.4
state:CA,2023-11,69,7,447758.9
state:CA,2023-12,69,0,447758.9
state:CA,2024-01,69,0,447758.9
state:CA,2024-02,69,0,447758.9
state:CA,2024-03,69,0,447758.9
state:CA,2024-04,69,0,447758.9
state:CA,2024-05,72,3,455853.4
state:CA,2024-06,73,1,456412.5
state:CA,2024-07,74,1,462024.2
state:CA,2024-08,74,0,462024.2
state:CA,2024-09,78,4,501223.5
state:CA,2024-10,78,0,501223.5
state:CA,2024-11,77,-1,501223.5
state:CA,2024-12,92,15,572259.8
state:CA,2025-01,93,1,572259.8
state:CA,2025-02,94,1,572259.8
state:CA,2025-03,94,0,572259.8
state:CA,2025-04,95,1,583324.8
state:CA,2025-05,95,0,583324.8
state:CA,2025-06,96,1,586768.3
state:CA,2025-07,96,0,586768.3
state:CA,2025-08,97,1,586768.3
state:CA,2025-09,96,-1,586768.3
state:CA,2025-10,96,0,586768.3
state:CA,2025-11,96,0,586768.3
state:CA,2025-12,112,16,694302.0
state:CA,2026-01,112,0,694302.0
state:CA,2026-02,112,0,694302.0
state:CA,2026-03,112,0,694302.0
state:CA,2026-04,113,1,704315.0
state:CO,2020-03,1,1,18466.6
state:CO,2020-04,1,0,18466.6
state:CO,2020-05,1,0,18466.6
state:CO,2020-06,1,0,18466.6
state:CO,2020-07,1,0,18466.6
state:CO,2020-08,1,0,18466.6
state:CO,2020-09,1,0,18466.6
state:CO,2020-10,1,0,18466.6
state:CO,2020-11,1,0,18466.6
state:CO,2020-12,1,0,18466.6
state:CO,2021-01,1,0,18466.6
state:CO,2021-02,1,0,18466.6
state:CO,2021-03,1,0,18466.6
state:CO,2021-04,1,0,18466.6
state:CO,2021-05,1,0,18466.6
state:CO,2021-06,2,1,21080.2
state:CO,2021-07,2,0,21080.2
state:CO,2021-08,2,0,21080.2
state:CO,2021-09,2,0,21080.2
state:CO,2021-10,2,0,21080.2
state:CO,2021-11,2,0,21080.2
state:CO,2021-12,2,0,21080.2
state:CO,2022-01,2,0,21080.2
state:CO,2022-02,3,1,29075.4
state:CO,2022-03,3,0,29075.4
state:CO,2022-04,3,0,29075.4
state:CO,2022-05,3,0,29075.4
state:CO,2022-06,3,0,29075.4
state:CO,2022-07,3,0,29075.4
state:CO,2022-08,4,1,35978.8
state:CO,2022-09,4,0,35978.8
state:CO,2022-10,4,0,35978.8
state:CO,2022-11,4,0,35978.8
state:CO,2022-12,4,0,35978.8
state:CO,2023-01,4,0,35978.8
state:CO,2023-02,4,0,35978.8
state:CO,2023-03,4,0,35978.8
state:CO,2023-04,6,2,42351.5
state:CO,2023-05,6,0,42351.5
state:CO,2023-06,6,0,42351.5
state:CO,2023-07,6,0,42351.5
state:CO,2023-08,6,0,42351.5
state:CO,2023-09,6,0,42351.5
state:CO,2023-10,6,0,42351.5
state:CO,2023-11,10,4,76027.7
state:CO,2023-12,13,3,91881.8
state:CO,2024-01,15,2,114132.0
state:CO,2024-02,15,0,114132.0
state:CO,2024-03,15,0,114132.0
state:CO,2024-04,16,1,118092.2
state:CO,2024-05,16,0,118092.2
state:CO,2024-06,16,0,118092.2
state:CO,2024-07,16,0,118092.2
state:CO,2024-08,18,2,118092.2
state:CO,2024-09,18,0,118092.2
state:CO,2024-10,19,1,135212.0
state:CO,2024-11,19,0,135212.0
state:CO,2024-12,19,0,135212.0
state:CO,2025-01,19,0,135212.0
state:CO,2025-02,19,0,135212.0
state:CO,2025-03,19,0,135212.0
state:CO,2025-04,19,0,135212.0
state:CO,2025-05,19,0,135212.0
state:CO,2025-06,19,0,135212.0
state:CO,2025-07,19,0,135212.0
state:CO,2025-08,19,0,135212.0
state:CO,2025-09,19,0,135212.0
state:CO,2025-10,20,1,135960.8
state:CO,2025-11,20,0,135960.8
state:CO,2025-12,20,0,135960.8
state:CO,2026-01,20,0,135960.8
state:CO,2026-02,20,0,135960.8
state:CO,2026-03,20,0,135960.8
state:CO,2026-04,21,1,151450.5
state:CT,2020-08,1,1,0.0
state:CT,2020-09,1,0,0.0
state:CT,2020-10,1,0,0.0
state:CT,2020-11,1,0,0.0
state:CT,2020-12,1,0,0.0
state:CT,2021-01,1,0,0.0
state:CT,2021-02,1,0,0.0
state:CT,2021-03,1,0,0.0
state:CT,2021-04,1,0,0.0
state:CT,2021-05,1,0,0.0
state:CT,2021-06,1,0,0.0
state:CT,2021-07,1,0,0.0
state:CT,2021-08,1,0,0.0
state:CT,2021-09,1,0,0.0
state:CT,2021-10,1,0,0.0
state:CT,2021-11,1,0,0.0
state:CT,2021-12,1,0,0.0
state:CT,2022-01,1,0,0.0
state:CT,2022-02,1,0,0.0
state:CT,2022-03,1,0,0.0
state:CT,2022-04,1,0,0.0
state:CT,2022-05,1,0,0.0
state:CT,2022-06,1,0,0.0
state:CT,2022-07,1,0,0.0
state:CT,2022-08,1,0,0.0
state:CT,2022-09,1,0,0.0
state:CT,2022-10,1,0,0.0
state:CT,2022-11,1,0,0.0
state:CT,2022-12,1,0,0.0
state:CT,2023-01,1,0,0.0
state:CT,2023-02,1,0,0.0
state:CT,2023-03,1,0,0.0
state:CT,2023-04,1,0,0.0
state:CT,2023-05,1,0,0.0
state:CT,2023-06,2,1,5013.7
state:CT,2023-07,2,0,5013.7
state:CT,2023-08,2,0,5013.7
state:CT,2023-09,2,0,5013.7
state:CT,2023-10,2,0,5013.7
state:CT,2023-11,2,0,5013.7
state:CT,2023-12,2,0,5013.7
state:CT,2024-01,2,0,5013.7
state:CT,2024-02,2,0,5013.7
state:CT,2024-03,2,0,5013.7
state:CT,2024-04,2,0,5013.7
state:CT,2024-05,2,0,5013.7
state:CT,2024-06,2,0,5013.7
state:CT,2024-07,2,0,5013.7
state:CT,2024-08,2,0,5013.7
state:CT,2024-09,2,0,5013.7
state:CT,2024-10,3,1,17554.0
state:CT,2024-11,3,0,17554.0
state:CT,2024-12,5,2,25757.8
state:DC,2023-04,1,1,0.0
state:FL,2018-01,1,1,11392.3
state:FL,2018-02,1,0,11392.3
state:FL,2018-03,1,0,11392.3
state:FL,2018-04,1,0,11392.3
state:FL,2018-05,1,0,11392.3
state:FL,2018-06,1,0,11392.3
state:FL,2018-07,1,0,11392.3
state:FL,2018-08,1,0,11392.3
state:FL,2018-09,1,0,11392.3
state:FL,2018-10,1,0,11392.3
state:FL,2018-11,1,0,11392.3
state:FL,2018-12,1,0,11392.3
state:FL,2019-01,1,0,11392.3
state:FL,2019-02,1,0,11392.3
state:FL,2019-03,1,0,11392.3
state:FL,2019-04,1,0,11392.3
state:FL,2019-05,1,0,11392.3
state:FL,2019-06,1,0,11392.3
state:FL,2019-07,1,0,11392.3
state:FL,2019-08,1,0,11392.3
state:FL,2019-09,1,0,11392.3
state:FL,2019-10,1,0,11392.3
state:FL,2019-11,1,0,11392.3
state:FL,2019-12,1,0,11392.3
state:FL,2020-01,1,0,11392.3
state:FL,2020-02,1,0,11392.3
state:FL,2020-03,1,0,11392.3
state:FL,2020-04,1,0,11392.3
state:FL,2020-05,1,0,11392.3
state:FL,2020-06,1,0,11392.3
state:FL,2020-07,1,0,11392.3
state:FL,2020-08,1,0,11392.3
state:FL,2020-09,1,0,11392.3
state:FL,2020-10,3,2,14771.2
state:FL,2020-11,3,0,14771.2
state:FL,2020-12,3,0,14771.2
state:FL,2021-01,3,0,14771.2
state:FL,2021-02,3,0,14771.2
state:FL,2021-03,3,0,14771.2
state:FL,2021-04,3,0,14771.2
state:FL,2021-05,3,0,14771.2
state:FL,2021-06,4,1,15551.9
state:FL,2021-07,4,0,15551.9
state:FL,2021-08,4,0,15551.9
state:FL,2021-09,4,0,15551.9
state:FL,2021-10,4,0,15551.9
state:FL,2021-11,4,0,15551.9
state:FL,2021-12,4,0,15551.9
state:FL,2022-01,5,1,25543.5
state:FL,2022-02,6,1,27641.1
state:FL,2022-03,6,0,27641.1
state:FL,2022-04,6,0,27641.1
state:FL,2022-05,6,0,27641.1
state:FL,2022-06,6,0,27641.1
state:FL,2022-07,6,0,27641.1
state:FL,2022-08,6,0,27641.1
state:FL,2022-09,6,0,27641.1
state:FL,2022-10,6,0,27641.1
state:FL,2022-11,6,0,27641.1
state:FL,2022-12,6,0,27641.1
state:FL,2023-01,6,0,27641.1
state:FL,2023-02,8,2,27641.1
state:FL,2023-03,8,0,27641.1
state:FL,2023-04,9,1,29119.3
state:FL,2023-05,9,0,29119.3
state:FL,2023-06,9,0,29119.3
state:FL,2023-07,9,0,29119.3
state:FL,2023-08,9,0,29119.3
state:FL,2023-09,9,0,29119.3
state:FL,2023-10,9,0,29119.3
state:FL,2023-11,11,2,40967.6
state:FL,2023-12,11,0,40967.6
state:FL,2024-01,11,0,40967.6
state:FL,2024-02,11,0,40967.6
state:FL,2024-03,11,0,40967.6
state:FL,2024-04,11,0,40967.6
state:FL,2024-05,11,0,40967.6
state:FL,2024-06,11,0,40967.6
state:FL,2024-07,11,0,40967.6
state:FL,2024-08,15,4,50650.4
state:FL,2024-09,15,0,50650.4
state:FL,2024-10,15,0,50650.4
state:FL,2024-11,15,0,50650.4
state:FL,2024-12,15,0,50650.4
state:FL,2025-01,15,0,50650.4
state:FL,2025-02,15,0,50650.4
state:FL,2025-03,15,0,50650.4
state:FL,2025-04,15,0,50650.4
state:FL,2025-05,15,0,50650.4
state:FL,2025-06,15,0,50650.4
state:FL,2025-07,15,0,50650.4
state:FL,2025-08,15,0,50650.4
state:FL,2025-09,15,0,50650.4
state:FL,2025-10,15,0,50650.4
state:FL,2025-11,15,0,50650.4
state:FL,2025-12,16,1,55224.3
state:GA,2020-09,2,2,0.0
state:GA,2020-10,2,0,0.0
state:GA,2020-11,2,0,0.0
state:GA,2020-12,2,0,0.0
state:GA,2021-01,2,0,0.0
state:GA,2021-02,2,0,0.0
state:GA,2021-03,2,0,0.0
state:GA,2021-04,2,0,0.0
state:GA,2021-05,2,0,0.0
state:GA,2021-06,2,0,0.0
state:GA,2021-07,2,0,0.0
state:GA,2021-08,5,3,68116.5
state:GA,2021-09,5,0,68116.5
state:GA,2021-10,5,0,68116.5
state:GA,2021-11,6,1,94436.6
state:GA,2021-12,5,-1,336774.7
state:GA,2022-01,6,1,353870.0
state:GA,2022-02,10,4,552650.2
state:GA,2022-03,13,3,568480.0
state:GA,2022-04,15,2,1407618.0
state:GA,2022-05,16,1,1414569.3
state:GA,2022-06,16,0,1414569.3
state:GA,2022-07,16,0,1414569.3
state:GA,2022-08,16,0,1414569.3
state:GA,2022-09,18,2,1481435.1
state:GA,2022-10,18,0,1481435.1
state:GA,2022-11,18,0,1481435.1
state:GA,2022-12,18,0,1481435.1
state:GA,2023-01,18,0,1481435.1
state:GA,2023-02,18,0,1481435.1
state:GA,2023-03,18,0,1481435.1
state:GA,2023-04,21,3,1491507.8
state:GA,2023-05,21,0,1491507.8
state:GA,2023-06,21,0,1491507.8
state:GA,2023-07,21,0,1491507.8
state:GA,2023-08,22,1,1502345.9
state:GA,2023-09,25,3,1699570.9
state:GA,2023-10,26,1,1699570.9
state:GA,2023-11,27,1,1738664.1
state:GA,2023-12,27,0,1738664.1
state:GA,2024-01,27,0,1738664.1
state:GA,2024-02,27,0,1738664.1
state:GA,2024-03,27,0,1738664.1
state:GA,2024-04,27,0,1738664.1
state:GA,2024-05,28,1,1766679.3
state:GA,2024-06,28,0,1766679.3
state:GA,2024-07,28,0,1766679.3
state:GA,2024-08,30,2,1815461.3
state:GA,2024-09,33,3,1979588.7
state:GA,2024-10,33,0,1979588.7
state:GA,2024-11,33,0,1979588.7
state:GA,2024-12,33,0,1979588.7
state:GA,2025-01,33,0,1979588.7
state:GA,2025-02,33,0,1979588.7
state:GA,2025-03,33,0,1979588.7
state:GA,2025-04,33,0,1979588.7
state:GA,2025-05,33,0,1979588.7
state:GA,2025-06,33,0,1979588.7
state:GA,2025-07,33,0,1979588.7
state:GA,2025-08,33,0,1979588.7
state:GA,2025-09,33,0,1979588.7
state:GA,2025-10,33,0,1979588.7
state:GA,2025-11,33,0,1979588.7
state:GA,2025-12,33,0,1979588.7
state:GA,2026-01,35,2,2032341.7
state:GA,2026-02,37,2,2055040.7
state:GA,2026-03,37,0,2055040.7
state:GA,2026-04,37,0,2055040.7
state:GA,2026-05,39,2,2105157.7
state:IA,2016-08,1,1,3636.8
state:IA,2016-09,1,0,3636.8
state:IA,2016-10,1,0,3636.8
state:IA,2016-11,1,0,3636.8
state:IA,2016-12,3,2,61494.2
state:IA,2017-01,3,0,61494.2
state:IA,2017-02,3,0,61494.2
state:IA,2017-03,3,0,61494.2
state:IA,2017-04,3,0,61494.2
state:IA,2017-05,3,0,61494.2
state:IA,2017-06,3,0,61494.2
state:IA,2017-07,3,0,61494.2
state:IA,2017-08,3,0,61494.2
state:IA,2017-09,3,0,61494.2
state:IA,2017-10,3,0,61494.2
state:IA,2017-11,3,0,61494.2
state:IA,2017-12,3,0,61494.2
state:IA,2018-01,3,0,61494.2
state:IA,2018-02,3,0,61494.2
state:IA,2018-03,3,0,61494.2
state:IA,2018-04,3,0,61494.2
state:IA,2018-05,3,0,61494.2
state:IA,2018-06,3,0,61494.2
state:IA,2018-07,3,0,61494.2
state:IA,2018-08,3,0,61494.2
state:IA,2018-09,3,0,61494.2
state:IA,2018-10,3,0,61494.2
state:IA,2018-11,3,0,61494.2
state:IA,2018-12,3,0,61494.2
state:IA,2019-01,3,0,61494.2
state:IA,2019-02,3,0,61494.2
state:IA,2019-03,3,0,61494.2
state:IA,2019-04,3,0,61494.2
state:IA,2019-05,3,0,61494.2
state:IA,2019-06,3,0,61494.2
state:IA,2019-07,3,0,61494.2
state:IA,2019-08,3,0,61494.2
state:IA,2019-09,4,1,61494.2
state:IA,2019-10,4,0,61494.2
state:IA,2019-11,4,0,61494.2
state:IA,2019-12,3,-1,61494.2
state:IA,2020-01,3,0,61494.2
state:IA,2020-02,3,0,61494.2
state:IA,2020-03,4,1,66509.5
state:IA,2020-04,6,2,157992.4
state:IA,2020-05,6,0,157992.4
state:IA,2020-06,6,0,157992.4
state:IA,2020-07,17,11,369393.0
state:IA,2020-08,18,1,369644.7
state:IA,2020-09,20,2,391847.3
state:IA,2020-10,20,0,391847.3
state:IA,2020-11,19,-1,388210.5
state:IA,2020-12,19,0,388210.5
state:IA,2021-01,19,0,388210.5
state:IA,2021-02,19,0,388210.5
state:IA,2021-03,19,0,388210.5
state:IA,2021-04,19,0,388210.5
state:IA,2021-05,19,0,388210.5
state:IA,2021-06,19,0,388210.5
state:IA,2021-07,19,0,388210.5
state:IA,2021-08,19,0,388210.5
state:IA,2021-09,19,0,388210.5
state:IA,2021-10,19,0,388210.5
state:IA,2021-11,19,0,388210.5
state:IA,2021-12,19,0,388210.5
state:IA,2022-01,19,0,388210.5
state:IA,2022-02,19,0,388210.5
state:IA,2022-03,19,0,388210.5
state:IA,2022-04,19,0,388210.5
state:IA,2022-05,19,0,388210.5
state:IA,2022-06,32,13,594119.5
state:IA,2022-07,39,7,658842.2
state:IA,2022-08,39,0,658842.2
state:IA,2022-09,39,0,658842.2
state:IA,2022-10,39,0,658842.2
state:IA,2022-11,39,0,658842.2
state:IA,2022-12,39,0,658842.2
state:IA,2023-01,39,0,658842.2
state:IA,2023-02,39,0,658842.2
state:IA,2023-03,39,0,658842.2
state:IA,2023-04,39,0,658842.2
state:IA,2023-05,40,1,682113.2
state:IA,2023-06,40,0,682113.2
state:IA,2023-07,40,0,682113.2
state:IA,2023-08,40,0,682113.2
state:IA,2023-09,40,0,682113.2
state:IA,2023-10,40,0,682113.2
state:IA,2023-11,45,5,947945.2
state:IA,2023-12,45,0,947945.2
state:IA,2024-01,45,0,947945.2
state:IA,2024-02,48,3,1056683.6
state:IA,2024-03,48,0,1056683.6
state:IA,2024-04,48,0,1056683.6
state:IA,2024-05,50,2,1111640.8
state:IA,2024-06,50,0,1111640.8
state:IA,2024-07,50,0,1111640.8
state:IA,2024-08,50,0,1111640.8
state:IA,2024-09,53,3,1186725.4
state:IA,2024-10,53,0,1186725.4
state:IA,2024-11,53,0,1186725.4
state:IA,2024-12,53,0,1186725.4
state:IA,2025-01,53,0,1186725.4
state:IA,2025-02,53,0,1186725.4
state:IA,2025-03,58,5,4359739.4
state:IA,2025-04,61,3,4429554.7
state:IA,2025-05,61,0,4429554.7
state:IA,2025-06,61,0,4429554.7
state:IA,2025-07,61,0,4429554.7
state:IA,2025-08,61,0,4429554.7
state:IA,2025-09,61,0,4429554.7
state:IA,2025-10,61,0,4429554.7
state:IA,2025-11,63,2,4478597.8
state:ID,2021-02,1,1,379.2
state:ID,2021-03,1,0,379.2
state:ID,2021-04,1,0,379.2
state:ID,2021-05,1,0,379.2
state:ID,2021-06,1,0,379.2
state:ID,2021-07,1,0,379.2
state:ID,2021-08,1,0,379.2
state:ID,2021-09,1,0,379.2
state:ID,2021-10,1,0,379.2
state:ID,2021-11,1,0,379.2
state:ID,2021-12,1,0,379.2
state:ID,2022-01,1,0,379.2
state:ID,2022-02,1,0,379.2
state:ID,2022-03,1,0,379.2
state:ID,2022-04,1,0,379.2
state:ID,2022-05,1,0,379.2
state:ID,2022-06,1,0,379.2
state:ID,2022-07,1,0,379.2
state:ID,2022-08,1,0,379.2
state:ID,2022-09,1,0,379.2
state:ID,2022-10,1,0,379.2
state:ID,2022-11,1,0,379.2
state:ID,2022-12,1,0,379.2
state:ID,2023-01,1,0,379.2
state:ID,2023-02,1,0,379.2
state:ID,2023-03,1,0,379.2
state:ID,2023-04,1,0,379.2
state:ID,2023-05,1,0,379.2
state:ID,2023-06,1,0,379.2
state:ID,2023-07,1,0,379.2
state:ID,2023-08,1,0,379.2
state:ID,2023-09,1,0,379.2
state:ID,2023-10,1,0,379.2
state:ID,2023-11,1,0,379.2
state:ID,2023-12,1,0,379.2
state:ID,2024-01,1,0,379.2
state:ID,2024-02,1,0,379.2
state:ID,2024-03,1,0,379.2
state:ID,2024-04,1,0,379.2
state:ID,2024-05,1,0,379.2
state:ID,2024-06,2,1,2076.5
state:ID,2024-07,2,0,2076.5
state:ID,2024-08,2,0,2076.5
state:ID,2024-09,2,0,2076.5
state:ID,2024-10,2,0,2076.5
state:ID,2024-11,2,0,2076.5
state:ID,2024-12,2,0,2076.5
state:ID,2025-01,2,0,2076.5
state:ID,2025-02,2,0,2076.5
state:ID,2025-03,2,0,2076.5
state:ID,2025-04,2,0,2076.5
state:ID,2025-05,2,0,2076.5
state:ID,2025-06,2,0,2076.5
state:ID,2025-07,2,0,2076.5
state:ID,2025-08,2,0,2076.5
state:ID,2025-09,2,0,2076.5
state:ID,2025-10,2,0,2076.5
state:ID,2025-11,2,0,2076.5
state:ID,2025-12,5,3,1547758.6
state:IL,2017-10,1,1,24815.6
state:IL,2017-11,1,0,24815.6
state:IL,2017-12,1,0,24815.6
state:IL,2018-01,1,0,24815.6
state:IL,2018-02,1,0,24815.6
state:IL,2018-03,1,0,24815.6
state:IL,2018-04,2,1,53315.1
state:IL,2018-05,2,0,53315.1
state:IL,2018-06,2,0,53315.1
state:IL,2018-07,2,0,53315.1
state:IL,2018-08,2,0,53315.1
state:IL,2018-09,2,0,53315.1
state:IL,2018-10,2,0,53315.1
state:IL,2018-11,2,0,53315.1
state:IL,2018-12,2,0,53315.1
state:IL,2019-01,2,0,53315.1
state:IL,2019-02,2,0,53315.1
state:IL,2019-03,2,0,53315.1
state:IL,2019-04,2,0,53315.1
state:IL,2019-05,2,0,53315.1
state:IL,2019-06,3,1,58424.9
state:IL,2019-07,3,0,58424.9
state:IL,2019-08,2,-1,29925.4
state:IL,2019-09,2,0,29925.4
state:IL,2019-10,2,0,29925.4
state:IL,2019-11,2,0,29925.4
state:IL,2019-12,2,0,29925.4
state:IL,2020-01,2,0,29925.4
state:IL,2020-02,2,0,29925.4
state:IL,2020-03,2,0,29925.4
state:IL,2020-04,2,0,29925.4
state:IL,2020-05,2,0,29925.4
state:IL,2020-06,2,0,29925.4
state:IL,2020-07,2,0,29925.4
state:IL,2020-08,2,0,29925.4
state:IL,2020-09,3,1,35664.3
state:IL,2020-10,4,1,64163.8
state:IL,2020-11,4,0,64163.8
state:IL,2020-12,6,2,64163.8
state:IL,2021-01,7,1,74014.6
state:IL,2021-02,7,0,74014.6
state:IL,2021-03,6,-1,74014.6
state:IL,2021-04,5,-1,45515.1
state:IL,2021-05,5,0,45515.1
state:IL,2021-06,5,0,45515.1
state:IL,2021-07,5,0,45515.1
state:IL,2021-08,6,1,74014.6
state:IL,2021-09,6,0,74014.6
state:IL,2021-10,6,0,74014.6
state:IL,2021-11,6,0,74014.6
state:IL,2021-12,6,0,74014.6
state:IL,2022-01,6,0,74014.6
state:IL,2022-02,8,2,87365.4
state:IL,2022-03,8,0,87365.4
state:IL,2022-04,8,0,87365.4
state:IL,2022-05,8,0,87365.4
state:IL,2022-06,8,0,87365.4
state:IL,2022-07,8,0,87365.4
state:IL,2022-08,8,0,87365.4
state:IL,2022-09,8,0,87365.4
state:IL,2022-10,8,0,87365.4
state:IL,2022-11,8,0,87365.4
state:IL,2022-12,8,0,87365.4
state:IL,2023-01,10,2,87384.4
state:IL,2023-02,11,1,92625.9
state:IL,2023-03,11,0,92625.9
state:IL,2023-04,11,0,92625.9
state:IL,2023-05,22,11,234315.2
state:IL,2023-06,24,2,244863.1
state:IL,2023-07,24,0,244863.1
state:IL,2023-08,25,1,244863.1
state:IL,2023-09,25,0,244863.1
state:IL,2023-10,25,0,244863.1
state:IL,2023-11,32,7,366930.4
state:IL,2023-12,32,0,366930.4
state:IL,2024-01,32,0,366930.4
state:IL,2024-02,32,0,366930.4
state:IL,2024-03,32,0,366930.4
state:IL,2024-04,32,0,366930.4
state:IL,2024-05,33,1,371168.7
state:IL,2024-06,33,0,371168.7
state:IL,2024-07,33,0,371168.7
state:IL,2024-08,33,0,371168.7
state:IL,2024-09,36,3,506536.0
state:IL,2024-10,38,2,551201.0
state:IL,2024-11,38,0,551201.0
state:IL,2024-12,40,2,602597.5
state:IL,2025-01,40,0,602597.5
state:IL,2025-02,40,0,602597.5
state:IL,2025-03,42,2,802581.6
state:IL,2025-04,42,0,802581.6
state:IL,2025-05,42,0,802581.6
state:IL,2025-06,45,3,832160.7
state:IL,2025-07,45,0,832160.7
state:IL,2025-08,45,0,832160.7
state:IL,2025-09,45,0,832160.7
state:IL,2025-10,48,3,860105.9
state:IL,2025-11,48,0,860105.9
state:IL,2025-12,50,2,2064361.9
state:IL,2026-01,50,0,2064361.9
state:IL,2026-02,53,3,2105172.1
state:IL,2026-03,53,0,2105172.1
state:IL,2026-04,53,0,2105172.1
state:IL,2026-05,53,0,2105172.1
state:IL,2026-06,54,1,5331121.6
state:IN,2020-03,2,2,0.0
state:IN,2020-04,2,0,0.0
state:IN,2020-05,2,0,0.0
state:IN,2020-06,2,0,0.0
state:IN,2020-07,2,0,0.0
state:IN,2020-08,2,0,0.0
state:IN,2020-09,2,0,0.0
state:IN,2020-10,2,0,0.0
state:IN,2020-11,2,0,0.0
state:IN,2020-12,2,0,0.0
state:IN,2021-01,2,0,0.0
state:IN,2021-02,2,0,0.0
state:IN,2021-03,2,0,0.0
state:IN,2021-04,2,0,0.0
state:IN,2021-05,2,0,0.0
state:IN,2021-06,2,0,0.0
state:IN,2021-07,2,0,0.0
state:IN,2021-08,2,0,0.0
state:IN,2021-09,2,0,0.0
state:IN,2021-10,2,0,0.0
state:IN,2021-11,2,0,0.0
state:IN,2021-12,2,0,0.0
state:IN,2022-01,2,0,0.0
state:IN,2022-02,2,0,0.0
state:IN,2022-03,2,0,0.0
state:IN,2022-04,2,0,0.0
state:IN,2022-05,2,0,0.0
state:IN,2022-06,2,0,0.0
state:IN,2022-07,2,0,0.0
state:IN,2022-08,2,0,0.0
state:IN,2022-09,2,0,0.0
state:IN,2022-10,2,0,0.0
state:IN,2022-11,2,0,0.0
state:IN,2022-12,2,0,0.0
state:IN,2023-01,2,0,0.0
state:IN,2023-02,2,0,0.0
state:IN,2023-03,2,0,0.0
state:IN,2023-04,2,0,0.0
state:IN,2023-05,2,0,0.0
state:IN,2023-06,2,0,0.0
state:IN,2023-07,3,1,10778.1
state:IN,2023-08,3,0,10778.1
state:IN,2023-09,4,1,19538.7
state:IN,2023-10,4,0,19538.7
state:IN,2023-11,4,0,19538.7
state:IN,2023-12,4,0,19538.7
state:IN,2024-01,4,0,19538.7
state:IN,2024-02,4,0,19538.7
state:IN,2024-03,4,0,19538.7
state:IN,2024-04,4,0,19538.7
state:IN,2024-05,4,0,19538.7
state:IN,2024-06,4,0,19538.7
state:IN,2024-07,4,0,19538.7
state:IN,2024-08,4,0,19538.7
state:IN,2024-09,4,0,19538.7
state:IN,2024-10,4,0,19538.7
state:IN,2024-11,4,0,19538.7
state:IN,2024-12,4,0,19538.7
state:IN,2025-01,4,0,19538.7
state:IN,2025-02,4,0,19538.7
state:IN,2025-03,4,0,19538.7
state:IN,2025-04,4,0,19538.7
state:IN,2025-05,4,0,19538.7
state:IN,2025-06,4,0,19538.7
state:IN,2025-07,4,0,19538.7
state:IN,2025-08,4,0,19538.7
state:IN,2025-09,4,0,19538.7
state:IN,2025-10,5,1,21490.2
state:IN,2025-11,5,0,21490.2
state:IN,2025-12,5,0,21490.2
state:IN,2026-01,5,0,21490.2
state:IN,2026-02,7,2,2018717.4
state:IN,2026-03,7,0,2018717.4
state:IN,2026-04,7,0,2018717.4
state:IN,2026-05,8,1,2849016.4
state:IN,2026-06,15,7,2985893.6
state:KS,2020-04,1,1,1074.1
state:KS,2020-05,1,0,1074.1
state:KS,2020-06,1,0,1074.1
state:KS,2020-07,1,0,1074.1
state:KS,2020-08,1,0,1074.1
state:KS,2020-09,1,0,1074.1
state:KS,2020-10,1,0,1074.1
state:KS,2020-11,1,0,1074.1
state:KS,2020-12,1,0,1074.1
state:KS,2021-01,1,0,1074.1
state:KS,2021-02,1,0,1074.1
state:KS,2021-03,1,0,1074.1
state:KS,2021-04,1,0,1074.1
state:KS,2021-05,1,0,1074.1
state:KS,2021-06,1,0,1074.1
state:KS,2021-07,1,0,1074.1
state:KS,2021-08,1,0,1074.1
state:KS,2021-09,1,0,1074.1
state:KS,2021-10,1,0,1074.1
state:KS,2021-11,1,0,1074.1
state:KS,2021-12,1,0,1074.1
state:KS,2022-01,1,0,1074.1
state:KS,2022-02,1,0,1074.1
state:KS,2022-03,1,0,1074.1
state:KS,2022-04,1,0,1074.1
state:KS,2022-05,1,0,1074.1
state:KS,2022-06,1,0,1074.1
state:KS,2022-07,5,4,20729.0
state:KS,2022-08,5,0,20729.0
state:KS,2022-09,5,0,20729.0
state:KS,2022-10,5,0,20729.0
state:KS,2022-11,5,0,20729.0
state:KS,2022-12,5,0,20729.0
state:KS,2023-01,5,0,20729.0
state:KS,2023-02,5,0,20729.0
state:KS,2023-03,5,0,20729.0
state:KS,2023-04,5,0,20729.0
state:KS,2023-05,5,0,20729.0
state:KS,2023-06,5,0,20729.0
state:KS,2023-07,5,0,20729.0
state:KS,2023-08,5,0,20729.0
state:KS,2023-09,5,0,20729.0
state:KS,2023-10,5,0,20729.0
state:KS,2023-11,5,0,20729.0
state:KS,2023-12,6,1,26126.3
state:KS,2024-01,6,0,26126.3
state:KS,2024-02,6,0,26126.3
state:KS,2024-03,6,0,26126.3
state:KS,2024-04,6,0,26126.3
state:KS,2024-05,6,0,26126.3
state:KS,2024-06,6,0,26126.3
state:KS,2024-07,6,0,26126.3
state:KS,2024-08,6,0,26126.3
state:KS,2024-09,6,0,26126.3
state:KS,2024-10,6,0,26126.3
state:KS,2024-11,6,0,26126.3
state:KS,2024-12,6,0,26126.3
state:KS,2025-01,6,0,26126.3
state:KS,2025-02,6,0,26126.3
state:KS,2025-03,6,0,26126.3
state:KS,2025-04,6,0,26126.3
state:KS,2025-05,6,0,26126.3
state:KS,2025-06,7,1,34164.7
state:KS,2025-07,7,0,34164.7
state:KS,2025-08,7,0,34164.7
state:KS,2025-09,7,0,34164.7
state:KS,2025-10,7,0,34164.7
state:KS,2025-11,7,0,34164.7
state:KS,2025-12,7,0,34164.7
state:KS,2026-01,7,0,34164.7
state:KS,2026-02,7,0,34164.7
state:KS,2026-03,7,0,34164.7
state:KS,2026-04,8,1,34207.2
state:KY,2024-02,1,1,41102.5
state:KY,2024-03,1,0,41102.5
state:KY,2024-04,1,0,41102.5
state:KY,2024-05,1,0,41102.5
state:KY,2024-06,1,0,41102.5
state:KY,2024-07,1,0,41102.5
state:KY,2024-08,3,2,47728.4
state:KY,2024-09,3,0,47728.4
state:KY,2024-10,3,0,47728.4
state:KY,2024-11,3,0,47728.4
state:KY,2024-12,3,0,47728.4
state:KY,2025-01,3,0,47728.4
state:KY,2025-02,3,0,47728.4
state:KY,2025-03,3,0,47728.4
state:KY,2025-04,3,0,47728.4
state:KY,2025-05,3,0,47728.4
state:KY,2025-06,3,0,47728.4
state:KY,2025-07,3,0,47728.4
state:KY,2025-08,3,0,47728.4
state:KY,2025-09,3,0,47728.4
state:KY,2025-10,3,0,47728.4
state:KY,2025-11,4,1,68493.8
state:KY,2025-12,5,1,69942.6
state:LA,2019-09,1,1,0.0
state:LA,2019-10,1,0,0.0
state:LA,2019-11,1,0,0.0
state:LA,2019-12,1,0,0.0
state:LA,2020-01,1,0,0.0
state:LA,2020-02,1,0,0.0
state:LA,2020-03,1,0,0.0
state:LA,2020-04,1,0,0.0
state:LA,2020-05,1,0,0.0
state:LA,2020-06,1,0,0.0
state:LA,2020-07,1,0,0.0
state:LA,2020-08,1,0,0.0
state:LA,2020-09,1,0,0.0
state:LA,2020-10,1,0,0.0
state:LA,2020-11,1,0,0.0
state:LA,2020-12,1,0,0.0
state:LA,2021-01,1,0,0.0
state:LA,2021-02,1,0,0.0
state:LA,2021-03,1,0,0.0
state:LA,2021-04,1,0,0.0
state:LA,2021-05,1,0,0.0
state:LA,2021-06,1,0,0.0
state:LA,2021-07,1,0,0.0
state:LA,2021-08,1,0,0.0
state:LA,2021-09,1,0,0.0
state:LA,2021-10,1,0,0.0
state:LA,2021-11,1,0,0.0
state:LA,2021-12,1,0,0.0
state:LA,2022-01,1,0,0.0
state:LA,2022-02,1,0,0.0
state:LA,2022-03,1,0,0.0
state:LA,2022-04,1,0,0.0
state:LA,2022-05,1,0,0.0
state:LA,2022-06,1,0,0.0
state:LA,2022-07,1,0,0.0
state:LA,2022-08,1,0,0.0
state:LA,2022-09,1,0,0.0
state:LA,2022-10,1,0,0.0
state:LA,2022-11,1,0,0.0
state:LA,2022-12,1,0,0.0
state:LA,2023-01,1,0,0.0
state:LA,2023-02,1,0,0.0
state:LA,2023-03,1,0,0.0
state:LA,2023-04,1,0,0.0
state:LA,2023-05,1,0,0.0
state:LA,2023-06,1,0,0.0
state:LA,2023-07,1,0,0.0
state:LA,2023-08,1,0,0.0
state:LA,2023-09,1,0,0.0
state:LA,2023-10,1,0,0.0
state:LA,2023-11,1,0,0.0
state:LA,2023-12,1,0,0.0
state:LA,2024-01,1,0,0.0
state:LA,2024-02,1,0,0.0
state:LA,2024-03,1,0,0.0
state:LA,2024-04,1,0,0.0
state:LA,2024-05,1,0,0.0
state:LA,2024-06,1,0,0.0
state:LA,2024-07,1,0,0.0
state:LA,2024-08,1,0,0.0
state:LA,2024-09,1,0,0.0
state:LA,2024-10,1,0,0.0
state:LA,2024-11,1,0,0.0
state:LA,2024-12,1,0,0.0
state:LA,2025-01,1,0,0.0
state:LA,2025-02,1,0,0.0
state:LA,2025-03,1,0,0.0
state:LA,2025-04,1,0,0.0
state:LA,2025-05,1,0,0.0
state:LA,2025-06,1,0,0.0
state:LA,2025-07,1,0,0.0
state:LA,2025-08,1,0,0.0
state:LA,2025-09,1,0,0.0
state:LA,2025-10,1,0,0.0
state:LA,2025-11,1,0,0.0
state:LA,2025-12,1,0,0.0
state:LA,2026-01,1,0,0.0
state:LA,2026-02,1,0,0.0
state:LA,2026-03,2,1,0.0
state:MA,2020-03,1,1,0.0
state:MA,2020-04,1,0,0.0
state:MA,2020-05,1,0,0.0
state:MA,2020-06,1,0,0.0
state:MA,2020-07,1,0,0.0
state:MA,2020-08,1,0,0.0
state:MA,2020-09,1,0,0.0
state:MA,2020-10,1,0,0.0
state:MA,2020-11,1,0,0.0
state:MA,2020-12,1,0,0.0
state:MA,2021-01,1,0,0.0
state:MA,2021-02,1,0,0.0
state:MA,2021-03,1,0,0.0
state:MA,2021-04,1,0,0.0
state:MA,2021-05,1,0,0.0
state:MA,2021-06,1,0,0.0
state:MA,2021-07,1,0,0.0
state:MA,2021-08,1,0,0.0
state:MA,2021-09,1,0,0.0
state:MA,2021-10,1,0,0.0
state:MA,2021-11,1,0,0.0
state:MA,2021-12,0,-1,0.0
state:MA,2022-01,0,0,0.0
state:MA,2022-02,0,0,0.0
state:MA,2022-03,0,0,0.0
state:MA,2022-04,0,0,0.0
state:MA,2022-05,0,0,0.0
state:MA,2022-06,0,0,0.0
state:MA,2022-07,0,0,0.0
state:MA,2022-08,0,0,0.0
state:MA,2022-09,0,0,0.0
state:MA,2022-10,0,0,0.0
state:MA,2022-11,1,1,4771.0
state:MA,2022-12,1,0,4771.0
state:MA,2023-01,1,0,4771.0
state:MA,2023-02,1,0,4771.0
state:MA,2023-03,1,0,4771.0
state:MA,2023-04,2,1,17216.3
state:MA,2023-05,2,0,17216.3
state:MA,2023-06,2,0,17216.3
state:MA,2023-07,2,0,17216.3
state:MA,2023-08,2,0,17216.3
state:MA,2023-09,2,0,17216.3
state:MA,2023-10,2,0,17216.3
state:MA,2023-11,2,0,17216.3
state:MA,2023-12,2,0,17216.3
state:MA,2024-01,2,0,17216.3
state:MA,2024-02,2,0,17216.3
state:MA,2024-03,2,0,17216.3
state:MA,2024-04,2,0,17216.3
state:MA,2024-05,2,0,17216.3
state:MA,2024-06,2,0,17216.3
state:MA,2024-07,2,0,17216.3
state:MA,2024-08,2,0,17216.3
state:MA,2024-09,2,0,17216.3
state:MA,2024-10,2,0,17216.3
state:MA,2024-11,2,0,17216.3
state:MA,2024-12,2,0,17216.3
state:MA,2025-01,2,0,17216.3
state:MA,2025-02,2,0,17216.3
state:MA,2025-03,2,0,17216.3
state:MA,2025-04,2,0,17216.3
state:MA,2025-05,2,0,17216.3
state:MA,2025-06,2,0,17216.3
state:MA,2025-07,2,0,17216.3
state:MA,2025-08,2,0,17216.3
state:MA,2025-09,2,0,17216.3
state:MA,2025-10,2,0,17216.3
state:MA,2025-11,3,1,28705.2
state:MD,2021-04,1,1,360.5
state:MD,2021-05,1,0,360.5
state:MD,2021-06,1,0,360.5
state:MD,2021-07,1,0,360.5
state:MD,2021-08,1,0,360.5
state:MD,2021-09,1,0,360.5
state:MD,2021-10,1,0,360.5
state:MD,2021-11,1,0,360.5
state:MD,2021-12,1,0,360.5
state:MD,2022-01,1,0,360.5
state:MD,2022-02,1,0,360.5
state:MD,2022-03,1,0,360.5
state:MD,2022-04,3,2,360.5
state:MD,2022-05,3,0,360.5
state:MD,2022-06,3,0,360.5
state:MD,2022-07,3,0,360.5
state:MD,2022-08,3,0,360.5
state:MD,2022-09,3,0,360.5
state:MD,2022-10,3,0,360.5
state:MD,2022-11,6,3,10260.4
state:MD,2022-12,6,0,10260.4
state:MD,2023-01,6,0,10260.4
state:MD,2023-02,7,1,20684.7
state:MD,2023-03,7,0,20684.7
state:MD,2023-04,7,0,20684.7
state:MD,2023-05,7,0,20684.7
state:MD,2023-06,7,0,20684.7
state:MD,2023-07,7,0,20684.7
state:MD,2023-08,7,0,20684.7
state:MD,2023-09,12,5,34276.6
state:MD,2023-10,12,0,34276.6
state:MD,2023-11,12,0,34276.6
state:MD,2023-12,12,0,34276.6
state:MD,2024-01,12,0,34276.6
state:MD,2024-02,12,0,34276.6
state:MD,2024-03,12,0,34276.6
state:MD,2024-04,12,0,34276.6
state:MD,2024-05,12,0,34276.6
state:MD,2024-06,12,0,34276.6
state:MD,2024-07,12,0,34276.6
state:MD,2024-08,12,0,34276.6
state:MD,2024-09,12,0,34276.6
state:MD,2024-10,12,0,34276.6
state:MD,2024-11,12,0,34276.6
state:MD,2024-12,12,0,34276.6
state:MD,2025-01,12,0,34276.6
state:MD,2025-02,12,0,34276.6
state:MD,2025-03,12,0,34276.6
state:MD,2025-04,12,0,34276.6
state:MD,2025-05,12,0,34276.6
state:MD,2025-06,12,0,34276.6
state:MD,2025-07,12,0,34276.6
state:MD,2025-08,12,0,34276.6
state:MD,2025-09,12,0,34276.6
state:MD,2025-10,13,1,40224.6
state:ME,2021-05,2,2,5145.3
state:MI,2020-02,1,1,2285.4
state:MI,2020-03,1,0,2285.4
state:MI,2020-04,1,0,2285.4
state:MI,2020-05,1,0,2285.4
state:MI,2020-06,2,1,2374.0
state:MI,2020-07,2,0,2374.0
state:MI,2020-08,2,0,2374.0
state:MI,2020-09,2,0,2374.0
state:MI,2020-10,2,0,2374.0
state:MI,2020-11,4,2,11285.5
state:MI,2020-12,5,1,11285.5
state:MI,2021-01,5,0,11285.5
state:MI,2021-02,5,0,11285.5
state:MI,2021-03,5,0,11285.5
state:MI,2021-04,6,1,11285.5
state:MI,2021-05,6,0,11285.5
state:MI,2021-06,6,0,11285.5
state:MI,2021-07,7,1,13601.9
state:MI,2021-08,7,0,13601.9
state:MI,2021-09,7,0,13601.9
state:MI,2021-10,7,0,13601.9
state:MI,2021-11,7,0,13601.9
state:MI,2021-12,7,0,13601.9
state:MI,2022-01,7,0,13601.9
state:MI,2022-02,7,0,13601.9
state:MI,2022-03,7,0,13601.9
state:MI,2022-04,7,0,13601.9
state:MI,2022-05,7,0,13601.9
state:MI,2022-06,7,0,13601.9
state:MI,2022-07,7,0,13601.9
state:MI,2022-08,7,0,13601.9
state:MI,2022-09,7,0,13601.9
state:MI,2022-10,7,0,13601.9
state:MI,2022-11,7,0,13601.9
state:MI,2022-12,7,0,13601.9
state:MI,2023-01,8,1,17024.0
state:MI,2023-02,8,0,17024.0
state:MI,2023-03,8,0,17024.0
state:MI,2023-04,8,0,17024.0
state:MI,2023-05,8,0,17024.0
state:MI,2023-06,8,0,17024.0
state:MI,2023-07,8,0,17024.0
state:MI,2023-08,8,0,17024.0
state:MI,2023-09,8,0,17024.0
state:MI,2023-10,8,0,17024.0
state:MI,2023-11,8,0,17024.0
state:MI,2023-12,8,0,17024.0
state:MI,2024-01,8,0,17024.0
state:MI,2024-02,7,-1,17024.0
state:MI,2024-03,7,0,17024.0
state:MI,2024-04,8,1,17024.0
state:MI,2024-05,8,0,17024.0
state:MI,2024-06,8,0,17024.0
state:MI,2024-07,8,0,17024.0
state:MI,2024-08,9,1,20793.5
state:MI,2024-09,9,0,20793.5
state:MI,2024-10,9,0,20793.5
state:MI,2024-11,9,0,20793.5
state:MI,2024-12,9,0,20793.5
state:MI,2025-01,9,0,20793.5
state:MI,2025-02,9,0,20793.5
state:MI,2025-03,9,0,20793.5
state:MI,2025-04,9,0,20793.5
state:MI,2025-05,9,0,20793.5
state:MI,2025-06,9,0,20793.5
state:MI,2025-07,9,0,20793.5
state:MI,2025-08,9,0,20793.5
state:MI,2025-09,9,0,20793.5
state:MI,2025-10,10,1,25087.5
state:MI,2025-11,10,0,25087.5
state:MI,2025-12,10,0,25087.5
state:MI,2026-01,10,0,25087.5
state:MI,2026-02,10,0,25087.5
state:MI,2026-03,10,0,25087.5
state:MI,2026-04,10,0,25087.5
state:MI,2026-05,11,1,25087.5
state:MI,2026-06,12,1,1392548.2
state:MN,2022-09,1,1,4488.9
state:MN,2022-10,1,0,4488.9
state:MN,2022-11,1,0,4488.9
state:MN,2022-12,1,0,4488.9
state:MN,2023-01,1,0,4488.9
state:MN,2023-02,1,0,4488.9
state:MN,2023-03,2,1,12636.3
state:MN,2023-04,2,0,12636.3
state:MN,2023-05,2,0,12636.3
state:MN,2023-06,2,0,12636.3
state:MN,2023-07,2,0,12636.3
state:MN,2023-08,2,0,12636.3
state:MN,2023-09,2,0,12636.3
state:MN,2023-10,2,0,12636.3
state:MN,2023-11,2,0,12636.3
state:MN,2023-12,2,0,12636.3
state:MN,2024-01,2,0,12636.3
state:MN,2024-02,2,0,12636.3
state:MN,2024-03,2,0,12636.3
state:MN,2024-04,2,0,12636.3
state:MN,2024-05,2,0,12636.3
state:MN,2024-06,2,0,12636.3
state:MN,2024-07,2,0,12636.3
state:MN,2024-08,4,2,27748.7
state:MN,2024-09,4,0,27748.7
state:MN,2024-10,4,0,27748.7
state:MN,2024-11,4,0,27748.7
state:MN,2024-12,5,1,38399.9
state:MN,2025-01,5,0,38399.9
state:MN,2025-02,5,0,38399.9
state:MN,2025-03,5,0,38399.9
state:MN,2025-04,6,1,43154.8
state:MN,2025-05,6,0,43154.8
state:MN,2025-06,7,1,50039.1
state:MN,2025-07,7,0,50039.1
state:MN,2025-08,7,0,50039.1
state:MN,2025-09,7,0,50039.1
state:MN,2025-10,7,0,50039.1
state:MN,2025-11,8,1,1010151.9
state:MN,2025-12,11,3,1076147.0
state:MN,2026-01,11,0,1076147.0
state:MN,2026-02,11,0,1076147.0
state:MN,2026-03,11,0,1076147.0
state:MN,2026-04,12,1,1082506.8
state:MN,2026-05,12,0,1082506.8
state:MN,2026-06,13,1,1083751.8
state:MO,2022-07,7,7,42855.2
state:MO,2022-08,7,0,42855.2
state:MO,2022-09,7,0,42855.2
state:MO,2022-10,8,1,45000.7
state:MO,2022-11,8,0,45000.7
state:MO,2022-12,8,0,45000.7
state:MO,2023-01,8,0,45000.7
state:MO,2023-02,8,0,45000.7
state:MO,2023-03,8,0,45000.7
state:MO,2023-04,8,0,45000.7
state:MO,2023-05,8,0,45000.7
state:MO,2023-06,9,1,102223.2
state:MO,2023-07,9,0,102223.2
state:MO,2023-08,9,0,102223.2
state:MO,2023-09,9,0,102223.2
state:MO,2023-10,9,0,102223.2
state:MO,2023-11,9,0,102223.2
state:MO,2023-12,9,0,102223.2
state:MO,2024-01,9,0,102223.2
state:MO,2024-02,9,0,102223.2
state:MO,2024-03,9,0,102223.2
state:MO,2024-04,9,0,102223.2
state:MO,2024-05,9,0,102223.2
state:MO,2024-06,9,0,102223.2
state:MO,2024-07,9,0,102223.2
state:MO,2024-08,9,0,102223.2
state:MO,2024-09,9,0,102223.2
state:MO,2024-10,10,1,105891.8
state:MO,2024-11,10,0,105891.8
state:MO,2024-12,10,0,105891.8
state:MO,2025-01,11,1,108125.1
state:MO,2025-02,11,0,108125.1
state:MO,2025-03,12,1,108258.2
state:MO,2025-04,12,0,108258.2
state:MO,2025-05,12,0,108258.2
state:MO,2025-06,12,0,108258.2
state:MO,2025-07,12,0,108258.2
state:MO,2025-08,13,1,1364011.0
state:MO,2025-09,13,0,1364011.0
state:MO,2025-10,14,1,1392570.8
state:MO,2025-11,15,1,1394848.7
state:MO,2025-12,15,0,1394848.7
state:MO,2026-01,15,0,1394848.7
state:MO,2026-02,15,0,1394848.7
state:MO,2026-03,15,0,1394848.7
state:MO,2026-04,16,1,1411979.0
state:MO,2026-05,17,1,1412767.4
state:MS,2023-04,1,1,0.0
state:MS,2023-05,1,0,0.0
state:MS,2023-06,1,0,0.0
state:MS,2023-07,1,0,0.0
state:MS,2023-08,1,0,0.0
state:MS,2023-09,1,0,0.0
state:MS,2023-10,1,0,0.0
state:MS,2023-11,1,0,0.0
state:MS,2023-12,1,0,0.0
state:MS,2024-01,1,0,0.0
state:MS,2024-02,1,0,0.0
state:MS,2024-03,1,0,0.0
state:MS,2024-04,1,0,0.0
state:MS,2024-05,1,0,0.0
state:MS,2024-06,1,0,0.0
state:MS,2024-07,1,0,0.0
state:MS,2024-08,1,0,0.0
state:MS,2024-09,1,0,0.0
state:MS,2024-10,1,0,0.0
state:MS,2024-11,1,0,0.0
state:MS,2024-12,1,0,0.0
state:MS,2025-01,1,0,0.0
state:MS,2025-02,1,0,0.0
state:MS,2025-03,1,0,0.0
state:MS,2025-04,1,0,0.0
state:MS,2025-05,1,0,0.0
state:MS,2025-06,1,0,0.0
state:MS,2025-07,1,0,0.0
state:MS,2025-08,1,0,0.0
state:MS,2025-09,1,0,0.0
state:MS,2025-10,1,0,0.0
state:MS,2025-11,0,-1,0.0
state:MS,2025-12,2,2,1615988.0
state:MS,2026-01,2,0,1615988.0
state:MS,2026-02,2,0,1615988.0
state:MS,2026-03,2,0,1615988.0
state:MS,2026-04,2,0,1615988.0
state:MS,2026-05,7,5,1868106.9
state:MT,2019-12,1,1,140.3
state:MT,2020-01,1,0,140.3
state:MT,2020-02,1,0,140.3
state:MT,2020-03,1,0,140.3
state:MT,2020-04,1,0,140.3
state:MT,2020-05,1,0,140.3
state:MT,2020-06,1,0,140.3
state:MT,2020-07,1,0,140.3
state:MT,2020-08,1,0,140.3
state:MT,2020-09,1,0,140.3
state:MT,2020-10,1,0,140.3
state:MT,2020-11,1,0,140.3
state:MT,2020-12,1,0,140.3
state:MT,2021-01,1,0,140.3
state:MT,2021-02,1,0,140.3
state:MT,2021-03,1,0,140.3
state:MT,2021-04,1,0,140.3
state:MT,2021-05,1,0,140.3
state:MT,2021-06,1,0,140.3
state:MT,2021-07,1,0,140.3
state:MT,2021-08,1,0,140.3
state:MT,2021-09,1,0,140.3
state:MT,2021-10,1,0,140.3
state:MT,2021-11,1,0,140.3
state:MT,2021-12,1,0,140.3
state:MT,2022-01,1,0,140.3
state:MT,2022-02,1,0,140.3
state:MT,2022-03,1,0,140.3
state:MT,2022-04,1,0,140.3
state:MT,2022-05,1,0,140.3
state:MT,2022-06,1,0,140.3
state:MT,2022-07,1,0,140.3
state:MT,2022-08,1,0,140.3
state:MT,2022-09,1,0,140.3
state:MT,2022-10,1,0,140.3
state:MT,2022-11,1,0,140.3
state:MT,2022-12,1,0,140.3
state:MT,2023-01,1,0,140.3
state:MT,2023-02,1,0,140.3
state:MT,2023-03,1,0,140.3
state:MT,2023-04,1,0,140.3
state:MT,2023-05,1,0,140.3
state:MT,2023-06,1,0,140.3
state:MT,2023-07,1,0,140.3
state:MT,2023-08,1,0,140.3
state:MT,2023-09,1,0,140.3
state:MT,2023-10,1,0,140.3
state:MT,2023-11,1,0,140.3
state:MT,2023-12,1,0,140.3
state:MT,2024-01,1,0,140.3
state:MT,2024-02,1,0,140.3
state:MT,2024-03,1,0,140.3
state:MT,2024-04,1,0,140.3
state:MT,2024-05,1,0,140.3
state:MT,2024-06,1,0,140.3
state:MT,2024-07,1,0,140.3
state:MT,2024-08,1,0,140.3
state:MT,2024-09,1,0,140.3
state:MT,2024-10,1,0,140.3
state:MT,2024-11,1,0,140.3
state:MT,2024-12,1,0,140.3
state:MT,2025-01,1,0,140.3
state:MT,2025-02,1,0,140.3
state:MT,2025-03,1,0,140.3
state:MT,2025-04,1,0,140.3
state:MT,2025-05,1,0,140.3
state:MT,2025-06,1,0,140.3
state:MT,2025-07,2,1,929.3
state:MT,2025-08,2,0,929.3
state:MT,2025-09,2,0,929.3
state:MT,2025-10,2,0,929.3
state:MT,2025-11,2,0,929.3
state:MT,2025-12,2,0,929.3
state:MT,2026-01,2,0,929.3
state:MT,2026-02,3,1,929.3
state:NC,2016-12,2,2,44120.5
state:NC,2017-01,2,0,44120.5
state:NC,2017-02,2,0,44120.5
state:NC,2017-03,2,0,44120.5
state:NC,2017-04,2,0,44120.5
state:NC,2017-05,2,0,44120.5
state:NC,2017-06,2,0,44120.5
state:NC,2017-07,2,0,44120.5
state:NC,2017-08,2,0,44120.5
state:NC,2017-09,2,0,44120.5
state:NC,2017-10,2,0,44120.5
state:NC,2017-11,2,0,44120.5
state:NC,2017-12,2,0,44120.5
state:NC,2018-01,2,0,44120.5
state:NC,2018-02,2,0,44120.5
state:NC,2018-03,2,0,44120.5
state:NC,2018-04,2,0,44120.5
state:NC,2018-05,2,0,44120.5
state:NC,2018-06,2,0,44120.5
state:NC,2018-07,2,0,44120.5
state:NC,2018-08,2,0,44120.5
state:NC,2018-09,2,0,44120.5
state:NC,2018-10,2,0,44120.5
state:NC,2018-11,2,0,44120.5
state:NC,2018-12,2,0,44120.5
state:NC,2019-01,2,0,44120.5
state:NC,2019-02,2,0,44120.5
state:NC,2019-03,2,0,44120.5
state:NC,2019-04,2,0,44120.5
state:NC,2019-05,2,0,44120.5
state:NC,2019-06,2,0,44120.5
state:NC,2019-07,2,0,44120.5
state:NC,2019-08,2,0,44120.5
state:NC,2019-09,2,0,44120.5
state:NC,2019-10,2,0,44120.5
state:NC,2019-11,2,0,44120.5
state:NC,2019-12,2,0,44120.5
state:NC,2020-01,2,0,44120.5
state:NC,2020-02,2,0,44120.5
state:NC,2020-03,4,2,44120.5
state:NC,2020-04,4,0,44120.5
state:NC,2020-05,5,1,44120.5
state:NC,2020-06,5,0,44120.5
state:NC,2020-07,5,0,44120.5
state:NC,2020-08,5,0,44120.5
state:NC,2020-09,7,2,117710.0
state:NC,2020-10,7,0,117710.0
state:NC,2020-11,7,0,117710.0
state:NC,2020-12,5,-2,73589.5
state:NC,2021-01,5,0,73589.5
state:NC,2021-02,5,0,73589.5
state:NC,2021-03,6,1,130087.7
state:NC,2021-04,6,0,130087.7
state:NC,2021-05,6,0,130087.7
state:NC,2021-06,6,0,130087.7
state:NC,2021-07,6,0,130087.7
state:NC,2021-08,6,0,130087.7
state:NC,2021-09,5,-1,130087.7
state:NC,2021-10,5,0,130087.7
state:NC,2021-11,5,0,130087.7
state:NC,2021-12,5,0,130087.7
state:NC,2022-01,5,0,130087.7
state:NC,2022-02,5,0,130087.7
state:NC,2022-03,5,0,130087.7
state:NC,2022-04,5,0,130087.7
state:NC,2022-05,5,0,130087.7
state:NC,2022-06,5,0,130087.7
state:NC,2022-07,5,0,130087.7
state:NC,2022-08,5,0,130087.7
state:NC,2022-09,6,1,91800.5
state:NC,2022-10,7,1,93481.6
state:NC,2022-11,8,1,544016.3
state:NC,2022-12,8,0,544016.3
state:NC,2023-01,10,2,548303.0
state:NC,2023-02,10,0,548303.0
state:NC,2023-03,10,0,548303.0
state:NC,2023-04,10,0,548303.0
state:NC,2023-05,11,1,561589.2
state:NC,2023-06,11,0,561589.2
state:NC,2023-07,11,0,561589.2
state:NC,2023-08,11,0,561589.2
state:NC,2023-09,11,0,561589.2
state:NC,2023-10,11,0,561589.2
state:NC,2023-11,14,3,652160.2
state:NC,2023-12,14,0,652160.2
state:NC,2024-01,14,0,652160.2
state:NC,2024-02,14,0,652160.2
state:NC,2024-03,14,0,652160.2
state:NC,2024-04,15,1,660856.3
state:NC,2024-05,15,0,660856.3
state:NC,2024-06,15,0,660856.3
state:NC,2024-07,15,0,660856.3
state:NC,2024-08,19,4,670581.9
state:NC,2024-09,22,3,744415.6
state:NC,2024-10,22,0,744415.6
state:NC,2024-11,22,0,744415.6
state:NC,2024-12,23,1,750136.5
state:NC,2025-01,23,0,750136.5
state:NC,2025-02,23,0,750136.5
state:NC,2025-03,23,0,750136.5
state:NC,2025-04,23,0,750136.5
state:NC,2025-05,23,0,750136.5
state:NC,2025-06,23,0,750136.5
state:NC,2025-07,23,0,750136.5
state:NC,2025-08,23,0,750136.5
state:NC,2025-09,23,0,750136.5
state:NC,2025-10,23,0,750136.5
state:NC,2025-11,23,0,750136.5
state:NC,2025-12,23,0,750136.5
state:NC,2026-01,23,0,750136.5
state:NC,2026-02,23,0,750136.5
state:NC,2026-03,23,0,750136.5
state:NC,2026-04,24,1,759482.3
state:ND,2025-08,1,1,251399.1
state:ND,2025-09,1,0,251399.1
state:ND,2025-10,1,0,251399.1
state:ND,2025-11,1,0,251399.1
state:ND,2025-12,1,0,251399.1
state:ND,2026-01,2,1,251399.1
state:ND,2026-02,2,0,251399.1
state:ND,2026-03,3,1,251399.1
state:ND,2026-04,3,0,251399.1
state:ND,2026-05,3,0,251399.1
state:ND,2026-06,13,10,262679.3
state:NE,2020-09,3,3,123928.6
state:NE,2020-10,3,0,123928.6
state:NE,2020-11,3,0,123928.6
state:NE,2020-12,3,0,123928.6
state:NE,2021-01,3,0,123928.6
state:NE,2021-02,3,0,123928.6
state:NE,2021-03,3,0,123928.6
state:NE,2021-04,3,0,123928.6
state:NE,2021-05,2,-1,553813.2
state:NE,2021-06,2,0,553813.2
state:NE,2021-07,2,0,553813.2
state:NE,2021-08,2,0,553813.2
state:NE,2021-09,2,0,553813.2
state:NE,2021-10,2,0,553813.2
state:NE,2021-11,2,0,553813.2
state:NE,2021-12,2,0,553813.2
state:NE,2022-01,2,0,553813.2
state:NE,2022-02,2,0,553813.2
state:NE,2022-03,2,0,553813.2
state:NE,2022-04,2,0,553813.2
state:NE,2022-05,2,0,553813.2
state:NE,2022-06,2,0,553813.2
state:NE,2022-07,2,0,553813.2
state:NE,2022-08,2,0,553813.2
state:NE,2022-09,2,0,553813.2
state:NE,2022-10,3,1,560243.9
state:NE,2022-11,3,0,560243.9
state:NE,2022-12,3,0,560243.9
state:NE,2023-01,3,0,560243.9
state:NE,2023-02,4,1,1140223.9
state:NE,2023-03,4,0,1140223.9
state:NE,2023-04,5,1,1144006.4
state:NE,2023-05,5,0,1144006.4
state:NE,2023-06,5,0,1144006.4
state:NE,2023-07,5,0,1144006.4
state:NE,2023-08,6,1,1158172.9
state:NE,2023-09,6,0,1158172.9
state:NE,2023-10,8,2,1167390.0
state:NE,2023-11,8,0,1167390.0
state:NE,2023-12,8,0,1167390.0
state:NE,2024-01,8,0,1167390.0
state:NE,2024-02,15,7,1475080.7
state:NE,2024-03,15,0,1475080.7
state:NE,2024-04,15,0,1475080.7
state:NE,2024-05,17,2,1514109.3
state:NE,2024-06,17,0,1514109.3
state:NE,2024-07,18,1,1546937.1
state:NE,2024-08,18,0,1546937.1
state:NE,2024-09,19,1,1574567.8
state:NE,2024-10,19,0,1574567.8
state:NE,2024-11,19,0,1574567.8
state:NE,2024-12,20,1,3393232.3
state:NE,2025-01,20,0,3393232.3
state:NE,2025-02,20,0,3393232.3
state:NE,2025-03,20,0,3393232.3
state:NE,2025-04,20,0,3393232.3
state:NE,2025-05,20,0,3393232.3
state:NE,2025-06,21,1,3398285.0
state:NE,2025-07,21,0,3398285.0
state:NE,2025-08,25,4,3482463.0
state:NE,2025-09,25,0,3482463.0
state:NE,2025-10,25,0,3482463.0
state:NE,2025-11,26,1,4208725.5
state:NH,2023-06,1,1,718.5
state:NH,2023-07,1,0,718.5
state:NH,2023-08,1,0,718.5
state:NH,2023-09,1,0,718.5
state:NH,2023-10,1,0,718.5
state:NH,2023-11,1,0,718.5
state:NH,2023-12,1,0,718.5
state:NH,2024-01,1,0,718.5
state:NH,2024-02,1,0,718.5
state:NH,2024-03,1,0,718.5
state:NH,2024-04,1,0,718.5
state:NH,2024-05,1,0,718.5
state:NH,2024-06,2,1,3557.1
state:NH,2024-07,2,0,3557.1
state:NH,2024-08,2,0,3557.1
state:NH,2024-09,2,0,3557.1
state:NH,2024-10,2,0,3557.1
state:NH,2024-11,2,0,3557.1
state:NH,2024-12,2,0,3557.1
state:NH,2025-01,2,0,3557.1
state:NH,2025-02,2,0,3557.1
state:NH,2025-03,2,0,3557.1
state:NH,2025-04,2,0,3557.1
state:NH,2025-05,2,0,3557.1
state:NH,2025-06,2,0,3557.1
state:NH,2025-07,2,0,3557.1
state:NH,2025-08,3,1,4422.6
state:NJ,2016-12,15,15,186646.8
state:NJ,2017-01,15,0,186646.8
state:NJ,2017-02,15,0,186646.8
state:NJ,2017-03,15,0,186646.8
state:NJ,2017-04,15,0,186646.8
state:NJ,2017-05,15,0,186646.8
state:NJ,2017-06,15,0,186646.8
state:NJ,2017-07,15,0,186646.8
state:NJ,2017-08,15,0,186646.8
state:NJ,2017-09,15,0,186646.8
state:NJ,2017-10,16,1,218553.9
state:NJ,2017-11,16,0,218553.9
state:NJ,2017-12,16,0,218553.9
state:NJ,2018-01,16,0,218553.9
state:NJ,2018-02,16,0,218553.9
state:NJ,2018-03,16,0,218553.9
state:NJ,2018-04,16,0,218553.9
state:NJ,2018-05,16,0,218553.9
state:NJ,2018-06,16,0,218553.9
state:NJ,2018-07,16,0,218553.9
state:NJ,2018-08,16,0,218553.9
state:NJ,2018-09,16,0,218553.9
state:NJ,2018-10,16,0,218553.9
state:NJ,2018-11,16,0,218553.9
state:NJ,2018-12,16,0,218553.9
state:NJ,2019-01,16,0,218553.9
state:NJ,2019-02,16,0,218553.9
state:NJ,2019-03,16,0,218553.9
state:NJ,2019-04,16,0,218553.9
state:NJ,2019-05,16,0,218553.9
state:NJ,2019-06,16,0,218553.9
state:NJ,2019-07,16,0,218553.9
state:NJ,2019-08,16,0,196978.0
state:NJ,2019-09,19,3,259895.4
state:NJ,2019-10,19,0,259895.4
state:NJ,2019-11,19,0,259895.4
state:NJ,2019-12,19,0,259895.4
state:NJ,2020-01,19,0,259895.4
state:NJ,2020-02,19,0,259895.4
state:NJ,2020-03,19,0,259895.4
state:NJ,2020-04,19,0,259895.4
state:NJ,2020-05,19,0,259895.4
state:NJ,2020-06,17,-2,250488.0
state:NJ,2020-07,17,0,250488.0
state:NJ,2020-08,17,0,250488.0
state:NJ,2020-09,17,0,250488.0
state:NJ,2020-10,17,0,250488.0
state:NJ,2020-11,17,0,250488.0
state:NJ,2020-12,17,0,250488.0
state:NJ,2021-01,17,0,250488.0
state:NJ,2021-02,17,0,250488.0
state:NJ,2021-03,17,0,250488.0
state:NJ,2021-04,17,0,265428.5
state:NJ,2021-05,17,0,265428.5
state:NJ,2021-06,19,2,294952.1
state:NJ,2021-07,20,1,294952.1
state:NJ,2021-08,25,5,310067.9
state:NJ,2021-09,26,1,387169.0
state:NJ,2021-10,25,-1,411247.1
state:NJ,2021-11,25,0,411247.1
state:NJ,2021-12,25,0,411247.1
state:NJ,2022-01,25,0,411247.1
state:NJ,2022-02,27,2,411985.0
state:NJ,2022-03,27,0,411985.0
state:NJ,2022-04,27,0,411985.0
state:NJ,2022-05,27,0,411985.0
state:NJ,2022-06,27,0,411985.0
state:NJ,2022-07,27,0,411985.0
state:NJ,2022-08,27,0,411985.0
state:NJ,2022-09,27,0,411985.0
state:NJ,2022-10,27,0,411985.0
state:NJ,2022-11,26,-1,411985.0
state:NJ,2022-12,26,0,411985.0
state:NJ,2023-01,26,0,411985.0
state:NJ,2023-02,26,0,411985.0
state:NJ,2023-03,26,0,411985.0
state:NJ,2023-04,27,1,425285.3
state:NJ,2023-05,27,0,425285.3
state:NJ,2023-06,27,0,425285.3
state:NJ,2023-07,27,0,425285.3
state:NJ,2023-08,27,0,425285.3
state:NJ,2023-09,27,0,425285.3
state:NJ,2023-10,27,0,425285.3
state:NJ,2023-11,27,0,425285.3
state:NJ,2023-12,29,2,432167.5
state:NJ,2024-01,29,0,432167.5
state:NJ,2024-02,29,0,432167.5
state:NJ,2024-03,29,0,432167.5
state:NJ,2024-04,32,3,488347.3
state:NJ,2024-05,32,0,488347.3
state:NJ,2024-06,32,0,488347.3
state:NJ,2024-07,32,0,488347.3
state:NJ,2024-08,32,0,488347.3
state:NJ,2024-09,32,0,488347.3
state:NJ,2024-10,36,4,530483.2
state:NJ,2024-11,36,0,530483.2
state:NJ,2024-12,44,8,601265.1
state:NJ,2025-01,47,3,617267.0
state:NJ,2025-02,47,0,617267.0
state:NJ,2025-03,48,1,617267.0
state:NJ,2025-04,48,0,617267.0
state:NJ,2025-05,52,4,704454.7
state:NJ,2025-06,52,0,704454.7
state:NJ,2025-07,52,0,704454.7
state:NJ,2025-08,51,-1,704454.7
state:NJ,2025-09,51,0,704454.7
state:NJ,2025-10,51,0,704454.7
state:NJ,2025-11,51,0,704454.7
state:NJ,2025-12,53,2,727507.3
state:NM,2020-03,1,1,0.0
state:NM,2020-04,1,0,0.0
state:NM,2020-05,1,0,0.0
state:NM,2020-06,1,0,0.0
state:NM,2020-07,1,0,0.0
state:NM,2020-08,1,0,0.0
state:NM,2020-09,1,0,0.0
state:NM,2020-10,1,0,0.0
state:NM,2020-11,1,0,0.0
state:NM,2020-12,1,0,0.0
state:NM,2021-01,1,0,0.0
state:NM,2021-02,1,0,0.0
state:NM,2021-03,1,0,0.0
state:NM,2021-04,1,0,0.0
state:NM,2021-05,1,0,0.0
state:NM,2021-06,1,0,0.0
state:NM,2021-07,1,0,0.0
state:NM,2021-08,1,0,0.0
state:NM,2021-09,1,0,0.0
state:NM,2021-10,1,0,0.0
state:NM,2021-11,2,1,2028683.0
state:NM,2021-12,2,0,2028683.0
state:NM,2022-01,2,0,2028683.0
state:NM,2022-02,2,0,2028683.0
state:NM,2022-03,2,0,2028683.0
state:NM,2022-04,2,0,2028683.0
state:NM,2022-05,2,0,2028683.0
state:NM,2022-06,4,2,2028683.0
state:NM,2022-07,4,0,2028683.0
state:NM,2022-08,4,0,2028683.0
state:NM,2022-09,4,0,2028683.0
state:NM,2022-10,4,0,2028683.0
state:NM,2022-11,4,0,2028683.0
state:NM,2022-12,4,0,2028683.0
state:NM,2023-01,4,0,2028683.0
state:NM,2023-02,7,3,2035054.3
state:NM,2023-03,7,0,2035054.3
state:NM,2023-04,7,0,2035054.3
state:NM,2023-05,7,0,2035054.3
state:NM,2023-06,7,0,2035054.3
state:NM,2023-07,7,0,2035054.3
state:NM,2023-08,7,0,2035054.3
state:NM,2023-09,7,0,2035054.3
state:NM,2023-10,7,0,2035054.3
state:NM,2023-11,7,0,2035054.3
state:NM,2023-12,8,1,2038012.1
state:NM,2024-01,8,0,2038012.1
state:NM,2024-02,8,0,2038012.1
state:NM,2024-03,8,0,2038012.1
state:NM,2024-04,8,0,2038012.1
state:NM,2024-05,8,0,2038012.1
state:NM,2024-06,8,0,2038012.1
state:NM,2024-07,8,0,2038012.1
state:NM,2024-08,8,0,2038012.1
state:NM,2024-09,13,5,2267719.6
state:NM,2024-10,13,0,2267719.6
state:NM,2024-11,13,0,2267719.6
state:NM,2024-12,16,3,2322389.5
state:NM,2025-01,16,0,2322389.5
state:NM,2025-02,16,0,2322389.5
state:NM,2025-03,16,0,2322389.5
state:NM,2025-04,16,0,2322389.5
state:NM,2025-05,16,0,2322389.5
state:NM,2025-06,16,0,2322389.5
state:NM,2025-07,16,0,2322389.5
state:NM,2025-08,16,0,2322389.5
state:NM,2025-09,16,0,2322389.5
state:NM,2025-10,16,0,2322389.5
state:NM,2025-11,16,0,2322389.5
state:NM,2025-12,16,0,2322389.5
state:NM,2026-01,16,0,2322389.5
state:NM,2026-02,16,0,2322389.5
state:NM,2026-03,16,0,2322389.5
state:NM,2026-04,16,0,2322389.5
state:NM,2026-05,17,1,2325577.3
state:NV,2019-08,1,1,0.0
state:NV,2019-09,1,0,0.0
state:NV,2019-10,1,0,0.0
state:NV,2019-11,2,1,10287.1
state:NV,2019-12,2,0,10287.1
state:NV,2020-01,2,0,10287.1
state:NV,2020-02,2,0,10287.1
state:NV,2020-03,2,0,10287.1
state:NV,2020-04,2,0,10287.1
state:NV,2020-05,2,0,10287.1
state:NV,2020-06,2,0,10287.1
state:NV,2020-07,2,0,10287.1
state:NV,2020-08,2,0,10287.1
state:NV,2020-09,4,2,36773.5
state:NV,2020-10,4,0,36773.5
state:NV,2020-11,4,0,36773.5
state:NV,2020-12,4,0,36773.5
state:NV,2021-01,4,0,36773.5
state:NV,2021-02,4,0,36773.5
state:NV,2021-03,4,0,36773.5
state:NV,2021-04,4,0,36773.5
state:NV,2021-05,4,0,36773.5
state:NV,2021-06,4,0,36773.5
state:NV,2021-07,4,0,36773.5
state:NV,2021-08,4,0,36773.5
state:NV,2021-09,9,5,158660.2
state:NV,2021-10,9,0,158660.2
state:NV,2021-11,9,0,158660.2
state:NV,2021-12,10,1,159738.0
state:NV,2022-01,12,2,164310.0
state:NV,2022-02,13,1,169749.2
state:NV,2022-03,13,0,169749.2
state:NV,2022-04,13,0,169749.2
state:NV,2022-05,13,0,169749.2
state:NV,2022-06,13,0,169749.2
state:NV,2022-07,13,0,169749.2
state:NV,2022-08,13,0,169749.2
state:NV,2022-09,13,0,169749.2
state:NV,2022-10,13,0,169749.2
state:NV,2022-11,13,0,169749.2
state:NV,2022-12,13,0,169749.2
state:NV,2023-01,13,0,169749.2
state:NV,2023-02,13,0,169749.2
state:NV,2023-03,13,0,169749.2
state:NV,2023-04,13,0,169749.2
state:NV,2023-05,13,0,169749.2
state:NV,2023-06,13,0,169749.2
state:NV,2023-07,13,0,169749.2
state:NV,2023-08,13,0,169749.2
state:NV,2023-09,15,2,169749.2
state:NV,2023-10,15,0,169749.2
state:NV,2023-11,15,0,169749.2
state:NV,2023-12,15,0,169749.2
state:NV,2024-01,15,0,169749.2
state:NV,2024-02,17,2,176130.6
state:NV,2024-03,18,1,198592.4
state:NV,2024-04,20,2,284567.5
state:NV,2024-05,20,0,284567.5
state:NV,2024-06,20,0,284567.5
state:NV,2024-07,20,0,284567.5
state:NV,2024-08,21,1,284567.5
state:NV,2024-09,23,2,367273.7
state:NV,2024-10,35,12,512832.3
state:NV,2024-11,35,0,512832.3
state:NV,2024-12,35,0,512832.3
state:NV,2025-01,35,0,512832.3
state:NV,2025-02,35,0,512832.3
state:NV,2025-03,35,0,512832.3
state:NV,2025-04,36,1,702197.9
state:NV,2025-05,36,0,702197.9
state:NV,2025-06,36,0,702197.9
state:NV,2025-07,36,0,702197.9
state:NV,2025-08,37,1,723008.0
state:NV,2025-09,37,0,723008.0
state:NV,2025-10,38,1,725339.5
state:NV,2025-11,38,0,725339.5
state:NV,2025-12,38,0,725339.5
state:NV,2026-01,38,0,725339.5
state:NV,2026-02,38,0,725339.5
state:NV,2026-03,40,2,782337.6
state:NV,2026-04,40,0,782337.6
state:NV,2026-05,39,-1,782337.6
state:NY,2016-12,2,2,3413.8
state:NY,2017-01,2,0,3413.8
state:NY,2017-02,2,0,3413.8
state:NY,2017-03,2,0,3413.8
state:NY,2017-04,2,0,3413.8
state:NY,2017-05,2,0,3413.8
state:NY,2017-06,2,0,3413.8
state:NY,2017-07,2,0,3413.8
state:NY,2017-08,2,0,3413.8
state:NY,2017-09,2,0,3413.8
state:NY,2017-10,2,0,3413.8
state:NY,2017-11,2,0,3413.8
state:NY,2017-12,2,0,3413.8
state:NY,2018-01,2,0,3413.8
state:NY,2018-02,2,0,3413.8
state:NY,2018-03,2,0,3413.8
state:NY,2018-04,2,0,3413.8
state:NY,2018-05,2,0,3413.8
state:NY,2018-06,2,0,3413.8
state:NY,2018-07,2,0,3413.8
state:NY,2018-08,2,0,3413.8
state:NY,2018-09,2,0,3413.8
state:NY,2018-10,2,0,3413.8
state:NY,2018-11,2,0,3413.8
state:NY,2018-12,2,0,3413.8
state:NY,2019-01,2,0,3413.8
state:NY,2019-02,2,0,3413.8
state:NY,2019-03,2,0,3413.8
state:NY,2019-04,2,0,3413.8
state:NY,2019-05,2,0,3413.8
state:NY,2019-06,2,0,3413.8
state:NY,2019-07,2,0,3413.8
state:NY,2019-08,2,0,3413.8
state:NY,2019-09,2,0,3413.8
state:NY,2019-10,2,0,3413.8
state:NY,2019-11,2,0,3413.8
state:NY,2019-12,2,0,3413.8
state:NY,2020-01,2,0,3413.8
state:NY,2020-02,2,0,3413.8
state:NY,2020-03,2,0,3413.8
state:NY,2020-04,2,0,3413.8
state:NY,2020-05,3,1,4661.1
state:NY,2020-06,3,0,4661.1
state:NY,2020-07,3,0,4661.1
state:NY,2020-08,3,0,4661.1
state:NY,2020-09,3,0,4661.1
state:NY,2020-10,3,0,4661.1
state:NY,2020-11,3,0,4661.1
state:NY,2020-12,3,0,4661.1
state:NY,2021-01,3,0,4661.1
state:NY,2021-02,3,0,4661.1
state:NY,2021-03,4,1,8557.3
state:NY,2021-04,5,1,9687.9
state:NY,2021-05,5,0,9687.9
state:NY,2021-06,5,0,9687.9
state:NY,2021-07,5,0,9687.9
state:NY,2021-08,5,0,9687.9
state:NY,2021-09,5,0,9687.9
state:NY,2021-10,5,0,9687.9
state:NY,2021-11,5,0,9687.9
state:NY,2021-12,5,0,9687.9
state:NY,2022-01,5,0,9687.9
state:NY,2022-02,5,0,9687.9
state:NY,2022-03,5,0,9687.9
state:NY,2022-04,5,0,9687.9
state:NY,2022-05,6,1,9687.9
state:NY,2022-06,6,0,9687.9
state:NY,2022-07,6,0,9687.9
state:NY,2022-08,6,0,9687.9
state:NY,2022-09,6,0,9687.9
state:NY,2022-10,7,1,10660.2
state:NY,2022-11,9,2,17888.2
state:NY,2022-12,9,0,17888.2
state:NY,2023-01,9,0,17888.2
state:NY,2023-02,9,0,17888.2
state:NY,2023-03,9,0,17888.2
state:NY,2023-04,11,2,23253.5
state:NY,2023-05,11,0,23253.5
state:NY,2023-06,11,0,23253.5
state:NY,2023-07,11,0,23253.5
state:NY,2023-08,11,0,23253.5
state:NY,2023-09,11,0,23253.5
state:NY,2023-10,12,1,26114.1
state:NY,2023-11,12,0,26114.1
state:NY,2023-12,12,0,26114.1
state:NY,2024-01,12,0,26114.1
state:NY,2024-02,12,0,26114.1
state:NY,2024-03,12,0,26114.1
state:NY,2024-04,12,0,26114.1
state:NY,2024-05,12,0,26114.1
state:NY,2024-06,12,0,26114.1
state:NY,2024-07,12,0,26114.1
state:NY,2024-08,13,1,26114.1
state:NY,2024-09,13,0,26114.1
state:NY,2024-10,15,2,26114.1
state:NY,2024-11,15,0,26114.1
state:NY,2024-12,15,0,26114.1
state:NY,2025-01,15,0,26114.1
state:NY,2025-02,15,0,26114.1
state:NY,2025-03,15,0,26114.1
state:NY,2025-04,16,1,26114.1
state:NY,2025-05,22,6,112301.6
state:NY,2025-06,21,-1,112301.6
state:NY,2025-07,21,0,112301.6
state:NY,2025-08,21,0,112301.6
state:NY,2025-09,21,0,112301.6
state:NY,2025-10,21,0,112301.6
state:NY,2025-11,21,0,112301.6
state:NY,2025-12,21,0,112301.6
state:NY,2026-01,21,0,112301.6
state:NY,2026-02,22,1,121210.4
state:NY,2026-03,22,0,121210.4
state:NY,2026-04,35,13,187790.6
state:NY,2026-05,35,0,187790.6
state:NY,2026-06,36,1,187925.9
state:OH,2016-12,3,3,342329.5
state:OH,2017-01,3,0,342329.5
state:OH,2017-02,3,0,342329.5
state:OH,2017-03,3,0,342329.5
state:OH,2017-04,3,0,342329.5
state:OH,2017-05,3,0,342329.5
state:OH,2017-06,3,0,342329.5
state:OH,2017-07,3,0,342329.5
state:OH,2017-08,3,0,342329.5
state:OH,2017-09,3,0,342329.5
state:OH,2017-10,3,0,342329.5
state:OH,2017-11,3,0,342329.5
state:OH,2017-12,3,0,342329.5
state:OH,2018-01,3,0,342329.5
state:OH,2018-02,3,0,342329.5
state:OH,2018-03,3,0,342329.5
state:OH,2018-04,3,0,342329.5
state:OH,2018-05,3,0,342329.5
state:OH,2018-06,3,0,342329.5
state:OH,2018-07,3,0,342329.5
state:OH,2018-08,3,0,342329.5
state:OH,2018-09,3,0,342329.5
state:OH,2018-10,3,0,342329.5
state:OH,2018-11,3,0,342329.5
state:OH,2018-12,3,0,342329.5
state:OH,2019-01,3,0,342329.5
state:OH,2019-02,3,0,342329.5
state:OH,2019-03,3,0,342329.5
state:OH,2019-04,3,0,342329.5
state:OH,2019-05,3,0,342329.5
state:OH,2019-06,3,0,342329.5
state:OH,2019-07,3,0,342329.5
state:OH,2019-08,3,0,342329.5
state:OH,2019-09,3,0,342329.5
state:OH,2019-10,4,1,345073.3
state:OH,2019-11,4,0,345073.3
state:OH,2019-12,4,0,345073.3
state:OH,2020-01,4,0,345073.3
state:OH,2020-02,4,0,345073.3
state:OH,2020-03,4,0,345073.3
state:OH,2020-04,4,0,345073.3
state:OH,2020-05,4,0,345073.3
state:OH,2020-06,3,-1,345073.3
state:OH,2020-07,3,0,345073.3
state:OH,2020-08,3,0,345073.3
state:OH,2020-09,6,3,453812.7
state:OH,2020-10,6,0,453812.7
state:OH,2020-11,6,0,453812.7
state:OH,2020-12,6,0,453812.7
state:OH,2021-01,6,0,453812.7
state:OH,2021-02,6,0,453812.7
state:OH,2021-03,6,0,453812.7
state:OH,2021-04,6,0,453812.7
state:OH,2021-05,6,0,453812.7
state:OH,2021-06,7,1,455027.4
state:OH,2021-07,7,0,455027.4
state:OH,2021-08,10,3,496548.6
state:OH,2021-09,11,1,503185.6
state:OH,2021-10,11,0,503185.6
state:OH,2021-11,11,0,503185.6
state:OH,2021-12,11,0,503185.6
state:OH,2022-01,11,0,503185.6
state:OH,2022-02,11,0,503185.6
state:OH,2022-03,11,0,503185.6
state:OH,2022-04,11,0,503185.6
state:OH,2022-05,11,0,503185.6
state:OH,2022-06,11,0,503185.6
state:OH,2022-07,11,0,503185.6
state:OH,2022-08,11,0,503185.6
state:OH,2022-09,11,0,503185.6
state:OH,2022-10,11,0,503185.6
state:OH,2022-11,11,0,503185.6
state:OH,2022-12,11,0,503185.6
state:OH,2023-01,11,0,503185.6
state:OH,2023-02,11,0,503185.6
state:OH,2023-03,11,0,503185.6
state:OH,2023-04,11,0,503185.6
state:OH,2023-05,11,0,503185.6
state:OH,2023-06,18,7,602328.9
state:OH,2023-07,18,0,602328.9
state:OH,2023-08,18,0,602328.9
state:OH,2023-09,18,0,602328.9
state:OH,2023-10,18,0,602328.9
state:OH,2023-11,24,6,726545.1
state:OH,2023-12,24,0,726545.1
state:OH,2024-01,25,1,728997.1
state:OH,2024-02,40,15,1030011.3
state:OH,2024-03,40,0,1030011.3
state:OH,2024-04,40,0,1030011.3
state:OH,2024-05,42,2,1058717.3
state:OH,2024-06,42,0,1058717.3
state:OH,2024-07,42,0,1058717.3
state:OH,2024-08,45,3,1071664.7
state:OH,2024-09,47,2,2165261.9
state:OH,2024-10,46,-1,1100246.0
state:OH,2024-11,47,1,2165261.9
state:OH,2024-12,55,8,2493083.3
state:OH,2025-01,55,0,2493083.3
state:OH,2025-02,56,1,2583644.5
state:OH,2025-03,56,0,2583644.5
state:OH,2025-04,58,2,2615223.6
state:OH,2025-05,76,18,2964664.3
state:OH,2025-06,76,0,2964664.3
state:OH,2025-07,77,1,2972962.0
state:OH,2025-08,82,5,4659910.0
state:OH,2025-09,86,4,4750583.9
state:OH,2025-10,86,0,4750583.9
state:OH,2025-11,89,3,6784224.2
state:OH,2025-12,90,1,6798754.2
state:OH,2026-01,91,1,6857607.0
state:OH,2026-02,91,0,6857607.0
state:OH,2026-03,94,3,9036492.1
state:OH,2026-04,95,1,9063597.7
state:OK,2020-02,1,1,0.0
state:OK,2020-03,1,0,0.0
state:OK,2020-04,1,0,0.0
state:OK,2020-05,1,0,0.0
state:OK,2020-06,1,0,0.0
state:OK,2020-07,1,0,0.0
state:OK,2020-08,1,0,0.0
state:OK,2020-09,7,6,0.0
state:OK,2020-10,7,0,0.0
state:OK,2020-11,7,0,0.0
state:OK,2020-12,7,0,0.0
state:OK,2021-01,7,0,0.0
state:OK,2021-02,8,1,0.0
state:OK,2021-03,2,-6,0.0
state:OK,2021-04,2,0,0.0
state:OK,2021-05,3,1,798.0
state:OK,2021-06,3,0,798.0
state:OK,2021-07,3,0,798.0
state:OK,2021-08,3,0,798.0
state:OK,2021-09,3,0,798.0
state:OK,2021-10,3,0,798.0
state:OK,2021-11,3,0,798.0
state:OK,2021-12,3,0,798.0
state:OK,2022-01,3,0,798.0
state:OK,2022-02,3,0,798.0
state:OK,2022-03,3,0,798.0
state:OK,2022-04,3,0,798.0
state:OK,2022-05,3,0,798.0
state:OK,2022-06,3,0,798.0
state:OK,2022-07,3,0,798.0
state:OK,2022-08,3,0,798.0
state:OK,2022-09,3,0,798.0
state:OK,2022-10,3,0,798.0
state:OK,2022-11,3,0,798.0
state:OK,2022-12,3,0,798.0
state:OK,2023-01,3,0,798.0
state:OK,2023-02,3,0,798.0
state:OK,2023-03,3,0,798.0
state:OK,2023-04,3,0,798.0
state:OK,2023-05,3,0,798.0
state:OK,2023-06,3,0,798.0
state:OK,2023-07,3,0,798.0
state:OK,2023-08,3,0,798.0
state:OK,2023-09,3,0,798.0
state:OK,2023-10,3,0,798.0
state:OK,2023-11,3,0,798.0
state:OK,2023-12,3,0,798.0
state:OK,2024-01,4,1,39336.8
state:OK,2024-02,4,0,39336.8
state:OK,2024-03,4,0,39336.8
state:OK,2024-04,4,0,39336.8
state:OK,2024-05,4,0,39336.8
state:OK,2024-06,4,0,39336.8
state:OK,2024-07,4,0,39336.8
state:OK,2024-08,4,0,39336.8
state:OK,2024-09,4,0,39336.8
state:OK,2024-10,4,0,39336.8
state:OK,2024-11,4,0,39336.8
state:OK,2024-12,4,0,39336.8
state:OK,2025-01,4,0,39336.8
state:OK,2025-02,4,0,39336.8
state:OK,2025-03,4,0,39336.8
state:OK,2025-04,5,1,39336.8
state:OK,2025-05,6,1,49785.3
state:OK,2025-06,6,0,49785.3
state:OK,2025-07,6,0,49785.3
state:OK,2025-08,6,0,49785.3
state:OK,2025-09,6,0,49785.3
state:OK,2025-10,6,0,49785.3
state:OK,2025-11,6,0,49785.3
state:OK,2025-12,6,0,49785.3
state:OK,2026-01,6,0,49785.3
state:OK,2026-02,6,0,51039.0
state:OK,2026-03,6,0,51039.0
state:OK,2026-04,10,4,52800.2
state:OK,2026-05,11,1,52800.2
state:OR,2016-12,7,7,220070.0
state:OR,2017-01,7,0,220070.0
state:OR,2017-02,7,0,220070.0
state:OR,2017-03,7,0,220070.0
state:OR,2017-04,7,0,220070.0
state:OR,2017-05,7,0,220070.0
state:OR,2017-06,7,0,220070.0
state:OR,2017-07,7,0,220070.0
state:OR,2017-08,8,1,255137.0
state:OR,2017-09,8,0,255137.0
state:OR,2017-10,8,0,255137.0
state:OR,2017-11,8,0,255137.0
state:OR,2017-12,8,0,255137.0
state:OR,2018-01,8,0,255137.0
state:OR,2018-02,8,0,255137.0
state:OR,2018-03,8,0,255137.0
state:OR,2018-04,8,0,255137.0
state:OR,2018-05,8,0,255137.0
state:OR,2018-06,8,0,255137.0
state:OR,2018-07,8,0,255137.0
state:OR,2018-08,8,0,255137.0
state:OR,2018-09,8,0,255137.0
state:OR,2018-10,8,0,255137.0
state:OR,2018-11,8,0,255137.0
state:OR,2018-12,8,0,255137.0
state:OR,2019-01,8,0,255137.0
state:OR,2019-02,8,0,255137.0
state:OR,2019-03,8,0,255137.0
state:OR,2019-04,8,0,255137.0
state:OR,2019-05,8,0,255137.0
state:OR,2019-06,9,1,279633.0
state:OR,2019-07,20,11,324429.4
state:OR,2019-08,20,0,324429.4
state:OR,2019-09,20,0,324429.4
state:OR,2019-10,21,1,324429.4
state:OR,2019-11,21,0,324429.4
state:OR,2019-12,21,0,324429.4
state:OR,2020-01,20,-1,304389.9
state:OR,2020-02,22,2,420810.7
state:OR,2020-03,22,0,420810.7
state:OR,2020-04,22,0,420810.7
state:OR,2020-05,22,0,420810.7
state:OR,2020-06,22,0,420810.7
state:OR,2020-07,22,0,420810.7
state:OR,2020-08,23,1,420810.7
state:OR,2020-09,23,0,420810.7
state:OR,2020-10,23,0,420810.7
state:OR,2020-11,23,0,420810.7
state:OR,2020-12,23,0,420810.7
state:OR,2021-01,23,0,420810.7
state:OR,2021-02,27,4,455125.3
state:OR,2021-03,40,13,678569.0
state:OR,2021-04,41,1,703800.6
state:OR,2021-05,42,1,708124.0
state:OR,2021-06,42,0,708124.0
state:OR,2021-07,43,1,710402.9
state:OR,2021-08,43,0,710402.9
state:OR,2021-09,43,0,710402.9
state:OR,2021-10,42,-1,710402.9
state:OR,2021-11,42,0,710402.9
state:OR,2021-12,42,0,710402.9
state:OR,2022-01,42,0,710402.9
state:OR,2022-02,44,2,750676.6
state:OR,2022-03,44,0,750676.6
state:OR,2022-04,44,0,750676.6
state:OR,2022-05,46,2,770541.9
state:OR,2022-06,46,0,770541.9
state:OR,2022-07,46,0,770541.9
state:OR,2022-08,47,1,772850.9
state:OR,2022-09,48,1,788895.1
state:OR,2022-10,49,1,789940.2
state:OR,2022-11,50,1,804379.2
state:OR,2022-12,50,0,804379.2
state:OR,2023-01,51,1,806729.4
state:OR,2023-02,53,2,823510.0
state:OR,2023-03,54,1,850252.0
state:OR,2023-04,55,1,854112.7
state:OR,2023-05,67,12,959436.8
state:OR,2023-06,67,0,959436.8
state:OR,2023-07,67,0,959436.8
state:OR,2023-08,68,1,975377.6
state:OR,2023-09,68,0,975377.6
state:OR,2023-10,67,-1,1232006.0
state:OR,2023-11,69,2,1267565.7
state:OR,2023-12,69,0,1267565.7
state:OR,2024-01,72,3,1284694.0
state:OR,2024-02,81,9,1425205.1
state:OR,2024-03,81,0,1416143.7
state:OR,2024-04,82,1,1441712.3
state:OR,2024-05,91,9,1544925.2
state:OR,2024-06,91,0,1544925.2
state:OR,2024-07,92,1,1552772.9
state:OR,2024-08,92,0,1561834.3
state:OR,2024-09,94,2,1626549.3
state:OR,2024-10,94,0,1626549.3
state:OR,2024-11,94,0,1626549.3
state:OR,2024-12,94,0,1626549.3
state:OR,2025-01,94,0,1626549.3
state:OR,2025-02,94,0,1626549.3
state:OR,2025-03,95,1,1626783.6
state:OR,2025-04,96,1,1667758.8
state:OR,2025-05,107,11,1830069.0
state:OR,2025-06,107,0,1830069.0
state:OR,2025-07,107,0,1830069.0
state:OR,2025-08,107,0,1830069.0
state:OR,2025-09,104,-3,1737412.9
state:OR,2025-10,104,0,1737412.9
state:OR,2025-11,104,0,1737412.9
state:OR,2025-12,107,3,1830069.0
state:OR,2026-01,109,2,1866511.6
state:OR,2026-02,109,0,1866511.6
state:OR,2026-03,109,0,1866511.6
state:OR,2026-04,135,26,2987183.5
state:OR,2026-05,138,3,3060517.3
state:PA,2021-10,1,1,13574.8
state:PA,2021-11,1,0,13574.8
state:PA,2021-12,1,0,13574.8
state:PA,2022-01,1,0,13574.8
state:PA,2022-02,1,0,13574.8
state:PA,2022-03,1,0,13574.8
state:PA,2022-04,1,0,13574.8
state:PA,2022-05,1,0,13574.8
state:PA,2022-06,1,0,13574.8
state:PA,2022-07,1,0,13574.8
state:PA,2022-08,1,0,13574.8
state:PA,2022-09,1,0,13574.8
state:PA,2022-10,2,1,24691.6
state:PA,2022-11,4,2,36061.3
state:PA,2022-12,4,0,36061.3
state:PA,2023-01,4,0,36061.3
state:PA,2023-02,4,0,36061.3
state:PA,2023-03,4,0,36061.3
state:PA,2023-04,4,0,36061.3
state:PA,2023-05,4,0,36061.3
state:PA,2023-06,4,0,36061.3
state:PA,2023-07,4,0,36061.3
state:PA,2023-08,4,0,36061.3
state:PA,2023-09,4,0,36061.3
state:PA,2023-10,4,0,36061.3
state:PA,2023-11,6,2,38610.7
state:PA,2023-12,6,0,38610.7
state:PA,2024-01,6,0,38610.7
state:PA,2024-02,6,0,38610.7
state:PA,2024-03,6,0,38610.7
state:PA,2024-04,6,0,38610.7
state:PA,2024-05,6,0,38610.7
state:PA,2024-06,5,-1,38610.7
state:PA,2024-07,5,0,38610.7
state:PA,2024-08,7,2,53469.3
state:PA,2024-09,7,0,53469.3
state:PA,2024-10,7,0,53469.3
state:PA,2024-11,7,0,53469.3
state:PA,2024-12,7,0,53469.3
state:PA,2025-01,7,0,53469.3
state:PA,2025-02,7,0,53469.3
state:PA,2025-03,7,0,53469.3
state:PA,2025-04,7,0,53469.3
state:PA,2025-05,7,0,53469.3
state:PA,2025-06,7,0,53469.3
state:PA,2025-07,7,0,53469.3
state:PA,2025-08,7,0,53469.3
state:PA,2025-09,7,0,53469.3
state:PA,2025-10,7,0,53469.3
state:PA,2025-11,7,0,53469.3
state:PA,2025-12,9,2,56648.8
state:PA,2026-01,9,0,56648.8
state:PA,2026-02,10,1,56648.8
state:PA,2026-03,10,0,56648.8
state:PA,2026-04,13,3,92556.8
state:PA,2026-05,12,-1,92556.8
state:PA,2026-06,13,1,92556.8
state:PR,2022-09,1,1,0.0
state:PR,2022-10,1,0,0.0
state:PR,2022-11,1,0,0.0
state:PR,2022-12,1,0,0.0
state:PR,2023-01,1,0,0.0
state:PR,2023-02,1,0,0.0
state:PR,2023-03,1,0,0.0
state:PR,2023-04,1,0,0.0
state:PR,2023-05,1,0,0.0
state:PR,2023-06,1,0,0.0
state:PR,2023-07,1,0,0.0
state:PR,2023-08,1,0,0.0
state:PR,2023-09,1,0,0.0
state:PR,2023-10,1,0,0.0
state:PR,2023-11,1,0,0.0
state:PR,2023-12,1,0,0.0
state:PR,2024-01,1,0,0.0
state:PR,2024-02,1,0,0.0
state:PR,2024-03,1,0,0.0
state:PR,2024-04,1,0,0.0
state:PR,2024-05,1,0,0.0
state:PR,2024-06,1,0,0.0
state:PR,2024-07,1,0,0.0
state:PR,2024-08,1,0,0.0
state:PR,2024-09,1,0,0.0
state:PR,2024-10,1,0,0.0
state:PR,2024-11,1,0,0.0
state:PR,2024-12,1,0,0.0
state:PR,2025-01,1,0,0.0
state:PR,2025-02,1,0,0.0
state:PR,2025-03,1,0,0.0
state:PR,2025-04,1,0,0.0
state:PR,2025-05,2,1,2149.6
state:SC,2020-09,7,7,13621.8
state:SC,2020-10,7,0,13621.8
state:SC,2020-11,7,0,13621.8
state:SC,2020-12,7,0,13621.8
state:SC,2021-01,7,0,13621.8
state:SC,2021-02,7,0,13621.8
state:SC,2021-03,7,0,13621.8
state:SC,2021-04,7,0,13621.8
state:SC,2021-05,7,0,13621.8
state:SC,2021-06,7,0,13621.8
state:SC,2021-07,7,0,13621.8
state:SC,2021-08,7,0,13621.8
state:SC,2021-09,7,0,13621.8
state:SC,2021-10,7,0,13621.8
state:SC,2021-11,7,0,13621.8
state:SC,2021-12,7,0,13621.8
state:SC,2022-01,7,0,13621.8
state:SC,2022-02,7,0,13621.8
state:SC,2022-03,7,0,13621.8
state:SC,2022-04,7,0,13621.8
state:SC,2022-05,7,0,13621.8
state:SC,2022-06,1,-6,772112.6
state:SC,2022-07,1,0,772112.6
state:SC,2022-08,1,0,772112.6
state:SC,2022-09,1,0,772112.6
state:SC,2022-10,1,0,772112.6
state:SC,2022-11,1,0,772112.6
state:SC,2022-12,1,0,772112.6
state:SC,2023-01,1,0,772112.6
state:SC,2023-02,1,0,772112.6
state:SC,2023-03,1,0,772112.6
state:SC,2023-04,1,0,772112.6
state:SC,2023-05,1,0,772112.6
state:SC,2023-06,1,0,772112.6
state:SC,2023-07,1,0,772112.6
state:SC,2023-08,1,0,772112.6
state:SC,2023-09,1,0,772112.6
state:SC,2023-10,1,0,772112.6
state:SC,2023-11,1,0,772112.6
state:SC,2023-12,1,0,772112.6
state:SC,2024-01,1,0,772112.6
state:SC,2024-02,10,9,969283.7
state:SC,2024-03,10,0,969283.7
state:SC,2024-04,10,0,969283.7
state:SC,2024-05,10,0,969283.7
state:SC,2024-06,10,0,969283.7
state:SC,2024-07,10,0,969283.7
state:SC,2024-08,11,1,1640759.7
state:SC,2024-09,11,0,1640759.7
state:SC,2024-10,12,1,1649301.8
state:SD,2021-09,1,1,5199.2
state:SD,2021-10,1,0,5199.2
state:SD,2021-11,1,0,5199.2
state:SD,2021-12,1,0,5199.2
state:SD,2022-01,1,0,5199.2
state:SD,2022-02,1,0,5199.2
state:SD,2022-03,1,0,5199.2
state:SD,2022-04,1,0,5199.2
state:SD,2022-05,1,0,5199.2
state:SD,2022-06,1,0,5199.2
state:SD,2022-07,1,0,5199.2
state:SD,2022-08,1,0,5199.2
state:SD,2022-09,1,0,5199.2
state:SD,2022-10,1,0,5199.2
state:SD,2022-11,1,0,5199.2
state:SD,2022-12,1,0,5199.2
state:SD,2023-01,1,0,5199.2
state:SD,2023-02,1,0,5199.2
state:SD,2023-03,1,0,5199.2
state:SD,2023-04,1,0,5199.2
state:SD,2023-05,1,0,5199.2
state:SD,2023-06,1,0,5199.2
state:SD,2023-07,1,0,5199.2
state:SD,2023-08,1,0,5199.2
state:SD,2023-09,1,0,5199.2
state:SD,2023-10,1,0,5199.2
state:SD,2023-11,1,0,5199.2
state:SD,2023-12,1,0,5199.2
state:SD,2024-01,1,0,5199.2
state:SD,2024-02,1,0,5199.2
state:SD,2024-03,1,0,5199.2
state:SD,2024-04,1,0,5199.2
state:SD,2024-05,1,0,5199.2
state:SD,2024-06,1,0,5199.2
state:SD,2024-07,1,0,5199.2
state:SD,2024-08,1,0,5199.2
state:SD,2024-09,1,0,5199.2
state:SD,2024-10,1,0,5199.2
state:SD,2024-11,1,0,5199.2
state:SD,2024-12,1,0,5199.2
state:SD,2025-01,1,0,5199.2
state:SD,2025-02,1,0,5199.2
state:SD,2025-03,1,0,5199.2
state:SD,2025-04,2,1,27786.3
state:TN,2020-09,0,0,0.0
state:TN,2020-10,0,0,0.0
state:TN,2020-11,0,0,0.0
state:TN,2020-12,0,0,0.0
state:TN,2021-01,1,1,17798.9
state:TN,2021-02,2,1,17913.4
state:TN,2021-03,2,0,17913.4
state:TN,2021-04,2,0,17913.4
state:TN,2021-05,2,0,17913.4
state:TN,2021-06,2,0,17913.4
state:TN,2021-07,2,0,17913.4
state:TN,2021-08,2,0,17913.4
state:TN,2021-09,2,0,17913.4
state:TN,2021-10,2,0,17913.4
state:TN,2021-11,2,0,17913.4
state:TN,2021-12,2,0,17913.4
state:TN,2022-01,2,0,17913.4
state:TN,2022-02,2,0,17913.4
state:TN,2022-03,2,0,17913.4
state:TN,2022-04,2,0,17913.4
state:TN,2022-05,2,0,17913.4
state:TN,2022-06,2,0,17913.4
state:TN,2022-07,2,0,17913.4
state:TN,2022-08,2,0,17913.4
state:TN,2022-09,2,0,17913.4
state:TN,2022-10,2,0,17913.4
state:TN,2022-11,2,0,17913.4
state:TN,2022-12,2,0,17913.4
state:TN,2023-01,2,0,17913.4
state:TN,2023-02,3,1,17913.4
state:TN,2023-03,4,1,2490266.8
state:TN,2023-04,4,0,2490266.8
state:TN,2023-05,5,1,2491228.8
state:TN,2023-06,5,0,2491228.8
state:TN,2023-07,5,0,2491228.8
state:TN,2023-08,5,0,2491228.8
state:TN,2023-09,8,3,2532879.2
state:TN,2023-10,9,1,4116413.6
state:TN,2023-11,9,0,4116413.6
state:TN,2023-12,9,0,4116413.6
state:TN,2024-01,9,0,4116413.6
state:TN,2024-02,12,3,4163721.6
state:TN,2024-03,12,0,4163721.6
state:TN,2024-04,12,0,4163721.6
state:TN,2024-05,12,0,4163721.6
state:TN,2024-06,12,0,4163721.6
state:TN,2024-07,12,0,4163721.6
state:TN,2024-08,14,2,4170683.2
state:TN,2024-09,17,3,4345324.6
state:TN,2024-10,17,0,4345324.6
state:TN,2024-11,17,0,4345324.6
state:TN,2024-12,17,0,4345324.6
state:TN,2025-01,17,0,4345324.6
state:TN,2025-02,17,0,4345324.6
state:TN,2025-03,17,0,4345324.6
state:TN,2025-04,17,0,4345324.6
state:TN,2025-05,19,2,4605097.3
state:TN,2025-06,19,0,4605097.3
state:TN,2025-07,19,0,4605097.3
state:TN,2025-08,20,1,4677280.0
state:TN,2025-09,20,0,4677280.0
state:TN,2025-10,20,0,4677280.0
state:TN,2025-11,20,0,4677280.0
state:TN,2025-12,21,1,4685222.4
state:TN,2026-01,22,1,4700992.6
state:TN,2026-02,22,0,4700992.6
state:TN,2026-03,26,4,4833159.5
state:TN,2026-04,26,0,4833159.5
state:TN,2026-05,30,4,5448060.5
state:TX,2016-12,1,1,0.0
state:TX,2017-01,1,0,0.0
state:TX,2017-02,1,0,0.0
state:TX,2017-03,1,0,0.0
state:TX,2017-04,1,0,0.0
state:TX,2017-05,1,0,0.0
state:TX,2017-06,1,0,0.0
state:TX,2017-07,17,16,217026.6
state:TX,2017-08,21,4,256870.6
state:TX,2017-09,22,1,929609.2
state:TX,2017-10,22,0,929609.2
state:TX,2017-11,22,0,929609.2
state:TX,2017-12,22,0,929609.2
state:TX,2018-01,22,0,929609.2
state:TX,2018-02,22,0,929609.2
state:TX,2018-03,22,0,929609.2
state:TX,2018-04,24,2,1021271.3
state:TX,2018-05,29,5,1093808.4
state:TX,2018-06,29,0,1093808.4
state:TX,2018-07,29,0,1093808.4
state:TX,2018-08,29,0,1093808.4
state:TX,2018-09,29,0,1093808.4
state:TX,2018-10,29,0,1093808.4
state:TX,2018-11,29,0,1093808.4
state:TX,2018-12,29,0,1093808.4
state:TX,2019-01,29,0,1093808.4
state:TX,2019-02,29,0,1093808.4
state:TX,2019-03,30,1,453330.5
state:TX,2019-04,30,0,453330.5
state:TX,2019-05,30,0,453330.5
state:TX,2019-06,30,0,453330.5
state:TX,2019-07,30,0,453330.5
state:TX,2019-08,29,-1,447913.9
state:TX,2019-09,29,0,447913.9
state:TX,2019-10,30,1,447913.9
state:TX,2019-11,30,0,447913.9
state:TX,2019-12,30,0,447913.9
state:TX,2020-01,30,0,447913.9
state:TX,2020-02,30,0,447913.9
state:TX,2020-03,30,0,447913.9
state:TX,2020-04,30,0,447913.9
state:TX,2020-05,30,0,447913.9
state:TX,2020-06,34,4,614082.4
state:TX,2020-07,33,-1,614082.4
state:TX,2020-08,33,0,614082.4
state:TX,2020-09,37,4,644229.3
state:TX,2020-10,38,1,644229.3
state:TX,2020-11,37,-1,644229.3
state:TX,2020-12,37,0,644229.3
state:TX,2021-01,37,0,644229.3
state:TX,2021-02,37,0,644229.3
state:TX,2021-03,37,0,644229.3
state:TX,2021-04,37,0,644229.3
state:TX,2021-05,37,0,644229.3
state:TX,2021-06,37,0,644229.3
state:TX,2021-07,37,0,644229.3
state:TX,2021-08,37,0,644229.3
state:TX,2021-09,37,0,644229.3
state:TX,2021-10,39,2,655946.4
state:TX,2021-11,39,0,655946.4
state:TX,2021-12,43,4,729911.7
state:TX,2022-01,43,0,729911.7
state:TX,2022-02,43,0,729911.7
state:TX,2022-03,43,0,729911.7
state:TX,2022-04,43,0,729911.7
state:TX,2022-05,43,0,729911.7
state:TX,2022-06,43,0,729911.7
state:TX,2022-07,45,2,759334.5
state:TX,2022-08,45,0,759334.5
state:TX,2022-09,45,0,759334.5
state:TX,2022-10,47,2,769959.8
state:TX,2022-11,47,0,769959.8
state:TX,2022-12,49,2,799359.9
state:TX,2023-01,49,0,799359.9
state:TX,2023-02,49,0,799359.9
state:TX,2023-03,49,0,799359.9
state:TX,2023-04,57,8,887787.4
state:TX,2023-05,59,2,929408.2
state:TX,2023-06,59,0,929408.2
state:TX,2023-07,59,0,929408.2
state:TX,2023-08,59,0,929408.2
state:TX,2023-09,61,2,958900.7
state:TX,2023-10,61,0,958900.7
state:TX,2023-11,68,7,1093791.1
state:TX,2023-12,68,0,1093791.1
state:TX,2024-01,68,0,1093791.1
state:TX,2024-02,68,0,1093791.1
state:TX,2024-03,68,0,1093791.1
state:TX,2024-04,68,0,1138619.9
state:TX,2024-05,68,0,1138619.9
state:TX,2024-06,69,1,1138661.3
state:TX,2024-07,70,1,1164733.2
state:TX,2024-08,74,4,1194704.9
state:TX,2024-09,78,4,1194704.9
state:TX,2024-10,78,0,1194704.9
state:TX,2024-11,78,0,1194704.9
state:TX,2024-12,92,14,1384391.6
state:TX,2025-01,92,0,1384391.6
state:TX,2025-02,92,0,1384391.6
state:TX,2025-03,93,1,1387744.4
state:TX,2025-04,93,0,1387744.4
state:TX,2025-05,93,0,1387744.4
state:TX,2025-06,93,0,1387744.4
state:TX,2025-07,94,1,1427335.8
state:TX,2025-08,94,0,1427335.8
state:TX,2025-09,106,12,1897773.1
state:TX,2025-10,109,3,1981540.8
state:TX,2025-11,112,3,3479670.5
state:TX,2025-12,125,13,3551949.9
state:TX,2026-01,127,2,3555997.2
state:TX,2026-02,127,0,3555997.2
state:TX,2026-03,132,5,4374180.0
state:TX,2026-04,137,5,4426665.6
state:TX,2026-05,144,7,4680236.5
state:TX,2026-06,151,7,4795863.7
state:UT,2019-08,1,1,0.0
state:UT,2019-09,1,0,0.0
state:UT,2019-10,1,0,0.0
state:UT,2019-11,1,0,0.0
state:UT,2019-12,1,0,0.0
state:UT,2020-01,1,0,0.0
state:UT,2020-02,1,0,0.0
state:UT,2020-03,1,0,0.0
state:UT,2020-04,1,0,0.0
state:UT,2020-05,1,0,0.0
state:UT,2020-06,1,0,0.0
state:UT,2020-07,1,0,0.0
state:UT,2020-08,1,0,0.0
state:UT,2020-09,1,0,0.0
state:UT,2020-10,1,0,0.0
state:UT,2020-11,1,0,0.0
state:UT,2020-12,1,0,0.0
state:UT,2021-01,1,0,0.0
state:UT,2021-02,1,0,0.0
state:UT,2021-03,1,0,0.0
state:UT,2021-04,0,-1,0.0
state:UT,2021-05,0,0,0.0
state:UT,2021-06,0,0,0.0
state:UT,2021-07,0,0,0.0
state:UT,2021-08,0,0,0.0
state:UT,2021-09,0,0,0.0
state:UT,2021-10,0,0,0.0
state:UT,2021-11,0,0,0.0
state:UT,2021-12,0,0,0.0
state:UT,2022-01,0,0,0.0
state:UT,2022-02,0,0,0.0
state:UT,2022-03,0,0,0.0
state:UT,2022-04,0,0,0.0
state:UT,2022-05,0,0,0.0
state:UT,2022-06,0,0,0.0
state:UT,2022-07,0,0,0.0
state:UT,2022-08,0,0,0.0
state:UT,2022-09,0,0,0.0
state:UT,2022-10,0,0,0.0
state:UT,2022-11,0,0,0.0
state:UT,2022-12,0,0,0.0
state:UT,2023-01,0,0,0.0
state:UT,2023-02,4,4,2260665.1
state:UT,2023-03,4,0,2260665.1
state:UT,2023-04,4,0,2260665.1
state:UT,2023-05,4,0,2260665.1
state:UT,2023-06,4,0,2260665.1
state:UT,2023-07,4,0,2260665.1
state:UT,2023-08,4,0,2260665.1
state:UT,2023-09,4,0,2260665.1
state:UT,2023-10,4,0,2260665.1
state:UT,2023-11,4,0,2260665.1
state:UT,2023-12,4,0,2260665.1
state:UT,2024-01,4,0,2260665.1
state:UT,2024-02,4,0,2260665.1
state:UT,2024-03,4,0,2260665.1
state:UT,2024-04,4,0,2260665.1
state:UT,2024-05,4,0,2260665.1
state:UT,2024-06,4,0,2260665.1
state:UT,2024-07,4,0,2260665.1
state:UT,2024-08,11,7,2303785.4
state:UT,2024-09,11,0,2303785.4
state:UT,2024-10,11,0,2303785.4
state:UT,2024-11,11,0,2303785.4
state:UT,2024-12,11,0,2303785.4
state:UT,2025-01,11,0,2303785.4
state:UT,2025-02,11,0,2303785.4
state:UT,2025-03,11,0,2303785.4
state:UT,2025-04,11,0,2303785.4
state:UT,2025-05,11,0,2303785.4
state:UT,2025-06,13,2,2305160.9
state:UT,2025-07,13,0,2305160.9
state:UT,2025-08,13,0,2305160.9
state:UT,2025-09,13,0,2305160.9
state:UT,2025-10,13,0,2305160.9
state:UT,2025-11,13,0,2305160.9
state:UT,2025-12,13,0,2305160.9
state:UT,2026-01,13,0,2305160.9
state:UT,2026-02,15,2,2369170.3
state:UT,2026-03,15,0,2369170.3
state:UT,2026-04,15,0,2369170.3
state:UT,2026-05,15,0,2369170.3
state:UT,2026-06,22,7,2405776.6
state:VA,2016-12,52,52,796965.1
state:VA,2017-01,52,0,796965.1
state:VA,2017-02,52,0,796965.1
state:VA,2017-03,52,0,796965.1
state:VA,2017-04,52,0,796965.1
state:VA,2017-05,52,0,796965.1
state:VA,2017-06,52,0,796965.1
state:VA,2017-07,52,0,796965.1
state:VA,2017-08,52,0,796965.1
state:VA,2017-09,52,0,796965.1
state:VA,2017-10,53,1,805906.2
state:VA,2017-11,54,1,805906.2
state:VA,2017-12,54,0,805906.2
state:VA,2018-01,54,0,805906.2
state:VA,2018-02,55,1,805906.2
state:VA,2018-03,55,0,805906.2
state:VA,2018-04,55,0,805906.2
state:VA,2018-05,55,0,805906.2
state:VA,2018-06,55,0,805906.2
state:VA,2018-07,61,6,879326.5
state:VA,2018-08,61,0,879326.5
state:VA,2018-09,61,0,879326.5
state:VA,2018-10,61,0,879326.5
state:VA,2018-11,64,3,969504.0
state:VA,2018-12,64,0,969504.0
state:VA,2019-01,64,0,969504.0
state:VA,2019-02,64,0,969504.0
state:VA,2019-03,64,0,969504.0
state:VA,2019-04,64,0,969504.0
state:VA,2019-05,64,0,969504.0
state:VA,2019-06,66,2,982972.4
state:VA,2019-07,88,22,1166574.1
state:VA,2019-08,88,0,1166574.1
state:VA,2019-09,88,0,1166574.1
state:VA,2019-10,90,2,1184682.3
state:VA,2019-11,90,0,1184682.3
state:VA,2019-12,90,0,1184682.3
state:VA,2020-01,90,0,1184682.3
state:VA,2020-02,90,0,1184682.3
state:VA,2020-03,90,0,1184682.3
state:VA,2020-04,99,9,1359816.7
state:VA,2020-05,99,0,1359816.7
state:VA,2020-06,97,-2,1285374.4
state:VA,2020-07,103,6,1430038.3
state:VA,2020-08,103,0,1430038.3
state:VA,2020-09,108,5,1491632.9
state:VA,2020-10,109,1,1491632.9
state:VA,2020-11,111,2,1504956.5
state:VA,2020-12,112,1,1514779.6
state:VA,2021-01,116,4,1832475.1
state:VA,2021-02,116,0,1832475.1
state:VA,2021-03,116,0,1832475.1
state:VA,2021-04,117,1,1941095.5
state:VA,2021-05,117,0,1941095.5
state:VA,2021-06,124,7,2142119.3
state:VA,2021-07,127,3,2175480.2
state:VA,2021-08,128,1,2199963.8
state:VA,2021-09,134,6,2242033.9
state:VA,2021-10,158,24,2857649.0
state:VA,2021-11,158,0,2857649.0
state:VA,2021-12,161,3,2902670.5
state:VA,2022-01,172,11,3379722.9
state:VA,2022-02,172,0,3379722.9
state:VA,2022-03,172,0,3379722.9
state:VA,2022-04,173,1,3379722.9
state:VA,2022-05,173,0,3379722.9
state:VA,2022-06,173,0,3379722.9
state:VA,2022-07,173,0,3379722.9
state:VA,2022-08,176,3,3406400.0
state:VA,2022-09,177,1,3406400.0
state:VA,2022-10,178,1,3418708.9
state:VA,2022-11,179,1,3513687.9
state:VA,2022-12,179,0,3513687.9
state:VA,2023-01,183,4,3577794.4
state:VA,2023-02,184,1,3577794.4
state:VA,2023-03,187,3,3623913.6
state:VA,2023-04,193,6,3968175.6
state:VA,2023-05,196,3,3997812.4
state:VA,2023-06,203,7,4070208.3
state:VA,2023-07,225,22,4556203.4
state:VA,2023-08,225,0,4556203.4
state:VA,2023-09,227,2,4562553.2
state:VA,2023-10,227,0,4562553.2
state:VA,2023-11,237,10,4646132.3
state:VA,2023-12,241,4,6525085.4
state:VA,2024-01,241,0,6525085.4
state:VA,2024-02,249,8,6617293.7
state:VA,2024-03,249,0,6617293.7
state:VA,2024-04,251,2,6643175.1
state:VA,2024-05,264,13,6772935.3
state:VA,2024-06,268,4,6796862.3
state:VA,2024-07,270,2,6821050.1
state:VA,2024-08,273,3,6848091.2
state:VA,2024-09,280,7,7019755.9
state:VA,2024-10,280,0,7019755.9
state:VA,2024-11,281,1,7019755.9
state:VA,2024-12,292,11,7673644.1
state:VA,2025-01,292,0,7673644.1
state:VA,2025-02,292,0,7673644.1
state:VA,2025-03,292,0,7673644.1
state:VA,2025-04,297,5,7756033.5
state:VA,2025-05,299,2,8253779.1
state:VA,2025-06,298,-1,8253779.1
state:VA,2025-07,298,0,8253779.1
state:VA,2025-08,298,0,8253779.1
state:VA,2025-09,307,9,8322522.9
state:VA,2025-10,312,5,8401533.1
state:VA,2025-11,313,1,8424486.7
state:VA,2025-12,316,3,8476537.1
state:VA,2026-01,319,3,8528312.5
state:VA,2026-02,319,0,8545907.5
state:VA,2026-03,348,29,11233680.7
state:VA,2026-04,348,0,11233680.7
state:VA,2026-05,367,19,11507976.1
state:VA,2026-06,364,-3,11507976.1
state:WA,2015-07,1,1,1168.3
state:WA,2015-08,1,0,1168.3
state:WA,2015-09,1,0,1168.3
state:WA,2015-10,1,0,1168.3
state:WA,2015-11,1,0,1168.3
state:WA,2015-12,1,0,1168.3
state:WA,2016-01,1,0,1168.3
state:WA,2016-02,1,0,1168.3
state:WA,2016-03,1,0,1168.3
state:WA,2016-04,1,0,1168.3
state:WA,2016-05,1,0,1168.3
state:WA,2016-06,1,0,1168.3
state:WA,2016-07,1,0,1168.3
state:WA,2016-08,1,0,1168.3
state:WA,2016-09,1,0,1168.3
state:WA,2016-10,1,0,1168.3
state:WA,2016-11,1,0,1168.3
state:WA,2016-12,16,15,1237588.5
state:WA,2017-01,16,0,1237588.5
state:WA,2017-02,16,0,1237588.5
state:WA,2017-03,16,0,1237588.5
state:WA,2017-04,16,0,1237588.5
state:WA,2017-05,16,0,1237588.5
state:WA,2017-06,16,0,1237588.5
state:WA,2017-07,16,0,1237588.5
state:WA,2017-08,16,0,1237588.5
state:WA,2017-09,16,0,1237588.5
state:WA,2017-10,16,0,1237588.5
state:WA,2017-11,16,0,1237588.5
state:WA,2017-12,16,0,1237588.5
state:WA,2018-01,16,0,1237588.5
state:WA,2018-02,16,0,1237588.5
state:WA,2018-03,16,0,1237588.5
state:WA,2018-04,16,0,1237588.5
state:WA,2018-05,16,0,1237588.5
state:WA,2018-06,16,0,1237588.5
state:WA,2018-07,16,0,1237588.5
state:WA,2018-08,16,0,1237588.5
state:WA,2018-09,16,0,1237588.5
state:WA,2018-10,16,0,1237588.5
state:WA,2018-11,16,0,1237588.5
state:WA,2018-12,16,0,1237588.5
state:WA,2019-01,16,0,1237588.5
state:WA,2019-02,16,0,1237588.5
state:WA,2019-03,16,0,1237588.5
state:WA,2019-04,16,0,1237588.5
state:WA,2019-05,16,0,1237588.5
state:WA,2019-06,16,0,1237588.5
state:WA,2019-07,42,26,632588.9
state:WA,2019-08,42,0,632588.9
state:WA,2019-09,42,0,632588.9
state:WA,2019-10,42,0,632588.9
state:WA,2019-11,42,0,632588.9
state:WA,2019-12,42,0,632588.9
state:WA,2020-01,42,0,632588.9
state:WA,2020-02,42,0,632588.9
state:WA,2020-03,42,0,632588.9
state:WA,2020-04,42,0,632588.9
state:WA,2020-05,43,1,652734.8
state:WA,2020-06,43,0,652734.8
state:WA,2020-07,42,-1,652734.8
state:WA,2020-08,43,1,652955.0
state:WA,2020-09,43,0,652955.0
state:WA,2020-10,43,0,652955.0
state:WA,2020-11,43,0,652955.0
state:WA,2020-12,43,0,652955.0
state:WA,2021-01,43,0,652955.0
state:WA,2021-02,44,1,654263.6
state:WA,2021-03,47,3,664907.8
state:WA,2021-04,47,0,664907.8
state:WA,2021-05,47,0,664907.8
state:WA,2021-06,47,0,664907.8
state:WA,2021-07,47,0,664907.8
state:WA,2021-08,47,0,664907.8
state:WA,2021-09,47,0,664907.8
state:WA,2021-10,47,0,664907.8
state:WA,2021-11,47,0,664907.8
state:WA,2021-12,47,0,664907.8
state:WA,2022-01,48,1,674612.5
state:WA,2022-02,48,0,674612.5
state:WA,2022-03,48,0,674612.5
state:WA,2022-04,48,0,674612.5
state:WA,2022-05,48,0,674612.5
state:WA,2022-06,57,9,755934.7
state:WA,2022-07,57,0,755934.7
state:WA,2022-08,57,0,755934.7
state:WA,2022-09,57,0,755934.7
state:WA,2022-10,57,0,755934.7
state:WA,2022-11,57,0,755934.7
state:WA,2022-12,57,0,755934.7
state:WA,2023-01,57,0,755934.7
state:WA,2023-02,57,0,755934.7
state:WA,2023-03,57,0,755934.7
state:WA,2023-04,58,1,756335.3
state:WA,2023-05,63,5,800023.3
state:WA,2023-06,63,0,800023.3
state:WA,2023-07,63,0,800023.3
state:WA,2023-08,65,2,839740.6
state:WA,2023-09,65,0,839740.6
state:WA,2023-10,65,0,839740.6
state:WA,2023-11,73,8,2170493.0
state:WA,2023-12,76,3,2174766.6
state:WA,2024-01,76,0,2174766.6
state:WA,2024-02,76,0,2174766.6
state:WA,2024-03,76,0,2174766.6
state:WA,2024-04,76,0,2174766.6
state:WA,2024-05,76,0,2174766.6
state:WA,2024-06,77,1,2176107.7
state:WA,2024-07,77,0,2176107.7
state:WA,2024-08,77,0,2176107.7
state:WA,2024-09,77,0,2176107.7
state:WA,2024-10,77,0,2176107.7
state:WA,2024-11,77,0,2176107.7
state:WA,2024-12,78,1,2101108.0
state:WA,2025-01,78,0,2101108.0
state:WA,2025-02,78,0,2101108.0
state:WA,2025-03,81,3,3165657.1
state:WA,2025-04,81,0,3165657.1
state:WA,2025-05,81,0,3165657.1
state:WA,2025-06,80,-1,3165657.1
state:WA,2025-07,80,0,3165657.1
state:WA,2025-08,80,0,3165657.1
state:WA,2025-09,80,0,3178983.3
state:WA,2025-10,80,0,3178983.3
state:WA,2025-11,80,0,3178983.3
state:WA,2025-12,80,0,3178983.3
state:WA,2026-01,81,1,3236908.2
state:WA,2026-02,82,1,3236908.2
state:WA,2026-03,81,-1,3236908.2
state:WA,2026-04,81,0,3236908.2
state:WA,2026-05,81,0,3236908.2
state:WA,2026-06,78,-3,3236908.2
state:WI,2020-09,1,1,767.1
state:WI,2020-10,1,0,767.1
state:WI,2020-11,2,1,767.1
state:WI,2020-12,2,0,767.1
state:WI,2021-01,2,0,767.1
state:WI,2021-02,2,0,767.1
state:WI,2021-03,2,0,767.1
state:WI,2021-04,2,0,767.1
state:WI,2021-05,2,0,767.1
state:WI,2021-06,2,0,767.1
state:WI,2021-07,2,0,767.1
state:WI,2021-08,2,0,767.1
state:WI,2021-09,3,1,1612.0
state:WI,2021-10,3,0,1612.0
state:WI,2021-11,3,0,1612.0
state:WI,2021-12,3,0,1612.0
state:WI,2022-01,4,1,6006.2
state:WI,2022-02,4,0,6006.2
state:WI,2022-03,4,0,6006.2
state:WI,2022-04,4,0,6006.2
state:WI,2022-05,5,1,6006.2
state:WI,2022-06,5,0,6006.2
state:WI,2022-07,5,0,6006.2
state:WI,2022-08,5,0,6006.2
state:WI,2022-09,5,0,6006.2
state:WI,2022-10,5,0,6006.2
state:WI,2022-11,5,0,6006.2
state:WI,2022-12,5,0,6006.2
state:WI,2023-01,5,0,6006.2
state:WI,2023-02,5,0,6006.2
state:WI,2023-03,5,0,6006.2
state:WI,2023-04,5,0,6006.2
state:WI,2023-05,5,0,6006.2
state:WI,2023-06,5,0,6006.2
state:WI,2023-07,5,0,6006.2
state:WI,2023-08,5,0,6006.2
state:WI,2023-09,6,1,6039.8
state:WI,2023-10,6,0,6039.8
state:WI,2023-11,7,1,8464.5
state:WI,2023-12,7,0,8464.5
state:WI,2024-01,7,0,8464.5
state:WI,2024-02,7,0,8464.5
state:WI,2024-03,7,0,8464.5
state:WI,2024-04,7,0,8464.5
state:WI,2024-05,7,0,8464.5
state:WI,2024-06,7,0,8464.5
state:WI,2024-07,8,1,9317.0
state:WI,2024-08,8,0,9317.0
state:WI,2024-09,8,0,9317.0
state:WI,2024-10,8,0,9317.0
state:WI,2024-11,8,0,9317.0
state:WI,2024-12,8,0,9317.0
state:WI,2025-01,8,0,9317.0
state:WI,2025-02,8,0,9317.0
state:WI,2025-03,8,0,9317.0
state:WI,2025-04,8,0,9317.0
state:WI,2025-05,9,1,10153.3
state:WI,2025-06,9,0,10153.3
state:WI,2025-07,9,0,10153.3
state:WI,2025-08,9,0,10153.3
state:WI,2025-09,9,0,10153.3
state:WI,2025-10,10,1,10153.3
state:WI,2025-11,11,1,1706704.5
state:WI,2025-12,12,1,1707017.4
state:WI,2026-01,12,0,1707017.4
state:WI,2026-02,13,1,1712608.4
state:WI,2026-03,13,0,1712608.4
state:WI,2026-04,13,0,1712608.4
state:WI,2026-05,14,1,1739283.4
state:WI,2026-06,17,3,7121739.0
state:WV,2019-09,1,1,0.0
state:WV,2019-10,1,0,0.0
state:WV,2019-11,1,0,0.0
state:WV,2019-12,1,0,0.0
state:WV,2020-01,1,0,0.0
state:WV,2020-02,1,0,0.0
state:WV,2020-03,1,0,0.0
state:WV,2020-04,1,0,0.0
state:WV,2020-05,1,0,0.0
state:WV,2020-06,1,0,0.0
state:WV,2020-07,1,0,0.0
state:WV,2020-08,1,0,0.0
state:WV,2020-09,1,0,0.0
state:WV,2020-10,1,0,0.0
state:WV,2020-11,1,0,0.0
state:WV,2020-12,1,0,0.0
state:WV,2021-01,1,0,0.0
state:WV,2021-02,1,0,0.0
state:WV,2021-03,1,0,0.0
state:WV,2021-04,1,0,0.0
state:WV,2021-05,1,0,0.0
state:WV,2021-06,1,0,0.0
state:WV,2021-07,1,0,0.0
state:WV,2021-08,1,0,0.0
state:WV,2021-09,1,0,0.0
state:WV,2021-10,1,0,0.0
state:WV,2021-11,1,0,0.0
state:WV,2021-12,1,0,0.0
state:WV,2022-01,1,0,0.0
state:WV,2022-02,1,0,0.0
state:WV,2022-03,1,0,0.0
state:WV,2022-04,1,0,0.0
state:WV,2022-05,1,0,0.0
state:WV,2022-06,1,0,0.0
state:WV,2022-07,1,0,0.0
state:WV,2022-08,1,0,0.0
state:WV,2022-09,1,0,0.0
state:WV,2022-10,1,0,0.0
state:WV,2022-11,1,0,0.0
state:WV,2022-12,1,0,0.0
state:WV,2023-01,1,0,0.0
state:WV,2023-02,1,0,0.0
state:WV,2023-03,1,0,0.0
state:WV,2023-04,1,0,0.0
state:WV,2023-05,1,0,0.0
state:WV,2023-06,1,0,0.0
state:WV,2023-07,1,0,0.0
state:WV,2023-08,1,0,0.0
state:WV,2023-09,1,0,0.0
state:WV,2023-10,1,0,0.0
state:WV,2023-11,1,0,0.0
state:WV,2023-12,1,0,0.0
state:WV,2024-01,1,0,0.0
state:WV,2024-02,1,0,0.0
state:WV,2024-03,1,0,0.0
state:WV,2024-04,1,0,0.0
state:WV,2024-05,1,0,0.0
state:WV,2024-06,1,0,0.0
state:WV,2024-07,1,0,0.0
state:WV,2024-08,1,0,0.0
state:WV,2024-09,1,0,0.0
state:WV,2024-10,1,0,0.0
state:WV,2024-11,1,0,0.0
state:WV,2024-12,1,0,0.0
state:WV,2025-01,1,0,0.0
state:WV,2025-02,1,0,0.0
state:WV,2025-03,1,0,0.0
state:WV,2025-04,1,0,0.0
state:WV,2025-05,1,0,0.0
state:WV,2025-06,1,0,0.0
state:WV,2025-07,1,0,0.0
state:WV,2025-08,1,0,0.0
state:WV,2025-09,1,0,0.0
state:WV,2025-10,1,0,0.0
state:WV,2025-11,1,0,0.0
state:WV,2025-12,1,0,0.0
state:WV,2026-01,1,0,0.0
state:WV,2026-02,2,1,0.0
state:WY,2024-04,11,11,864022.7
state:WY,2024-05,14,3,954967.0
state:WY,2024-06,14,0,954967.0
state:WY,2024-07,14,0,954967.0
state:WY,2024-08,14,0,954967.0
state:WY,2024-09,14,0,954967.0
state:WY,2024-10,14,0,954967.0
state:WY,2024-11,14,0,954967.0
state:WY,2024-12,14,0,954967.0
state:WY,2025-01,14,0,954967.0
state:WY,2025-02,14,0,954967.0
state:WY,2025-03,14,0,954967.0
state:WY,2025-04,15,1,955070.6
state:WY,2025-05,17,2,964972.2
state:WY,2025-06,17,0,964972.2
state:WY,2025-07,17,0,964972.2
state:WY,2025-08,18,1,965527.3
state:WY,2025-09,18,0,965527.3
state:WY,2025-10,18,0,965527.3
state:WY,2025-11,18,0,965527.3
state:WY,2025-12,19,1,2471019.6
