{"type":"FeatureCollection","features":[{"type":"Feature","geometry":{"type":"Point","coordinates":[-77.029149,38.902888]},"properties":{"id":"node/751881301","footprint_m2":0,"name":"CoreSite DC1","operator":"CoreSite","county_fips":"11001","state":"DC","est_mw":0.0}},{"type":"Feature","geometry":{"type":"Point","coordinates":[-106.589349,35.103293]},"properties":{"id":"node/1825907839","footprint_m2":0,"name":"Southwest Cyberport","county_fips":"35001","state":"NM","est_mw":0.0}},{"type":"Feature","geometry":{"type":"Point","coordinates":[-117.070888,32.775025]},"properties":{"id":"node/2607827436","footprint_m2":0,"name":"SDSU Computer Room","county_fips":"06073","state":"CA","est_mw":0.0}},{"type":"Feature","geometry":{"type":"Point","coordinates":[-80.317748,25.791545]},"properties":{"id":"node/3406467087","footprint_m2":0,"name":"NocRoom Miami IT Services","county_fips":"12086","state":"FL","est_mw":0.0}},{"type":"Feature","geometry":{"type":"Point","coordinates":[-80.423435,25.646562]},"properties":{"id":"node/3406476814","footprint_m2":0,"name":"NocRoom Miami IT Services","county_fips":"12086","state":"FL","est_mw":0.0}},{"type":"Feature","geometry":{"type":"Point","coordinates":[-91.172545,30.407446]},"properties":{"id":"node/3468203102","footprint_m2":0,"name":"Center for Computation & Technology (CCT)","county_fips":"22033","state":"LA","est_mw":0.0}},{"type":"Feature","geometry":{"type":"Point","coordinates":[-122.680562,45.521425]},"properties":{"id":"node/3732415309","footprint_m2":0,"name":"The Pittock Internet Exchange","operator":"Alco Properties","county_fips":"41051","state":"OR","est_mw":0.0}},{"type":"Feature","geometry":{"type":"Point","coordinates":[-84.366859,33.771568]},"properties":{"id":"node/4879481820","footprint_m2":0,"name":"Google Fiber","operator":"Google","county_fips":"13121","state":"GA","est_mw":0.0}},{"type":"Feature","geometry":{"type":"Point","coordinates":[-122.259823,37.869852]},"properties":{"id":"node/5146323411","footprint_m2":0,"name":"Open Computing Facility","county_fips":"06001","state":"CA","est_mw":0.0}},{"type":"Feature","geometry":{"type":"Point","coordinates":[-79.142706,37.415688]},"properties":{"id":"node/5225685660","footprint_m2":0,"name":"Lumos Networks","county_fips":"51680","state":"VA","est_mw":0.0}},{"type":"Feature","geometry":{"type":"Point","coordinates":[-97.649745,35.467205]},"properties":{"id":"node/6401035673","footprint_m2":0,"name":"Rack59 Data Center","county_fips":"40109","state":"OK","est_mw":0.0}},{"type":"Feature","geometry":{"type":"Point","coordinates":[-106.653671,35.092501]},"properties":{"id":"node/6625492701","footprint_m2":0,"name":"Oso Grande","operator":"Oso Grande","ref":"OSO","county_fips":"35001","state":"NM","est_mw":0.0}},{"type":"Feature","geometry":{"type":"Point","coordinates":[-78.22532,39.630985]},"properties":{"id":"node/6793837329","footprint_m2":0,"name":"Morgan Wireless","county_fips":"54065","state":"WV","est_mw":0.0}},{"type":"Feature","geometry":{"type":"Point","coordinates":[-96.782815,32.782546]},"properties":{"id":"node/6856057098","footprint_m2":0,"name":"VIRTBIZ","county_fips":"48113","state":"TX","est_mw":0.0}},{"type":"Feature","geometry":{"type":"Point","coordinates":[-70.261379,43.657839]},"properties":{"id":"node/7171975407","footprint_m2":0,"name":"FirstLight Data Center","operator":"FirstLight","county_fips":"23005","state":"ME","est_mw":0.0}},{"type":"Feature","geometry":{"type":"Point","coordinates":[-86.914155,40.42179]},"properties":{"id":"node/7264976228","footprint_m2":0,"name":"Learning GIS!","county_fips":"18157","state":"IN","est_mw":0.0}},{"type":"Feature","geometry":{"type":"Point","coordinates":[-86.916545,40.421854]},"properties":{"id":"node/7264976991","footprint_m2":0,"name":"Agricultural and Biological Engineering","county_fips":"18157","state":"IN","est_mw":0.0}},{"type":"Feature","geometry":{"type":"Point","coordinates":[-78.851552,35.881397]},"properties":{"id":"node/7324132050","footprint_m2":0,"name":"Windstream Communications","county_fips":"37063","state":"NC","est_mw":0.0}},{"type":"Feature","geometry":{"type":"Point","coordinates":[-78.851573,35.881364]},"properties":{"id":"node/7324132051","footprint_m2":0,"name":"Level 3 Communications","county_fips":"37063","state":"NC","est_mw":0.0}},{"type":"Feature","geometry":{"type":"Point","coordinates":[-111.752668,33.380415]},"properties":{"id":"node/7557854384","footprint_m2":0,"name":"OptimumHQ","county_fips":"04013","state":"AZ","est_mw":0.0}},{"type":"Feature","geometry":{"type":"Point","coordinates":[-111.752889,33.380601]},"properties":{"id":"node/7557868585","footprint_m2":0,"name":"The Chatfield Group","county_fips":"04013","state":"AZ","est_mw":0.0}},{"type":"Feature","geometry":{"type":"Point","coordinates":[-111.809686,33.319916]},"properties":{"id":"node/7578821329","footprint_m2":0,"name":"All About Serving Process Server","county_fips":"04013","state":"AZ","est_mw":0.0}},{"type":"Feature","geometry":{"type":"Point","coordinates":[-111.840539,33.302965]},"properties":{"id":"node/7737996606","footprint_m2":0,"name":"Emailage","county_fips":"04013","state":"AZ","est_mw":0.0}},{"type":"Feature","geometry":{"type":"Point","coordinates":[-111.728405,33.379986]},"properties":{"id":"node/7821940847","footprint_m2":0,"name":"Alliance Technology","county_fips":"04013","state":"AZ","est_mw":0.0}},{"type":"Feature","geometry":{"type":"Point","coordinates":[-77.225882,38.913724]},"properties":{"id":"node/7985753364","footprint_m2":0,"name":"8100 Boone Boulevard","operator":"Digital Realty","county_fips":"51059","state":"VA","est_mw":0.0}},{"type":"Feature","geometry":{"type":"Point","coordinates":[-82.299762,29.672819]},"properties":{"id":"node/8017899486","footprint_m2":0,"name":"HiPerGator","operator":"University of Florida","ref":"Version 3.0","county_fips":"12001","state":"FL","est_mw":0.0}},{"type":"Feature","geometry":{"type":"Point","coordinates":[-84.391481,33.755519]},"properties":{"id":"node/8109664813","footprint_m2":0,"name":"Atlanta ATL13","operator":"Digital Realty","ref":"ATL13","county_fips":"13121","state":"GA","est_mw":0.0}},{"type":"Feature","geometry":{"type":"Point","coordinates":[-87.953979,43.043941]},"properties":{"id":"node/8165754026","footprint_m2":0,"name":"Data Holdings Data Center","county_fips":"55079","state":"WI","est_mw":0.0}},{"type":"Feature","geometry":{"type":"Point","coordinates":[-121.891051,37.402745]},"properties":{"id":"node/8238715059","footprint_m2":0,"name":"STACK Infrastructure","operator":"Stack Infrastructure, Incorporated","county_fips":"06085","state":"CA","est_mw":0.0}},{"type":"Feature","geometry":{"type":"Point","coordinates":[-121.891057,37.402634]},"properties":{"id":"node/8238715061","footprint_m2":0,"name":"STACK Infrastructure","operator":"Stack Infrastructure, Incorporated","county_fips":"06085","state":"CA","est_mw":0.0}},{"type":"Feature","geometry":{"type":"Point","coordinates":[-120.641513,35.255316]},"properties":{"id":"node/8477460442","footprint_m2":0,"name":"Digital West Data Center","county_fips":"06079","state":"CA","est_mw":0.0}},{"type":"Feature","geometry":{"type":"Point","coordinates":[-82.988394,42.627942]},"properties":{"id":"node/8641856300","footprint_m2":0,"name":"Chick-fil-A Hiring Center","operator":"Dennis Sampier","county_fips":"26099","state":"MI","est_mw":0.0}},{"type":"Feature","geometry":{"type":"Point","coordinates":[-72.589864,41.707078]},"properties":{"id":"node/8767284091","footprint_m2":0,"name":"Ergonomic Group","county_fips":"09110","state":"CT","est_mw":0.0}},{"type":"Feature","geometry":{"type":"Point","coordinates":[-121.891646,37.334118]},"properties":{"id":"node/8897151054","footprint_m2":0,"name":"San Jose Colocation Center","operator":"CoreSite","ref":"SV1","county_fips":"06085","state":"CA","est_mw":0.0}},{"type":"Feature","geometry":{"type":"Point","coordinates":[-77.4147,39.025485]},"properties":{"id":"node/9092482804","footprint_m2":0,"name":"Amazon Web Services IAD69","operator":"Amazon Web Services","ref":"IAD69","county_fips":"51107","state":"VA","est_mw":0.0}},{"type":"Feature","geometry":{"type":"Point","coordinates":[-95.486046,30.178137]},"properties":{"id":"node/9190480200","footprint_m2":0,"name":"Stream Data Centers Houston","county_fips":"48339","state":"TX","est_mw":0.0}},{"type":"Feature","geometry":{"type":"Point","coordinates":[-76.606489,39.287702]},"properties":{"id":"node/9669340912","footprint_m2":0,"name":"Crown Castle Baltimore","operator":"Crown Castle Fiber","ref":"Baltimore","county_fips":"24510","state":"MD","est_mw":0.0}},{"type":"Feature","geometry":{"type":"Point","coordinates":[-76.620374,39.291758]},"properties":{"id":"node/9669405859","footprint_m2":0,"name":"AiNET One Market Center","operator":"AiNET","ref":"BW1","county_fips":"24510","state":"MD","est_mw":0.0}},{"type":"Feature","geometry":{"type":"Point","coordinates":[-77.211571,38.920854]},"properties":{"id":"node/9669639033","footprint_m2":0,"name":"Lumen McLean","operator":"Lumen Technologies","county_fips":"51059","state":"VA","est_mw":0.0}},{"type":"Feature","geometry":{"type":"Point","coordinates":[-87.961093,43.009794]},"properties":{"id":"node/9721703993","footprint_m2":0,"name":"TierPoint Milwaukee","county_fips":"55079","state":"WI","est_mw":0.0}},{"type":"Feature","geometry":{"type":"Point","coordinates":[-78.812384,42.990201]},"properties":{"id":"node/9736262934","footprint_m2":0,"name":"Frontier Science","county_fips":"36029","state":"NY","est_mw":0.0}},{"type":"Feature","geometry":{"type":"Point","coordinates":[-106.652646,35.088629]},"properties":{"id":"node/9808044830","footprint_m2":0,"name":"505 Marquette","county_fips":"35001","state":"NM","est_mw":0.0}},{"type":"Feature","geometry":{"type":"Point","coordinates":[-106.648985,35.084449]},"properties":{"id":"node/9808044840","footprint_m2":0,"name":"123 Central","operator":"bigbyte.cc","county_fips":"35001","state":"NM","est_mw":0.0}},{"type":"Feature","geometry":{"type":"Point","coordinates":[-94.578821,39.101182]},"properties":{"id":"node/9861806598","footprint_m2":0,"county_fips":"29095","state":"MO","est_mw":0.0}},{"type":"Feature","geometry":{"type":"Point","coordinates":[-94.581145,39.100907]},"properties":{"id":"node/9922928085","footprint_m2":0,"name":"Netrality Data Centers","county_fips":"29095","state":"MO","est_mw":0.0}},{"type":"Feature","geometry":{"type":"Point","coordinates":[-66.10899,18.417436]},"properties":{"id":"node/10014176940","footprint_m2":0,"name":"Microsoft","operator":"Microsoft","county_fips":"72061","state":"PR","est_mw":0.0}},{"type":"Feature","geometry":{"type":"Point","coordinates":[-87.63344,41.872881]},"properties":{"id":"node/10537283366","footprint_m2":0,"name":"Netrality","operator":"Netrality","county_fips":"17031","state":"IL","est_mw":0.0}},{"type":"Feature","geometry":{"type":"Point","coordinates":[-78.938532,36.003099]},"properties":{"id":"node/10567817971","footprint_m2":0,"name":"Brandaleone Lab for Data and Visualization","operator":"Duke Libraries","county_fips":"37063","state":"NC","est_mw":0.0}},{"type":"Feature","geometry":{"type":"Point","coordinates":[-84.310567,35.929513]},"properties":{"id":"node/10648552506","footprint_m2":0,"name":"Frontier (supercomputer)","operator":"Oak Ridge National Laboratory","county_fips":"47145","state":"TN","est_mw":0.0}},{"type":"Feature","geometry":{"type":"Point","coordinates":[-122.394001,37.779653]},"properties":{"id":"node/10780794741","footprint_m2":0,"operator":"Ntirety","county_fips":"06075","state":"CA","est_mw":0.0}},{"type":"Feature","geometry":{"type":"Point","coordinates":[-111.901703,33.627367]},"properties":{"id":"node/10796113031","footprint_m2":0,"name":"VaultLogix","county_fips":"04013","state":"AZ","est_mw":0.0}},{"type":"Feature","geometry":{"type":"Point","coordinates":[-111.902048,33.627248]},"properties":{"id":"node/10796113033","footprint_m2":0,"name":"Profit Finder Pro Software","county_fips":"04013","state":"AZ","est_mw":0.0}},{"type":"Feature","geometry":{"type":"Point","coordinates":[-111.913983,33.611662]},"properties":{"id":"node/10798644674","footprint_m2":0,"name":"DataPro USA Web Development","county_fips":"04013","state":"AZ","est_mw":0.0}},{"type":"Feature","geometry":{"type":"Point","coordinates":[-122.043738,37.971081]},"properties":{"id":"node/10880725408","footprint_m2":0,"name":"e360","county_fips":"06013","state":"CA","est_mw":0.0}},{"type":"Feature","geometry":{"type":"Point","coordinates":[-87.618307,41.853351]},"properties":{"id":"node/10910879064","footprint_m2":0,"name":"Digital Realty ORD10","operator":"Digital Realty","ref":"ORD10","county_fips":"17031","state":"IL","est_mw":0.0}},{"type":"Feature","geometry":{"type":"Point","coordinates":[-87.618607,41.853383]},"properties":{"id":"node/10910879065","footprint_m2":0,"name":"Centersquare Chicago Data Center - ORD1","operator":"Centersquare","ref":"ORD1","county_fips":"17031","state":"IL","est_mw":0.0}},{"type":"Feature","geometry":{"type":"Point","coordinates":[-111.884346,33.634484]},"properties":{"id":"node/10938672218","footprint_m2":0,"name":"K-Motion Interactive","county_fips":"04013","state":"AZ","est_mw":0.0}},{"type":"Feature","geometry":{"type":"Point","coordinates":[-87.635938,41.880527]},"properties":{"id":"node/10945121336","footprint_m2":0,"name":"West Monroe","county_fips":"17031","state":"IL","est_mw":0.0}},{"type":"Feature","geometry":{"type":"Point","coordinates":[-111.896098,33.644666]},"properties":{"id":"node/11018926315","footprint_m2":0,"name":"Iron Mountain Data Centers AZS-1","county_fips":"04013","state":"AZ","est_mw":0.0}},{"type":"Feature","geometry":{"type":"Point","coordinates":[-87.631466,41.87594]},"properties":{"id":"node/11098469355","footprint_m2":0,"name":"CoreSite Chicago Data Center (CH1)","operator":"CoreSite","ref":"CH1","county_fips":"17031","state":"IL","est_mw":0.0}},{"type":"Feature","geometry":{"type":"Point","coordinates":[-112.111714,33.664746]},"properties":{"id":"node/11113161710","footprint_m2":0,"name":"Accelera Data Systems","county_fips":"04013","state":"AZ","est_mw":0.0}},{"type":"Feature","geometry":{"type":"Point","coordinates":[-76.81155,39.427318]},"properties":{"id":"node/11167641842","footprint_m2":0,"name":"Expedient Owings Mills","operator":"Expedient","county_fips":"24005","state":"MD","est_mw":0.0}},{"type":"Feature","geometry":{"type":"Point","coordinates":[-76.620402,39.291759]},"properties":{"id":"node/11168593074","footprint_m2":0,"name":"Lumen Baltimore","operator":"Lumen Technologies","county_fips":"24510","state":"MD","est_mw":0.0}},{"type":"Feature","geometry":{"type":"Point","coordinates":[-76.591671,39.274655]},"properties":{"id":"node/11168593094","footprint_m2":0,"name":"Expedient Tidepoint","operator":"Expedient","county_fips":"24510","state":"MD","est_mw":0.0}},{"type":"Feature","geometry":{"type":"Point","coordinates":[-104.84316,39.593873]},"properties":{"id":"node/11400893880","footprint_m2":0,"name":"Flexential - Denver - Centennial Data Center","operator":"Flexential","county_fips":"08005","state":"CO","est_mw":0.0}},{"type":"Feature","geometry":{"type":"Point","coordinates":[-111.970076,33.395586]},"properties":{"id":"node/11666916913","footprint_m2":0,"name":"EdgeConneX Data Center","operator":"EdgeConneX","county_fips":"04013","state":"AZ","est_mw":0.0}},{"type":"Feature","geometry":{"type":"Point","coordinates":[-83.627629,41.807282]},"properties":{"id":"node/11815482844","footprint_m2":0,"county_fips":"26115","state":"MI","est_mw":0.0}},{"type":"Feature","geometry":{"type":"Point","coordinates":[-117.503021,33.91029]},"properties":{"id":"node/11924506303","footprint_m2":0,"name":"IT","county_fips":"06065","state":"CA","est_mw":0.0}},{"type":"Feature","geometry":{"type":"Point","coordinates":[-111.977335,33.405131]},"properties":{"id":"node/11938614120","footprint_m2":0,"name":"Alembic Computer Services, Inc.","county_fips":"04013","state":"AZ","est_mw":0.0}},{"type":"Feature","geometry":{"type":"Point","coordinates":[-111.971154,33.413186]},"properties":{"id":"node/11938631189","footprint_m2":0,"name":"J-Curve Technologies","county_fips":"04013","state":"AZ","est_mw":0.0}},{"type":"Feature","geometry":{"type":"Point","coordinates":[-84.449464,39.315931]},"properties":{"id":"node/12112201416","footprint_m2":0,"name":"Flexential Cincinnati","operator":"Flexential","county_fips":"39017","state":"OH","est_mw":0.0}},{"type":"Feature","geometry":{"type":"Point","coordinates":[-104.994159,39.74597]},"properties":{"id":"node/12112236372","footprint_m2":0,"name":"Flexential Denver - Downtown","operator":"Flexential","county_fips":"08031","state":"CO","est_mw":0.0}},{"type":"Feature","geometry":{"type":"Point","coordinates":[-96.819371,32.80041]},"properties":{"id":"node/12112238944","footprint_m2":0,"name":"Flexential Dallas - Downtown Dallas","operator":"Flexential","county_fips":"48113","state":"TX","est_mw":0.0}},{"type":"Feature","geometry":{"type":"Point","coordinates":[-81.581723,30.245748]},"properties":{"id":"node/12112266917","footprint_m2":0,"name":"Flexential Jacksonville","operator":"Flexential","county_fips":"12031","state":"FL","est_mw":0.0}},{"type":"Feature","geometry":{"type":"Point","coordinates":[-104.848832,39.661049]},"properties":{"id":"node/12112270180","footprint_m2":0,"name":"Flexential - Denver - Aurora","operator":"Flexential","county_fips":"08005","state":"CO","est_mw":0.0}},{"type":"Feature","geometry":{"type":"Point","coordinates":[-86.808495,35.972729]},"properties":{"id":"node/12112295055","footprint_m2":0,"name":"Flexential Nashville - Brentwood","operator":"Flexential","county_fips":"47187","state":"TN","est_mw":0.0}},{"type":"Feature","geometry":{"type":"Point","coordinates":[-78.829143,35.850528]},"properties":{"id":"node/12112361725","footprint_m2":0,"name":"Flexential Raleigh","operator":"Flexential","county_fips":"37183","state":"NC","est_mw":0.0}},{"type":"Feature","geometry":{"type":"Point","coordinates":[-82.539978,28.037299]},"properties":{"id":"node/12112380995","footprint_m2":0,"name":"Flexential Tampa - West","operator":"Flexential","county_fips":"12057","state":"FL","est_mw":0.0}},{"type":"Feature","geometry":{"type":"Point","coordinates":[-111.727875,40.332648]},"properties":{"id":"node/12112382397","footprint_m2":0,"name":"Flexential Salt Lake City - Lindon","operator":"Flexential","county_fips":"49049","state":"UT","est_mw":0.0}},{"type":"Feature","geometry":{"type":"Point","coordinates":[-74.004458,40.719928]},"properties":{"id":"node/12221811811","footprint_m2":0,"name":"Digital Realty New York JFK13","operator":"Digital Realty","ref":"JFK13","county_fips":"36061","state":"NY","est_mw":0.0}},{"type":"Feature","geometry":{"type":"Point","coordinates":[-74.008441,40.717677]},"properties":{"id":"node/12221880448","footprint_m2":0,"name":"Digital Realty New York JFK12","operator":"Digital Realty","ref":"JFK12","county_fips":"36061","state":"NY","est_mw":0.0}},{"type":"Feature","geometry":{"type":"Point","coordinates":[-84.391171,33.755986]},"properties":{"id":"node/12331366645","footprint_m2":0,"name":"CoreSite AT1","operator":"CoreSite","ref":"AT1","county_fips":"13121","state":"GA","est_mw":0.0}},{"type":"Feature","geometry":{"type":"Point","coordinates":[-106.615348,35.086739]},"properties":{"id":"node/12387534800","footprint_m2":0,"name":"UNM Data Center","operator":"UNM","ref":"UNM","county_fips":"35001","state":"NM","est_mw":0.0}},{"type":"Feature","geometry":{"type":"Point","coordinates":[-121.962865,37.366662]},"properties":{"id":"node/12437277166","footprint_m2":0,"name":"Prime Santa Clara","operator":"Prime","county_fips":"06085","state":"CA","est_mw":0.0}},{"type":"Feature","geometry":{"type":"Point","coordinates":[-74.456856,40.55035]},"properties":{"id":"node/12452254071","footprint_m2":0,"name":"Open Data Centers Piscataway","county_fips":"34023","state":"NJ","est_mw":0.0}},{"type":"Feature","geometry":{"type":"Point","coordinates":[-74.075012,40.785395]},"properties":{"id":"node/12471740457","footprint_m2":0,"name":"H5 Secaucus","operator":"H5","county_fips":"34017","state":"NJ","est_mw":0.0}},{"type":"Feature","geometry":{"type":"Point","coordinates":[-121.947418,37.322868]},"properties":{"id":"node/12550746951","footprint_m2":0,"name":"Forescout Technologies, Inc.","county_fips":"06085","state":"CA","est_mw":0.0}},{"type":"Feature","geometry":{"type":"Point","coordinates":[-73.818665,42.735631]},"properties":{"id":"node/12682482760","footprint_m2":0,"name":"Lumen Albany 4","operator":"Lumen Technologies","county_fips":"36001","state":"NY","est_mw":0.0}},{"type":"Feature","geometry":{"type":"Point","coordinates":[-87.618048,41.853558]},"properties":{"id":"node/12695496267","footprint_m2":0,"name":"Equinix Chicago Data Center - CH1","operator":"Equinix","ref":"CH1","county_fips":"17031","state":"IL","est_mw":0.0}},{"type":"Feature","geometry":{"type":"Point","coordinates":[-74.668851,40.315558]},"properties":{"id":"node/12708029111","footprint_m2":0,"name":"501 West","county_fips":"34021","state":"NJ","est_mw":0.0}},{"type":"Feature","geometry":{"type":"Point","coordinates":[-74.004816,40.657696]},"properties":{"id":"node/12766117170","footprint_m2":0,"name":"Dataverge","operator":"Dataverge","county_fips":"36047","state":"NY","est_mw":0.0}},{"type":"Feature","geometry":{"type":"Point","coordinates":[-95.838283,36.099474]},"properties":{"id":"node/12793428582","footprint_m2":0,"name":"TulsaConnect DC3","county_fips":"40143","state":"OK","est_mw":0.0}},{"type":"Feature","geometry":{"type":"Point","coordinates":[-111.635236,33.356679]},"properties":{"id":"node/13019681063","footprint_m2":0,"name":"Comarch","county_fips":"04013","state":"AZ","est_mw":0.0}},{"type":"Feature","geometry":{"type":"Point","coordinates":[-118.235914,34.058479]},"properties":{"id":"node/13042311881","footprint_m2":0,"name":"CoreSite - LA2","operator":"CoreSite","ref":"LA2","county_fips":"06037","state":"CA","est_mw":0.0}},{"type":"Feature","geometry":{"type":"Point","coordinates":[-77.471954,39.016014]},"properties":{"id":"node/13154826378","footprint_m2":0,"name":"NTT Ashburn VA7 Data Center","operator":"NTT","ref":"VA7","county_fips":"51107","state":"VA","est_mw":0.0}},{"type":"Feature","geometry":{"type":"Point","coordinates":[-77.609964,38.799973]},"properties":{"id":"node/13154826379","footprint_m2":0,"name":"NTT VA11 Data Center","operator":"NTT","ref":"VA11","county_fips":"51153","state":"VA","est_mw":0.0}},{"type":"Feature","geometry":{"type":"Point","coordinates":[-89.392279,43.067716]},"properties":{"id":"node/13226718075","footprint_m2":0,"name":"Lumen Madison 1 Data Center","operator":"Lumen Technologies","county_fips":"55025","state":"WI","est_mw":0.0}},{"type":"Feature","geometry":{"type":"Point","coordinates":[-115.13856,36.065929]},"properties":{"id":"node/13311012216","footprint_m2":0,"name":"Fiberhub LAS1","operator":"Fiberhub","ref":"LAS1","county_fips":"32003","state":"NV","est_mw":0.0}},{"type":"Feature","geometry":{"type":"Point","coordinates":[-75.33972,40.087919]},"properties":{"id":"node/13409186015","footprint_m2":0,"name":"D\u0101Stor: 3400 Horizon Drive","county_fips":"42091","state":"PA","est_mw":0.0}},{"type":"Feature","geometry":{"type":"Point","coordinates":[-96.798496,32.778447]},"properties":{"id":"node/13465438761","footprint_m2":0,"name":"Rad Web Hosting","county_fips":"48113","state":"TX","est_mw":0.0}},{"type":"Feature","geometry":{"type":"Point","coordinates":[-81.696182,38.353177]},"properties":{"id":"node/13546262077","footprint_m2":0,"name":"Alpha Federal","operator":"Alpha Innovations","county_fips":"54039","state":"WV","est_mw":0.0}},{"type":"Feature","geometry":{"type":"Point","coordinates":[-108.603014,45.743079]},"properties":{"id":"node/13603878193","footprint_m2":0,"name":"Parsec Data Management","county_fips":"30111","state":"MT","est_mw":0.0}},{"type":"Feature","geometry":{"type":"Point","coordinates":[-96.87394,46.974172]},"properties":{"id":"node/13639231258","footprint_m2":0,"name":"Applied Digital","county_fips":"38017","state":"ND","est_mw":0.0}},{"type":"Feature","geometry":{"type":"Point","coordinates":[-77.247476,37.489234]},"properties":{"id":"node/13685576464","footprint_m2":0,"name":"RIC1 DC1","operator":"Quality Technology Services","county_fips":"51087","state":"VA","est_mw":0.0}},{"type":"Feature","geometry":{"type":"Point","coordinates":[-77.24621,37.488616]},"properties":{"id":"node/13685576465","footprint_m2":0,"name":"RIC1 DC2","operator":"Quality Technology Services","county_fips":"51087","state":"VA","est_mw":0.0}},{"type":"Feature","geometry":{"type":"Point","coordinates":[-77.244826,37.487858]},"properties":{"id":"node/13685576466","footprint_m2":0,"name":"RIC1 DC3","operator":"Quality Technology Services","county_fips":"51087","state":"VA","est_mw":0.0}},{"type":"Feature","geometry":{"type":"Point","coordinates":[-95.989193,36.153294]},"properties":{"id":"node/13720841436","footprint_m2":0,"name":"TulsaConnect","county_fips":"40143","state":"OK","est_mw":0.0}},{"type":"Feature","geometry":{"type":"Point","coordinates":[-95.990514,36.148501]},"properties":{"id":"node/13720841437","footprint_m2":0,"name":"Windstream","county_fips":"40143","state":"OK","est_mw":0.0}},{"type":"Feature","geometry":{"type":"Point","coordinates":[-95.99082,36.148452]},"properties":{"id":"node/13720841438","footprint_m2":0,"name":"TulsaConnect","county_fips":"40143","state":"OK","est_mw":0.0}},{"type":"Feature","geometry":{"type":"Point","coordinates":[-122.681754,45.521257]},"properties":{"id":"node/13746843366","footprint_m2":0,"name":"Digital Fortress - Portland 1","operator":"Digital Fortress, Inc","county_fips":"41051","state":"OR","est_mw":0.0}},{"type":"Feature","geometry":{"type":"Point","coordinates":[-122.776087,45.476214]},"properties":{"id":"node/13746843367","footprint_m2":0,"name":"Digital Fortress - Portland 2","operator":"Digital Fortress, Inc","county_fips":"41067","state":"OR","est_mw":0.0}},{"type":"Feature","geometry":{"type":"Point","coordinates":[-122.77641,45.475634]},"properties":{"id":"node/13746843368","footprint_m2":0,"name":"Digital Fortress - Portland 3","operator":"Digital Fortress, Inc","county_fips":"41067","state":"OR","est_mw":0.0}},{"type":"Feature","geometry":{"type":"Point","coordinates":[-122.683765,45.53169]},"properties":{"id":"node/13748555787","footprint_m2":0,"name":"H5 DC - Portland","operator":"H5 Data Centers","county_fips":"41051","state":"OR","est_mw":0.0}},{"type":"Feature","geometry":{"type":"Point","coordinates":[-123.092978,44.050607]},"properties":{"id":"node/13748859030","footprint_m2":0,"name":"Date Center West - Eugene","operator":"Data Center West, Inc.","county_fips":"41039","state":"OR","est_mw":0.0}},{"type":"Feature","geometry":{"type":"Point","coordinates":[-95.989191,36.153287]},"properties":{"id":"node/13873419223","footprint_m2":0,"name":"OCOSA","county_fips":"40143","state":"OK","est_mw":0.0}},{"type":"Feature","geometry":{"type":"Point","coordinates":[-77.440637,38.998508]},"properties":{"id":"node/13891340203","footprint_m2":0,"name":"Vantage VA16","county_fips":"51107","state":"VA","est_mw":0.0}},{"type":"Feature","geometry":{"type":"Point","coordinates":[-78.097405,41.141044]},"properties":{"id":"node/13908533343","footprint_m2":0,"name":"Iron City No. 1 Power Generator and Compute Center","county_fips":"42033","state":"PA","est_mw":0.0}},{"type":"Feature","geometry":{"type":"Point","coordinates":[-77.472678,39.00392]},"properties":{"id":"node/14045039387","footprint_m2":0,"name":"CloudHQ LC10","operator":"CloudHQ","ref":"LC10","county_fips":"51107","state":"VA","est_mw":0.0}},{"type":"Feature","geometry":{"type":"Point","coordinates":[-77.470436,39.003503]},"properties":{"id":"node/14045039388","footprint_m2":0,"name":"CloudHQ LC9","operator":"CloudHQ","ref":"LC9","county_fips":"51107","state":"VA","est_mw":0.0}},{"type":"Feature","geometry":{"type":"Point","coordinates":[-77.468333,39.00206]},"properties":{"id":"node/14045039389","footprint_m2":0,"name":"CloudHQ LC8","operator":"CloudHQ","ref":"LC8","county_fips":"51107","state":"VA","est_mw":0.0}},{"type":"Feature","geometry":{"type":"Point","coordinates":[-77.475951,39.006121]},"properties":{"id":"node/14045039390","footprint_m2":0,"name":"CloudHQ LC14","operator":"CloudHQ","ref":"LC14","county_fips":"51107","state":"VA","est_mw":0.0}},{"type":"Feature","geometry":{"type":"Point","coordinates":[-77.476723,39.004995]},"properties":{"id":"node/14045039391","footprint_m2":0,"name":"CloudHQ LC13","operator":"CloudHQ","ref":"LC13","county_fips":"51107","state":"VA","est_mw":0.0}},{"type":"Feature","geometry":{"type":"Point","coordinates":[-77.478515,39.005445]},"properties":{"id":"node/14045039392","footprint_m2":0,"name":"CloudHQ LC1","operator":"CloudHQ","ref":"LC1","county_fips":"51107","state":"VA","est_mw":0.0}},{"type":"Feature","geometry":{"type":"Point","coordinates":[-77.477699,39.006588]},"properties":{"id":"node/14045039393","footprint_m2":0,"name":"CloudHQ LC11","operator":"CloudHQ","ref":"LC11","county_fips":"51107","state":"VA","est_mw":0.0}},{"type":"Feature","geometry":{"type":"Point","coordinates":[-77.476734,39.009805]},"properties":{"id":"node/14045039394","footprint_m2":0,"name":"CloudHQ LC5","operator":"CloudHQ","ref":"LC5","county_fips":"51107","state":"VA","est_mw":0.0}},{"type":"Feature","geometry":{"type":"Point","coordinates":[-77.457953,39.019496]},"properties":{"id":"node/14045039395","footprint_m2":0,"name":"Cologix ASH2","operator":"Cologix","county_fips":"51107","state":"VA","est_mw":0.0}},{"type":"Feature","geometry":{"type":"Point","coordinates":[-77.476938,39.013795]},"properties":{"id":"node/14045092726","footprint_m2":0,"name":"Sabey Data Centers Ashburn - Building A","operator":"Sabey Data Centers","county_fips":"51107","state":"VA","est_mw":0.0}},{"type":"Feature","geometry":{"type":"Point","coordinates":[-77.475672,39.018788]},"properties":{"id":"node/14045092727","footprint_m2":0,"name":"NTT Ashburn VA8 Data Center","operator":"NTT","ref":"VA8","county_fips":"51107","state":"VA","est_mw":0.0}},{"type":"Feature","geometry":{"type":"Point","coordinates":[-97.041045,32.832714]},"properties":{"id":"way/25706343","footprint_m2":28637,"name":"Cyxtera Dallas-Fort Worth Data Center","operator":"Cyxtera","county_fips":"48439","state":"TX","est_mw":5.44}},{"type":"Feature","geometry":{"type":"Point","coordinates":[-96.819511,32.800943]},"properties":{"id":"way/28544618","footprint_m2":22282,"name":"Equinix Infomart","operator":"Equinix","county_fips":"48113","state":"TX","est_mw":4.24}},{"type":"Feature","geometry":{"type":"Point","coordinates":[-71.079758,42.376706]},"properties":{"id":"way/29827954","footprint_m2":12445,"name":"CoreSite BO1","ref":"BO1","county_fips":"25017","state":"MA","est_mw":2.37}},{"type":"Feature","geometry":{"type":"Point","coordinates":[-118.235393,34.058102]},"properties":{"id":"way/30666790","footprint_m2":9223,"name":"USPO Terminal Annex","operator":"United States Postal Service","county_fips":"06037","state":"CA","est_mw":1.75}},{"type":"Feature","geometry":{"type":"Point","coordinates":[-96.798437,32.778301]},"properties":{"id":"way/30827429","footprint_m2":4047,"name":"DataBank","county_fips":"48113","state":"TX","est_mw":0.77}},{"type":"Feature","geometry":{"type":"Point","coordinates":[-84.31158,39.303896]},"properties":{"id":"way/31250931","footprint_m2":7694,"name":"CyrusOne Cincinnati-Mason CIN3","operator":"CyrusOne","ref":"CIN3","county_fips":"39165","state":"OH","est_mw":1.46}},{"type":"Feature","geometry":{"type":"Point","coordinates":[-117.129934,32.827866]},"properties":{"id":"way/31800424","footprint_m2":7764,"name":"LightEdge SAN1","county_fips":"06073","state":"CA","est_mw":1.48}},{"type":"Feature","geometry":{"type":"Point","coordinates":[-117.169345,32.842309]},"properties":{"id":"way/31803515","footprint_m2":3642,"name":"EdgeConneX San Diego","operator":"EdgeConneX","county_fips":"06073","state":"CA","est_mw":0.69}},{"type":"Feature","geometry":{"type":"Point","coordinates":[-121.491946,38.6504]},"properties":{"id":"way/32560290","footprint_m2":19018,"name":"RagingWire CA2","operator":"NTT","ref":"CA2","county_fips":"06067","state":"CA","est_mw":3.62}},{"type":"Feature","geometry":{"type":"Point","coordinates":[-121.489186,38.650432]},"properties":{"id":"way/32560292","footprint_m2":17866,"name":"RagingWire CA1","operator":"NTT","ref":"CA1","county_fips":"06067","state":"CA","est_mw":3.4}},{"type":"Feature","geometry":{"type":"Point","coordinates":[-84.26745,34.082226]},"properties":{"id":"way/34770750","footprint_m2":120245,"name":"Hewlett-Packard","county_fips":"13121","state":"GA","est_mw":22.86}},{"type":"Feature","geometry":{"type":"Point","coordinates":[-121.78332,37.241587]},"properties":{"id":"way/35491576","footprint_m2":12544,"name":"Equinix SV1","operator":"Equinix","ref":"SV1","county_fips":"06085","state":"CA","est_mw":2.38}},{"type":"Feature","geometry":{"type":"Point","coordinates":[-84.412113,39.294048]},"properties":{"id":"way/36897140","footprint_m2":1215,"county_fips":"39061","state":"OH","est_mw":0.23}},{"type":"Feature","geometry":{"type":"Point","coordinates":[-121.987813,37.373439]},"properties":{"id":"way/37877544","footprint_m2":7166,"name":"Lumen Sunnyvale 1","operator":"Lumen Technologies","county_fips":"06085","state":"CA","est_mw":1.36}},{"type":"Feature","geometry":{"type":"Point","coordinates":[-121.955937,37.378816]},"properties":{"id":"way/37947313","footprint_m2":6082,"name":"OpenColo","county_fips":"06085","state":"CA","est_mw":1.16}},{"type":"Feature","geometry":{"type":"Point","coordinates":[-121.954992,37.378434]},"properties":{"id":"way/37947314","footprint_m2":7535,"name":"Equinix Santa Clara SV2","operator":"Equinix","ref":"SV2","county_fips":"06085","state":"CA","est_mw":1.43}},{"type":"Feature","geometry":{"type":"Point","coordinates":[-121.954151,37.37804]},"properties":{"id":"way/37947315","footprint_m2":2326,"name":"Layer42 Santa Clara","operator":"Layer42","county_fips":"06085","state":"CA","est_mw":0.44}},{"type":"Feature","geometry":{"type":"Point","coordinates":[-121.973619,37.372388]},"properties":{"id":"way/38305431","footprint_m2":12007,"name":"Digital Realty Silicon Valley SJC34","operator":"Digital Realty","county_fips":"06085","state":"CA","est_mw":2.28}},{"type":"Feature","geometry":{"type":"Point","coordinates":[-121.969697,37.371519]},"properties":{"id":"way/38305568","footprint_m2":8565,"name":"Csquare SFO1","operator":"Csquare","county_fips":"06085","state":"CA","est_mw":1.63}},{"type":"Feature","geometry":{"type":"Point","coordinates":[-121.972693,37.373386]},"properties":{"id":"way/38305611","footprint_m2":8296,"operator":"Vantage","county_fips":"06085","state":"CA","est_mw":1.58}},{"type":"Feature","geometry":{"type":"Point","coordinates":[-84.235697,34.094797]},"properties":{"id":"way/39083541","footprint_m2":11844,"name":"Strategic Datasphere","county_fips":"13121","state":"GA","est_mw":2.25}},{"type":"Feature","geometry":{"type":"Point","coordinates":[-84.251748,34.087003]},"properties":{"id":"way/39083797","footprint_m2":7071,"name":"Flexential Atlanta - Alpharetta Data Center","operator":"Flexential","county_fips":"13121","state":"GA","est_mw":1.34}},{"type":"Feature","geometry":{"type":"Point","coordinates":[-84.250876,34.093708]},"properties":{"id":"way/39083830","footprint_m2":17095,"name":"Secure Data Center","county_fips":"13121","state":"GA","est_mw":3.25}},{"type":"Feature","geometry":{"type":"Point","coordinates":[-121.9617,37.365333]},"properties":{"id":"way/40608200","footprint_m2":7496,"name":"Cologix Santa Clara SV1 Data Center","operator":"Cologix","ref":"SV1","county_fips":"06085","state":"CA","est_mw":1.42}},{"type":"Feature","geometry":{"type":"Point","coordinates":[-74.980571,44.668112]},"properties":{"id":"way/42000820","footprint_m2":2290,"name":"Old Main","operator":"Clarkson University","county_fips":"36089","state":"NY","est_mw":0.44}},{"type":"Feature","geometry":{"type":"Point","coordinates":[-90.197175,38.629262]},"properties":{"id":"way/42323063","footprint_m2":2146,"name":"Netrality Data Centers","county_fips":"29510","state":"MO","est_mw":0.41}},{"type":"Feature","geometry":{"type":"Point","coordinates":[-93.280292,44.991458]},"properties":{"id":"way/45448535","footprint_m2":4755,"operator":"Verizon","county_fips":"27053","state":"MN","est_mw":0.9}},{"type":"Feature","geometry":{"type":"Point","coordinates":[-77.510577,38.803415]},"properties":{"id":"way/45583050","footprint_m2":4915,"county_fips":"51153","state":"VA","est_mw":0.93}},{"type":"Feature","geometry":{"type":"Point","coordinates":[-77.541111,38.7905]},"properties":{"id":"way/45776978","footprint_m2":11378,"name":"Amazon IAD11","operator":"Amazon Web Services","ref":"Amazon IAD11","county_fips":"51153","state":"VA","est_mw":2.16}},{"type":"Feature","geometry":{"type":"Point","coordinates":[-77.540006,38.79035]},"properties":{"id":"way/45776979","footprint_m2":2916,"name":"Amazon IAD24","operator":"Amazon Web Services","ref":"IAD24","county_fips":"51153","state":"VA","est_mw":0.55}},{"type":"Feature","geometry":{"type":"Point","coordinates":[-77.538277,38.791204]},"properties":{"id":"way/45776988","footprint_m2":10166,"name":"Amazon IAD7","operator":"Amazon Web Services","ref":"Amazon IAD-7","county_fips":"51153","state":"VA","est_mw":1.93}},{"type":"Feature","geometry":{"type":"Point","coordinates":[-84.517898,39.102695]},"properties":{"id":"way/46128119","footprint_m2":2744,"name":"CyrusOne CIN2","operator":"CyrusOne","ref":"CIN2","county_fips":"39061","state":"OH","est_mw":0.52}},{"type":"Feature","geometry":{"type":"Point","coordinates":[-77.594876,38.778111]},"properties":{"id":"way/46831933","footprint_m2":24484,"name":"VA 4","operator":"Digital Realty","county_fips":"51153","state":"VA","est_mw":4.65}},{"type":"Feature","geometry":{"type":"Point","coordinates":[-77.432876,39.021646]},"properties":{"id":"way/48242814","footprint_m2":10473,"name":"Amazon IAD10","operator":"Amazon Web Services","ref":"IAD10","county_fips":"51107","state":"VA","est_mw":1.99}},{"type":"Feature","geometry":{"type":"Point","coordinates":[-77.434794,39.021569]},"properties":{"id":"way/48242816","footprint_m2":3317,"name":"Amazon IAD32","operator":"Amazon Web Services","ref":"IAD32","county_fips":"51107","state":"VA","est_mw":0.63}},{"type":"Feature","geometry":{"type":"Point","coordinates":[-122.937393,45.549584]},"properties":{"id":"way/52059176","footprint_m2":24186,"name":"NTT RagingWire DC - Hillsboro","operator":"NTT","ref":"HI1","county_fips":"41067","state":"OR","est_mw":4.6}},{"type":"Feature","geometry":{"type":"Point","coordinates":[-77.41519,39.023907]},"properties":{"id":"way/52094269","footprint_m2":7346,"name":"Centersquare IAD1-B","operator":"Centersquare","ref":"IAD1-B","county_fips":"51107","state":"VA","est_mw":1.4}},{"type":"Feature","geometry":{"type":"Point","coordinates":[-77.413201,39.023321]},"properties":{"id":"way/52094270","footprint_m2":8346,"name":"Centersquare IAD1-A","operator":"Centersquare","ref":"IAD1-A","county_fips":"51107","state":"VA","est_mw":1.59}},{"type":"Feature","geometry":{"type":"Point","coordinates":[-77.412204,39.024756]},"properties":{"id":"way/52094294","footprint_m2":12578,"name":"Centersquare IAD1-C","operator":"Centersquare","ref":"IAD1-C","county_fips":"51107","state":"VA","est_mw":2.39}},{"type":"Feature","geometry":{"type":"Point","coordinates":[-93.598831,44.851593]},"properties":{"id":"way/52227492","footprint_m2":12589,"name":"Flexential Minneapolis - Chaska","operator":"Flexential","county_fips":"27019","state":"MN","est_mw":2.39}},{"type":"Feature","geometry":{"type":"Point","coordinates":[-104.979332,39.74523]},"properties":{"id":"way/52958203","footprint_m2":4532,"name":"Pearl Plaza Office Building","county_fips":"08031","state":"CO","est_mw":0.86}},{"type":"Feature","geometry":{"type":"Point","coordinates":[-121.980869,37.397579]},"properties":{"id":"way/54119665","footprint_m2":13573,"name":"Csquare SFO2","operator":"Csquare","ref":"SFO2","county_fips":"06085","state":"CA","est_mw":2.58}},{"type":"Feature","geometry":{"type":"Point","coordinates":[-121.981112,37.398618]},"properties":{"id":"way/54119667","footprint_m2":10748,"name":"Csquare SFO2","operator":"Csquare","ref":"SFO2","county_fips":"06085","state":"CA","est_mw":2.04}},{"type":"Feature","geometry":{"type":"Point","coordinates":[-121.978309,37.393987]},"properties":{"id":"way/54121151","footprint_m2":2948,"name":"QTS Santa Clara 1","operator":"Quality Technology Services","county_fips":"06085","state":"CA","est_mw":0.56}},{"type":"Feature","geometry":{"type":"Point","coordinates":[-121.971709,37.375142]},"properties":{"id":"way/54173383","footprint_m2":5371,"name":"CoreSite SV3","operator":"CoreSite","ref":"SV3","county_fips":"06085","state":"CA","est_mw":1.02}},{"type":"Feature","geometry":{"type":"Point","coordinates":[-121.972084,37.376302]},"properties":{"id":"way/54173753","footprint_m2":5673,"name":"CoreSite SV6","operator":"CoreSite","ref":"SV6","county_fips":"06085","state":"CA","est_mw":1.08}},{"type":"Feature","geometry":{"type":"Point","coordinates":[-121.97184,37.377383]},"properties":{"id":"way/54173755","footprint_m2":3866,"name":"CoreSite SV8","operator":"CoreSite","ref":"SV8","county_fips":"06085","state":"CA","est_mw":0.73}},{"type":"Feature","geometry":{"type":"Point","coordinates":[-121.97069,37.375196]},"properties":{"id":"way/54383196","footprint_m2":4725,"name":"CoreSite SV5","operator":"CoreSite","ref":"SV5","county_fips":"06085","state":"CA","est_mw":0.9}},{"type":"Feature","geometry":{"type":"Point","coordinates":[-121.96961,37.375559]},"properties":{"id":"way/54383197","footprint_m2":5612,"name":"CoreSite SV9","operator":"CoreSite","ref":"SV9","county_fips":"06085","state":"CA","est_mw":1.07}},{"type":"Feature","geometry":{"type":"Point","coordinates":[-121.978397,37.392722]},"properties":{"id":"way/58708529","footprint_m2":3420,"name":"QTS Santa Clara 2","operator":"Quality Technology Services","county_fips":"06085","state":"CA","est_mw":0.65}},{"type":"Feature","geometry":{"type":"Point","coordinates":[-77.441764,39.004699]},"properties":{"id":"way/59294476","footprint_m2":16660,"name":"STACK NVA01A - Northern Virginia","operator":"Stack Infrastructure","ref":"NVA01A","county_fips":"51107","state":"VA","est_mw":3.17}},{"type":"Feature","geometry":{"type":"Point","coordinates":[-93.254652,44.971302]},"properties":{"id":"way/63619642","footprint_m2":8147,"name":"Minnesota Gateway Data Center","county_fips":"27053","state":"MN","est_mw":1.55}},{"type":"Feature","geometry":{"type":"Point","coordinates":[-73.752745,42.649353]},"properties":{"id":"way/69827429","footprint_m2":1427,"name":"IBM Building","county_fips":"36001","state":"NY","est_mw":0.27}},{"type":"Feature","geometry":{"type":"Point","coordinates":[-83.076986,42.326266]},"properties":{"id":"way/71187940","footprint_m2":2316,"operator":"Verizon Wireless","ref":"DTRT.PP2","county_fips":"26163","state":"MI","est_mw":0.44}},{"type":"Feature","geometry":{"type":"Point","coordinates":[-70.952473,43.143619]},"properties":{"id":"way/79056848","footprint_m2":2839,"operator":"University of New Hampshire","county_fips":"33017","state":"NH","est_mw":0.54}},{"type":"Feature","geometry":{"type":"Point","coordinates":[-77.327295,38.948464]},"properties":{"id":"way/79158387","footprint_m2":8941,"name":"VA3","operator":"Digital Realty","ref":"VA3","county_fips":"51059","state":"VA","est_mw":1.7}},{"type":"Feature","geometry":{"type":"Point","coordinates":[-77.32941,38.948816]},"properties":{"id":"way/79159494","footprint_m2":1795,"name":"IAD1","operator":"Evocative","ref":"IAD1","county_fips":"51059","state":"VA","est_mw":0.34}},{"type":"Feature","geometry":{"type":"Point","coordinates":[-77.364548,38.950586]},"properties":{"id":"way/79298926","footprint_m2":12824,"name":"CoreSite Reston Campus VA1","operator":"CoreSite","county_fips":"51059","state":"VA","est_mw":2.44}},{"type":"Feature","geometry":{"type":"Point","coordinates":[-77.37237,38.948468]},"properties":{"id":"way/79818498","footprint_m2":23199,"name":"CoreSite Reston VA3","operator":"CoreSite","county_fips":"51059","state":"VA","est_mw":4.41}},{"type":"Feature","geometry":{"type":"Point","coordinates":[-70.808043,43.076119]},"properties":{"id":"way/87058670","footprint_m2":866,"operator":"FirstLight","county_fips":"33015","state":"NH","est_mw":0.16}},{"type":"Feature","geometry":{"type":"Point","coordinates":[-104.995691,39.745572]},"properties":{"id":"way/89784186","footprint_m2":1840,"name":"Insurance Exchange Building","county_fips":"08031","state":"CO","est_mw":0.35}},{"type":"Feature","geometry":{"type":"Point","coordinates":[-76.964322,39.058563]},"properties":{"id":"way/93210344","footprint_m2":13592,"name":"Lincoln Rackhouse Maryland","operator":"Lincoln Rackhouse","county_fips":"24031","state":"MD","est_mw":2.58}},{"type":"Feature","geometry":{"type":"Point","coordinates":[-84.221875,39.389019]},"properties":{"id":"way/95349317","footprint_m2":18432,"name":"CyrusOne Cincinnati-Lebanon","county_fips":"39165","state":"OH","est_mw":3.5}},{"type":"Feature","geometry":{"type":"Point","coordinates":[-74.031141,40.796864]},"properties":{"id":"way/95782052","footprint_m2":6378,"name":"Equinix NY7 Data Center","operator":"Equinix","ref":"NY7","county_fips":"34017","state":"NJ","est_mw":1.21}},{"type":"Feature","geometry":{"type":"Point","coordinates":[-122.01458,37.414564]},"properties":{"id":"way/99813512","footprint_m2":11368,"name":"Equinix SV4","operator":"Equinix","ref":"SV4","county_fips":"06085","state":"CA","est_mw":2.16}},{"type":"Feature","geometry":{"type":"Point","coordinates":[-93.375448,44.807196]},"properties":{"id":"way/99861735","footprint_m2":6360,"name":"Verizon - Bloomington Network","operator":"Verizon","county_fips":"27053","state":"MN","est_mw":1.21}},{"type":"Feature","geometry":{"type":"Point","coordinates":[-98.486906,29.429371]},"properties":{"id":"way/102129663","footprint_m2":1942,"name":"H5 Data Centers San Antonio","operator":"H5 Data Centers","county_fips":"48029","state":"TX","est_mw":0.37}},{"type":"Feature","geometry":{"type":"Point","coordinates":[-93.631009,41.587999]},"properties":{"id":"way/104082694","footprint_m2":1046,"name":"Aureon","county_fips":"19153","state":"IA","est_mw":0.2}},{"type":"Feature","geometry":{"type":"Point","coordinates":[-81.262527,35.588013]},"properties":{"id":"way/116005354","footprint_m2":52435,"county_fips":"37035","state":"NC","est_mw":9.97}},{"type":"Feature","geometry":{"type":"Point","coordinates":[-94.579432,39.094415]},"properties":{"id":"way/118650988","footprint_m2":17130,"operator":"Patmos Hosting, Inc.","county_fips":"29095","state":"MO","est_mw":3.26}},{"type":"Feature","geometry":{"type":"Point","coordinates":[-73.147299,41.240846]},"properties":{"id":"way/122665255","footprint_m2":12540,"name":"Digital Realty New York HVN10","operator":"Digital Realty","ref":"HVN10","county_fips":"09120","state":"CT","est_mw":2.38}},{"type":"Feature","geometry":{"type":"Point","coordinates":[-88.217091,41.772165]},"properties":{"id":"way/124088810","footprint_m2":6515,"name":"Lincoln Rackhouse","county_fips":"17043","state":"IL","est_mw":1.24}},{"type":"Feature","geometry":{"type":"Point","coordinates":[-87.962172,41.994237]},"properties":{"id":"way/128499684","footprint_m2":43642,"name":"Digital Realty CH1","operator":"Digital Realty","ref":"CH1","county_fips":"17031","state":"IL","est_mw":8.3}},{"type":"Feature","geometry":{"type":"Point","coordinates":[-93.14746,44.972253]},"properties":{"id":"way/131874718","footprint_m2":10052,"name":"H5 Minneapolis","operator":"H5","county_fips":"27123","state":"MN","est_mw":1.91}},{"type":"Feature","geometry":{"type":"Point","coordinates":[-112.041326,33.42038]},"properties":{"id":"way/131891022","footprint_m2":13548,"name":"Iron Mountain Records Storage","operator":"Iron Mountain","county_fips":"04013","state":"AZ","est_mw":2.58}},{"type":"Feature","geometry":{"type":"Point","coordinates":[-122.160782,37.445895]},"properties":{"id":"way/132746406","footprint_m2":1118,"name":"Equinix SV8","operator":"Equinix","ref":"SV8","county_fips":"06085","state":"CA","est_mw":0.21}},{"type":"Feature","geometry":{"type":"Point","coordinates":[-88.242031,40.095259]},"properties":{"id":"way/138260136","footprint_m2":4238,"name":"NCSA Petascale Computing Facility","county_fips":"17019","state":"IL","est_mw":0.81}},{"type":"Feature","geometry":{"type":"Point","coordinates":[-83.723761,39.91278]},"properties":{"id":"way/138643160","footprint_m2":7426,"name":"LexisNexus Springfield","county_fips":"39023","state":"OH","est_mw":1.41}},{"type":"Feature","geometry":{"type":"Point","coordinates":[-87.629954,41.874293]},"properties":{"id":"way/149379943","footprint_m2":845,"name":"Digital Realty ORD11","operator":"Digital Realty","ref":"ORD11","county_fips":"17031","state":"IL","est_mw":0.16}},{"type":"Feature","geometry":{"type":"Point","coordinates":[-112.070786,33.494336]},"properties":{"id":"way/151179323","footprint_m2":2365,"name":"Lumen","operator":"Lumen Technologies","county_fips":"04013","state":"AZ","est_mw":0.45}},{"type":"Feature","geometry":{"type":"Point","coordinates":[-111.671704,33.305358]},"properties":{"id":"way/152163711","footprint_m2":1344,"name":"L3Harris Technologies Inc","county_fips":"04013","state":"AZ","est_mw":0.26}},{"type":"Feature","geometry":{"type":"Point","coordinates":[-111.6717,33.306272]},"properties":{"id":"way/152163722","footprint_m2":2938,"name":"AZ Labs","county_fips":"04013","state":"AZ","est_mw":0.56}},{"type":"Feature","geometry":{"type":"Point","coordinates":[-87.640141,41.870944]},"properties":{"id":"way/152449872","footprint_m2":5242,"name":"Serverfarm CH1","operator":"Serverfarm","ref":"CH1","county_fips":"17031","state":"IL","est_mw":1.0}},{"type":"Feature","geometry":{"type":"Point","coordinates":[-112.355509,33.417241]},"properties":{"id":"way/154213519","footprint_m2":277662,"name":"Stack Infrastructure PHX01 Campus","county_fips":"04013","state":"AZ","est_mw":52.78}},{"type":"Feature","geometry":{"type":"Point","coordinates":[-112.111168,33.659041]},"properties":{"id":"way/155739337","footprint_m2":47642,"name":"Aligned Energy Data Center","county_fips":"04013","state":"AZ","est_mw":9.06}},{"type":"Feature","geometry":{"type":"Point","coordinates":[-77.225838,38.913702]},"properties":{"id":"way/156468497","footprint_m2":1819,"county_fips":"51059","state":"VA","est_mw":0.35}},{"type":"Feature","geometry":{"type":"Point","coordinates":[-87.618359,41.853653]},"properties":{"id":"way/156520409","footprint_m2":11999,"name":"Lakeside Technology Center","county_fips":"17031","state":"IL","est_mw":2.28}},{"type":"Feature","geometry":{"type":"Point","coordinates":[-112.098357,33.684674]},"properties":{"id":"way/157362579","footprint_m2":10222,"name":"Flexential Phoenix - Deer Valley","operator":"Flexential","county_fips":"04013","state":"AZ","est_mw":1.94}},{"type":"Feature","geometry":{"type":"Point","coordinates":[-95.988631,36.158588]},"properties":{"id":"way/159959672","footprint_m2":1761,"name":"TierPoint","ref":"TUL","county_fips":"40143","state":"OK","est_mw":0.33}},{"type":"Feature","geometry":{"type":"Point","coordinates":[-121.781839,37.24204]},"properties":{"id":"way/161126131","footprint_m2":15451,"name":"Equinix SV5","operator":"Equinix","ref":"SV5","county_fips":"06085","state":"CA","est_mw":2.94}},{"type":"Feature","geometry":{"type":"Point","coordinates":[-96.050345,41.318005]},"properties":{"id":"way/166431620","footprint_m2":5053,"name":"Union Pacific Jack Koraleski Technology, Research & Development Center","operator":"Union Pacific Railroad","county_fips":"31055","state":"NE","est_mw":0.96}},{"type":"Feature","geometry":{"type":"Point","coordinates":[-80.190118,40.451369]},"properties":{"id":"way/168129695","footprint_m2":5575,"name":"DataBank Pittsburgh PIT2","county_fips":"42003","state":"PA","est_mw":1.06}},{"type":"Feature","geometry":{"type":"Point","coordinates":[-106.618034,34.995446]},"properties":{"id":"way/169170979","footprint_m2":2375,"name":"Molina Healthcare","operator":"Molina Healthcare","ref":"MHDC","county_fips":"35001","state":"NM","est_mw":0.45}},{"type":"Feature","geometry":{"type":"Point","coordinates":[-115.213292,36.061739]},"properties":{"id":"way/172739950","footprint_m2":35167,"name":"Switch12","operator":"Switch","county_fips":"32003","state":"NV","est_mw":6.69}},{"type":"Feature","geometry":{"type":"Point","coordinates":[-115.210245,36.059925]},"properties":{"id":"way/172739953","footprint_m2":30167,"name":"Switch Las Vegas 7","operator":"Switch","county_fips":"32003","state":"NV","est_mw":5.73}},{"type":"Feature","geometry":{"type":"Point","coordinates":[-87.950769,42.000775]},"properties":{"id":"way/174242795","footprint_m2":11166,"name":"EdgeConneX CHI01","operator":"EdgeConneX","ref":"CHI01","county_fips":"17031","state":"IL","est_mw":2.12}},{"type":"Feature","geometry":{"type":"Point","coordinates":[-77.411519,39.377776]},"properties":{"id":"way/178331621","footprint_m2":5948,"county_fips":"24021","state":"MD","est_mw":1.13}},{"type":"Feature","geometry":{"type":"Point","coordinates":[-81.547464,35.898326]},"properties":{"id":"way/186515922","footprint_m2":13832,"county_fips":"37027","state":"NC","est_mw":2.63}},{"type":"Feature","geometry":{"type":"Point","coordinates":[-74.443095,40.494903]},"properties":{"id":"way/187574082","footprint_m2":2996,"name":"Verizon Wireline Network Building","county_fips":"34023","state":"NJ","est_mw":0.57}},{"type":"Feature","geometry":{"type":"Point","coordinates":[-121.498763,38.644239]},"properties":{"id":"way/190868312","footprint_m2":14062,"name":"RagingWire CA3","operator":"NTT","ref":"CA3","county_fips":"06067","state":"CA","est_mw":2.67}},{"type":"Feature","geometry":{"type":"Point","coordinates":[-95.863822,41.221486]},"properties":{"id":"way/191655977","footprint_m2":21157,"county_fips":"19155","state":"IA","est_mw":4.02}},{"type":"Feature","geometry":{"type":"Point","coordinates":[-122.390137,37.788992]},"properties":{"id":"way/192307107","footprint_m2":3214,"name":"360 Spear Street Data Center","operator":"Digital Realty","county_fips":"06075","state":"CA","est_mw":0.61}},{"type":"Feature","geometry":{"type":"Point","coordinates":[-74.072301,40.778602]},"properties":{"id":"way/193611192","footprint_m2":19645,"name":"Equinix New York Secaucus NY5","operator":"Equinix","county_fips":"34017","state":"NJ","est_mw":3.73}},{"type":"Feature","geometry":{"type":"Point","coordinates":[-74.069776,40.776428]},"properties":{"id":"way/193611211","footprint_m2":29476,"name":"Equinix New York Secaucus NY4","operator":"Equinix","ref":"NY4","county_fips":"34017","state":"NJ","est_mw":5.6}},{"type":"Feature","geometry":{"type":"Point","coordinates":[-74.06889,40.774852]},"properties":{"id":"way/193611216","footprint_m2":25486,"name":"Equinix NY3","operator":"Equinix","ref":"Equinix NY3","county_fips":"34017","state":"NJ","est_mw":4.84}},{"type":"Feature","geometry":{"type":"Point","coordinates":[-74.075917,40.77742]},"properties":{"id":"way/193611219","footprint_m2":37436,"name":"Equinix New York Secaucus NY2","operator":"Equinix","ref":"NY2","county_fips":"34017","state":"NJ","est_mw":7.12}},{"type":"Feature","geometry":{"type":"Point","coordinates":[-74.069182,40.786164]},"properties":{"id":"way/193612533","footprint_m2":13300,"name":"Centersquare NYC3 Data Center","operator":"Centersquare","county_fips":"34017","state":"NJ","est_mw":2.53}},{"type":"Feature","geometry":{"type":"Point","coordinates":[-121.486223,38.646349]},"properties":{"id":"way/194049551","footprint_m2":8380,"name":"QTS Sacramento","operator":"Quality Technology Services","county_fips":"06067","state":"CA","est_mw":1.59}},{"type":"Feature","geometry":{"type":"Point","coordinates":[-94.675865,39.290601]},"properties":{"id":"way/195165330","footprint_m2":5489,"county_fips":"29165","state":"MO","est_mw":1.04}},{"type":"Feature","geometry":{"type":"Point","coordinates":[-94.673472,39.295658]},"properties":{"id":"way/195165354","footprint_m2":22308,"county_fips":"29165","state":"MO","est_mw":4.24}},{"type":"Feature","geometry":{"type":"Point","coordinates":[-94.678025,39.295492]},"properties":{"id":"way/195165374","footprint_m2":7435,"name":"Black Rock Financial Management","county_fips":"29165","state":"MO","est_mw":1.41}},{"type":"Feature","geometry":{"type":"Point","coordinates":[-94.684792,39.302406]},"properties":{"id":"way/195169261","footprint_m2":4751,"county_fips":"29165","state":"MO","est_mw":0.9}},{"type":"Feature","geometry":{"type":"Point","coordinates":[-95.910031,36.262546]},"properties":{"id":"way/195664350","footprint_m2":38539,"name":"Cherokee Data Center","county_fips":"40143","state":"OK","est_mw":7.33}},{"type":"Feature","geometry":{"type":"Point","coordinates":[-88.243603,41.796711]},"properties":{"id":"way/199252950","footprint_m2":44882,"name":"CyrusOne Chicago Aurora CME","operator":"CyrusOne","county_fips":"17043","state":"IL","est_mw":8.53}},{"type":"Feature","geometry":{"type":"Point","coordinates":[-104.832435,39.588307]},"properties":{"id":"way/200989527","footprint_m2":4770,"name":"Xfinity/Comcast Data Center","county_fips":"08005","state":"CO","est_mw":0.91}},{"type":"Feature","geometry":{"type":"Point","coordinates":[-86.500703,39.174419]},"properties":{"id":"way/203432103","footprint_m2":8761,"name":"IU Data Center","operator":"Indiana University","county_fips":"18105","state":"IN","est_mw":1.67}},{"type":"Feature","geometry":{"type":"Point","coordinates":[-74.347317,40.520901]},"properties":{"id":"way/204316962","footprint_m2":77101,"name":"IO Datacenter","county_fips":"34023","state":"NJ","est_mw":14.66}},{"type":"Feature","geometry":{"type":"Point","coordinates":[-74.45821,40.549213]},"properties":{"id":"way/204460681","footprint_m2":4705,"name":"DataBank Piscataway EWR2","county_fips":"34023","state":"NJ","est_mw":0.89}},{"type":"Feature","geometry":{"type":"Point","coordinates":[-74.492029,40.546826]},"properties":{"id":"way/204460799","footprint_m2":6329,"name":"Optimum","county_fips":"34023","state":"NJ","est_mw":1.2}},{"type":"Feature","geometry":{"type":"Point","coordinates":[-74.495381,40.544882]},"properties":{"id":"way/204460812","footprint_m2":5791,"name":"Equinix","operator":"Equinix","county_fips":"34023","state":"NJ","est_mw":1.1}},{"type":"Feature","geometry":{"type":"Point","coordinates":[-74.459737,40.547244]},"properties":{"id":"way/204460835","footprint_m2":32728,"name":"Barclays Datacenter","operator":"Barclays","county_fips":"34023","state":"NJ","est_mw":6.22}},{"type":"Feature","geometry":{"type":"Point","coordinates":[-74.459301,40.552905]},"properties":{"id":"way/204460903","footprint_m2":28131,"name":"Digital Realty New York EWR12","operator":"Digital Realty","ref":"EWR12","county_fips":"34023","state":"NJ","est_mw":5.35}},{"type":"Feature","geometry":{"type":"Point","coordinates":[-74.457179,40.553779]},"properties":{"id":"way/204460950","footprint_m2":8929,"name":"Digital Realty New York EWR11","operator":"Digital Realty","ref":"EWR11","county_fips":"34023","state":"NJ","est_mw":1.7}},{"type":"Feature","geometry":{"type":"Point","coordinates":[-122.29057,47.495031]},"properties":{"id":"way/205724881","footprint_m2":9970,"name":"Intergate Seattle East Building 2","county_fips":"53033","state":"WA","est_mw":1.9}},{"type":"Feature","geometry":{"type":"Point","coordinates":[-122.288194,47.49486]},"properties":{"id":"way/205724885","footprint_m2":9092,"name":"Intergate Seattle East Building 1","operator":"Sabey","county_fips":"53033","state":"WA","est_mw":1.73}},{"type":"Feature","geometry":{"type":"Point","coordinates":[-121.988406,37.375495]},"properties":{"id":"way/205823968","footprint_m2":3550,"name":"Equinix SV15","operator":"Equinix","ref":"SV15","county_fips":"06085","state":"CA","est_mw":0.67}},{"type":"Feature","geometry":{"type":"Point","coordinates":[-121.988688,37.376118]},"properties":{"id":"way/205823970","footprint_m2":2448,"name":"Equinix SV16","operator":"Equinix","ref":"SV16","county_fips":"06085","state":"CA","est_mw":0.47}},{"type":"Feature","geometry":{"type":"Point","coordinates":[-121.988584,37.376529]},"properties":{"id":"way/205823971","footprint_m2":3935,"name":"Equinix SV17","operator":"Equinix","ref":"SV17","county_fips":"06085","state":"CA","est_mw":0.75}},{"type":"Feature","geometry":{"type":"Point","coordinates":[-121.988509,37.374962]},"properties":{"id":"way/205823980","footprint_m2":1878,"name":"Equinix SV14","operator":"Equinix","ref":"SV14","county_fips":"06085","state":"CA","est_mw":0.36}},{"type":"Feature","geometry":{"type":"Point","coordinates":[-121.970684,37.376263]},"properties":{"id":"way/205846843","footprint_m2":4824,"name":"CoreSite SV4","operator":"CoreSite","ref":"SV4","county_fips":"06085","state":"CA","est_mw":0.92}},{"type":"Feature","geometry":{"type":"Point","coordinates":[-121.952082,37.377005]},"properties":{"id":"way/209073635","footprint_m2":2362,"name":"Lumen Santa Clara","operator":"Lumen Technologies","county_fips":"06085","state":"CA","est_mw":0.45}},{"type":"Feature","geometry":{"type":"Point","coordinates":[-121.95325,37.375017]},"properties":{"id":"way/209073636","footprint_m2":2793,"name":"Prime Santa Clara","operator":"Prime","county_fips":"06085","state":"CA","est_mw":0.53}},{"type":"Feature","geometry":{"type":"Point","coordinates":[-121.953335,37.375823]},"properties":{"id":"way/209073641","footprint_m2":5300,"name":"Digital Realty Silicon Valley SJC10","operator":"Digital Realty","ref":"SJC10","county_fips":"06085","state":"CA","est_mw":1.01}},{"type":"Feature","geometry":{"type":"Point","coordinates":[-121.953149,37.376729]},"properties":{"id":"way/209073645","footprint_m2":2245,"name":"Colovore","county_fips":"06085","state":"CA","est_mw":0.43}},{"type":"Feature","geometry":{"type":"Point","coordinates":[-121.958105,37.378289]},"properties":{"id":"way/209073647","footprint_m2":4509,"name":"Digital Realty Silicon Valley SJC30","operator":"Digital Realty","ref":"SJC30","county_fips":"06085","state":"CA","est_mw":0.86}},{"type":"Feature","geometry":{"type":"Point","coordinates":[-121.954077,37.374997]},"properties":{"id":"way/209073649","footprint_m2":2287,"name":"Digital Realty Silicon Valley SJC15","operator":"Digital Realty","ref":"SJC15","county_fips":"06085","state":"CA","est_mw":0.43}},{"type":"Feature","geometry":{"type":"Point","coordinates":[-121.955986,37.374929]},"properties":{"id":"way/209073653","footprint_m2":3949,"name":"Digital Realty Silicon Valley SJC16","operator":"Digital Realty","ref":"SJC16","county_fips":"06085","state":"CA","est_mw":0.75}},{"type":"Feature","geometry":{"type":"Point","coordinates":[-121.958096,37.375023]},"properties":{"id":"way/209073657","footprint_m2":3743,"name":"Digital Realty Silicon Valley SJC29","operator":"Digital Realty","county_fips":"06085","state":"CA","est_mw":0.71}},{"type":"Feature","geometry":{"type":"Point","coordinates":[-121.955193,37.375777]},"properties":{"id":"way/209073658","footprint_m2":2535,"name":"Csquare SFO4","operator":"Csquare","ref":"SFO4","county_fips":"06085","state":"CA","est_mw":0.48}},{"type":"Feature","geometry":{"type":"Point","coordinates":[-121.954881,37.375026]},"properties":{"id":"way/209073659","footprint_m2":2399,"name":"Prime SANTA CLARA DATA CENTER","operator":"Prime","county_fips":"06085","state":"CA","est_mw":0.46}},{"type":"Feature","geometry":{"type":"Point","coordinates":[-121.948531,37.376341]},"properties":{"id":"way/209076412","footprint_m2":4090,"name":"Digital Realty Silicon Valley SJC11","operator":"Digital Realty","ref":"SJC11","county_fips":"06085","state":"CA","est_mw":0.78}},{"type":"Feature","geometry":{"type":"Point","coordinates":[-121.950682,37.377585]},"properties":{"id":"way/209077298","footprint_m2":1472,"name":"Lumen","operator":"Lumen Technologies","county_fips":"06085","state":"CA","est_mw":0.28}},{"type":"Feature","geometry":{"type":"Point","coordinates":[-121.948329,37.37225]},"properties":{"id":"way/209087373","footprint_m2":13619,"name":"Silicon Valley SJC31","operator":"Digital Realty","ref":"SJC31","county_fips":"06085","state":"CA","est_mw":2.59}},{"type":"Feature","geometry":{"type":"Point","coordinates":[-121.94991,37.379779]},"properties":{"id":"way/209105766","footprint_m2":1752,"county_fips":"06085","state":"CA","est_mw":0.33}},{"type":"Feature","geometry":{"type":"Point","coordinates":[-121.961946,37.38954]},"properties":{"id":"way/209117217","footprint_m2":4777,"name":"Evocative Santa Clara SJC11","ref":"SJC11","county_fips":"06085","state":"CA","est_mw":0.91}},{"type":"Feature","geometry":{"type":"Point","coordinates":[-87.669008,41.842187]},"properties":{"id":"way/209786637","footprint_m2":24816,"name":"QTS Chicago","operator":"Quality Technology Services","county_fips":"17031","state":"IL","est_mw":4.72}},{"type":"Feature","geometry":{"type":"Point","coordinates":[-87.64551,41.848797]},"properties":{"id":"way/210222970","footprint_m2":9851,"name":"Iron Mountain Data & Record Storage","operator":"Iron Mountain","county_fips":"17031","state":"IL","est_mw":1.87}},{"type":"Feature","geometry":{"type":"Point","coordinates":[-112.034303,33.421693]},"properties":{"id":"way/210917861","footprint_m2":3540,"name":"Data Storage Centers","county_fips":"04013","state":"AZ","est_mw":0.67}},{"type":"Feature","geometry":{"type":"Point","coordinates":[-71.208599,42.685709]},"properties":{"id":"way/211832626","footprint_m2":4771,"operator":"TierPoint","county_fips":"25009","state":"MA","est_mw":0.91}},{"type":"Feature","geometry":{"type":"Point","coordinates":[-71.304424,42.630262]},"properties":{"id":"way/214321737","footprint_m2":11489,"name":"Markley Data Center","operator":"Markley Group","county_fips":"25017","state":"MA","est_mw":2.18}},{"type":"Feature","geometry":{"type":"Point","coordinates":[-80.936872,35.135431]},"properties":{"id":"way/215630401","footprint_m2":3135,"name":"Flexential Charlotte - South","operator":"Flexential","county_fips":"37119","state":"NC","est_mw":0.6}},{"type":"Feature","geometry":{"type":"Point","coordinates":[-111.899227,33.344648]},"properties":{"id":"way/220518160","footprint_m2":6277,"name":"Digital Realty Data Center","operator":"Digital Realty","county_fips":"04013","state":"AZ","est_mw":1.19}},{"type":"Feature","geometry":{"type":"Point","coordinates":[-122.317317,47.693324]},"properties":{"id":"way/221201212","footprint_m2":746,"operator":"Comcast","county_fips":"53033","state":"WA","est_mw":0.14}},{"type":"Feature","geometry":{"type":"Point","coordinates":[-77.377423,38.961571]},"properties":{"id":"way/221897579","footprint_m2":4087,"name":"Equinix DC97","operator":"Equinix","county_fips":"51059","state":"VA","est_mw":0.78}},{"type":"Feature","geometry":{"type":"Point","coordinates":[-77.648764,38.815062]},"properties":{"id":"way/222672860","footprint_m2":21195,"name":"Amazon IAD-55","operator":"Amazon Web Services","ref":"IAD55","county_fips":"51153","state":"VA","est_mw":4.03}},{"type":"Feature","geometry":{"type":"Point","coordinates":[-122.356693,47.617788]},"properties":{"id":"way/223783259","footprint_m2":1914,"name":"CTI Biopharma","county_fips":"53033","state":"WA","est_mw":0.36}},{"type":"Feature","geometry":{"type":"Point","coordinates":[-122.338864,47.614355]},"properties":{"id":"way/223928497","footprint_m2":1219,"name":"Westin Building","operator":"Digital Realty","ref":"SEA10","county_fips":"53033","state":"WA","est_mw":0.23}},{"type":"Feature","geometry":{"type":"Point","coordinates":[-77.531845,38.747281]},"properties":{"id":"way/224100721","footprint_m2":11888,"name":"COPT Data Center","county_fips":"51153","state":"VA","est_mw":2.26}},{"type":"Feature","geometry":{"type":"Point","coordinates":[-121.943085,37.418407]},"properties":{"id":"way/224139416","footprint_m2":4207,"name":"Dell 350 Holger Way","county_fips":"06085","state":"CA","est_mw":0.8}},{"type":"Feature","geometry":{"type":"Point","coordinates":[-121.958799,37.36431]},"properties":{"id":"way/224174031","footprint_m2":5361,"name":"SV Colo","operator":"SV Colo","county_fips":"06085","state":"CA","est_mw":1.02}},{"type":"Feature","geometry":{"type":"Point","coordinates":[-121.946436,37.362066]},"properties":{"id":"way/224998784","footprint_m2":15483,"name":"Microsoft","operator":"Microsoft","county_fips":"06085","state":"CA","est_mw":2.94}},{"type":"Feature","geometry":{"type":"Point","coordinates":[-77.674454,38.747445]},"properties":{"id":"way/225745958","footprint_m2":7970,"name":"OVH US East Vint Hill","county_fips":"51061","state":"VA","est_mw":1.51}},{"type":"Feature","geometry":{"type":"Point","coordinates":[-104.897487,41.12879]},"properties":{"id":"way/231047065","footprint_m2":9395,"name":"NCAR-Wyoming Supercomputing Center","operator":"University Corporation for Atmospheric Research","county_fips":"56021","state":"WY","est_mw":1.79}},{"type":"Feature","geometry":{"type":"Point","coordinates":[-122.336462,47.618985]},"properties":{"id":"way/231664575","footprint_m2":4514,"name":"The Seattle Times","operator":"H5 Data Centers","county_fips":"53033","state":"WA","est_mw":0.86}},{"type":"Feature","geometry":{"type":"Point","coordinates":[-121.201302,45.632048]},"properties":{"id":"way/231769626","footprint_m2":138184,"name":"Google Data Center The Dalles Oregon","operator":"Google","county_fips":"41065","state":"OR","est_mw":26.27}},{"type":"Feature","geometry":{"type":"Point","coordinates":[-78.662363,35.724992]},"properties":{"id":"way/233888384","footprint_m2":4287,"name":"Segra Data Center","county_fips":"37183","state":"NC","est_mw":0.81}},{"type":"Feature","geometry":{"type":"Point","coordinates":[-77.459006,39.016471]},"properties":{"id":"way/234722029","footprint_m2":16278,"name":"Equinix Ashburn DC2","operator":"Equinix","ref":"DC2","county_fips":"51107","state":"VA","est_mw":3.09}},{"type":"Feature","geometry":{"type":"Point","coordinates":[-77.45172,39.013675]},"properties":{"id":"way/234722720","footprint_m2":7772,"name":"H5 Data Centers Ashburn","operator":"H5 Data Centers","ref":"Ashburn","county_fips":"51107","state":"VA","est_mw":1.48}},{"type":"Feature","geometry":{"type":"Point","coordinates":[-96.809195,43.606971]},"properties":{"id":"way/239032142","footprint_m2":5199,"name":"TierPoint Sioux Falls West Data Center","county_fips":"46099","state":"SD","est_mw":0.99}},{"type":"Feature","geometry":{"type":"Point","coordinates":[-77.211619,38.920021]},"properties":{"id":"way/239147373","footprint_m2":3907,"name":"Lumen McLean","operator":"Lumen Technologies","county_fips":"51059","state":"VA","est_mw":0.74}},{"type":"Feature","geometry":{"type":"Point","coordinates":[-77.213585,38.919905]},"properties":{"id":"way/239147724","footprint_m2":2133,"name":"DataBank McLean IAD2","operator":"DataBank","ref":"IAD2","county_fips":"51059","state":"VA","est_mw":0.41}},{"type":"Feature","geometry":{"type":"Point","coordinates":[-112.047725,40.563749]},"properties":{"id":"way/240724127","footprint_m2":17017,"name":"eBay","county_fips":"49035","state":"UT","est_mw":3.23}},{"type":"Feature","geometry":{"type":"Point","coordinates":[-87.972843,41.812557]},"properties":{"id":"way/243242167","footprint_m2":4398,"name":"Equinix Chicago Data CH7","operator":"Equinix","county_fips":"17043","state":"IL","est_mw":0.84}},{"type":"Feature","geometry":{"type":"Point","coordinates":[-112.009426,33.416051]},"properties":{"id":"way/244490839","footprint_m2":7360,"name":"PhoenixNAP","county_fips":"04013","state":"AZ","est_mw":1.4}},{"type":"Feature","geometry":{"type":"Point","coordinates":[-74.17318,40.60738]},"properties":{"id":"way/247427998","footprint_m2":5893,"name":"Merrill Lynch Data Center","operator":"Merrill Lynch","county_fips":"36085","state":"NY","est_mw":1.12}},{"type":"Feature","geometry":{"type":"Point","coordinates":[-74.174887,40.606985]},"properties":{"id":"way/247428943","footprint_m2":6503,"name":"Telehouse Teleport","operator":"Telehouse","county_fips":"36085","state":"NY","est_mw":1.24}},{"type":"Feature","geometry":{"type":"Point","coordinates":[-74.004636,40.719998]},"properties":{"id":"way/250052753","footprint_m2":3939,"name":"32 Avenue of the Americas","county_fips":"36061","state":"NY","est_mw":0.75}},{"type":"Feature","geometry":{"type":"Point","coordinates":[-77.46897,38.90591]},"properties":{"id":"way/251716311","footprint_m2":4738,"county_fips":"51059","state":"VA","est_mw":0.9}},{"type":"Feature","geometry":{"type":"Point","coordinates":[-77.47258,38.910133]},"properties":{"id":"way/251716328","footprint_m2":6720,"name":"Digital Realty","operator":"Digital Realty","county_fips":"51059","state":"VA","est_mw":1.28}},{"type":"Feature","geometry":{"type":"Point","coordinates":[-76.948614,42.679421]},"properties":{"id":"way/253670255","footprint_m2":8909,"name":"Greenidge Power Plant and Data Center","operator":"Greenidge Generation Holdings Inc.","county_fips":"36123","state":"NY","est_mw":1.69}},{"type":"Feature","geometry":{"type":"Point","coordinates":[-90.19642,38.629761]},"properties":{"id":"way/253682978","footprint_m2":2233,"name":"TierPoint","county_fips":"29510","state":"MO","est_mw":0.42}},{"type":"Feature","geometry":{"type":"Point","coordinates":[-115.077928,36.144733]},"properties":{"id":"way/254583328","footprint_m2":2405,"name":"Verizon","county_fips":"32003","state":"NV","est_mw":0.46}},{"type":"Feature","geometry":{"type":"Point","coordinates":[-98.64069,29.446674]},"properties":{"id":"way/254742608","footprint_m2":11851,"ref":"A","county_fips":"48029","state":"TX","est_mw":2.25}},{"type":"Feature","geometry":{"type":"Point","coordinates":[-98.641129,29.447922]},"properties":{"id":"way/254742609","footprint_m2":13258,"ref":"B","county_fips":"48029","state":"TX","est_mw":2.52}},{"type":"Feature","geometry":{"type":"Point","coordinates":[-98.640993,29.447199]},"properties":{"id":"way/254742610","footprint_m2":3346,"ref":"Connector","county_fips":"48029","state":"TX","est_mw":0.64}},{"type":"Feature","geometry":{"type":"Point","coordinates":[-115.083386,36.143716]},"properties":{"id":"way/254756938","footprint_m2":4572,"name":"CenturyLink","operator":"Lumen Technologies","county_fips":"32003","state":"NV","est_mw":0.87}},{"type":"Feature","geometry":{"type":"Point","coordinates":[-96.681565,33.095994]},"properties":{"id":"way/254773884","footprint_m2":11303,"county_fips":"48085","state":"TX","est_mw":2.15}},{"type":"Feature","geometry":{"type":"Point","coordinates":[-96.683764,33.095064]},"properties":{"id":"way/254773897","footprint_m2":10641,"name":"Evoque Allen DA1","operator":"Centersquare","ref":"DA1","county_fips":"48085","state":"TX","est_mw":2.02}},{"type":"Feature","geometry":{"type":"Point","coordinates":[-95.936495,41.261419]},"properties":{"id":"way/256728809","footprint_m2":6431,"name":"First National Technical Center","operator":"First National of Nebraska","county_fips":"31055","state":"NE","est_mw":1.22}},{"type":"Feature","geometry":{"type":"Point","coordinates":[-77.438695,37.64689]},"properties":{"id":"way/257581364","footprint_m2":3696,"name":"Flexential - Richmond","operator":"Flexential","county_fips":"51087","state":"VA","est_mw":0.7}},{"type":"Feature","geometry":{"type":"Point","coordinates":[-77.45344,38.899652]},"properties":{"id":"way/258343744","footprint_m2":7976,"name":"Amazon IAD-9","operator":"Amazon Web Services","ref":"IAD-9","county_fips":"51059","state":"VA","est_mw":1.52}},{"type":"Feature","geometry":{"type":"Point","coordinates":[-77.455102,38.897902]},"properties":{"id":"way/258343748","footprint_m2":2800,"name":"Amazon IAD22","operator":"Amazon Web Services","ref":"IAD22","county_fips":"51059","state":"VA","est_mw":0.53}},{"type":"Feature","geometry":{"type":"Point","coordinates":[-77.454075,38.897859]},"properties":{"id":"way/258343749","footprint_m2":8722,"name":"Amazon IAD-1","operator":"Amazon Web Services","ref":"IAD-1","county_fips":"51059","state":"VA","est_mw":1.66}},{"type":"Feature","geometry":{"type":"Point","coordinates":[-77.472245,38.909245]},"properties":{"id":"way/258519934","footprint_m2":4026,"county_fips":"51059","state":"VA","est_mw":0.77}},{"type":"Feature","geometry":{"type":"Point","coordinates":[-77.473466,38.909798]},"properties":{"id":"way/258519959","footprint_m2":2994,"county_fips":"51059","state":"VA","est_mw":0.57}},{"type":"Feature","geometry":{"type":"Point","coordinates":[-77.475219,38.90815]},"properties":{"id":"way/258520532","footprint_m2":1709,"county_fips":"51059","state":"VA","est_mw":0.32}},{"type":"Feature","geometry":{"type":"Point","coordinates":[-77.196273,38.750817]},"properties":{"id":"way/260996040","footprint_m2":5207,"county_fips":"51059","state":"VA","est_mw":0.99}},{"type":"Feature","geometry":{"type":"Point","coordinates":[-77.424073,38.92712]},"properties":{"id":"way/262058094","footprint_m2":4202,"name":"Menlo Digital MD-DC1","county_fips":"51059","state":"VA","est_mw":0.8}},{"type":"Feature","geometry":{"type":"Point","coordinates":[-84.319553,34.036202]},"properties":{"id":"way/269166415","footprint_m2":11878,"name":"Cox Data Center","county_fips":"13121","state":"GA","est_mw":2.26}},{"type":"Feature","geometry":{"type":"Point","coordinates":[-84.4211,33.777681]},"properties":{"id":"way/269847438","footprint_m2":66866,"name":"QTS Atlanta Data Center 1","operator":"Quality Technology Services","county_fips":"13121","state":"GA","est_mw":12.71}},{"type":"Feature","geometry":{"type":"Point","coordinates":[-121.986031,37.372104]},"properties":{"id":"way/271893323","footprint_m2":6616,"name":"Csquare SFO3","operator":"Csquare","ref":"SFO3","county_fips":"06085","state":"CA","est_mw":1.26}},{"type":"Feature","geometry":{"type":"Point","coordinates":[-77.444247,38.980925]},"properties":{"id":"way/273895868","footprint_m2":12147,"name":"Centersquare IAD3","operator":"Centersquare","ref":"IAD3","county_fips":"51107","state":"VA","est_mw":2.31}},{"type":"Feature","geometry":{"type":"Point","coordinates":[-77.423817,38.984418]},"properties":{"id":"way/273896089","footprint_m2":4474,"name":"Centersquare IAD2-A","operator":"Centersquare","ref":"IAD2-A","county_fips":"51107","state":"VA","est_mw":0.85}},{"type":"Feature","geometry":{"type":"Point","coordinates":[-77.425649,38.984887]},"properties":{"id":"way/273896096","footprint_m2":11868,"operator":"CyrusOne","ref":"CyrusOne Northern Virginia Sterling IV","county_fips":"51107","state":"VA","est_mw":2.26}},{"type":"Feature","geometry":{"type":"Point","coordinates":[-77.424105,38.983604]},"properties":{"id":"way/273896102","footprint_m2":6672,"name":"Centersquare IAD2-B","operator":"Centersquare","ref":"IAD2-B","county_fips":"51107","state":"VA","est_mw":1.27}},{"type":"Feature","geometry":{"type":"Point","coordinates":[-84.415203,33.657032]},"properties":{"id":"way/278560778","footprint_m2":11964,"name":"Digital Realty Data Center","operator":"Digital Realty","county_fips":"13121","state":"GA","est_mw":2.27}},{"type":"Feature","geometry":{"type":"Point","coordinates":[-74.025758,40.760765]},"properties":{"id":"way/279410762","footprint_m2":5422,"name":"Cyxtera (Digital Realty Trust) Citibank Data Center","operator":"Cyxtera","county_fips":"34017","state":"NJ","est_mw":1.03}},{"type":"Feature","geometry":{"type":"Point","coordinates":[-74.025025,40.761831]},"properties":{"id":"way/279410766","footprint_m2":11795,"name":"Digital Realty New Jersey EWR10","operator":"Digital Realty","ref":"EWR10","county_fips":"34017","state":"NJ","est_mw":2.24}},{"type":"Feature","geometry":{"type":"Point","coordinates":[-119.813229,47.246212]},"properties":{"id":"way/283051469","footprint_m2":14119,"county_fips":"53025","state":"WA","est_mw":2.68}},{"type":"Feature","geometry":{"type":"Point","coordinates":[-119.813075,47.247687]},"properties":{"id":"way/283051470","footprint_m2":19036,"county_fips":"53025","state":"WA","est_mw":3.62}},{"type":"Feature","geometry":{"type":"Point","coordinates":[-119.815756,47.246168]},"properties":{"id":"way/283051471","footprint_m2":12571,"county_fips":"53025","state":"WA","est_mw":2.39}},{"type":"Feature","geometry":{"type":"Point","coordinates":[-119.815931,47.245327]},"properties":{"id":"way/283051472","footprint_m2":401203,"name":"Intergate Quincy Data Center","operator":"Sabey Data Centers","county_fips":"53025","state":"WA","est_mw":76.27}},{"type":"Feature","geometry":{"type":"Point","coordinates":[-119.813508,47.25203]},"properties":{"id":"way/283051473","footprint_m2":264486,"name":"Vantage Quincy Campus","operator":"Vantage","county_fips":"53025","state":"WA","est_mw":50.28}},{"type":"Feature","geometry":{"type":"Point","coordinates":[-119.818753,47.251412]},"properties":{"id":"way/283051474","footprint_m2":250895,"name":"H5 Data Center","operator":"Intuit","county_fips":"53025","state":"WA","est_mw":47.69}},{"type":"Feature","geometry":{"type":"Point","coordinates":[-119.819665,47.252574]},"properties":{"id":"way/283051475","footprint_m2":22926,"county_fips":"53025","state":"WA","est_mw":4.36}},{"type":"Feature","geometry":{"type":"Point","coordinates":[-119.827782,47.246984]},"properties":{"id":"way/283051477","footprint_m2":201720,"name":"Yahoo Data Center","operator":"Yahoo","county_fips":"53025","state":"WA","est_mw":38.35}},{"type":"Feature","geometry":{"type":"Point","coordinates":[-119.828866,47.246736]},"properties":{"id":"way/283051478","footprint_m2":14048,"county_fips":"53025","state":"WA","est_mw":2.67}},{"type":"Feature","geometry":{"type":"Point","coordinates":[-119.829791,47.245991]},"properties":{"id":"way/283051481","footprint_m2":3330,"county_fips":"53025","state":"WA","est_mw":0.63}},{"type":"Feature","geometry":{"type":"Point","coordinates":[-119.82917,47.245989]},"properties":{"id":"way/283051482","footprint_m2":3338,"county_fips":"53025","state":"WA","est_mw":0.63}},{"type":"Feature","geometry":{"type":"Point","coordinates":[-119.828159,47.245989]},"properties":{"id":"way/283051483","footprint_m2":3142,"county_fips":"53025","state":"WA","est_mw":0.6}},{"type":"Feature","geometry":{"type":"Point","coordinates":[-119.827542,47.246003]},"properties":{"id":"way/283051484","footprint_m2":3130,"county_fips":"53025","state":"WA","est_mw":0.59}},{"type":"Feature","geometry":{"type":"Point","coordinates":[-119.828662,47.246067]},"properties":{"id":"way/283051485","footprint_m2":1772,"county_fips":"53025","state":"WA","est_mw":0.34}},{"type":"Feature","geometry":{"type":"Point","coordinates":[-119.864633,47.24436]},"properties":{"id":"way/283051487","footprint_m2":285079,"name":"NTTData Data Center","county_fips":"53025","state":"WA","est_mw":54.19}},{"type":"Feature","geometry":{"type":"Point","coordinates":[-119.862522,47.239202]},"properties":{"id":"way/283051497","footprint_m2":287817,"name":"Microsoft Columbia Data Center","county_fips":"53025","state":"WA","est_mw":54.71}},{"type":"Feature","geometry":{"type":"Point","coordinates":[-84.481613,33.925491]},"properties":{"id":"way/284044002","footprint_m2":6951,"name":"CoreSite AT2 - Marietta Data Center","operator":"CoreSite","ref":"Atlanta","county_fips":"13067","state":"GA","est_mw":1.32}},{"type":"Feature","geometry":{"type":"Point","coordinates":[-94.685051,39.290121]},"properties":{"id":"way/288909509","footprint_m2":2873,"county_fips":"29165","state":"MO","est_mw":0.55}},{"type":"Feature","geometry":{"type":"Point","coordinates":[-122.397936,37.723602]},"properties":{"id":"way/289620443","footprint_m2":9742,"name":"Digital Realty San Francisco SFO10","operator":"Digital Realty","ref":"SFO10","county_fips":"06075","state":"CA","est_mw":1.85}},{"type":"Feature","geometry":{"type":"Point","coordinates":[-74.005913,40.716525]},"properties":{"id":"way/289884123","footprint_m2":2861,"name":"33 Thomas Street","county_fips":"36061","state":"NY","est_mw":0.54}},{"type":"Feature","geometry":{"type":"Point","coordinates":[-111.782093,43.825243]},"properties":{"id":"way/290101976","footprint_m2":1697,"name":"VentureData","county_fips":"16065","state":"ID","est_mw":0.32}},{"type":"Feature","geometry":{"type":"Point","coordinates":[-112.0479,33.400255]},"properties":{"id":"way/290307022","footprint_m2":4801,"name":"Cogent Data Center","operator":"Cogent Communications, Inc.","county_fips":"04013","state":"AZ","est_mw":0.91}},{"type":"Feature","geometry":{"type":"Point","coordinates":[-96.873065,32.817559]},"properties":{"id":"way/290703004","footprint_m2":2938,"name":"CoreSpace Dallas","operator":"CoreSpace","county_fips":"48113","state":"TX","est_mw":0.56}},{"type":"Feature","geometry":{"type":"Point","coordinates":[-104.846963,39.590131]},"properties":{"id":"way/292506449","footprint_m2":10078,"county_fips":"08005","state":"CO","est_mw":1.92}},{"type":"Feature","geometry":{"type":"Point","coordinates":[-104.847039,39.591352]},"properties":{"id":"way/292506452","footprint_m2":5776,"name":"zColo by Zayo","county_fips":"08005","state":"CO","est_mw":1.1}},{"type":"Feature","geometry":{"type":"Point","coordinates":[-122.289736,47.49192]},"properties":{"id":"way/293211683","footprint_m2":18592,"name":"Intergate Seattle East Building 5","operator":"Sabey","county_fips":"53033","state":"WA","est_mw":3.53}},{"type":"Feature","geometry":{"type":"Point","coordinates":[-122.290302,47.493556]},"properties":{"id":"way/293211686","footprint_m2":18895,"name":"Intergate Seattle East Building 3","operator":"Sabey","county_fips":"53033","state":"WA","est_mw":3.59}},{"type":"Feature","geometry":{"type":"Point","coordinates":[-122.288858,47.493411]},"properties":{"id":"way/293211687","footprint_m2":10854,"name":"Intergate Seattle East Building 4","operator":"Digital Realty","county_fips":"53033","state":"WA","est_mw":2.06}},{"type":"Feature","geometry":{"type":"Point","coordinates":[-75.457573,40.635695]},"properties":{"id":"way/296374269","footprint_m2":4552,"name":"Flexential Allentown Data Center","operator":"Flexential","county_fips":"42077","state":"PA","est_mw":0.87}},{"type":"Feature","geometry":{"type":"Point","coordinates":[-77.462549,39.017902]},"properties":{"id":"way/298126010","footprint_m2":27328,"name":"Digital Realty ACC4","operator":"Digital Realty","ref":"ACC4","county_fips":"51107","state":"VA","est_mw":5.2}},{"type":"Feature","geometry":{"type":"Point","coordinates":[-77.460327,39.01556]},"properties":{"id":"way/298127059","footprint_m2":5552,"name":"Equinix Ashburn DC1","operator":"Equinix","ref":"DC1","county_fips":"51107","state":"VA","est_mw":1.06}},{"type":"Feature","geometry":{"type":"Point","coordinates":[-77.461248,39.015987]},"properties":{"id":"way/298127361","footprint_m2":8795,"name":"Equinix Ashburn DC5","operator":"Equinix","ref":"DC5","county_fips":"51107","state":"VA","est_mw":1.67}},{"type":"Feature","geometry":{"type":"Point","coordinates":[-77.458804,39.014931]},"properties":{"id":"way/298127420","footprint_m2":12347,"name":"Equinix Ashburn DC11","operator":"Equinix","ref":"DC11","county_fips":"51107","state":"VA","est_mw":2.35}},{"type":"Feature","geometry":{"type":"Point","coordinates":[-77.461119,39.022308]},"properties":{"id":"way/298242260","footprint_m2":9384,"name":"Equinix Ashburn DC3","operator":"Equinix","ref":"DC3","county_fips":"51107","state":"VA","est_mw":1.78}},{"type":"Feature","geometry":{"type":"Point","coordinates":[-77.459842,39.019936]},"properties":{"id":"way/298242335","footprint_m2":14081,"name":"Digital Realty ACC3","operator":"Digital Realty","ref":"ACC3","county_fips":"51107","state":"VA","est_mw":2.68}},{"type":"Feature","geometry":{"type":"Point","coordinates":[-121.916241,37.405683]},"properties":{"id":"way/299388896","footprint_m2":8356,"name":"CoreSite SV2","operator":"CoreSite Real Estate 1656 McCarthy, L.P.","ref":"SV2","county_fips":"06085","state":"CA","est_mw":1.59}},{"type":"Feature","geometry":{"type":"Point","coordinates":[-77.450509,38.993785]},"properties":{"id":"way/299927846","footprint_m2":12827,"name":"Amazon IAD76","operator":"Amazon Web Services","ref":"IAD76","county_fips":"51107","state":"VA","est_mw":2.44}},{"type":"Feature","geometry":{"type":"Point","coordinates":[-77.447671,38.988723]},"properties":{"id":"way/299929061","footprint_m2":13898,"name":"Amazon IAD12","operator":"Amazon Web Services","ref":"Amazon IAD12","county_fips":"51107","state":"VA","est_mw":2.64}},{"type":"Feature","geometry":{"type":"Point","coordinates":[-77.463071,39.020113]},"properties":{"id":"way/300162674","footprint_m2":27765,"name":"Digital Realty ACC5","operator":"Digital Realty","ref":"ACC5","county_fips":"51107","state":"VA","est_mw":5.28}},{"type":"Feature","geometry":{"type":"Point","coordinates":[-77.46359,39.021068]},"properties":{"id":"way/300162675","footprint_m2":21010,"name":"Digital Realty ACC6","operator":"Digital Realty","ref":"ACC6","county_fips":"51107","state":"VA","est_mw":3.99}},{"type":"Feature","geometry":{"type":"Point","coordinates":[-77.457595,39.022173]},"properties":{"id":"way/300162689","footprint_m2":4554,"name":"Level 3 Ashburn","operator":"Lumen Technologies","county_fips":"51107","state":"VA","est_mw":0.87}},{"type":"Feature","geometry":{"type":"Point","coordinates":[-77.45361,39.02214]},"properties":{"id":"way/300163074","footprint_m2":8364,"name":"Centersquare IAD4-B","operator":"Centersquare","ref":"IAD4-B","county_fips":"51107","state":"VA","est_mw":1.59}},{"type":"Feature","geometry":{"type":"Point","coordinates":[-77.454869,39.022764]},"properties":{"id":"way/300163083","footprint_m2":12868,"name":"NTT Ashburn VA1 Data Center","operator":"NTT","ref":"VA1","county_fips":"51107","state":"VA","est_mw":2.45}},{"type":"Feature","geometry":{"type":"Point","coordinates":[-111.886626,33.274974]},"properties":{"id":"way/300952513","footprint_m2":27376,"name":"Digital Realty Phoenix PHX15","operator":"Digital Realty","ref":"PHX15","county_fips":"04013","state":"AZ","est_mw":5.2}},{"type":"Feature","geometry":{"type":"Point","coordinates":[-111.885909,33.276911]},"properties":{"id":"way/300959969","footprint_m2":4731,"name":"H5 Phoenix","operator":"H5","ref":"Phoenix","county_fips":"04013","state":"AZ","est_mw":0.9}},{"type":"Feature","geometry":{"type":"Point","coordinates":[-111.881912,33.270855]},"properties":{"id":"way/300959970","footprint_m2":12761,"name":"CyrusOne PHX1","operator":"CyrusOne","ref":"PHX1","county_fips":"04013","state":"AZ","est_mw":2.43}},{"type":"Feature","geometry":{"type":"Point","coordinates":[-77.475393,39.012537]},"properties":{"id":"way/300969250","footprint_m2":11670,"name":"Equinix DC13","operator":"Equinix","ref":"DC13","county_fips":"51107","state":"VA","est_mw":2.22}},{"type":"Feature","geometry":{"type":"Point","coordinates":[-77.487093,39.003336]},"properties":{"id":"way/300969614","footprint_m2":12496,"name":"Digital Realty Northern Virginia IAD14","operator":"Digital Realty","ref":"IAD14","county_fips":"51107","state":"VA","est_mw":2.38}},{"type":"Feature","geometry":{"type":"Point","coordinates":[-77.485449,39.002752]},"properties":{"id":"way/300969615","footprint_m2":10842,"name":"Amazon Web Services Building C","operator":"Amazon Web Services","county_fips":"51107","state":"VA","est_mw":2.06}},{"type":"Feature","geometry":{"type":"Point","coordinates":[-77.483345,39.002022]},"properties":{"id":"way/300969616","footprint_m2":16748,"name":"Digital Realty Northern Virginia IAD12","operator":"Digital Realty","ref":"IAD12","county_fips":"51107","state":"VA","est_mw":3.18}},{"type":"Feature","geometry":{"type":"Point","coordinates":[-77.481954,39.002755]},"properties":{"id":"way/300969617","footprint_m2":12385,"name":"Digital Realty Building A","operator":"Digital Realty","county_fips":"51107","state":"VA","est_mw":2.35}},{"type":"Feature","geometry":{"type":"Point","coordinates":[-77.484355,39.004292]},"properties":{"id":"way/300969619","footprint_m2":10631,"name":"Digital Realty Northern Virginia IAD24","operator":"Digital Realty","ref":"IAD24","county_fips":"51107","state":"VA","est_mw":2.02}},{"type":"Feature","geometry":{"type":"Point","coordinates":[-77.482138,39.015549]},"properties":{"id":"way/300970759","footprint_m2":13447,"name":"Databank Ashburn IAD1","operator":"DataBank","ref":"IAD1","county_fips":"51107","state":"VA","est_mw":2.56}},{"type":"Feature","geometry":{"type":"Point","coordinates":[-77.483376,39.01549]},"properties":{"id":"way/300970761","footprint_m2":7537,"name":"DataBank Ashburn IAD4","operator":"DataBank","ref":"IAD4","county_fips":"51107","state":"VA","est_mw":1.43}},{"type":"Feature","geometry":{"type":"Point","coordinates":[-111.604056,33.347019]},"properties":{"id":"way/300974499","footprint_m2":124329,"name":"Apple Data Center","operator":"Apple Inc.","county_fips":"04013","state":"AZ","est_mw":23.63}},{"type":"Feature","geometry":{"type":"Point","coordinates":[-93.634125,44.808284]},"properties":{"id":"way/304754549","footprint_m2":28092,"name":"UHG Data Center","county_fips":"27019","state":"MN","est_mw":5.34}},{"type":"Feature","geometry":{"type":"Point","coordinates":[-87.952847,42.216757]},"properties":{"id":"way/317466755","footprint_m2":5110,"name":"VISA","operator":"VISA","county_fips":"17097","state":"IL","est_mw":0.97}},{"type":"Feature","geometry":{"type":"Point","coordinates":[-105.956569,35.672446]},"properties":{"id":"way/318069356","footprint_m2":2905,"name":"John F. Simms Building","operator":"SONM","ref":"Simms","county_fips":"35049","state":"NM","est_mw":0.55}},{"type":"Feature","geometry":{"type":"Point","coordinates":[-98.506522,29.438279]},"properties":{"id":"way/319857331","footprint_m2":1182,"name":"Lumen San Antonio 2","operator":"Lumen Technologies","county_fips":"48029","state":"TX","est_mw":0.22}},{"type":"Feature","geometry":{"type":"Point","coordinates":[-120.887261,44.295883]},"properties":{"id":"way/321385147","footprint_m2":25051,"name":"Meta","operator":"Meta","county_fips":"41013","state":"OR","est_mw":4.76}},{"type":"Feature","geometry":{"type":"Point","coordinates":[-122.931588,45.550185]},"properties":{"id":"way/325096144","footprint_m2":10670,"name":"Adobe Data Center","county_fips":"41067","state":"OR","est_mw":2.03}},{"type":"Feature","geometry":{"type":"Point","coordinates":[-122.893794,45.546507]},"properties":{"id":"way/328702348","footprint_m2":2227,"name":"TGN Hillsboro","operator":"Tata Communications","county_fips":"41067","state":"OR","est_mw":0.42}},{"type":"Feature","geometry":{"type":"Point","coordinates":[-122.897449,45.547312]},"properties":{"id":"way/328702378","footprint_m2":19994,"name":"Stack Infrastructure - POR02","operator":"Stack Infrastructure","ref":"POR02A","county_fips":"41067","state":"OR","est_mw":3.8}},{"type":"Feature","geometry":{"type":"Point","coordinates":[-122.896513,45.543916]},"properties":{"id":"way/328702401","footprint_m2":6182,"name":"Oracle","county_fips":"41067","state":"OR","est_mw":1.18}},{"type":"Feature","geometry":{"type":"Point","coordinates":[-122.891958,45.547617]},"properties":{"id":"way/328702750","footprint_m2":6392,"name":"Digital Realty PDX10 Data Center","operator":"Digital Realty","county_fips":"41067","state":"OR","est_mw":1.22}},{"type":"Feature","geometry":{"type":"Point","coordinates":[-122.890851,45.549821]},"properties":{"id":"way/328703598","footprint_m2":3832,"name":"Flexential Portland - Hillsboro 1","operator":"Flexential","county_fips":"41067","state":"OR","est_mw":0.73}},{"type":"Feature","geometry":{"type":"Point","coordinates":[-122.892202,45.550334]},"properties":{"id":"way/328703599","footprint_m2":4096,"name":"Flexential Portland - Hillsboro 1","operator":"Flexential","county_fips":"41067","state":"OR","est_mw":0.78}},{"type":"Feature","geometry":{"type":"Point","coordinates":[-85.507241,38.277198]},"properties":{"id":"way/329551673","footprint_m2":3233,"name":"Flexential Louisville - East","operator":"Flexential","county_fips":"21111","state":"KY","est_mw":0.61}},{"type":"Feature","geometry":{"type":"Point","coordinates":[-85.733351,38.242496]},"properties":{"id":"way/330276516","footprint_m2":3393,"name":"Flexential Louisville - Downtown","operator":"Flexential","county_fips":"21111","state":"KY","est_mw":0.65}},{"type":"Feature","geometry":{"type":"Point","coordinates":[-122.882318,45.544622]},"properties":{"id":"way/331132308","footprint_m2":5695,"name":"Verizon Hillsboro (Tanasbourne) Data Center","operator":"Verizon Business","county_fips":"41067","state":"OR","est_mw":1.08}},{"type":"Feature","geometry":{"type":"Point","coordinates":[-75.160832,39.95981]},"properties":{"id":"way/334264478","footprint_m2":11117,"name":"Terminal Commerce Building","county_fips":"42101","state":"PA","est_mw":2.11}},{"type":"Feature","geometry":{"type":"Point","coordinates":[-117.095935,47.671917]},"properties":{"id":"way/335468616","footprint_m2":1341,"name":"TierPoint","county_fips":"53063","state":"WA","est_mw":0.25}},{"type":"Feature","geometry":{"type":"Point","coordinates":[-76.625527,39.275384]},"properties":{"id":"way/336387583","footprint_m2":2799,"name":"Baltimore Technology Park","county_fips":"24510","state":"MD","est_mw":0.53}},{"type":"Feature","geometry":{"type":"Point","coordinates":[-122.294407,47.494131]},"properties":{"id":"way/337126739","footprint_m2":1839,"name":"Intergate Seattle West Building C","operator":"Sabey","county_fips":"53033","state":"WA","est_mw":0.35}},{"type":"Feature","geometry":{"type":"Point","coordinates":[-122.293684,47.493076]},"properties":{"id":"way/337126741","footprint_m2":1778,"name":"Intergate Seattle West Building B","operator":"Sabey","county_fips":"53033","state":"WA","est_mw":0.34}},{"type":"Feature","geometry":{"type":"Point","coordinates":[-122.29332,47.492148]},"properties":{"id":"way/337126742","footprint_m2":3581,"name":"Intergate Seattle West Building A","operator":"Sabey","county_fips":"53033","state":"WA","est_mw":0.68}},{"type":"Feature","geometry":{"type":"Point","coordinates":[-119.81449,47.250165]},"properties":{"id":"way/337127817","footprint_m2":13697,"name":"Vantage WA11","county_fips":"53025","state":"WA","est_mw":2.6}},{"type":"Feature","geometry":{"type":"Point","coordinates":[-119.865712,47.243588]},"properties":{"id":"way/337127824","footprint_m2":9268,"name":"NTT Data Quincy","operator":"NTT","county_fips":"53025","state":"WA","est_mw":1.76}},{"type":"Feature","geometry":{"type":"Point","coordinates":[-119.859359,47.238819]},"properties":{"id":"way/337127832","footprint_m2":4122,"county_fips":"53025","state":"WA","est_mw":0.78}},{"type":"Feature","geometry":{"type":"Point","coordinates":[-119.859366,47.238262]},"properties":{"id":"way/337127833","footprint_m2":2983,"county_fips":"53025","state":"WA","est_mw":0.57}},{"type":"Feature","geometry":{"type":"Point","coordinates":[-90.482409,41.550269]},"properties":{"id":"way/342664739","footprint_m2":5015,"name":"Geneseo Communications Inc","county_fips":"19163","state":"IA","est_mw":0.95}},{"type":"Feature","geometry":{"type":"Point","coordinates":[-93.27661,44.988766]},"properties":{"id":"way/343333944","footprint_m2":1245,"name":"Lumen Minneapolis 3","operator":"Lumen Technologies","county_fips":"27053","state":"MN","est_mw":0.24}},{"type":"Feature","geometry":{"type":"Point","coordinates":[-88.219514,41.905355]},"properties":{"id":"way/343593591","footprint_m2":1352,"county_fips":"17043","state":"IL","est_mw":0.26}},{"type":"Feature","geometry":{"type":"Point","coordinates":[-74.456676,40.552819]},"properties":{"id":"way/345650474","footprint_m2":5692,"county_fips":"34023","state":"NJ","est_mw":1.08}},{"type":"Feature","geometry":{"type":"Point","coordinates":[-85.94133,39.717184]},"properties":{"id":"way/349925359","footprint_m2":1952,"operator":"Verizon Wireless","county_fips":"18059","state":"IN","est_mw":0.37}},{"type":"Feature","geometry":{"type":"Point","coordinates":[-74.064358,40.784739]},"properties":{"id":"way/354590432","footprint_m2":3202,"county_fips":"34017","state":"NJ","est_mw":0.61}},{"type":"Feature","geometry":{"type":"Point","coordinates":[-111.986047,40.620352]},"properties":{"id":"way/355926681","footprint_m2":2838,"name":"Flexential Salt Lake City - South Valley","operator":"Flexential","county_fips":"49035","state":"UT","est_mw":0.54}},{"type":"Feature","geometry":{"type":"Point","coordinates":[-121.943911,37.361687]},"properties":{"id":"way/358455179","footprint_m2":27680,"name":"Digital Realty Silicon Valley SC1","operator":"Digital Realty","county_fips":"06085","state":"CA","est_mw":5.26}},{"type":"Feature","geometry":{"type":"Point","coordinates":[-121.903799,37.699475]},"properties":{"id":"way/358946546","footprint_m2":87,"name":"QES Computers","county_fips":"06001","state":"CA","est_mw":0.02}},{"type":"Feature","geometry":{"type":"Point","coordinates":[-122.339743,47.614423]},"properties":{"id":"way/359930465","footprint_m2":1168,"name":"Equinix SE3 Data Center","operator":"Equinix","ref":"SE3","county_fips":"53033","state":"WA","est_mw":0.22}},{"type":"Feature","geometry":{"type":"Point","coordinates":[-74.484007,40.556965]},"properties":{"id":"way/362662493","footprint_m2":31907,"name":"QTS Piscataway Data Center","operator":"Quality Technology Services","ref":"NJ1","county_fips":"34023","state":"NJ","est_mw":6.07}},{"type":"Feature","geometry":{"type":"Point","coordinates":[-76.925908,39.052823]},"properties":{"id":"way/363017375","footprint_m2":4000,"name":"AiNET","county_fips":"24033","state":"MD","est_mw":0.76}},{"type":"Feature","geometry":{"type":"Point","coordinates":[-98.690721,29.478216]},"properties":{"id":"way/364289073","footprint_m2":23987,"name":"Microsoft","operator":"Microsoft","county_fips":"48029","state":"TX","est_mw":4.56}},{"type":"Feature","geometry":{"type":"Point","coordinates":[-98.692608,29.479926]},"properties":{"id":"way/364289074","footprint_m2":44467,"name":"Microsoft San Antonio","operator":"Microsoft","county_fips":"48029","state":"TX","est_mw":8.45}},{"type":"Feature","geometry":{"type":"Point","coordinates":[-98.696559,29.481066]},"properties":{"id":"way/364289077","footprint_m2":18108,"name":"Microsoft","operator":"Microsoft","county_fips":"48029","state":"TX","est_mw":3.44}},{"type":"Feature","geometry":{"type":"Point","coordinates":[-66.051687,18.446827]},"properties":{"id":"way/365941471","footprint_m2":2150,"operator":"Claro","county_fips":"72127","state":"PR","est_mw":0.41}},{"type":"Feature","geometry":{"type":"Point","coordinates":[-75.408638,40.127058]},"properties":{"id":"way/366049843","footprint_m2":3180,"name":"Lumen Norristown","operator":"Lumen Technologies","county_fips":"42091","state":"PA","est_mw":0.6}},{"type":"Feature","geometry":{"type":"Point","coordinates":[-77.220557,38.909139]},"properties":{"id":"way/368724474","footprint_m2":7405,"name":"Equinix DC7","operator":"Equinix","ref":"DC7","county_fips":"51059","state":"VA","est_mw":1.41}},{"type":"Feature","geometry":{"type":"Point","coordinates":[-77.219744,38.908367]},"properties":{"id":"way/368724479","footprint_m2":1903,"name":"Element Critical VA1","county_fips":"51059","state":"VA","est_mw":0.36}},{"type":"Feature","geometry":{"type":"Point","coordinates":[-122.680704,45.521544]},"properties":{"id":"way/369452572","footprint_m2":3861,"name":"Pittock Block","county_fips":"41051","state":"OR","est_mw":0.73}},{"type":"Feature","geometry":{"type":"Point","coordinates":[-122.875504,45.526684]},"properties":{"id":"way/369728508","footprint_m2":2350,"name":"Data Center","operator":"Oregon Health & Science University","county_fips":"41067","state":"OR","est_mw":0.45}},{"type":"Feature","geometry":{"type":"Point","coordinates":[-96.660952,33.13598]},"properties":{"id":"way/373913881","footprint_m2":15052,"name":"Cisco Allen","county_fips":"48085","state":"TX","est_mw":2.86}},{"type":"Feature","geometry":{"type":"Point","coordinates":[-120.883998,44.294894]},"properties":{"id":"way/373945186","footprint_m2":21538,"name":"Meta","operator":"Meta","county_fips":"41013","state":"OR","est_mw":4.09}},{"type":"Feature","geometry":{"type":"Point","coordinates":[-122.480548,48.757268]},"properties":{"id":"way/376627431","footprint_m2":401,"name":"CSSNW Bellingham","operator":"CSS Communications","county_fips":"53073","state":"WA","est_mw":0.08}},{"type":"Feature","geometry":{"type":"Point","coordinates":[-87.952563,42.001494]},"properties":{"id":"way/377032058","footprint_m2":5979,"name":"EdgeConneX CHI02","operator":"EdgeConneX","ref":"CHI02","county_fips":"17031","state":"IL","est_mw":1.14}},{"type":"Feature","geometry":{"type":"Point","coordinates":[-87.955213,42.001159]},"properties":{"id":"way/377032061","footprint_m2":12616,"name":"Equinix Chicago CH3","operator":"Equinix","ref":"CH3","county_fips":"17031","state":"IL","est_mw":2.4}},{"type":"Feature","geometry":{"type":"Point","coordinates":[-87.967176,41.974227]},"properties":{"id":"way/377212693","footprint_m2":4121,"name":"Element Critical CH2","operator":"Element Critical","ref":"CH2","county_fips":"17043","state":"IL","est_mw":0.78}},{"type":"Feature","geometry":{"type":"Point","coordinates":[-87.958172,41.99204]},"properties":{"id":"way/377345296","footprint_m2":18425,"name":"Centersquare Elk Grove Village Data Center Campus ORD2","operator":"Centersquare","ref":"ORD2","county_fips":"17043","state":"IL","est_mw":3.5}},{"type":"Feature","geometry":{"type":"Point","coordinates":[-104.837553,39.558971]},"properties":{"id":"way/377545385","footprint_m2":18467,"name":"Flexential Denver - Englewood","operator":"Flexential","county_fips":"08035","state":"CO","est_mw":3.51}},{"type":"Feature","geometry":{"type":"Point","coordinates":[-83.262667,42.447697]},"properties":{"id":"way/377585075","footprint_m2":3770,"name":"EdgeConneX Detroit DET01","operator":"EdgeConneX","ref":"DET01","county_fips":"26125","state":"MI","est_mw":0.72}},{"type":"Feature","geometry":{"type":"Point","coordinates":[-97.723597,30.261396]},"properties":{"id":"way/379195054","footprint_m2":471,"name":"Lumen Austin 3","operator":"Lumen Technologies","county_fips":"48453","state":"TX","est_mw":0.09}},{"type":"Feature","geometry":{"type":"Point","coordinates":[-97.722102,30.261043]},"properties":{"id":"way/379199519","footprint_m2":3353,"name":"Alpheus DataCenter","operator":"Alpheus","county_fips":"48453","state":"TX","est_mw":0.64}},{"type":"Feature","geometry":{"type":"Point","coordinates":[-97.695781,30.212176]},"properties":{"id":"way/379204279","footprint_m2":7431,"name":"Digital Realty Austin AUS11","ref":"AUS11","county_fips":"48453","state":"TX","est_mw":1.41}},{"type":"Feature","geometry":{"type":"Point","coordinates":[-97.707044,30.200676]},"properties":{"id":"way/379204643","footprint_m2":8031,"name":"LightEdge Austin II","county_fips":"48453","state":"TX","est_mw":1.53}},{"type":"Feature","geometry":{"type":"Point","coordinates":[-97.697965,30.20593]},"properties":{"id":"way/379204766","footprint_m2":7187,"name":"CyrusOne Austin Data Center II","ref":"AUS2","county_fips":"48453","state":"TX","est_mw":1.37}},{"type":"Feature","geometry":{"type":"Point","coordinates":[-97.696074,30.215504]},"properties":{"id":"way/379205427","footprint_m2":4688,"name":"Data Foundry Austin 1 Data Center","county_fips":"48453","state":"TX","est_mw":0.89}},{"type":"Feature","geometry":{"type":"Point","coordinates":[-77.445416,39.048728]},"properties":{"id":"way/380282154","footprint_m2":32515,"name":"VISA Data Center","county_fips":"51107","state":"VA","est_mw":6.18}},{"type":"Feature","geometry":{"type":"Point","coordinates":[-97.712668,30.214297]},"properties":{"id":"way/382785871","footprint_m2":2869,"name":"LightEdge Austin I","county_fips":"48453","state":"TX","est_mw":0.55}},{"type":"Feature","geometry":{"type":"Point","coordinates":[-87.973519,41.993668]},"properties":{"id":"way/383545769","footprint_m2":16219,"name":"Skybox Chicago I","operator":"Skybox","ref":"Chicago I","county_fips":"17031","state":"IL","est_mw":3.08}},{"type":"Feature","geometry":{"type":"Point","coordinates":[-121.931017,37.489865]},"properties":{"id":"way/383728972","footprint_m2":3125,"name":"Hurricane Electric Fremont 1","operator":"Hurricane Electric","ref":"fmt1","county_fips":"06001","state":"CA","est_mw":0.59}},{"type":"Feature","geometry":{"type":"Point","coordinates":[-82.719028,41.43243]},"properties":{"id":"way/383796776","footprint_m2":58853,"operator":"Aligned Data Centers","county_fips":"39043","state":"OH","est_mw":11.19}},{"type":"Feature","geometry":{"type":"Point","coordinates":[-97.7124,30.196499]},"properties":{"id":"way/383888101","footprint_m2":6942,"name":"Lumen Austin 1","county_fips":"48453","state":"TX","est_mw":1.32}},{"type":"Feature","geometry":{"type":"Point","coordinates":[-97.713788,30.198926]},"properties":{"id":"way/383888914","footprint_m2":12737,"name":"Data Foundry - Texas 1","county_fips":"48453","state":"TX","est_mw":2.42}},{"type":"Feature","geometry":{"type":"Point","coordinates":[-121.922113,37.475337]},"properties":{"id":"way/384310259","footprint_m2":6114,"name":"XO Fremont","operator":"XO","county_fips":"06001","state":"CA","est_mw":1.16}},{"type":"Feature","geometry":{"type":"Point","coordinates":[-121.920311,37.471827]},"properties":{"id":"way/384310269","footprint_m2":16840,"name":"Hurricane Electric Fremont 2","operator":"Hurricane Electric","ref":"fmt2","county_fips":"06001","state":"CA","est_mw":3.2}},{"type":"Feature","geometry":{"type":"Point","coordinates":[-97.696176,30.3428]},"properties":{"id":"way/384396017","footprint_m2":5758,"name":"Element Critical","county_fips":"48453","state":"TX","est_mw":1.09}},{"type":"Feature","geometry":{"type":"Point","coordinates":[-87.964685,41.975762]},"properties":{"id":"way/384690290","footprint_m2":8554,"name":"Element Critical CH1","operator":"Element Critical","ref":"CH1","county_fips":"17043","state":"IL","est_mw":1.63}},{"type":"Feature","geometry":{"type":"Point","coordinates":[-74.173925,40.736726]},"properties":{"id":"way/387208881","footprint_m2":8302,"name":"165 Halsey / Equinix NY1 / Databank EWR1","operator":"Tishman","county_fips":"34013","state":"NJ","est_mw":1.58}},{"type":"Feature","geometry":{"type":"Point","coordinates":[-84.061075,34.03539]},"properties":{"id":"way/387378765","footprint_m2":28845,"name":"QTS Suwanee Data Center 1","operator":"Quality Technology Services","county_fips":"13135","state":"GA","est_mw":5.48}},{"type":"Feature","geometry":{"type":"Point","coordinates":[-84.057703,34.037099]},"properties":{"id":"way/387379196","footprint_m2":33480,"name":"QTS Suwanee Data Center 2","operator":"Quality Technology Services","county_fips":"13135","state":"GA","est_mw":6.36}},{"type":"Feature","geometry":{"type":"Point","coordinates":[-92.444724,34.756236]},"properties":{"id":"way/388148510","footprint_m2":2959,"name":"TierPoint Little Rock","county_fips":"05119","state":"AR","est_mw":0.56}},{"type":"Feature","geometry":{"type":"Point","coordinates":[-122.014563,37.399602]},"properties":{"id":"way/390287635","footprint_m2":2014,"name":"Equinix SV6","operator":"Equinix","ref":"SV6","county_fips":"06085","state":"CA","est_mw":0.38}},{"type":"Feature","geometry":{"type":"Point","coordinates":[-84.198562,33.954769]},"properties":{"id":"way/392324240","footprint_m2":3002,"name":"Flexential Atlanta - Norcross","operator":"Flexential","county_fips":"13135","state":"GA","est_mw":0.57}},{"type":"Feature","geometry":{"type":"Point","coordinates":[-122.30169,47.841811]},"properties":{"id":"way/396296733","footprint_m2":9705,"name":"Centersquare Lynnwood SE1","operator":"Centersquare","ref":"SE1","county_fips":"53061","state":"WA","est_mw":1.84}},{"type":"Feature","geometry":{"type":"Point","coordinates":[-120.875077,44.289416]},"properties":{"id":"way/397914434","footprint_m2":857,"name":"Apple","operator":"Apple Inc.","county_fips":"41013","state":"OR","est_mw":0.16}},{"type":"Feature","geometry":{"type":"Point","coordinates":[-104.78727,38.985746]},"properties":{"id":"way/400540223","footprint_m2":20396,"name":"Walmart Colorado Data Center","operator":"Walmart","county_fips":"08041","state":"CO","est_mw":3.88}},{"type":"Feature","geometry":{"type":"Point","coordinates":[-96.027774,41.338321]},"properties":{"id":"way/405034574","footprint_m2":1100,"name":"Verizon","county_fips":"31055","state":"NE","est_mw":0.21}},{"type":"Feature","geometry":{"type":"Point","coordinates":[-96.028614,41.338436]},"properties":{"id":"way/405034584","footprint_m2":8117,"name":"Verizon","county_fips":"31055","state":"NE","est_mw":1.54}},{"type":"Feature","geometry":{"type":"Point","coordinates":[-86.673099,34.736541]},"properties":{"id":"way/408012357","footprint_m2":1386,"name":"George C. Wallace Alabama Supercomputer Center","operator":"Alabama Supercomputer Authority","county_fips":"01089","state":"AL","est_mw":0.26}},{"type":"Feature","geometry":{"type":"Point","coordinates":[-118.304081,33.850752]},"properties":{"id":"way/409027020","footprint_m2":10013,"name":"Equinix","operator":"Equinix","ref":"LA7","county_fips":"06037","state":"CA","est_mw":1.9}},{"type":"Feature","geometry":{"type":"Point","coordinates":[-87.859236,41.928378]},"properties":{"id":"way/409296605","footprint_m2":8377,"name":"Digital Realty Chicago ORD12","operator":"Digital Realty","ref":"ORD12","county_fips":"17031","state":"IL","est_mw":1.59}},{"type":"Feature","geometry":{"type":"Point","coordinates":[-119.864487,47.237633]},"properties":{"id":"way/410408067","footprint_m2":3430,"county_fips":"53025","state":"WA","est_mw":0.65}},{"type":"Feature","geometry":{"type":"Point","coordinates":[-119.882998,47.239479]},"properties":{"id":"way/410408073","footprint_m2":14051,"name":"Microsoft","operator":"Microsoft","county_fips":"53025","state":"WA","est_mw":2.67}},{"type":"Feature","geometry":{"type":"Point","coordinates":[-119.883084,47.238575]},"properties":{"id":"way/410408074","footprint_m2":13742,"name":"Microsoft","operator":"Microsoft","county_fips":"53025","state":"WA","est_mw":2.61}},{"type":"Feature","geometry":{"type":"Point","coordinates":[-119.859406,47.239488]},"properties":{"id":"way/410408079","footprint_m2":4351,"county_fips":"53025","state":"WA","est_mw":0.83}},{"type":"Feature","geometry":{"type":"Point","coordinates":[-104.905302,41.123415]},"properties":{"id":"way/414055237","footprint_m2":776040,"name":"Microsoft CYS Datacenter","operator":"Microsoft","ref":"CYS","county_fips":"56021","state":"WY","est_mw":147.52}},{"type":"Feature","geometry":{"type":"Point","coordinates":[-104.901876,41.126231]},"properties":{"id":"way/414055239","footprint_m2":13079,"county_fips":"56021","state":"WY","est_mw":2.49}},{"type":"Feature","geometry":{"type":"Point","coordinates":[-122.348153,47.619325]},"properties":{"id":"way/417682780","footprint_m2":4250,"name":"KOMO Plaza East","county_fips":"53033","state":"WA","est_mw":0.81}},{"type":"Feature","geometry":{"type":"Point","coordinates":[-122.348596,47.61892]},"properties":{"id":"way/417682781","footprint_m2":1880,"name":"KOMO Plaza West","county_fips":"53033","state":"WA","est_mw":0.36}},{"type":"Feature","geometry":{"type":"Point","coordinates":[-96.083388,41.165469]},"properties":{"id":"way/421273622","footprint_m2":3782,"name":"Fidelity","operator":"Fidelity","county_fips":"31153","state":"NE","est_mw":0.72}},{"type":"Feature","geometry":{"type":"Point","coordinates":[-118.386313,33.917729]},"properties":{"id":"way/424945736","footprint_m2":6643,"operator":"Centurylink","county_fips":"06037","state":"CA","est_mw":1.26}},{"type":"Feature","geometry":{"type":"Point","coordinates":[-118.386436,33.921742]},"properties":{"id":"way/424945845","footprint_m2":11065,"name":"Serverfarm - LAX1","operator":"Serverfarm LLC.","ref":"LAX1","county_fips":"06037","state":"CA","est_mw":2.1}},{"type":"Feature","geometry":{"type":"Point","coordinates":[-118.38463,33.915649]},"properties":{"id":"way/424945852","footprint_m2":10527,"name":"DRT LAX12","operator":"Digital Realty","ref":"LAX4","county_fips":"06037","state":"CA","est_mw":2.0}},{"type":"Feature","geometry":{"type":"Point","coordinates":[-104.983245,39.922419]},"properties":{"id":"way/426586135","footprint_m2":7995,"name":"Google - Thornton","operator":"Google","county_fips":"08001","state":"CO","est_mw":1.52}},{"type":"Feature","geometry":{"type":"Point","coordinates":[-118.257514,34.047326]},"properties":{"id":"way/428021796","footprint_m2":6223,"name":"DRT LAX10","ref":"LAX6","county_fips":"06037","state":"CA","est_mw":1.18}},{"type":"Feature","geometry":{"type":"Point","coordinates":[-118.255546,34.047892]},"properties":{"id":"way/428021816","footprint_m2":4074,"name":"One Wilshire","county_fips":"06037","state":"CA","est_mw":0.77}},{"type":"Feature","geometry":{"type":"Point","coordinates":[-77.2375,37.494407]},"properties":{"id":"way/429040021","footprint_m2":18108,"operator":"Bank of America","county_fips":"51087","state":"VA","est_mw":3.44}},{"type":"Feature","geometry":{"type":"Point","coordinates":[-82.29993,29.672591]},"properties":{"id":"way/429782814","footprint_m2":3379,"name":"UF Research Computing Center","operator":"University of Florida","ref":"1635","county_fips":"12001","state":"FL","est_mw":0.64}},{"type":"Feature","geometry":{"type":"Point","coordinates":[-77.414523,39.025947]},"properties":{"id":"way/435324552","footprint_m2":24675,"name":"CyrusOne NVA1, NVA2 & NVA3","operator":"CyrusOne","ref":"NVA1;NVA2;NVA3","county_fips":"51107","state":"VA","est_mw":4.69}},{"type":"Feature","geometry":{"type":"Point","coordinates":[-80.193075,25.782379]},"properties":{"id":"way/435518280","footprint_m2":11392,"name":"NAP of the Americas","county_fips":"12086","state":"FL","est_mw":2.17}},{"type":"Feature","geometry":{"type":"Point","coordinates":[-80.230034,25.797544]},"properties":{"id":"way/435531451","footprint_m2":1478,"county_fips":"12086","state":"FL","est_mw":0.28}},{"type":"Feature","geometry":{"type":"Point","coordinates":[-77.434034,39.024327]},"properties":{"id":"way/435817145","footprint_m2":47097,"name":"CyrusOne NVA5","operator":"CyrusOne","ref":"NVA5","county_fips":"51107","state":"VA","est_mw":8.95}},{"type":"Feature","geometry":{"type":"Point","coordinates":[-93.824949,41.540616]},"properties":{"id":"way/438077632","footprint_m2":3637,"name":"Microsoft","operator":"Microsoft","county_fips":"19049","state":"IA","est_mw":0.69}},{"type":"Feature","geometry":{"type":"Point","coordinates":[-93.514728,41.664241]},"properties":{"id":"way/438078069","footprint_m2":29302,"name":"Facebook Altoona Data Center 1","operator":"Meta","county_fips":"19153","state":"IA","est_mw":5.57}},{"type":"Feature","geometry":{"type":"Point","coordinates":[-93.50817,41.665537]},"properties":{"id":"way/438078070","footprint_m2":28556,"name":"Facebook Altoona Data Center 2","operator":"Meta","county_fips":"19153","state":"IA","est_mw":5.43}},{"type":"Feature","geometry":{"type":"Point","coordinates":[-77.331721,37.360636]},"properties":{"id":"way/439365340","footprint_m2":14654,"name":"Virginia Information Technologies Agency","county_fips":"51041","state":"VA","est_mw":2.79}},{"type":"Feature","geometry":{"type":"Point","coordinates":[-117.805801,33.716778]},"properties":{"id":"way/441502816","footprint_m2":7958,"name":"Lumen Technologies","county_fips":"06059","state":"CA","est_mw":1.51}},{"type":"Feature","geometry":{"type":"Point","coordinates":[-117.420003,47.654226]},"properties":{"id":"way/444683815","footprint_m2":2360,"name":"Lumen","operator":"Lumen Technologies","county_fips":"53063","state":"WA","est_mw":0.45}},{"type":"Feature","geometry":{"type":"Point","coordinates":[-89.436736,43.067289]},"properties":{"id":"way/447803368","footprint_m2":852,"county_fips":"55025","state":"WI","est_mw":0.16}},{"type":"Feature","geometry":{"type":"Point","coordinates":[-77.978187,38.454937]},"properties":{"id":"way/450078003","footprint_m2":120768,"name":"Equinix CU2","operator":"Equinix","county_fips":"51047","state":"VA","est_mw":22.96}},{"type":"Feature","geometry":{"type":"Point","coordinates":[-121.887975,37.333638]},"properties":{"id":"way/451413811","footprint_m2":9476,"county_fips":"06085","state":"CA","est_mw":1.8}},{"type":"Feature","geometry":{"type":"Point","coordinates":[-74.06556,40.784134]},"properties":{"id":"way/451491797","footprint_m2":14024,"county_fips":"34017","state":"NJ","est_mw":2.67}},{"type":"Feature","geometry":{"type":"Point","coordinates":[-74.068048,40.78755]},"properties":{"id":"way/451497833","footprint_m2":9412,"name":"Evocative Secaucus","operator":"Evocative","county_fips":"34017","state":"NJ","est_mw":1.79}},{"type":"Feature","geometry":{"type":"Point","coordinates":[-74.134186,40.821454]},"properties":{"id":"way/452116337","footprint_m2":10020,"name":"BT Radianz: 492 River Road","operator":"bt","county_fips":"34013","state":"NJ","est_mw":1.9}},{"type":"Feature","geometry":{"type":"Point","coordinates":[-104.860377,39.59896]},"properties":{"id":"way/453969917","footprint_m2":3141,"name":"Time Warner Datacenter","county_fips":"08005","state":"CO","est_mw":0.6}},{"type":"Feature","geometry":{"type":"Point","coordinates":[-104.860182,39.599931]},"properties":{"id":"way/453969923","footprint_m2":5708,"name":"Time Warner Datacenter","county_fips":"08005","state":"CO","est_mw":1.08}},{"type":"Feature","geometry":{"type":"Point","coordinates":[-97.701114,30.206994]},"properties":{"id":"way/455171103","footprint_m2":17644,"name":"CyrusOne Austin Data Center III","ref":"AUS3","county_fips":"48453","state":"TX","est_mw":3.35}},{"type":"Feature","geometry":{"type":"Point","coordinates":[-74.101582,40.157044]},"properties":{"id":"way/459188722","footprint_m2":2407,"name":"Apollo Cable Landing Station","operator":"Apollo","county_fips":"34025","state":"NJ","est_mw":0.46}},{"type":"Feature","geometry":{"type":"Point","coordinates":[-72.883345,40.84366]},"properties":{"id":"way/459188725","footprint_m2":3414,"name":"Cable & Wireless Cable Landing Station","county_fips":"36103","state":"NY","est_mw":0.65}},{"type":"Feature","geometry":{"type":"Point","coordinates":[-77.451513,39.021014]},"properties":{"id":"way/460050155","footprint_m2":14158,"name":"Equinix Ashburn DC10","operator":"Equinix","ref":"DC10","county_fips":"51107","state":"VA","est_mw":2.69}},{"type":"Feature","geometry":{"type":"Point","coordinates":[-77.451065,39.026575]},"properties":{"id":"way/460053028","footprint_m2":101083,"name":"Amazon Web Services Datacenter Complex","operator":"Amazon Web Services","county_fips":"51107","state":"VA","est_mw":19.22}},{"type":"Feature","geometry":{"type":"Point","coordinates":[-77.458662,39.02887]},"properties":{"id":"way/460053030","footprint_m2":94979,"name":"Amazon Web Services","operator":"Amazon Web Services","county_fips":"51107","state":"VA","est_mw":18.06}},{"type":"Feature","geometry":{"type":"Point","coordinates":[-77.491987,38.915805]},"properties":{"id":"way/460056017","footprint_m2":14148,"name":"Amazon IAD-61","operator":"Amazon Web Services","ref":"Amazon IAD-61","county_fips":"51107","state":"VA","est_mw":2.69}},{"type":"Feature","geometry":{"type":"Point","coordinates":[-77.442196,38.986502]},"properties":{"id":"way/460056018","footprint_m2":65935,"county_fips":"51107","state":"VA","est_mw":12.53}},{"type":"Feature","geometry":{"type":"Point","coordinates":[-77.436507,38.991414]},"properties":{"id":"way/460056019","footprint_m2":5958,"name":"Amazon IAD51","operator":"Amazon Web Services","ref":"Amazon IAD51","county_fips":"51107","state":"VA","est_mw":1.13}},{"type":"Feature","geometry":{"type":"Point","coordinates":[-77.437062,38.990568]},"properties":{"id":"way/460056020","footprint_m2":7288,"name":"Amazon IAD56","operator":"Amazon Web Services","ref":"Amazon IAD56","county_fips":"51107","state":"VA","est_mw":1.39}},{"type":"Feature","geometry":{"type":"Point","coordinates":[-77.448825,38.990699]},"properties":{"id":"way/460056023","footprint_m2":7044,"name":"Amazon IAD16","operator":"Amazon Web Services","ref":"Amazon IAD16","county_fips":"51107","state":"VA","est_mw":1.34}},{"type":"Feature","geometry":{"type":"Point","coordinates":[-77.44858,38.991693]},"properties":{"id":"way/460056024","footprint_m2":9611,"name":"Amazon IAD15","operator":"Amazon Web Services","ref":"Amazon IAD15","county_fips":"51107","state":"VA","est_mw":1.83}},{"type":"Feature","geometry":{"type":"Point","coordinates":[-77.548217,38.789932]},"properties":{"id":"way/460059465","footprint_m2":10980,"name":"Amazon IAD14","operator":"Amazon Web Services","ref":"IAD14","county_fips":"51153","state":"VA","est_mw":2.09}},{"type":"Feature","geometry":{"type":"Point","coordinates":[-77.54845,38.792226]},"properties":{"id":"way/460060340","footprint_m2":11825,"name":"Amazon IAD59","operator":"Amazon Web Services","ref":"IAD59","county_fips":"51153","state":"VA","est_mw":2.25}},{"type":"Feature","geometry":{"type":"Point","coordinates":[-77.548372,38.791069]},"properties":{"id":"way/460060341","footprint_m2":11771,"name":"Amazon IAD52","operator":"Amazon Web Services","ref":"IAD52","county_fips":"51153","state":"VA","est_mw":2.24}},{"type":"Feature","geometry":{"type":"Point","coordinates":[-82.751711,40.093883]},"properties":{"id":"way/460067220","footprint_m2":102780,"name":"Amazon Web Services Datacenter Complex","operator":"Amazon Web Services","county_fips":"39089","state":"OH","est_mw":19.54}},{"type":"Feature","geometry":{"type":"Point","coordinates":[-83.134258,40.059902]},"properties":{"id":"way/460067225","footprint_m2":239550,"name":"Amazon AWS: Hilliard Data Center","operator":"Amazon Web Services us-east-2 datacenter","county_fips":"39049","state":"OH","est_mw":45.54}},{"type":"Feature","geometry":{"type":"Point","coordinates":[-119.266324,45.915836]},"properties":{"id":"way/460070135","footprint_m2":242,"name":"Amazon Web Services","operator":"Amazon Web Services","county_fips":"41059","state":"OR","est_mw":0.05}},{"type":"Feature","geometry":{"type":"Point","coordinates":[-119.266527,45.915836]},"properties":{"id":"way/460070136","footprint_m2":242,"name":"Amazon Web Services","operator":"Amazon Web Services","county_fips":"41059","state":"OR","est_mw":0.05}},{"type":"Feature","geometry":{"type":"Point","coordinates":[-119.266726,45.915836]},"properties":{"id":"way/460070137","footprint_m2":242,"name":"Amazon Web Services","operator":"Amazon Web Services","county_fips":"41059","state":"OR","est_mw":0.05}},{"type":"Feature","geometry":{"type":"Point","coordinates":[-119.267112,45.915836]},"properties":{"id":"way/460070138","footprint_m2":242,"name":"Amazon Web Services","operator":"Amazon Web Services","county_fips":"41059","state":"OR","est_mw":0.05}},{"type":"Feature","geometry":{"type":"Point","coordinates":[-119.267316,45.915843]},"properties":{"id":"way/460070139","footprint_m2":242,"name":"Amazon Web Services","operator":"Amazon Web Services","county_fips":"41059","state":"OR","est_mw":0.05}},{"type":"Feature","geometry":{"type":"Point","coordinates":[-119.267512,45.915832]},"properties":{"id":"way/460070140","footprint_m2":242,"name":"Amazon Web Services","operator":"Amazon Web Services","county_fips":"41059","state":"OR","est_mw":0.05}},{"type":"Feature","geometry":{"type":"Point","coordinates":[-119.267717,45.915836]},"properties":{"id":"way/460070141","footprint_m2":242,"name":"Amazon Web Services","operator":"Amazon Web Services","county_fips":"41059","state":"OR","est_mw":0.05}},{"type":"Feature","geometry":{"type":"Point","coordinates":[-119.267776,45.916404]},"properties":{"id":"way/460070143","footprint_m2":12361,"name":"Amazon Web Services","operator":"Amazon Web Services","ref":"PDX2","county_fips":"41059","state":"OR","est_mw":2.35}},{"type":"Feature","geometry":{"type":"Point","coordinates":[-119.652769,45.841003]},"properties":{"id":"way/460070144","footprint_m2":11844,"name":"Amazon Web Services","operator":"Amazon Web Services","ref":"PDX4","county_fips":"41049","state":"OR","est_mw":2.25}},{"type":"Feature","geometry":{"type":"Point","coordinates":[-119.629888,45.852235]},"properties":{"id":"way/460070145","footprint_m2":24847,"name":"Amazon Web Services","operator":"Amazon Web Services","ref":"PDX50/53","county_fips":"41049","state":"OR","est_mw":4.72}},{"type":"Feature","geometry":{"type":"Point","coordinates":[-119.630524,45.850881]},"properties":{"id":"way/460070147","footprint_m2":9593,"name":"Amazon Web Services","operator":"Amazon Web Services","ref":"PDX1","county_fips":"41049","state":"OR","est_mw":1.82}},{"type":"Feature","geometry":{"type":"Point","coordinates":[-121.888429,37.38827]},"properties":{"id":"way/460076753","footprint_m2":10190,"name":"Equinix San Jose SV3","operator":"Equinix","ref":"SV3","county_fips":"06085","state":"CA","est_mw":1.94}},{"type":"Feature","geometry":{"type":"Point","coordinates":[-122.390469,37.788731]},"properties":{"id":"way/460085343","footprint_m2":3653,"name":"365 Main Street Data Center","operator":"Digital Realty","county_fips":"06075","state":"CA","est_mw":0.69}},{"type":"Feature","geometry":{"type":"Point","coordinates":[-81.822139,35.314231]},"properties":{"id":"way/460089167","footprint_m2":22401,"name":"Meta","operator":"Meta","ref":"FRC","county_fips":"37161","state":"NC","est_mw":4.26}},{"type":"Feature","geometry":{"type":"Point","coordinates":[-81.826325,35.317341]},"properties":{"id":"way/460089168","footprint_m2":21719,"name":"Meta","operator":"Meta","ref":"FRC","county_fips":"37161","state":"NC","est_mw":4.13}},{"type":"Feature","geometry":{"type":"Point","coordinates":[-121.889297,37.403904]},"properties":{"id":"way/460159925","footprint_m2":6991,"operator":"NTT Limited","county_fips":"06085","state":"CA","est_mw":1.33}},{"type":"Feature","geometry":{"type":"Point","coordinates":[-121.96983,37.370438]},"properties":{"id":"way/460159928","footprint_m2":7797,"name":"Csquare SFO1","operator":"Csquare","county_fips":"06085","state":"CA","est_mw":1.48}},{"type":"Feature","geometry":{"type":"Point","coordinates":[-121.972505,37.371779]},"properties":{"id":"way/460159955","footprint_m2":7032,"operator":"Vantage","county_fips":"06085","state":"CA","est_mw":1.34}},{"type":"Feature","geometry":{"type":"Point","coordinates":[-120.18749,47.407164]},"properties":{"id":"way/460167186","footprint_m2":17920,"name":"Intergate Columbia B","operator":"Sabey Data Centers","county_fips":"53017","state":"WA","est_mw":3.41}},{"type":"Feature","geometry":{"type":"Point","coordinates":[-120.189294,47.408714]},"properties":{"id":"way/460167187","footprint_m2":24376,"name":"Intergate Columbia A","operator":"Sabey Data Centers","county_fips":"53017","state":"WA","est_mw":4.63}},{"type":"Feature","geometry":{"type":"Point","coordinates":[-120.191731,47.407588]},"properties":{"id":"way/460167190","footprint_m2":257443,"name":"Intergate Columbia","county_fips":"53017","state":"WA","est_mw":48.94}},{"type":"Feature","geometry":{"type":"Point","coordinates":[-77.448189,38.994227]},"properties":{"id":"way/460175664","footprint_m2":3320,"name":"QTS Ashburn-Moran","operator":"Quality Technology Services","county_fips":"51107","state":"VA","est_mw":0.63}},{"type":"Feature","geometry":{"type":"Point","coordinates":[-77.452747,39.021734]},"properties":{"id":"way/460175666","footprint_m2":7223,"name":"Centersquare IAD4-A","operator":"Centersquare","ref":"IAD4-A","county_fips":"51107","state":"VA","est_mw":1.37}},{"type":"Feature","geometry":{"type":"Point","coordinates":[-77.485612,39.005052]},"properties":{"id":"way/460175672","footprint_m2":14247,"name":"AWS Building E","operator":"Amazon Web Services","county_fips":"51107","state":"VA","est_mw":2.71}},{"type":"Feature","geometry":{"type":"Point","coordinates":[-74.126749,40.829929]},"properties":{"id":"way/460177088","footprint_m2":2751,"name":"Digital Realty New Jersey EWR20","operator":"Digital Realty","ref":"EWR20","county_fips":"34031","state":"NJ","est_mw":0.52}},{"type":"Feature","geometry":{"type":"Point","coordinates":[-74.545659,40.537986]},"properties":{"id":"way/460182320","footprint_m2":29597,"name":"CyrusOne Somerset","operator":"CyrusOne","county_fips":"34035","state":"NJ","est_mw":5.63}},{"type":"Feature","geometry":{"type":"Point","coordinates":[-74.553409,40.53602]},"properties":{"id":"way/460182335","footprint_m2":11242,"name":"BNY Mellon Somerset","county_fips":"34035","state":"NJ","est_mw":2.14}},{"type":"Feature","geometry":{"type":"Point","coordinates":[-74.55554,40.537538]},"properties":{"id":"way/460182337","footprint_m2":11675,"operator":"Digital Realty","county_fips":"34035","state":"NJ","est_mw":2.22}},{"type":"Feature","geometry":{"type":"Point","coordinates":[-74.124514,40.830586]},"properties":{"id":"way/460182351","footprint_m2":6656,"name":"Digital Realty New Jersey EWR21","operator":"Digital Realty","ref":"EWR21","county_fips":"34031","state":"NJ","est_mw":1.27}},{"type":"Feature","geometry":{"type":"Point","coordinates":[-118.343789,34.199869]},"properties":{"id":"way/460212563","footprint_m2":4008,"operator":"Centurylink","county_fips":"06037","state":"CA","est_mw":0.76}},{"type":"Feature","geometry":{"type":"Point","coordinates":[-77.44952,39.026368]},"properties":{"id":"way/463571875","footprint_m2":13748,"name":"Amazon IAD78","operator":"Amazon Web Services","ref":"IAD78","county_fips":"51107","state":"VA","est_mw":2.61}},{"type":"Feature","geometry":{"type":"Point","coordinates":[-77.45087,39.026357]},"properties":{"id":"way/463571876","footprint_m2":13813,"name":"Amazon IAD79","operator":"Amazon Web Services","ref":"IAD79","county_fips":"51107","state":"VA","est_mw":2.63}},{"type":"Feature","geometry":{"type":"Point","coordinates":[-119.548574,39.567105]},"properties":{"id":"way/464097467","footprint_m2":25705,"county_fips":"32031","state":"NV","est_mw":4.89}},{"type":"Feature","geometry":{"type":"Point","coordinates":[-122.273098,38.254085]},"properties":{"id":"way/464371693","footprint_m2":15124,"name":"Kaiser Data Center","county_fips":"06055","state":"CA","est_mw":2.88}},{"type":"Feature","geometry":{"type":"Point","coordinates":[-96.868589,32.806955]},"properties":{"id":"way/465032201","footprint_m2":7512,"name":"Lumen Dallas - 3180 Irving Blvd.","operator":"Lumen Technologies","county_fips":"48113","state":"TX","est_mw":1.43}},{"type":"Feature","geometry":{"type":"Point","coordinates":[-96.878393,32.837967]},"properties":{"id":"way/465032380","footprint_m2":8257,"name":"Prime DFW01-01","operator":"Prime","ref":"DFW01-01","county_fips":"48113","state":"TX","est_mw":1.57}},{"type":"Feature","geometry":{"type":"Point","coordinates":[-96.884382,32.827998]},"properties":{"id":"way/465032484","footprint_m2":1206,"name":"Lumen Dallas 6","operator":"Lumen Technologies","county_fips":"48113","state":"TX","est_mw":0.23}},{"type":"Feature","geometry":{"type":"Point","coordinates":[-96.87375,32.82755]},"properties":{"id":"way/465032487","footprint_m2":2276,"name":"Digital Realty DFW36","operator":"Digital Realty","ref":"DFW36","county_fips":"48113","state":"TX","est_mw":0.43}},{"type":"Feature","geometry":{"type":"Point","coordinates":[-96.873598,32.821738]},"properties":{"id":"way/465032631","footprint_m2":6291,"name":"DataBank Dallas Empire Central Data Center","operator":"DataBank","county_fips":"48113","state":"TX","est_mw":1.2}},{"type":"Feature","geometry":{"type":"Point","coordinates":[-96.857355,32.807973]},"properties":{"id":"way/465042594","footprint_m2":6630,"name":"TierPoint Dallas Data Center","operator":"TierPoint","county_fips":"48113","state":"TX","est_mw":1.26}},{"type":"Feature","geometry":{"type":"Point","coordinates":[-77.441168,38.991814]},"properties":{"id":"way/465062052","footprint_m2":13693,"name":"Amazon IAD87","operator":"Amazon Web Services","ref":"IAD87","county_fips":"51107","state":"VA","est_mw":2.6}},{"type":"Feature","geometry":{"type":"Point","coordinates":[-77.44187,38.990964]},"properties":{"id":"way/465062053","footprint_m2":13700,"name":"Amazon IAD88","operator":"Amazon Web Services","ref":"IAD88","county_fips":"51107","state":"VA","est_mw":2.6}},{"type":"Feature","geometry":{"type":"Point","coordinates":[-104.877933,39.589248]},"properties":{"id":"way/465530450","footprint_m2":749,"name":"Verizon","operator":"Verizon","county_fips":"08005","state":"CO","est_mw":0.14}},{"type":"Feature","geometry":{"type":"Point","coordinates":[-112.359988,33.419491]},"properties":{"id":"way/468707940","footprint_m2":38392,"name":"Stream Data Centers PHX-1","county_fips":"04013","state":"AZ","est_mw":7.3}},{"type":"Feature","geometry":{"type":"Point","coordinates":[-96.794575,32.783712]},"properties":{"id":"way/471658485","footprint_m2":4632,"name":"Live Oak Data Center","county_fips":"48113","state":"TX","est_mw":0.88}},{"type":"Feature","geometry":{"type":"Point","coordinates":[-122.927835,45.549393]},"properties":{"id":"way/471691757","footprint_m2":8363,"name":"Stack Infrastructure - POR01","operator":"Stack Infrastructure","ref":"POR01A","county_fips":"41067","state":"OR","est_mw":1.59}},{"type":"Feature","geometry":{"type":"Point","coordinates":[-122.917092,45.558286]},"properties":{"id":"way/471691760","footprint_m2":19905,"name":"Flexential Portland - Hillsboro 2","operator":"Flexential","county_fips":"41067","state":"OR","est_mw":3.78}},{"type":"Feature","geometry":{"type":"Point","coordinates":[-74.152918,41.078302]},"properties":{"id":"way/472761713","footprint_m2":18655,"name":"NYSE Data Center","operator":"nyse","county_fips":"34003","state":"NJ","est_mw":3.55}},{"type":"Feature","geometry":{"type":"Point","coordinates":[-118.114024,34.579984]},"properties":{"id":"way/472954201","footprint_m2":1616,"name":"AT&T","county_fips":"06037","state":"CA","est_mw":0.31}},{"type":"Feature","geometry":{"type":"Point","coordinates":[-96.658977,33.138993]},"properties":{"id":"way/474660915","footprint_m2":181997,"county_fips":"48085","state":"TX","est_mw":34.6}},{"type":"Feature","geometry":{"type":"Point","coordinates":[-104.521966,38.80266]},"properties":{"id":"way/476609221","footprint_m2":3960,"ref":"600","county_fips":"08041","state":"CO","est_mw":0.75}},{"type":"Feature","geometry":{"type":"Point","coordinates":[-122.765874,45.318731]},"properties":{"id":"way/480762078","footprint_m2":2309,"name":"Siemens EDA - HDC / Data Center","operator":"Siemens Digital Industries Software","ref":"Juniper","county_fips":"41005","state":"OR","est_mw":0.44}},{"type":"Feature","geometry":{"type":"Point","coordinates":[-96.676544,33.009299]},"properties":{"id":"way/483286527","footprint_m2":10071,"name":"Aligned  DFW-01","operator":"Aligned","ref":"DFW-01","county_fips":"48085","state":"TX","est_mw":1.91}},{"type":"Feature","geometry":{"type":"Point","coordinates":[-96.657376,33.137934]},"properties":{"id":"way/483307714","footprint_m2":2848,"name":"Tierpoint Dallas-Allen","county_fips":"48085","state":"TX","est_mw":0.54}},{"type":"Feature","geometry":{"type":"Point","coordinates":[-95.863676,30.018698]},"properties":{"id":"way/487170215","footprint_m2":32725,"operator":"DXC Technology","county_fips":"48201","state":"TX","est_mw":6.22}},{"type":"Feature","geometry":{"type":"Point","coordinates":[-77.559099,38.777979]},"properties":{"id":"way/490997243","footprint_m2":13579,"name":"Amazon IAD73","operator":"Amazon Web Services","ref":"IAD73","county_fips":"51153","state":"VA","est_mw":2.58}},{"type":"Feature","geometry":{"type":"Point","coordinates":[-77.557891,38.777437]},"properties":{"id":"way/490997244","footprint_m2":13701,"name":"Amazon IAD74","operator":"Amazon Web Services","ref":"IAD74","county_fips":"51153","state":"VA","est_mw":2.6}},{"type":"Feature","geometry":{"type":"Point","coordinates":[-81.683598,41.506357]},"properties":{"id":"way/491914767","footprint_m2":6637,"name":"H5 Data Center","county_fips":"39035","state":"OH","est_mw":1.26}},{"type":"Feature","geometry":{"type":"Point","coordinates":[-117.844104,33.707506]},"properties":{"id":"way/492699069","footprint_m2":3444,"name":"TPx Colocation Datacenter","operator":"TPx Communications","county_fips":"06059","state":"CA","est_mw":0.65}},{"type":"Feature","geometry":{"type":"Point","coordinates":[-118.255569,34.047915]},"properties":{"id":"way/495115494","footprint_m2":2370,"county_fips":"06037","state":"CA","est_mw":0.45}},{"type":"Feature","geometry":{"type":"Point","coordinates":[-81.662426,30.33143]},"properties":{"id":"way/497151852","footprint_m2":2806,"name":"Cologix Jacksonville JAX1","county_fips":"12031","state":"FL","est_mw":0.53}},{"type":"Feature","geometry":{"type":"Point","coordinates":[-119.887407,47.239487]},"properties":{"id":"way/499403180","footprint_m2":13326,"name":"Microsoft","operator":"Microsoft","county_fips":"53025","state":"WA","est_mw":2.53}},{"type":"Feature","geometry":{"type":"Point","coordinates":[-119.864453,47.238561]},"properties":{"id":"way/499403698","footprint_m2":4129,"county_fips":"53025","state":"WA","est_mw":0.78}},{"type":"Feature","geometry":{"type":"Point","coordinates":[-119.825429,47.247601]},"properties":{"id":"way/499403699","footprint_m2":12870,"county_fips":"53025","state":"WA","est_mw":2.45}},{"type":"Feature","geometry":{"type":"Point","coordinates":[-97.259343,32.983784]},"properties":{"id":"way/500820007","footprint_m2":58937,"name":"Facebook Fort Worth Datacenter","operator":"Meta","county_fips":"48439","state":"TX","est_mw":11.2}},{"type":"Feature","geometry":{"type":"Point","coordinates":[-94.77029,38.92517]},"properties":{"id":"way/502927599","footprint_m2":4139,"name":"Data Center Lenexa","county_fips":"20091","state":"KS","est_mw":0.79}},{"type":"Feature","geometry":{"type":"Point","coordinates":[-97.24529,33.006381]},"properties":{"id":"way/507673418","footprint_m2":22532,"name":"CITIGROUP TECHNOLOGY INC","county_fips":"48121","state":"TX","est_mw":4.28}},{"type":"Feature","geometry":{"type":"Point","coordinates":[-97.259202,32.988855]},"properties":{"id":"way/507673437","footprint_m2":25827,"name":"QTS Data Center","operator":"Quality Technology Services","county_fips":"48439","state":"TX","est_mw":4.91}},{"type":"Feature","geometry":{"type":"Point","coordinates":[-98.640686,29.447439]},"properties":{"id":"way/509611414","footprint_m2":41369,"name":"Texas Cryptologic Center","operator":"National Security Agency","county_fips":"48029","state":"TX","est_mw":7.86}},{"type":"Feature","geometry":{"type":"Point","coordinates":[-98.689488,29.47291]},"properties":{"id":"way/509611423","footprint_m2":8758,"name":"Lowe's Data Center","operator":"Lowe's","county_fips":"48029","state":"TX","est_mw":1.66}},{"type":"Feature","geometry":{"type":"Point","coordinates":[-98.68621,29.470344]},"properties":{"id":"way/509611426","footprint_m2":4535,"operator":"CHRISTUS Health","county_fips":"48029","state":"TX","est_mw":0.86}},{"type":"Feature","geometry":{"type":"Point","coordinates":[-98.68765,29.470223]},"properties":{"id":"way/509611429","footprint_m2":6372,"operator":"Frost Bank","county_fips":"48029","state":"TX","est_mw":1.21}},{"type":"Feature","geometry":{"type":"Point","coordinates":[-98.68811,29.466555]},"properties":{"id":"way/509611432","footprint_m2":9506,"name":"CyrusOne San Antonio I","operator":"CyrusOne","county_fips":"48029","state":"TX","est_mw":1.81}},{"type":"Feature","geometry":{"type":"Point","coordinates":[-98.680064,29.474285]},"properties":{"id":"way/509611436","footprint_m2":5417,"name":"Valero Wiserman","operator":"Valero","county_fips":"48029","state":"TX","est_mw":1.03}},{"type":"Feature","geometry":{"type":"Point","coordinates":[-98.671737,29.472017]},"properties":{"id":"way/509611437","footprint_m2":6626,"name":"Stream San Antonio II","county_fips":"48029","state":"TX","est_mw":1.26}},{"type":"Feature","geometry":{"type":"Point","coordinates":[-98.672999,29.470849]},"properties":{"id":"way/509611438","footprint_m2":10085,"name":"CyrusOne San Antonio II","operator":"CyrusOne","county_fips":"48029","state":"TX","est_mw":1.92}},{"type":"Feature","geometry":{"type":"Point","coordinates":[-98.672193,29.470044]},"properties":{"id":"way/509611439","footprint_m2":9340,"name":"CyrusOne San Antonio III","operator":"CyrusOne","county_fips":"48029","state":"TX","est_mw":1.78}},{"type":"Feature","geometry":{"type":"Point","coordinates":[-80.916208,35.142789]},"properties":{"id":"way/516686211","footprint_m2":8696,"name":"Spectrum Charlotte National Data Center","county_fips":"37119","state":"NC","est_mw":1.65}},{"type":"Feature","geometry":{"type":"Point","coordinates":[-120.870125,44.288882]},"properties":{"id":"way/517411076","footprint_m2":35067,"name":"Apple","operator":"Apple Inc.","county_fips":"41013","state":"OR","est_mw":6.67}},{"type":"Feature","geometry":{"type":"Point","coordinates":[-111.67577,33.353734]},"properties":{"id":"way/518921099","footprint_m2":657471,"name":"Google Data Center","operator":"Google","county_fips":"04013","state":"AZ","est_mw":124.98}},{"type":"Feature","geometry":{"type":"Point","coordinates":[-98.804116,29.414696]},"properties":{"id":"way/521300038","footprint_m2":672739,"name":"Microsoft Texas Research Park Campus","operator":"Microsoft","county_fips":"48029","state":"TX","est_mw":127.89}},{"type":"Feature","geometry":{"type":"Point","coordinates":[-82.351162,27.945532]},"properties":{"id":"way/523886201","footprint_m2":9042,"name":"Cyxtera Tampa TP1","operator":"Cyxtera","ref":"TPA1","county_fips":"12057","state":"FL","est_mw":1.72}},{"type":"Feature","geometry":{"type":"Point","coordinates":[-85.297254,35.031549]},"properties":{"id":"way/525060850","footprint_m2":751,"name":"DC Blox Chattanooga","county_fips":"47065","state":"TN","est_mw":0.14}},{"type":"Feature","geometry":{"type":"Point","coordinates":[-96.982788,32.897283]},"properties":{"id":"way/526806006","footprint_m2":28448,"name":"QTS Irving - Dallas Data Center Campus","operator":"Quality Technology Services","ref":"DAL10","county_fips":"48113","state":"TX","est_mw":5.41}},{"type":"Feature","geometry":{"type":"Point","coordinates":[-88.094886,41.802341]},"properties":{"id":"way/530024353","footprint_m2":33557,"name":"Centersquare Lisle ORD4 Data Center","operator":"Centersquare","ref":"ORD4","county_fips":"17043","state":"IL","est_mw":6.38}},{"type":"Feature","geometry":{"type":"Point","coordinates":[-111.839309,33.361914]},"properties":{"id":"way/530982335","footprint_m2":8530,"name":"GoDaddy - Gilbert","county_fips":"04013","state":"AZ","est_mw":1.62}},{"type":"Feature","geometry":{"type":"Point","coordinates":[-117.158948,32.747575]},"properties":{"id":"way/531709017","footprint_m2":8260,"name":"AT&T Center","operator":"American Telephone & Telegraph","county_fips":"06073","state":"CA","est_mw":1.57}},{"type":"Feature","geometry":{"type":"Point","coordinates":[-86.764147,36.140481]},"properties":{"id":"way/533842335","footprint_m2":962,"county_fips":"47037","state":"TN","est_mw":0.18}},{"type":"Feature","geometry":{"type":"Point","coordinates":[-84.383736,33.765144]},"properties":{"id":"way/536784688","footprint_m2":2141,"name":"CenturyLink","ref":"CenturyLink","county_fips":"13121","state":"GA","est_mw":0.41}},{"type":"Feature","geometry":{"type":"Point","coordinates":[-104.898089,41.124033]},"properties":{"id":"way/537172525","footprint_m2":5845,"county_fips":"56021","state":"WY","est_mw":1.11}},{"type":"Feature","geometry":{"type":"Point","coordinates":[-104.899269,41.124037]},"properties":{"id":"way/537172526","footprint_m2":6299,"county_fips":"56021","state":"WY","est_mw":1.2}},{"type":"Feature","geometry":{"type":"Point","coordinates":[-104.899271,41.125284]},"properties":{"id":"way/537172527","footprint_m2":5812,"county_fips":"56021","state":"WY","est_mw":1.1}},{"type":"Feature","geometry":{"type":"Point","coordinates":[-104.898083,41.125287]},"properties":{"id":"way/537172528","footprint_m2":5878,"county_fips":"56021","state":"WY","est_mw":1.12}},{"type":"Feature","geometry":{"type":"Point","coordinates":[-80.042532,40.427377]},"properties":{"id":"way/537807168","footprint_m2":2549,"name":"Expedient Pittsburgh South","operator":"Expedient","county_fips":"42003","state":"PA","est_mw":0.48}},{"type":"Feature","geometry":{"type":"Point","coordinates":[-111.858994,33.421284]},"properties":{"id":"way/543117031","footprint_m2":5388,"name":"Centersquare: Phoenix - (PHX1 - Mesa)","operator":"Centersquare","county_fips":"04013","state":"AZ","est_mw":1.02}},{"type":"Feature","geometry":{"type":"Point","coordinates":[-95.563254,29.995201]},"properties":{"id":"way/543316327","footprint_m2":24542,"operator":"DXC Technology","county_fips":"48201","state":"TX","est_mw":4.67}},{"type":"Feature","geometry":{"type":"Point","coordinates":[-95.563985,29.997307]},"properties":{"id":"way/543404966","footprint_m2":10588,"operator":"DXC Technology","county_fips":"48201","state":"TX","est_mw":2.01}},{"type":"Feature","geometry":{"type":"Point","coordinates":[-84.642995,42.687951]},"properties":{"id":"way/544536822","footprint_m2":2144,"name":"Liquid Web","county_fips":"26045","state":"MI","est_mw":0.41}},{"type":"Feature","geometry":{"type":"Point","coordinates":[-77.493251,38.916885]},"properties":{"id":"way/544596573","footprint_m2":13376,"name":"Amazon IAD63","operator":"Amazon Web Services","ref":"IAD63","county_fips":"51107","state":"VA","est_mw":2.54}},{"type":"Feature","geometry":{"type":"Point","coordinates":[-84.666089,42.70539]},"properties":{"id":"way/545060574","footprint_m2":6767,"name":"Liquid Web, Inc","county_fips":"26045","state":"MI","est_mw":1.29}},{"type":"Feature","geometry":{"type":"Point","coordinates":[-77.519875,38.949322]},"properties":{"id":"way/545396372","footprint_m2":13930,"name":"Amazon IAD62","operator":"Amazon Web Services","ref":"IAD62","county_fips":"51107","state":"VA","est_mw":2.65}},{"type":"Feature","geometry":{"type":"Point","coordinates":[-84.675908,34.070704]},"properties":{"id":"way/545704217","footprint_m2":1724,"county_fips":"13067","state":"GA","est_mw":0.33}},{"type":"Feature","geometry":{"type":"Point","coordinates":[-93.511438,41.669694]},"properties":{"id":"way/545730285","footprint_m2":2468302,"name":"Altoona Meta Data Center","operator":"Meta","county_fips":"19153","state":"IA","est_mw":469.22}},{"type":"Feature","geometry":{"type":"Point","coordinates":[-96.794707,43.599915]},"properties":{"id":"way/545895086","footprint_m2":22587,"name":"ADP South Dakota","county_fips":"46099","state":"SD","est_mw":4.29}},{"type":"Feature","geometry":{"type":"Point","coordinates":[-82.810626,40.10386]},"properties":{"id":"way/547156394","footprint_m2":9539,"name":"TJX Corporate Techno","county_fips":"39049","state":"OH","est_mw":1.81}},{"type":"Feature","geometry":{"type":"Point","coordinates":[-82.804945,40.10455]},"properties":{"id":"way/547156405","footprint_m2":4111,"name":"Compugen New Albany","county_fips":"39049","state":"OH","est_mw":0.78}},{"type":"Feature","geometry":{"type":"Point","coordinates":[-82.808939,40.103677]},"properties":{"id":"way/547277699","footprint_m2":2994,"name":"Compugen New Albany","county_fips":"39049","state":"OH","est_mw":0.57}},{"type":"Feature","geometry":{"type":"Point","coordinates":[-96.752502,32.994813]},"properties":{"id":"way/548184239","footprint_m2":6366,"name":"Flexential Dallas - Richardson","operator":"Flexential","county_fips":"48085","state":"TX","est_mw":1.21}},{"type":"Feature","geometry":{"type":"Point","coordinates":[-96.725505,33.171796]},"properties":{"id":"way/549418041","footprint_m2":7119,"name":"Experian McKinney Data Center","county_fips":"48085","state":"TX","est_mw":1.35}},{"type":"Feature","geometry":{"type":"Point","coordinates":[-77.327101,37.360065]},"properties":{"id":"way/550355261","footprint_m2":22640,"name":"Digital Fortress: Richmond","operator":"Digital Fortress","county_fips":"51041","state":"VA","est_mw":4.3}},{"type":"Feature","geometry":{"type":"Point","coordinates":[-83.002565,40.115717]},"properties":{"id":"way/551387747","footprint_m2":5227,"county_fips":"39049","state":"OH","est_mw":0.99}},{"type":"Feature","geometry":{"type":"Point","coordinates":[-121.893382,37.402559]},"properties":{"id":"way/553223628","footprint_m2":7256,"name":"Stack Infrastructure","operator":"Stack Infrastructure","county_fips":"06085","state":"CA","est_mw":1.38}},{"type":"Feature","geometry":{"type":"Point","coordinates":[-121.892384,37.402213]},"properties":{"id":"way/553223629","footprint_m2":10033,"name":"Stack Infrastructure","operator":"Stack Infrastructure","county_fips":"06085","state":"CA","est_mw":1.91}},{"type":"Feature","geometry":{"type":"Point","coordinates":[-92.288624,38.923512]},"properties":{"id":"way/553884511","footprint_m2":3669,"name":"Carfax","county_fips":"29019","state":"MO","est_mw":0.7}},{"type":"Feature","geometry":{"type":"Point","coordinates":[-93.506466,41.667071]},"properties":{"id":"way/556564909","footprint_m2":35095,"name":"Facebook Altoona Data Center 3","operator":"Meta","county_fips":"19153","state":"IA","est_mw":6.67}},{"type":"Feature","geometry":{"type":"Point","coordinates":[-77.457503,39.027908]},"properties":{"id":"way/556599693","footprint_m2":11258,"name":"Amazon IAD71","operator":"Amazon Web Services","ref":"IAD71","county_fips":"51107","state":"VA","est_mw":2.14}},{"type":"Feature","geometry":{"type":"Point","coordinates":[-77.459655,39.029562]},"properties":{"id":"way/556599694","footprint_m2":18774,"name":"Amazon IAD50","operator":"Amazon Web Services","ref":"IAD50","county_fips":"51107","state":"VA","est_mw":3.57}},{"type":"Feature","geometry":{"type":"Point","coordinates":[-77.458246,39.028774]},"properties":{"id":"way/556599695","footprint_m2":10309,"name":"Amazon IAD60","operator":"Amazon Web Services","ref":"IAD60","county_fips":"51107","state":"VA","est_mw":1.96}},{"type":"Feature","geometry":{"type":"Point","coordinates":[-97.070282,32.850459]},"properties":{"id":"way/557140229","footprint_m2":4761,"name":"Amazon Web Services","operator":"Amazon Web Services","county_fips":"48439","state":"TX","est_mw":0.91}},{"type":"Feature","geometry":{"type":"Point","coordinates":[-82.751339,40.09463]},"properties":{"id":"way/562775657","footprint_m2":15021,"name":"Amazon Web Services  CMH50","operator":"Amazon Web Services","ref":"CMH50","county_fips":"39089","state":"OH","est_mw":2.86}},{"type":"Feature","geometry":{"type":"Point","coordinates":[-111.604139,33.347021]},"properties":{"id":"way/567575425","footprint_m2":117362,"county_fips":"04013","state":"AZ","est_mw":22.31}},{"type":"Feature","geometry":{"type":"Point","coordinates":[-111.604318,33.346798]},"properties":{"id":"way/567575428","footprint_m2":370117,"name":"Apple Mesa Data Center","operator":"Apple","county_fips":"04013","state":"AZ","est_mw":70.36}},{"type":"Feature","geometry":{"type":"Point","coordinates":[-97.591603,30.421141]},"properties":{"id":"way/570397131","footprint_m2":856,"name":"Thin-nology","county_fips":"48453","state":"TX","est_mw":0.16}},{"type":"Feature","geometry":{"type":"Point","coordinates":[-73.388649,41.113092]},"properties":{"id":"way/571010571","footprint_m2":7226,"name":"CyrusOne Norwalk","operator":"CyrusOne","county_fips":"09190","state":"CT","est_mw":1.37}},{"type":"Feature","geometry":{"type":"Point","coordinates":[-97.713076,30.199588]},"properties":{"id":"way/577628941","footprint_m2":9742,"name":"Data Foundry - Texas 2","county_fips":"48453","state":"TX","est_mw":1.85}},{"type":"Feature","geometry":{"type":"Point","coordinates":[-106.779896,34.830228]},"properties":{"id":"way/578412815","footprint_m2":2028683,"name":"Meta Los Lunas Data Center","operator":"Meta","county_fips":"35061","state":"NM","est_mw":385.65}},{"type":"Feature","geometry":{"type":"Point","coordinates":[-84.585223,33.75059]},"properties":{"id":"way/578435601","footprint_m2":242338,"name":"Google Datacenter - Douglas County","operator":"Google","county_fips":"13097","state":"GA","est_mw":46.07}},{"type":"Feature","geometry":{"type":"Point","coordinates":[-95.864498,41.221658]},"properties":{"id":"way/578438011","footprint_m2":214118,"name":"Google Council Bluffs Data Center","operator":"Google","county_fips":"19155","state":"IA","est_mw":40.7}},{"type":"Feature","geometry":{"type":"Point","coordinates":[-87.918241,41.923006]},"properties":{"id":"way/578443547","footprint_m2":28500,"name":"Microsoft - Azure Datacenter","operator":"Microsoft","county_fips":"17031","state":"IL","est_mw":5.42}},{"type":"Feature","geometry":{"type":"Point","coordinates":[-99.300187,38.872132]},"properties":{"id":"way/581234765","footprint_m2":1074,"name":"Cloud Storage Corp","county_fips":"20051","state":"KS","est_mw":0.2}},{"type":"Feature","geometry":{"type":"Point","coordinates":[-115.214258,36.057834]},"properties":{"id":"way/585998677","footprint_m2":24565,"name":"Switch Las Vegas 8","operator":"Switch","county_fips":"32003","state":"NV","est_mw":4.67}},{"type":"Feature","geometry":{"type":"Point","coordinates":[-115.219628,36.055708]},"properties":{"id":"way/585998678","footprint_m2":26587,"name":"Switch Las Vegas 9","operator":"Switch","county_fips":"32003","state":"NV","est_mw":5.05}},{"type":"Feature","geometry":{"type":"Point","coordinates":[-95.570785,29.821506]},"properties":{"id":"way/587103676","footprint_m2":9123,"county_fips":"48201","state":"TX","est_mw":1.73}},{"type":"Feature","geometry":{"type":"Point","coordinates":[-70.950593,42.982091]},"properties":{"id":"way/589070714","footprint_m2":718,"name":"Information Technology Data Center","operator":"Phillips Exeter Academy","county_fips":"33015","state":"NH","est_mw":0.14}},{"type":"Feature","geometry":{"type":"Point","coordinates":[-122.289561,47.822425]},"properties":{"id":"way/589360530","footprint_m2":2317,"name":"Digital Fortress Lynnwood","county_fips":"53061","state":"WA","est_mw":0.44}},{"type":"Feature","geometry":{"type":"Point","coordinates":[-96.655926,33.137805]},"properties":{"id":"way/590213770","footprint_m2":3072,"county_fips":"48085","state":"TX","est_mw":0.58}},{"type":"Feature","geometry":{"type":"Point","coordinates":[-96.659952,33.138521]},"properties":{"id":"way/590213771","footprint_m2":25212,"name":"CyrusOne Allen","operator":"CyrusOne","county_fips":"48085","state":"TX","est_mw":4.79}},{"type":"Feature","geometry":{"type":"Point","coordinates":[-119.654979,45.840444]},"properties":{"id":"way/592171280","footprint_m2":14108,"name":"Amazon Web Services","operator":"Amazon Web Services","ref":"PDX52","county_fips":"41049","state":"OR","est_mw":2.68}},{"type":"Feature","geometry":{"type":"Point","coordinates":[-119.267734,45.917448]},"properties":{"id":"way/592257327","footprint_m2":24230,"name":"Amazon Web Services","operator":"Amazon Web Services","ref":"PDX51/54","county_fips":"41059","state":"OR","est_mw":4.61}},{"type":"Feature","geometry":{"type":"Point","coordinates":[-111.905898,40.47978]},"properties":{"id":"way/592488661","footprint_m2":7680,"name":"DataBank SLC3","operator":"DataBank","ref":"SLC3","county_fips":"49035","state":"UT","est_mw":1.46}},{"type":"Feature","geometry":{"type":"Point","coordinates":[-77.452829,39.027109]},"properties":{"id":"way/596690174","footprint_m2":13977,"name":"Amazon IAD80","operator":"Amazon Web Services","ref":"IAD80","county_fips":"51107","state":"VA","est_mw":2.66}},{"type":"Feature","geometry":{"type":"Point","coordinates":[-77.449758,39.023007]},"properties":{"id":"way/596690175","footprint_m2":8954,"name":"Equinix Ashburn DC12","operator":"Equinix","ref":"DC12","county_fips":"51107","state":"VA","est_mw":1.7}},{"type":"Feature","geometry":{"type":"Point","coordinates":[-96.661646,33.000144]},"properties":{"id":"way/597835788","footprint_m2":1829,"name":"Stream DFW IV","operator":"Stream","ref":"DFW IV","county_fips":"48085","state":"TX","est_mw":0.35}},{"type":"Feature","geometry":{"type":"Point","coordinates":[-96.715877,32.964789]},"properties":{"id":"way/597876719","footprint_m2":10494,"name":"Rackspace Richardson DFW3","operator":"Rackspace","ref":"DFW3","county_fips":"48113","state":"TX","est_mw":1.99}},{"type":"Feature","geometry":{"type":"Point","coordinates":[-96.713212,32.966281]},"properties":{"id":"way/597876721","footprint_m2":7768,"name":"Digital Realty Dallas DFW17","operator":"Digital Realty","ref":"DFW17","county_fips":"48113","state":"TX","est_mw":1.48}},{"type":"Feature","geometry":{"type":"Point","coordinates":[-96.710546,32.967233]},"properties":{"id":"way/597876722","footprint_m2":11375,"name":"Digital Realty Dallas DFW29","operator":"Digital Realty","ref":"DFW29","county_fips":"48113","state":"TX","est_mw":2.16}},{"type":"Feature","geometry":{"type":"Point","coordinates":[-96.711196,32.966254]},"properties":{"id":"way/597876723","footprint_m2":5803,"county_fips":"48113","state":"TX","est_mw":1.1}},{"type":"Feature","geometry":{"type":"Point","coordinates":[-96.713308,32.967241]},"properties":{"id":"way/597876724","footprint_m2":11336,"name":"Digital Realty Dallas DFW28","operator":"Digital Realty","ref":"DFW28","county_fips":"48113","state":"TX","est_mw":2.15}},{"type":"Feature","geometry":{"type":"Point","coordinates":[-96.710291,32.965046]},"properties":{"id":"way/597876726","footprint_m2":10827,"name":"Digital Realty Dallas DFW35","operator":"Digital Realty","ref":"DFW35","county_fips":"48113","state":"TX","est_mw":2.06}},{"type":"Feature","geometry":{"type":"Point","coordinates":[-96.712609,32.965204]},"properties":{"id":"way/597876730","footprint_m2":20656,"name":"Digital Realty Dallas DFW18","operator":"Digital Realty","ref":"DFW18","county_fips":"48113","state":"TX","est_mw":3.93}},{"type":"Feature","geometry":{"type":"Point","coordinates":[-96.715587,32.966077]},"properties":{"id":"way/597876798","footprint_m2":10170,"name":"Digital Realty Dallas DFW16","operator":"Digital Realty","ref":"DFW16","county_fips":"48113","state":"TX","est_mw":1.93}},{"type":"Feature","geometry":{"type":"Point","coordinates":[-77.479344,39.001552]},"properties":{"id":"way/597970806","footprint_m2":10453,"name":"Digital Realty Northern Virginia IAD36","operator":"Digital Realty","ref":"IAD36","county_fips":"51107","state":"VA","est_mw":1.99}},{"type":"Feature","geometry":{"type":"Point","coordinates":[-77.480595,39.000511]},"properties":{"id":"way/597970809","footprint_m2":19159,"name":"Digital Realty Northern Virginia IAD35","operator":"Digital Realty","ref":"IAD35","county_fips":"51107","state":"VA","est_mw":3.64}},{"type":"Feature","geometry":{"type":"Point","coordinates":[-77.47807,39.00001]},"properties":{"id":"way/597970811","footprint_m2":13406,"name":"Digital Realty Northern Virginia IAD37","operator":"Digital Realty","ref":"IAD37","county_fips":"51107","state":"VA","est_mw":2.55}},{"type":"Feature","geometry":{"type":"Point","coordinates":[-77.477184,39.00111]},"properties":{"id":"way/597970813","footprint_m2":10641,"name":"Digital Realty Northern Virginia IAD38","operator":"Digital Realty","ref":"IAD38","county_fips":"51107","state":"VA","est_mw":2.02}},{"type":"Feature","geometry":{"type":"Point","coordinates":[-94.864471,38.935643]},"properties":{"id":"way/598263496","footprint_m2":15059,"name":"U.S. Bank National Data Process Center","county_fips":"20091","state":"KS","est_mw":2.86}},{"type":"Feature","geometry":{"type":"Point","coordinates":[-121.784763,37.241199]},"properties":{"id":"way/600806974","footprint_m2":8021,"name":"Equinix SV10","operator":"Equinix","ref":"SV10","county_fips":"06085","state":"CA","est_mw":1.52}},{"type":"Feature","geometry":{"type":"Point","coordinates":[-75.195323,39.83093]},"properties":{"id":"way/607483487","footprint_m2":3814,"county_fips":"34015","state":"NJ","est_mw":0.73}},{"type":"Feature","geometry":{"type":"Point","coordinates":[-96.147619,41.220408]},"properties":{"id":"way/607753694","footprint_m2":3612,"operator":"Verizon Wireless","county_fips":"31055","state":"NE","est_mw":0.69}},{"type":"Feature","geometry":{"type":"Point","coordinates":[-81.393439,28.617468]},"properties":{"id":"way/609126465","footprint_m2":9992,"county_fips":"12095","state":"FL","est_mw":1.9}},{"type":"Feature","geometry":{"type":"Point","coordinates":[-80.041453,33.064272]},"properties":{"id":"way/610827836","footprint_m2":13622,"name":"Google","operator":"Google","county_fips":"45015","state":"SC","est_mw":2.59}},{"type":"Feature","geometry":{"type":"Point","coordinates":[-76.682845,39.213452]},"properties":{"id":"way/610845529","footprint_m2":3100,"name":"TierPoint Baltimore BWI","county_fips":"24003","state":"MD","est_mw":0.59}},{"type":"Feature","geometry":{"type":"Point","coordinates":[-77.457639,39.02501]},"properties":{"id":"way/610977485","footprint_m2":6893,"name":"NTT Ashburn VA2 Data Center","operator":"NTT","ref":"VA2","county_fips":"51107","state":"VA","est_mw":1.31}},{"type":"Feature","geometry":{"type":"Point","coordinates":[-109.528999,40.456593]},"properties":{"id":"way/611308188","footprint_m2":1205,"name":"Strata Networks","county_fips":"49047","state":"UT","est_mw":0.23}},{"type":"Feature","geometry":{"type":"Point","coordinates":[-74.67033,40.570372]},"properties":{"id":"way/612045611","footprint_m2":25709,"name":"Goldman Sachs","county_fips":"34035","state":"NJ","est_mw":4.89}},{"type":"Feature","geometry":{"type":"Point","coordinates":[-84.237391,34.096584]},"properties":{"id":"way/615593145","footprint_m2":10855,"name":"Mapletree Industrial","county_fips":"13121","state":"GA","est_mw":2.06}},{"type":"Feature","geometry":{"type":"Point","coordinates":[-115.214137,36.055885]},"properties":{"id":"way/617194689","footprint_m2":21392,"name":"Switch Las Vegas 11","operator":"Switch","county_fips":"32003","state":"NV","est_mw":4.07}},{"type":"Feature","geometry":{"type":"Point","coordinates":[-90.255393,38.636569]},"properties":{"id":"way/617511179","footprint_m2":2278,"name":"Genome Data Center","operator":"Washington University in St. Louis","county_fips":"29510","state":"MO","est_mw":0.43}},{"type":"Feature","geometry":{"type":"Point","coordinates":[-74.573878,40.581474]},"properties":{"id":"way/618339179","footprint_m2":2645,"name":"365 Bridgewater NJ","county_fips":"34035","state":"NJ","est_mw":0.5}},{"type":"Feature","geometry":{"type":"Point","coordinates":[-80.042159,33.06378]},"properties":{"id":"way/626226408","footprint_m2":772113,"name":"Google Berkeley County Data Center","operator":"Google","county_fips":"45015","state":"SC","est_mw":146.78}},{"type":"Feature","geometry":{"type":"Point","coordinates":[-85.455834,31.231899]},"properties":{"id":"way/626281456","footprint_m2":993,"name":"AngelTrax Data Center","operator":"AngelTrax Mobile Video Surveillance Solutions","county_fips":"01069","state":"AL","est_mw":0.19}},{"type":"Feature","geometry":{"type":"Point","coordinates":[-106.783829,34.830247]},"properties":{"id":"way/626785488","footprint_m2":60799,"name":"Meta","operator":"Meta","ref":"3","county_fips":"35061","state":"NM","est_mw":11.56}},{"type":"Feature","geometry":{"type":"Point","coordinates":[-119.657933,45.841414]},"properties":{"id":"way/633034071","footprint_m2":26388,"name":"Amazon Web Services","operator":"Amazon Web Services","ref":"PDX58/61","county_fips":"41049","state":"OR","est_mw":5.02}},{"type":"Feature","geometry":{"type":"Point","coordinates":[-119.653894,45.839826]},"properties":{"id":"way/633034074","footprint_m2":1852,"name":"Amazon Web Services","operator":"Amazon Web Services","county_fips":"41049","state":"OR","est_mw":0.35}},{"type":"Feature","geometry":{"type":"Point","coordinates":[-122.279862,47.158844]},"properties":{"id":"way/634635617","footprint_m2":8690,"name":"Centeris SH2 Build-to-Suit","county_fips":"53053","state":"WA","est_mw":1.65}},{"type":"Feature","geometry":{"type":"Point","coordinates":[-122.279306,47.160855]},"properties":{"id":"way/634638463","footprint_m2":10757,"name":"Centeris SH1 Colocation","county_fips":"53053","state":"WA","est_mw":2.04}},{"type":"Feature","geometry":{"type":"Point","coordinates":[-84.273025,34.057137]},"properties":{"id":"way/635022480","footprint_m2":55307,"name":"Ascent - Atlanta Data Center","operator":"Ascent","county_fips":"13121","state":"GA","est_mw":10.51}},{"type":"Feature","geometry":{"type":"Point","coordinates":[-98.803985,29.411954]},"properties":{"id":"way/639176155","footprint_m2":15773,"name":"Microsoft TRP2","operator":"Microsoft","county_fips":"48029","state":"TX","est_mw":3.0}},{"type":"Feature","geometry":{"type":"Point","coordinates":[-98.80273,29.412012]},"properties":{"id":"way/639176157","footprint_m2":16487,"name":"Microsoft TRP1","operator":"Microsoft","county_fips":"48029","state":"TX","est_mw":3.13}},{"type":"Feature","geometry":{"type":"Point","coordinates":[-119.869604,47.243696]},"properties":{"id":"way/640148472","footprint_m2":165327,"name":"CyrusOne Quincy","operator":"CyrusOne","county_fips":"53025","state":"WA","est_mw":31.43}},{"type":"Feature","geometry":{"type":"Point","coordinates":[-92.581218,40.194481]},"properties":{"id":"way/642755041","footprint_m2":788,"operator":"AT&T","county_fips":"29001","state":"MO","est_mw":0.15}},{"type":"Feature","geometry":{"type":"Point","coordinates":[-77.465643,39.017532]},"properties":{"id":"way/649319778","footprint_m2":38042,"name":"Digital Realty ACC7","operator":"Digital Realty","ref":"ACC7","county_fips":"51107","state":"VA","est_mw":7.23}},{"type":"Feature","geometry":{"type":"Point","coordinates":[-77.471981,39.01773]},"properties":{"id":"way/649365745","footprint_m2":196595,"name":"NTT Ashburn Campus","county_fips":"51107","state":"VA","est_mw":37.37}},{"type":"Feature","geometry":{"type":"Point","coordinates":[-77.470376,39.017182]},"properties":{"id":"way/649365751","footprint_m2":21546,"name":"NTT Ashburn VA3 Data Center","operator":"NTT","ref":"VA3","county_fips":"51107","state":"VA","est_mw":4.1}},{"type":"Feature","geometry":{"type":"Point","coordinates":[-77.467319,39.015466]},"properties":{"id":"way/649365764","footprint_m2":30589,"name":"Digital Realty ACC9","operator":"Digital Realty","ref":"ACC9","county_fips":"51107","state":"VA","est_mw":5.81}},{"type":"Feature","geometry":{"type":"Point","coordinates":[-96.666354,33.007052]},"properties":{"id":"way/650412346","footprint_m2":20239,"name":"Flexential Dallas - Plano","operator":"Flexential","ref":"Dallas - Plano","county_fips":"48085","state":"TX","est_mw":3.85}},{"type":"Feature","geometry":{"type":"Point","coordinates":[-81.260273,35.58706]},"properties":{"id":"way/652034566","footprint_m2":19239,"county_fips":"37035","state":"NC","est_mw":3.66}},{"type":"Feature","geometry":{"type":"Point","coordinates":[-121.283041,44.086105]},"properties":{"id":"way/653416730","footprint_m2":2797,"name":"US Signal - OR01 Bend","operator":"US Signal","county_fips":"41017","state":"OR","est_mw":0.53}},{"type":"Feature","geometry":{"type":"Point","coordinates":[-87.977858,42.863177]},"properties":{"id":"way/664938835","footprint_m2":2425,"name":"Expedient Milwaukee","county_fips":"55079","state":"WI","est_mw":0.46}},{"type":"Feature","geometry":{"type":"Point","coordinates":[-77.541725,38.779382]},"properties":{"id":"way/667573133","footprint_m2":13849,"name":"Amazon Web Services","operator":"Amazon Web Services","ref":"IAD85","county_fips":"51153","state":"VA","est_mw":2.63}},{"type":"Feature","geometry":{"type":"Point","coordinates":[-69.923151,43.895071]},"properties":{"id":"way/667796922","footprint_m2":5145,"name":"Oxford Networks","operator":"FirstLight","county_fips":"23005","state":"ME","est_mw":0.98}},{"type":"Feature","geometry":{"type":"Point","coordinates":[-82.750341,40.068408]},"properties":{"id":"way/671301768","footprint_m2":61617,"name":"NAO 1/NAO 2","operator":"Meta","county_fips":"39089","state":"OH","est_mw":11.71}},{"type":"Feature","geometry":{"type":"Point","coordinates":[-96.656368,32.981124]},"properties":{"id":"way/671637259","footprint_m2":18999,"name":"NTT","operator":"NTT","county_fips":"48113","state":"TX","est_mw":3.61}},{"type":"Feature","geometry":{"type":"Point","coordinates":[-95.443328,29.658146]},"properties":{"id":"way/671838900","footprint_m2":2368,"name":"Rice Data Center","county_fips":"48201","state":"TX","est_mw":0.45}},{"type":"Feature","geometry":{"type":"Point","coordinates":[-97.255075,32.984994]},"properties":{"id":"way/673145182","footprint_m2":40432,"name":"Facebook Fort Worth Datacenter","operator":"Meta","county_fips":"48439","state":"TX","est_mw":7.69}},{"type":"Feature","geometry":{"type":"Point","coordinates":[-83.135173,40.061152]},"properties":{"id":"way/673532692","footprint_m2":15033,"name":"Amazon Web Services","operator":"Amazon Web Services","county_fips":"39049","state":"OH","est_mw":2.86}},{"type":"Feature","geometry":{"type":"Point","coordinates":[-78.376464,36.684879]},"properties":{"id":"way/675108684","footprint_m2":1102062,"name":"Microsoft Boydton Data Center","operator":"Microsoft","county_fips":"51117","state":"VA","est_mw":209.5}},{"type":"Feature","geometry":{"type":"Point","coordinates":[-122.279845,47.159447]},"properties":{"id":"way/680666647","footprint_m2":190683,"name":"Centeris","county_fips":"53053","state":"WA","est_mw":36.25}},{"type":"Feature","geometry":{"type":"Point","coordinates":[-81.546167,35.892932]},"properties":{"id":"way/682979410","footprint_m2":212199,"name":"Google Project Cardinal","operator":"Google","county_fips":"37027","state":"NC","est_mw":40.34}},{"type":"Feature","geometry":{"type":"Point","coordinates":[-111.977304,33.452141]},"properties":{"id":"way/685011021","footprint_m2":43051,"name":"Iron Mountain AZP-2","operator":"Iron Mountain","ref":"AZP-2","county_fips":"04013","state":"AZ","est_mw":8.18}},{"type":"Feature","geometry":{"type":"Point","coordinates":[-77.238286,37.495809]},"properties":{"id":"way/688722307","footprint_m2":205312,"name":"Bank of America Data Center","county_fips":"51087","state":"VA","est_mw":39.03}},{"type":"Feature","geometry":{"type":"Point","coordinates":[-77.520952,38.948687]},"properties":{"id":"way/693381106","footprint_m2":16889,"name":"Amazon IAD68","operator":"Amazon Web Services","ref":"IAD68","county_fips":"51107","state":"VA","est_mw":3.21}},{"type":"Feature","geometry":{"type":"Point","coordinates":[-77.521831,38.948386]},"properties":{"id":"way/693381107","footprint_m2":17178,"name":"Amazon IAD81","operator":"Amazon Web Services","ref":"IAD81","county_fips":"51107","state":"VA","est_mw":3.27}},{"type":"Feature","geometry":{"type":"Point","coordinates":[-77.524369,38.943154]},"properties":{"id":"way/693385812","footprint_m2":20060,"name":"Google","operator":"Google","ref":"ARA1","county_fips":"51107","state":"VA","est_mw":3.81}},{"type":"Feature","geometry":{"type":"Point","coordinates":[-77.498061,38.957922]},"properties":{"id":"way/693390022","footprint_m2":17497,"name":"Amazon IAD120","operator":"Amazon Web Services","ref":"IAD120","county_fips":"51107","state":"VA","est_mw":3.33}},{"type":"Feature","geometry":{"type":"Point","coordinates":[-77.497787,38.956783]},"properties":{"id":"way/693390023","footprint_m2":14383,"name":"Amazon IAD121","operator":"Amazon Web Services","ref":"IAD121","county_fips":"51107","state":"VA","est_mw":2.73}},{"type":"Feature","geometry":{"type":"Point","coordinates":[-119.887573,47.237657]},"properties":{"id":"way/694493125","footprint_m2":10408,"name":"Microsoft","operator":"Microsoft","county_fips":"53025","state":"WA","est_mw":1.98}},{"type":"Feature","geometry":{"type":"Point","coordinates":[-119.883198,47.237628]},"properties":{"id":"way/694493126","footprint_m2":10777,"name":"Microsoft","operator":"Microsoft","county_fips":"53025","state":"WA","est_mw":2.05}},{"type":"Feature","geometry":{"type":"Point","coordinates":[-119.88329,47.236722]},"properties":{"id":"way/694493127","footprint_m2":14604,"name":"Microsoft","operator":"Microsoft","county_fips":"53025","state":"WA","est_mw":2.78}},{"type":"Feature","geometry":{"type":"Point","coordinates":[-119.887476,47.236737]},"properties":{"id":"way/694493128","footprint_m2":15107,"name":"Microsoft","operator":"Microsoft","county_fips":"53025","state":"WA","est_mw":2.87}},{"type":"Feature","geometry":{"type":"Point","coordinates":[-119.813721,47.253946]},"properties":{"id":"way/694602725","footprint_m2":11585,"name":"Vantage WA12","county_fips":"53025","state":"WA","est_mw":2.2}},{"type":"Feature","geometry":{"type":"Point","coordinates":[-77.471561,39.012027]},"properties":{"id":"way/696978351","footprint_m2":4514,"county_fips":"51107","state":"VA","est_mw":0.86}},{"type":"Feature","geometry":{"type":"Point","coordinates":[-77.449876,38.999459]},"properties":{"id":"way/696985482","footprint_m2":37376,"county_fips":"51107","state":"VA","est_mw":7.11}},{"type":"Feature","geometry":{"type":"Point","coordinates":[-77.548317,38.790982]},"properties":{"id":"way/696992451","footprint_m2":91885,"county_fips":"51153","state":"VA","est_mw":17.47}},{"type":"Feature","geometry":{"type":"Point","coordinates":[-77.441842,38.986279]},"properties":{"id":"way/697020849","footprint_m2":12706,"name":"Amazon IAD58","operator":"Amazon Web Services","ref":"IAD58","county_fips":"51107","state":"VA","est_mw":2.42}},{"type":"Feature","geometry":{"type":"Point","coordinates":[-77.442638,38.986997]},"properties":{"id":"way/697020850","footprint_m2":10826,"name":"Amazon IAD57","operator":"Amazon Web Services","ref":"IAD57","county_fips":"51107","state":"VA","est_mw":2.06}},{"type":"Feature","geometry":{"type":"Point","coordinates":[-77.652919,38.815132]},"properties":{"id":"way/697021948","footprint_m2":13708,"name":"Amazon IAD64","operator":"Amazon Web Services","ref":"IAD64","county_fips":"51153","state":"VA","est_mw":2.61}},{"type":"Feature","geometry":{"type":"Point","coordinates":[-77.652696,38.815816]},"properties":{"id":"way/697021949","footprint_m2":118753,"operator":"Amazon","county_fips":"51153","state":"VA","est_mw":22.57}},{"type":"Feature","geometry":{"type":"Point","coordinates":[-119.267714,45.913883]},"properties":{"id":"way/697413741","footprint_m2":25232,"name":"Amazon Web Services","operator":"Amazon Web Services","ref":"PDX57/60","county_fips":"41059","state":"OR","est_mw":4.8}},{"type":"Feature","geometry":{"type":"Point","coordinates":[-119.655449,45.841174]},"properties":{"id":"way/697415321","footprint_m2":11483,"name":"Amazon Web Services","operator":"Amazon Web Services","ref":"PDX55","county_fips":"41049","state":"OR","est_mw":2.18}},{"type":"Feature","geometry":{"type":"Point","coordinates":[-119.630036,45.853786]},"properties":{"id":"way/697415323","footprint_m2":24496,"name":"Amazon Web Services","operator":"Amazon Web Services","ref":"PDX56/59","county_fips":"41049","state":"OR","est_mw":4.66}},{"type":"Feature","geometry":{"type":"Point","coordinates":[-119.603709,45.846655]},"properties":{"id":"way/697417726","footprint_m2":19694,"name":"Amazon Web Services","operator":"Amazon Web Services","ref":"PDX62","county_fips":"41049","state":"OR","est_mw":3.74}},{"type":"Feature","geometry":{"type":"Point","coordinates":[-119.88771,47.237769]},"properties":{"id":"way/700001774","footprint_m2":778621,"name":"Microsoft MWH Data Center","operator":"Microsoft","county_fips":"53025","state":"WA","est_mw":148.01}},{"type":"Feature","geometry":{"type":"Point","coordinates":[-121.202404,45.638529]},"properties":{"id":"way/700431553","footprint_m2":102280,"name":"Google Taylor Lake Data Center","operator":"Google","county_fips":"41065","state":"OR","est_mw":19.44}},{"type":"Feature","geometry":{"type":"Point","coordinates":[-119.481782,39.511244]},"properties":{"id":"way/700963231","footprint_m2":1101330,"name":"Switch - The Citadel","county_fips":"32029","state":"NV","est_mw":209.36}},{"type":"Feature","geometry":{"type":"Point","coordinates":[-119.541659,39.568513]},"properties":{"id":"way/700974839","footprint_m2":831883,"name":"Apple Reno Data Center","operator":"Apple Inc.","county_fips":"32031","state":"NV","est_mw":158.14}},{"type":"Feature","geometry":{"type":"Point","coordinates":[-77.450171,38.999515]},"properties":{"id":"way/701923200","footprint_m2":15250,"name":"QTS Ashburn 1","operator":"Quality Technology Services","ref":"DC1","county_fips":"51107","state":"VA","est_mw":2.9}},{"type":"Feature","geometry":{"type":"Point","coordinates":[-77.466409,39.006626]},"properties":{"id":"way/701923202","footprint_m2":12497,"name":"Digital Realty Northern Virginia IAD73","operator":"Digital Realty","ref":"IAD73","county_fips":"51107","state":"VA","est_mw":2.38}},{"type":"Feature","geometry":{"type":"Point","coordinates":[-77.467623,39.007718]},"properties":{"id":"way/701923203","footprint_m2":51025,"name":"Digital Realty Northern Virginia IAD39","operator":"Digital Realty","ref":"IAD39","county_fips":"51107","state":"VA","est_mw":9.7}},{"type":"Feature","geometry":{"type":"Point","coordinates":[-77.465536,39.012707]},"properties":{"id":"way/701923204","footprint_m2":26853,"name":"Digital Realty ACC10","operator":"Digital Realty","ref":"ACC10","county_fips":"51107","state":"VA","est_mw":5.1}},{"type":"Feature","geometry":{"type":"Point","coordinates":[-77.43982,39.000655]},"properties":{"id":"way/701924664","footprint_m2":20868,"name":"Sentinel Ashburn Nexus Data Center","operator":"GI Partners","county_fips":"51107","state":"VA","est_mw":3.97}},{"type":"Feature","geometry":{"type":"Point","coordinates":[-77.437661,39.002395]},"properties":{"id":"way/701924665","footprint_m2":11852,"name":"Vantage VA11","operator":"Vantage Data Centers","ref":"VA11","county_fips":"51107","state":"VA","est_mw":2.25}},{"type":"Feature","geometry":{"type":"Point","coordinates":[-77.411652,38.988603]},"properties":{"id":"way/701924667","footprint_m2":13726,"name":"Amazon IAD90","operator":"Amazon Web Services","ref":"IAD90","county_fips":"51107","state":"VA","est_mw":2.61}},{"type":"Feature","geometry":{"type":"Point","coordinates":[-77.411119,38.987847]},"properties":{"id":"way/701924668","footprint_m2":13888,"name":"Amazon IAD91","operator":"Amazon Web Services","ref":"IAD91","county_fips":"51107","state":"VA","est_mw":2.64}},{"type":"Feature","geometry":{"type":"Point","coordinates":[-77.410475,38.986943]},"properties":{"id":"way/701924669","footprint_m2":13922,"name":"Amazon IAD92","operator":"Amazon Web Services","ref":"IAD92","county_fips":"51107","state":"VA","est_mw":2.65}},{"type":"Feature","geometry":{"type":"Point","coordinates":[-77.427422,38.981643]},"properties":{"id":"way/701929066","footprint_m2":13971,"name":"Amazon IAD144","operator":"Amazon Web Services","ref":"IAD144","county_fips":"51107","state":"VA","est_mw":2.66}},{"type":"Feature","geometry":{"type":"Point","coordinates":[-77.41322,39.021167]},"properties":{"id":"way/701930919","footprint_m2":14308,"name":"CyrusOne NVA8","operator":"CyrusOne","ref":"NVA8","county_fips":"51107","state":"VA","est_mw":2.72}},{"type":"Feature","geometry":{"type":"Point","coordinates":[-77.433886,39.020225]},"properties":{"id":"way/701930920","footprint_m2":14012,"name":"Amazon IAD98","operator":"Amazon Web Services","ref":"IAD98","county_fips":"51107","state":"VA","est_mw":2.66}},{"type":"Feature","geometry":{"type":"Point","coordinates":[-77.43403,39.019169]},"properties":{"id":"way/701930921","footprint_m2":14010,"name":"Amazon IAD99","operator":"Amazon Web Services","ref":"IAD99","county_fips":"51107","state":"VA","est_mw":2.66}},{"type":"Feature","geometry":{"type":"Point","coordinates":[-77.450699,39.035494]},"properties":{"id":"way/701930929","footprint_m2":13750,"name":"Amazon IAD114","operator":"Amazon Web Services","ref":"IAD114","county_fips":"51107","state":"VA","est_mw":2.61}},{"type":"Feature","geometry":{"type":"Point","coordinates":[-77.449795,39.036294]},"properties":{"id":"way/701930930","footprint_m2":13595,"name":"Amazon IAD115","operator":"Amazon Web Services","ref":"IAD115","county_fips":"51107","state":"VA","est_mw":2.58}},{"type":"Feature","geometry":{"type":"Point","coordinates":[-77.494366,38.917011]},"properties":{"id":"way/701931819","footprint_m2":14062,"name":"Amazon IAD65","operator":"Amazon Web Services","ref":"IAD65","county_fips":"51107","state":"VA","est_mw":2.67}},{"type":"Feature","geometry":{"type":"Point","coordinates":[-77.477251,38.916076]},"properties":{"id":"way/701931820","footprint_m2":19844,"name":"Amazon IAD150","operator":"Amazon Web Services","ref":"IAD150","county_fips":"51107","state":"VA","est_mw":3.77}},{"type":"Feature","geometry":{"type":"Point","coordinates":[-106.542175,35.048349]},"properties":{"id":"way/706081342","footprint_m2":3996,"ref":"725","county_fips":"35001","state":"NM","est_mw":0.76}},{"type":"Feature","geometry":{"type":"Point","coordinates":[-77.5394,39.051432]},"properties":{"id":"way/706726088","footprint_m2":120008,"name":"Stonewall Creek Business Park","operator":"Google","county_fips":"51107","state":"VA","est_mw":22.81}},{"type":"Feature","geometry":{"type":"Point","coordinates":[-120.870216,44.287277]},"properties":{"id":"way/706759844","footprint_m2":32020,"name":"Apple","operator":"Apple Inc.","county_fips":"41013","state":"OR","est_mw":6.09}},{"type":"Feature","geometry":{"type":"Point","coordinates":[-120.881519,44.293683]},"properties":{"id":"way/706759845","footprint_m2":30507,"name":"Meta","operator":"Meta","county_fips":"41013","state":"OR","est_mw":5.8}},{"type":"Feature","geometry":{"type":"Point","coordinates":[-119.366616,45.797809]},"properties":{"id":"way/706776322","footprint_m2":20040,"name":"Amazon Web Services","operator":"Amazon Web Services","ref":"PDX80","county_fips":"41059","state":"OR","est_mw":3.81}},{"type":"Feature","geometry":{"type":"Point","coordinates":[-77.236442,37.48277]},"properties":{"id":"way/708155012","footprint_m2":431841,"county_fips":"51087","state":"VA","est_mw":82.09}},{"type":"Feature","geometry":{"type":"Point","coordinates":[-77.246892,37.487576]},"properties":{"id":"way/708155014","footprint_m2":538156,"name":"QTS Richmond 1 Data Center","operator":"Quality Technology Services","county_fips":"51087","state":"VA","est_mw":102.3}},{"type":"Feature","geometry":{"type":"Point","coordinates":[-82.750244,40.06461]},"properties":{"id":"way/708899010","footprint_m2":924772,"name":"Meta New Albany Data Center","operator":"Meta","county_fips":"39089","state":"OH","est_mw":175.8}},{"type":"Feature","geometry":{"type":"Point","coordinates":[-77.478273,39.015417]},"properties":{"id":"way/708916484","footprint_m2":13414,"name":"Sabey Data Centers Ashburn - Building C","operator":"Sabey Data Centers","county_fips":"51107","state":"VA","est_mw":2.55}},{"type":"Feature","geometry":{"type":"Point","coordinates":[-87.260011,36.628576]},"properties":{"id":"way/708931343","footprint_m2":2472353,"name":"Google Montgomery Data Center","operator":"Google LLC","county_fips":"47125","state":"TN","est_mw":469.99}},{"type":"Feature","geometry":{"type":"Point","coordinates":[-77.539577,39.052641]},"properties":{"id":"way/710070925","footprint_m2":13065,"name":"Google Data Center","operator":"Google","county_fips":"51107","state":"VA","est_mw":2.48}},{"type":"Feature","geometry":{"type":"Point","coordinates":[-104.897032,41.1287]},"properties":{"id":"way/711811006","footprint_m2":53118,"operator":"University Corporation for Atmospheric Research","county_fips":"56021","state":"WY","est_mw":10.1}},{"type":"Feature","geometry":{"type":"Point","coordinates":[-84.581213,33.744233]},"properties":{"id":"way/713410334","footprint_m2":23057,"name":"Centersquare Atlanta ATL1","operator":"Centersquare","ref":"ATL1","county_fips":"13097","state":"GA","est_mw":4.38}},{"type":"Feature","geometry":{"type":"Point","coordinates":[-97.700676,30.207132]},"properties":{"id":"way/713411278","footprint_m2":46609,"county_fips":"48453","state":"TX","est_mw":8.86}},{"type":"Feature","geometry":{"type":"Point","coordinates":[-97.697937,30.205948]},"properties":{"id":"way/713411279","footprint_m2":23050,"county_fips":"48453","state":"TX","est_mw":4.38}},{"type":"Feature","geometry":{"type":"Point","coordinates":[-87.964904,41.994396]},"properties":{"id":"way/713428715","footprint_m2":32351,"name":"Digital Realty CH3","operator":"Digital Realty","ref":"CH3","county_fips":"17031","state":"IL","est_mw":6.15}},{"type":"Feature","geometry":{"type":"Point","coordinates":[-87.957736,41.994464]},"properties":{"id":"way/713433204","footprint_m2":28147,"name":"Digital Realty CH2","operator":"Digital Realty","ref":"CH2","county_fips":"17031","state":"IL","est_mw":5.35}},{"type":"Feature","geometry":{"type":"Point","coordinates":[-111.904791,40.479794]},"properties":{"id":"way/714070441","footprint_m2":6658,"name":"DataBank SLC2","operator":"DataBank","ref":"SLC2","county_fips":"49035","state":"UT","est_mw":1.27}},{"type":"Feature","geometry":{"type":"Point","coordinates":[-111.904983,40.481303]},"properties":{"id":"way/714072077","footprint_m2":2764,"name":"DataBank SLC4","operator":"DataBank","ref":"SLC4","county_fips":"49035","state":"UT","est_mw":0.53}},{"type":"Feature","geometry":{"type":"Point","coordinates":[-96.81546,33.087022]},"properties":{"id":"way/714120969","footprint_m2":61810,"name":"DataBank Plano Data Center","operator":"DataBank","ref":"DFW3","county_fips":"48085","state":"TX","est_mw":11.75}},{"type":"Feature","geometry":{"type":"Point","coordinates":[-74.068677,40.775068]},"properties":{"id":"way/714139864","footprint_m2":49713,"name":"Equinix","operator":"Equinix","county_fips":"34017","state":"NJ","est_mw":9.45}},{"type":"Feature","geometry":{"type":"Point","coordinates":[-74.0727,40.777519]},"properties":{"id":"way/714139865","footprint_m2":6590,"name":"Equinix Secaucus NY6","operator":"Equinix","county_fips":"34017","state":"NJ","est_mw":1.25}},{"type":"Feature","geometry":{"type":"Point","coordinates":[-74.065274,40.78431]},"properties":{"id":"way/714139868","footprint_m2":38954,"name":"CoreSite Secaucus Campus","operator":"CoreSite","county_fips":"34017","state":"NJ","est_mw":7.41}},{"type":"Feature","geometry":{"type":"Point","coordinates":[-77.52625,38.942771]},"properties":{"id":"way/714622339","footprint_m2":199105,"name":"Google Data Center","operator":"Google","county_fips":"51107","state":"VA","est_mw":37.85}},{"type":"Feature","geometry":{"type":"Point","coordinates":[-77.521599,38.948332]},"properties":{"id":"way/714622340","footprint_m2":153751,"name":"Amazon Fadeley III","county_fips":"51107","state":"VA","est_mw":29.23}},{"type":"Feature","geometry":{"type":"Point","coordinates":[-95.75545,29.802868]},"properties":{"id":"way/714776107","footprint_m2":32009,"name":"Skybox Houston One","operator":"Skybox","county_fips":"48201","state":"TX","est_mw":6.08}},{"type":"Feature","geometry":{"type":"Point","coordinates":[-85.748261,34.914334]},"properties":{"id":"way/714889192","footprint_m2":704405,"name":"Google Jackson County Data Center","operator":"Google LLC","county_fips":"01071","state":"AL","est_mw":133.91}},{"type":"Feature","geometry":{"type":"Point","coordinates":[-96.143721,41.121754]},"properties":{"id":"way/714941629","footprint_m2":550202,"name":"Sarpy Meta Data Center","operator":"Meta","county_fips":"31153","state":"NE","est_mw":104.59}},{"type":"Feature","geometry":{"type":"Point","coordinates":[-74.519393,40.579894]},"properties":{"id":"way/714943309","footprint_m2":7900,"name":"PSE&G Delivery Emergency Response Center","operator":"PSE&G","county_fips":"34035","state":"NJ","est_mw":1.5}},{"type":"Feature","geometry":{"type":"Point","coordinates":[-81.395009,35.25045]},"properties":{"id":"way/715098032","footprint_m2":35302,"name":"T5 Charlotte Campus","county_fips":"37045","state":"NC","est_mw":6.71}},{"type":"Feature","geometry":{"type":"Point","coordinates":[-92.522121,44.070816]},"properties":{"id":"way/718465287","footprint_m2":4489,"name":"Epic / Mayo Data Center","county_fips":"27109","state":"MN","est_mw":0.85}},{"type":"Feature","geometry":{"type":"Point","coordinates":[-112.379096,33.442204]},"properties":{"id":"way/723116259","footprint_m2":794157,"name":"Compass Datacenters Goodyear Campus","county_fips":"04013","state":"AZ","est_mw":150.97}},{"type":"Feature","geometry":{"type":"Point","coordinates":[-82.800748,40.106354]},"properties":{"id":"way/723117951","footprint_m2":52331,"name":"STACK New Albany","ref":"NAL01","county_fips":"39049","state":"OH","est_mw":9.95}},{"type":"Feature","geometry":{"type":"Point","coordinates":[-96.402855,33.971721]},"properties":{"id":"way/726150321","footprint_m2":1254,"name":"Choctaw Nation of Oklahoma Data Center","operator":"Choctaw Nation of oklahoma","county_fips":"40013","state":"OK","est_mw":0.24}},{"type":"Feature","geometry":{"type":"Point","coordinates":[-122.92783,45.558767]},"properties":{"id":"way/729192992","footprint_m2":14665,"name":"QTS Data Center - Hillsboro 1","operator":"Quality Technology Services","county_fips":"41067","state":"OR","est_mw":2.79}},{"type":"Feature","geometry":{"type":"Point","coordinates":[-74.243508,40.584344]},"properties":{"id":"way/729376485","footprint_m2":14786,"county_fips":"34023","state":"NJ","est_mw":2.81}},{"type":"Feature","geometry":{"type":"Point","coordinates":[-111.954838,40.756307]},"properties":{"id":"way/729696933","footprint_m2":5887,"name":"Flexential Salt Lake City - Downtown","operator":"Flexential","county_fips":"49035","state":"UT","est_mw":1.12}},{"type":"Feature","geometry":{"type":"Point","coordinates":[-123.001861,44.926549]},"properties":{"id":"way/733721782","footprint_m2":4323,"name":"Oregon State Data Center","operator":"State of Oregon","county_fips":"41047","state":"OR","est_mw":0.82}},{"type":"Feature","geometry":{"type":"Point","coordinates":[-122.916853,45.567993]},"properties":{"id":"way/734323663","footprint_m2":26297,"name":"Digital Realty PDX11 Data Center","operator":"Digital Realty","county_fips":"41067","state":"OR","est_mw":5.0}},{"type":"Feature","geometry":{"type":"Point","coordinates":[-80.193297,26.190086]},"properties":{"id":"way/741629998","footprint_m2":6836,"name":"Flexential Fort Lauderdale","operator":"Flexential","county_fips":"12011","state":"FL","est_mw":1.3}},{"type":"Feature","geometry":{"type":"Point","coordinates":[-95.486526,30.177783]},"properties":{"id":"way/744177375","footprint_m2":11717,"county_fips":"48339","state":"TX","est_mw":2.23}},{"type":"Feature","geometry":{"type":"Point","coordinates":[-77.424625,38.982552]},"properties":{"id":"way/744491691","footprint_m2":9631,"name":"Amazon IAD145","operator":"Amazon Web Services","ref":"IAD145","county_fips":"51107","state":"VA","est_mw":1.83}},{"type":"Feature","geometry":{"type":"Point","coordinates":[-77.419095,39.023698]},"properties":{"id":"way/744496741","footprint_m2":9518,"name":"Amazon Web Services IAD117","operator":"Amazon Web Services","ref":"IAD117","county_fips":"51107","state":"VA","est_mw":1.81}},{"type":"Feature","geometry":{"type":"Point","coordinates":[-77.420439,39.024346]},"properties":{"id":"way/744496750","footprint_m2":9535,"name":"Amazon Web Services IAD116","operator":"Amazon Web Services","ref":"IAD116","county_fips":"51107","state":"VA","est_mw":1.81}},{"type":"Feature","geometry":{"type":"Point","coordinates":[-115.101261,36.248165]},"properties":{"id":"way/746278786","footprint_m2":10287,"name":"Flexential Las Vegas - North","operator":"Flexential","county_fips":"32003","state":"NV","est_mw":1.96}},{"type":"Feature","geometry":{"type":"Point","coordinates":[-98.524731,33.953378]},"properties":{"id":"way/747985149","footprint_m2":3635,"county_fips":"48485","state":"TX","est_mw":0.69}},{"type":"Feature","geometry":{"type":"Point","coordinates":[-121.32855,44.047407]},"properties":{"id":"way/752001022","footprint_m2":1045,"name":"Fort Rock DC","operator":"Fort Rock Data Center","county_fips":"41017","state":"OR","est_mw":0.2}},{"type":"Feature","geometry":{"type":"Point","coordinates":[-83.779602,42.968713]},"properties":{"id":"way/755540694","footprint_m2":3422,"county_fips":"26049","state":"MI","est_mw":0.65}},{"type":"Feature","geometry":{"type":"Point","coordinates":[-74.709623,40.599345]},"properties":{"id":"way/756382879","footprint_m2":1816,"county_fips":"34035","state":"NJ","est_mw":0.35}},{"type":"Feature","geometry":{"type":"Point","coordinates":[-74.710112,40.599719]},"properties":{"id":"way/756382880","footprint_m2":5066,"county_fips":"34035","state":"NJ","est_mw":0.96}},{"type":"Feature","geometry":{"type":"Point","coordinates":[-106.780347,34.83004]},"properties":{"id":"way/756778306","footprint_m2":50515,"name":"Meta","operator":"Meta","ref":"2","county_fips":"35061","state":"NM","est_mw":9.6}},{"type":"Feature","geometry":{"type":"Point","coordinates":[-78.783986,35.766751]},"properties":{"id":"way/758278314","footprint_m2":756,"name":"iGLASS Networks","county_fips":"37183","state":"NC","est_mw":0.14}},{"type":"Feature","geometry":{"type":"Point","coordinates":[-88.73398,42.833654]},"properties":{"id":"way/758306877","footprint_m2":836,"name":"Central Office","operator":"AT&T","county_fips":"55127","state":"WI","est_mw":0.16}},{"type":"Feature","geometry":{"type":"Point","coordinates":[-113.292672,46.332132]},"properties":{"id":"way/758426349","footprint_m2":140,"county_fips":"30039","state":"MT","est_mw":0.03}},{"type":"Feature","geometry":{"type":"Point","coordinates":[-74.682816,40.528072]},"properties":{"id":"way/758580536","footprint_m2":738,"name":"Vital Records","county_fips":"34035","state":"NJ","est_mw":0.14}},{"type":"Feature","geometry":{"type":"Point","coordinates":[-74.705596,40.555692]},"properties":{"id":"way/761185667","footprint_m2":14557,"name":"Verizon Wireless NE Headquarters","county_fips":"34035","state":"NJ","est_mw":2.77}},{"type":"Feature","geometry":{"type":"Point","coordinates":[-77.237311,37.483928]},"properties":{"id":"way/762116506","footprint_m2":54645,"name":"Meta Henrico Data Center","operator":"Meta","county_fips":"51087","state":"VA","est_mw":10.39}},{"type":"Feature","geometry":{"type":"Point","coordinates":[-77.226733,37.478127]},"properties":{"id":"way/762116507","footprint_m2":231439,"county_fips":"51087","state":"VA","est_mw":44.0}},{"type":"Feature","geometry":{"type":"Point","coordinates":[-88.344876,44.204455]},"properties":{"id":"way/766768556","footprint_m2":5591,"operator":"Involta","county_fips":"55015","state":"WI","est_mw":1.06}},{"type":"Feature","geometry":{"type":"Point","coordinates":[-112.366023,33.413188]},"properties":{"id":"way/769205607","footprint_m2":1074798,"name":"Microsoft Goodyear Airpark Campus","county_fips":"04013","state":"AZ","est_mw":204.32}},{"type":"Feature","geometry":{"type":"Point","coordinates":[-120.879435,44.299095]},"properties":{"id":"way/772827597","footprint_m2":58544,"name":"Meta","operator":"Meta","county_fips":"41013","state":"OR","est_mw":11.13}},{"type":"Feature","geometry":{"type":"Point","coordinates":[-120.889884,44.301255]},"properties":{"id":"way/772827601","footprint_m2":57877,"name":"Meta","operator":"Meta","county_fips":"41013","state":"OR","est_mw":11.0}},{"type":"Feature","geometry":{"type":"Point","coordinates":[-83.444141,42.235327]},"properties":{"id":"way/773848531","footprint_m2":2285,"operator":"US Signal","county_fips":"26163","state":"MI","est_mw":0.43}},{"type":"Feature","geometry":{"type":"Point","coordinates":[-119.542363,39.567714]},"properties":{"id":"way/775412066","footprint_m2":8346,"county_fips":"32031","state":"NV","est_mw":1.59}},{"type":"Feature","geometry":{"type":"Point","coordinates":[-119.543209,39.567501]},"properties":{"id":"way/775412067","footprint_m2":8322,"county_fips":"32031","state":"NV","est_mw":1.58}},{"type":"Feature","geometry":{"type":"Point","coordinates":[-119.544388,39.56716]},"properties":{"id":"way/775412068","footprint_m2":8231,"county_fips":"32031","state":"NV","est_mw":1.56}},{"type":"Feature","geometry":{"type":"Point","coordinates":[-119.545227,39.566921]},"properties":{"id":"way/775412069","footprint_m2":8560,"county_fips":"32031","state":"NV","est_mw":1.63}},{"type":"Feature","geometry":{"type":"Point","coordinates":[-119.547974,39.565758]},"properties":{"id":"way/775412072","footprint_m2":8427,"county_fips":"32031","state":"NV","est_mw":1.6}},{"type":"Feature","geometry":{"type":"Point","coordinates":[-119.54769,39.565106]},"properties":{"id":"way/775412073","footprint_m2":8276,"county_fips":"32031","state":"NV","est_mw":1.57}},{"type":"Feature","geometry":{"type":"Point","coordinates":[-86.784094,36.215697]},"properties":{"id":"way/776316726","footprint_m2":53891,"name":"Tennessee Processing Center LLC","county_fips":"47037","state":"TN","est_mw":10.24}},{"type":"Feature","geometry":{"type":"Point","coordinates":[-75.654313,40.544236]},"properties":{"id":"way/777196805","footprint_m2":13575,"name":"Allentown-TekPark","county_fips":"42077","state":"PA","est_mw":2.58}},{"type":"Feature","geometry":{"type":"Point","coordinates":[-106.776471,34.830283]},"properties":{"id":"way/777679751","footprint_m2":60816,"name":"Meta","operator":"Meta","ref":"1","county_fips":"35061","state":"NM","est_mw":11.56}},{"type":"Feature","geometry":{"type":"Point","coordinates":[-104.833588,39.559072]},"properties":{"id":"way/778989332","footprint_m2":2614,"county_fips":"08035","state":"CO","est_mw":0.5}},{"type":"Feature","geometry":{"type":"Point","coordinates":[-122.06721,38.246259]},"properties":{"id":"way/780063735","footprint_m2":5135,"name":"PG&E Datacenter","county_fips":"06095","state":"CA","est_mw":0.98}},{"type":"Feature","geometry":{"type":"Point","coordinates":[-111.882532,33.267576]},"properties":{"id":"way/781370600","footprint_m2":9138,"name":"CyrusOne PHX6","operator":"CyrusOne","ref":"PHX6","county_fips":"04013","state":"AZ","est_mw":1.74}},{"type":"Feature","geometry":{"type":"Point","coordinates":[-93.516399,41.667737]},"properties":{"id":"way/788027103","footprint_m2":56388,"name":"Facebook Altoona Data Center 4","operator":"Meta","county_fips":"19153","state":"IA","est_mw":10.72}},{"type":"Feature","geometry":{"type":"Point","coordinates":[-77.458221,39.008677]},"properties":{"id":"way/793087858","footprint_m2":36881,"name":"Digital Realty IAD41 (Building P)","operator":"Digital Realty","ref":"IAD41","county_fips":"51107","state":"VA","est_mw":7.01}},{"type":"Feature","geometry":{"type":"Point","coordinates":[-77.438839,39.018507]},"properties":{"id":"way/793087859","footprint_m2":9813,"name":"Amazon IAD118","operator":"Amazon Web Services","ref":"IAD118","county_fips":"51107","state":"VA","est_mw":1.87}},{"type":"Feature","geometry":{"type":"Point","coordinates":[-77.470578,39.01362]},"properties":{"id":"way/793622740","footprint_m2":13020,"name":"Aligned Ashburn IAD-01","operator":"Aligned","ref":"IAD-01","county_fips":"51107","state":"VA","est_mw":2.47}},{"type":"Feature","geometry":{"type":"Point","coordinates":[-77.450256,39.0225]},"properties":{"id":"way/793888408","footprint_m2":7122,"name":"Equinix Ashburn DC15","operator":"Equinix","ref":"DC15","county_fips":"51107","state":"VA","est_mw":1.35}},{"type":"Feature","geometry":{"type":"Point","coordinates":[-77.479988,39.014498]},"properties":{"id":"way/793888427","footprint_m2":12260,"name":"Sabey Data Centers Ashburn - Building B","operator":"Sabey Data Centers","county_fips":"51107","state":"VA","est_mw":2.33}},{"type":"Feature","geometry":{"type":"Point","coordinates":[-77.472614,39.018296]},"properties":{"id":"way/793888429","footprint_m2":11524,"name":"NTT Ashburn VA5 Data Center","operator":"NTT","ref":"VA5","county_fips":"51107","state":"VA","est_mw":2.19}},{"type":"Feature","geometry":{"type":"Point","coordinates":[-77.472595,39.019869]},"properties":{"id":"way/793888430","footprint_m2":14891,"name":"NTT Ashburn VA4 Data Center","operator":"NTT","ref":"VA4","county_fips":"51107","state":"VA","est_mw":2.83}},{"type":"Feature","geometry":{"type":"Point","coordinates":[-77.462785,39.010157]},"properties":{"id":"way/794147654","footprint_m2":46377,"name":"CloudHQ LC1","operator":"CloudHQ","ref":"LC1","county_fips":"51107","state":"VA","est_mw":8.82}},{"type":"Feature","geometry":{"type":"Point","coordinates":[-77.462457,39.011764]},"properties":{"id":"way/794147655","footprint_m2":23483,"name":"CloudHQ LC2","operator":"CloudHQ","ref":"LC2","county_fips":"51107","state":"VA","est_mw":4.46}},{"type":"Feature","geometry":{"type":"Point","coordinates":[-77.435598,38.996725]},"properties":{"id":"way/794147657","footprint_m2":9576,"name":"Amazon IAD146","operator":"Amazon Web Services","ref":"IAD146","county_fips":"51107","state":"VA","est_mw":1.82}},{"type":"Feature","geometry":{"type":"Point","coordinates":[-112.36483,33.407946]},"properties":{"id":"way/795384117","footprint_m2":22871,"name":"PHX-10","operator":"Microsoft","ref":"PHX-10","county_fips":"04013","state":"AZ","est_mw":4.35}},{"type":"Feature","geometry":{"type":"Point","coordinates":[-96.133644,41.121947]},"properties":{"id":"way/795853621","footprint_m2":579980,"name":"Sarpy Meta Data Center","operator":"Meta","county_fips":"31153","state":"NE","est_mw":110.25}},{"type":"Feature","geometry":{"type":"Point","coordinates":[-77.454558,39.011823]},"properties":{"id":"way/796933516","footprint_m2":7336,"name":"Equinix Ashburn DC21","operator":"Equinix","ref":"DC21","county_fips":"51107","state":"VA","est_mw":1.39}},{"type":"Feature","geometry":{"type":"Point","coordinates":[-77.333675,37.355605]},"properties":{"id":"way/800436891","footprint_m2":261050,"name":"PowerHouse CTP-03","county_fips":"51041","state":"VA","est_mw":49.63}},{"type":"Feature","geometry":{"type":"Point","coordinates":[-73.897901,40.95127]},"properties":{"id":"way/802054282","footprint_m2":1247,"county_fips":"36119","state":"NY","est_mw":0.24}},{"type":"Feature","geometry":{"type":"Point","coordinates":[-82.749092,40.065897]},"properties":{"id":"way/802160675","footprint_m2":33995,"name":"NAO 3","operator":"Meta","county_fips":"39089","state":"OH","est_mw":6.46}},{"type":"Feature","geometry":{"type":"Point","coordinates":[-119.895156,47.237098]},"properties":{"id":"way/807374322","footprint_m2":20146,"county_fips":"53025","state":"WA","est_mw":3.83}},{"type":"Feature","geometry":{"type":"Point","coordinates":[-111.619553,33.344131]},"properties":{"id":"way/808979618","footprint_m2":10489,"name":"EdgeCore","county_fips":"04013","state":"AZ","est_mw":1.99}},{"type":"Feature","geometry":{"type":"Point","coordinates":[-83.198214,42.213902]},"properties":{"id":"way/812630939","footprint_m2":89,"name":"Comcast","operator":"Comcast","county_fips":"26163","state":"MI","est_mw":0.02}},{"type":"Feature","geometry":{"type":"Point","coordinates":[-112.438859,33.489555]},"properties":{"id":"way/813365101","footprint_m2":732674,"name":"Microsoft Goodyear Campus","county_fips":"04013","state":"AZ","est_mw":139.28}},{"type":"Feature","geometry":{"type":"Point","coordinates":[-104.786381,38.988888]},"properties":{"id":"way/813532303","footprint_m2":4432,"name":"SAP COS02","operator":"SAP","ref":"COS02","county_fips":"08041","state":"CO","est_mw":0.84}},{"type":"Feature","geometry":{"type":"Point","coordinates":[-120.213965,47.407243]},"properties":{"id":"way/813688319","footprint_m2":9477,"county_fips":"53017","state":"WA","est_mw":1.8}},{"type":"Feature","geometry":{"type":"Point","coordinates":[-120.214134,47.407417]},"properties":{"id":"way/813688320","footprint_m2":33679,"name":"Actapio","operator":"Actapio","county_fips":"53017","state":"WA","est_mw":6.4}},{"type":"Feature","geometry":{"type":"Point","coordinates":[-120.217462,47.392149]},"properties":{"id":"way/814061068","footprint_m2":1296,"county_fips":"53017","state":"WA","est_mw":0.25}},{"type":"Feature","geometry":{"type":"Point","coordinates":[-120.217877,47.391794]},"properties":{"id":"way/814061069","footprint_m2":372,"county_fips":"53017","state":"WA","est_mw":0.07}},{"type":"Feature","geometry":{"type":"Point","coordinates":[-120.217514,47.391757]},"properties":{"id":"way/814061070","footprint_m2":372,"county_fips":"53017","state":"WA","est_mw":0.07}},{"type":"Feature","geometry":{"type":"Point","coordinates":[-120.216901,47.391759]},"properties":{"id":"way/814061071","footprint_m2":716,"county_fips":"53017","state":"WA","est_mw":0.14}},{"type":"Feature","geometry":{"type":"Point","coordinates":[-97.25546,32.988296]},"properties":{"id":"way/815057182","footprint_m2":69974,"name":"Facebook Fort Worth Datacenter","operator":"Meta","county_fips":"48439","state":"TX","est_mw":13.3}},{"type":"Feature","geometry":{"type":"Point","coordinates":[-97.246155,33.004502]},"properties":{"id":"way/815078625","footprint_m2":7403,"name":"Charles Schwab Data Center","county_fips":"48121","state":"TX","est_mw":1.41}},{"type":"Feature","geometry":{"type":"Point","coordinates":[-77.41755,38.981455]},"properties":{"id":"way/817338831","footprint_m2":19983,"name":"Amazon IAD140","operator":"Amazon Web Services","ref":"IAD140","county_fips":"51107","state":"VA","est_mw":3.8}},{"type":"Feature","geometry":{"type":"Point","coordinates":[-77.416786,38.982388]},"properties":{"id":"way/817338832","footprint_m2":20146,"name":"Amazon IAD141","operator":"Amazon Web Services","ref":"IAD141","county_fips":"51107","state":"VA","est_mw":3.83}},{"type":"Feature","geometry":{"type":"Point","coordinates":[-95.937849,41.257291]},"properties":{"id":"way/818167571","footprint_m2":3316,"name":"1623 Farnam","operator":"News-Press & Gazette Company","county_fips":"31055","state":"NE","est_mw":0.63}},{"type":"Feature","geometry":{"type":"Point","coordinates":[-74.140219,40.83345]},"properties":{"id":"way/818790301","footprint_m2":13032,"name":"Credit Suisse: Clifton Data Center","county_fips":"34031","state":"NJ","est_mw":2.48}},{"type":"Feature","geometry":{"type":"Point","coordinates":[-86.637798,36.032681]},"properties":{"id":"way/819981888","footprint_m2":8670,"county_fips":"47037","state":"TN","est_mw":1.65}},{"type":"Feature","geometry":{"type":"Point","coordinates":[-86.637596,36.032601]},"properties":{"id":"way/819981891","footprint_m2":50681,"name":"HCA Information Technology & Services Data Center","county_fips":"47037","state":"TN","est_mw":9.63}},{"type":"Feature","geometry":{"type":"Point","coordinates":[-86.855687,35.92451]},"properties":{"id":"way/819981908","footprint_m2":26546,"name":"TierPoint","county_fips":"47187","state":"TN","est_mw":5.05}},{"type":"Feature","geometry":{"type":"Point","coordinates":[-83.199699,40.102573]},"properties":{"id":"way/821081357","footprint_m2":14094,"name":"Amazon Web Services","operator":"Amazon Web Services","county_fips":"39049","state":"OH","est_mw":2.68}},{"type":"Feature","geometry":{"type":"Point","coordinates":[-83.199764,40.103587]},"properties":{"id":"way/821081358","footprint_m2":14783,"name":"Amazon Web Services","operator":"Amazon Web Services","county_fips":"39049","state":"OH","est_mw":2.81}},{"type":"Feature","geometry":{"type":"Point","coordinates":[-86.808121,35.972582]},"properties":{"id":"way/826001604","footprint_m2":88830,"name":"Flexential Brentwood Data Center","county_fips":"47187","state":"TN","est_mw":16.89}},{"type":"Feature","geometry":{"type":"Point","coordinates":[-86.791532,36.023219]},"properties":{"id":"way/826001605","footprint_m2":170437,"county_fips":"47187","state":"TN","est_mw":32.4}},{"type":"Feature","geometry":{"type":"Point","coordinates":[-111.621964,33.344298]},"properties":{"id":"way/827888890","footprint_m2":148878,"name":"EdgeCore Digital","county_fips":"04013","state":"AZ","est_mw":28.3}},{"type":"Feature","geometry":{"type":"Point","coordinates":[-77.652499,38.816103]},"properties":{"id":"way/828135845","footprint_m2":14186,"name":"Amazon IAD84","operator":"Amazon Web Services","ref":"IAD84","county_fips":"51153","state":"VA","est_mw":2.7}},{"type":"Feature","geometry":{"type":"Point","coordinates":[-111.840974,33.342616]},"properties":{"id":"way/828228235","footprint_m2":1914,"name":"StrongMind","county_fips":"04013","state":"AZ","est_mw":0.36}},{"type":"Feature","geometry":{"type":"Point","coordinates":[-81.849274,34.923364]},"properties":{"id":"way/828902103","footprint_m2":353183,"name":"NorthMark Strategies Data Center","county_fips":"45083","state":"SC","est_mw":67.14}},{"type":"Feature","geometry":{"type":"Point","coordinates":[-78.328127,35.839325]},"properties":{"id":"way/830138727","footprint_m2":13286,"name":"BB&T Data Center","county_fips":"37183","state":"NC","est_mw":2.53}},{"type":"Feature","geometry":{"type":"Point","coordinates":[-93.702542,41.516741]},"properties":{"id":"way/830881731","footprint_m2":14303,"name":"Microsoft","operator":"Microsoft","county_fips":"19153","state":"IA","est_mw":2.72}},{"type":"Feature","geometry":{"type":"Point","coordinates":[-93.702513,41.515843]},"properties":{"id":"way/830881732","footprint_m2":13856,"name":"Microsoft","operator":"Microsoft","county_fips":"19153","state":"IA","est_mw":2.63}},{"type":"Feature","geometry":{"type":"Point","coordinates":[-93.706301,41.515818]},"properties":{"id":"way/830881733","footprint_m2":13418,"name":"Microsoft","operator":"Microsoft","county_fips":"19153","state":"IA","est_mw":2.55}},{"type":"Feature","geometry":{"type":"Point","coordinates":[-93.706351,41.516712]},"properties":{"id":"way/830881734","footprint_m2":13609,"name":"Microsoft","operator":"Microsoft","county_fips":"19153","state":"IA","est_mw":2.59}},{"type":"Feature","geometry":{"type":"Point","coordinates":[-93.706331,41.518502]},"properties":{"id":"way/830881742","footprint_m2":13484,"name":"Microsoft","operator":"Microsoft","county_fips":"19153","state":"IA","est_mw":2.56}},{"type":"Feature","geometry":{"type":"Point","coordinates":[-93.706312,41.517607]},"properties":{"id":"way/830881743","footprint_m2":13299,"name":"Microsoft","operator":"Microsoft","county_fips":"19153","state":"IA","est_mw":2.53}},{"type":"Feature","geometry":{"type":"Point","coordinates":[-93.702493,41.517641]},"properties":{"id":"way/830881744","footprint_m2":13101,"name":"Microsoft","operator":"Microsoft","county_fips":"19153","state":"IA","est_mw":2.49}},{"type":"Feature","geometry":{"type":"Point","coordinates":[-93.702525,41.518538]},"properties":{"id":"way/830881745","footprint_m2":13120,"name":"Microsoft","operator":"Microsoft","county_fips":"19153","state":"IA","est_mw":2.49}},{"type":"Feature","geometry":{"type":"Point","coordinates":[-93.787039,41.497871]},"properties":{"id":"way/830885773","footprint_m2":22229,"name":"Microsoft","operator":"Microsoft","county_fips":"19181","state":"IA","est_mw":4.23}},{"type":"Feature","geometry":{"type":"Point","coordinates":[-93.787075,41.498913]},"properties":{"id":"way/830885774","footprint_m2":22638,"name":"Microsoft","operator":"Microsoft","county_fips":"19181","state":"IA","est_mw":4.3}},{"type":"Feature","geometry":{"type":"Point","coordinates":[-93.786898,41.497489]},"properties":{"id":"way/830885779","footprint_m2":657144,"name":"Project Osmium","operator":"Microsoft","county_fips":"19181","state":"IA","est_mw":124.92}},{"type":"Feature","geometry":{"type":"Point","coordinates":[-93.516629,41.671173]},"properties":{"id":"way/830931210","footprint_m2":58344,"name":"Facebook Altoona Data Center 5","operator":"Meta","county_fips":"19153","state":"IA","est_mw":11.09}},{"type":"Feature","geometry":{"type":"Point","coordinates":[-78.944802,43.074838]},"properties":{"id":"way/832622369","footprint_m2":1509,"operator":"Blockfusion","county_fips":"36063","state":"NY","est_mw":0.29}},{"type":"Feature","geometry":{"type":"Point","coordinates":[-79.00294,43.083493]},"properties":{"id":"way/832656125","footprint_m2":48,"name":"Blockfusion Niagra Falls","county_fips":"36063","state":"NY","est_mw":0.01}},{"type":"Feature","geometry":{"type":"Point","coordinates":[-79.003061,43.083258]},"properties":{"id":"way/832656868","footprint_m2":29,"name":"Blockfusion Niagra Falls","county_fips":"36063","state":"NY","est_mw":0.01}},{"type":"Feature","geometry":{"type":"Point","coordinates":[-79.003982,43.083032]},"properties":{"id":"way/832658041","footprint_m2":29,"name":"Blockfusion Niagra Falls","county_fips":"36063","state":"NY","est_mw":0.01}},{"type":"Feature","geometry":{"type":"Point","coordinates":[-113.544749,37.062799]},"properties":{"id":"way/835601088","footprint_m2":170,"name":"Lumen","operator":"Lumen Technologies","county_fips":"49053","state":"UT","est_mw":0.03}},{"type":"Feature","geometry":{"type":"Point","coordinates":[-86.911457,33.404716]},"properties":{"id":"way/836908998","footprint_m2":61833,"name":"Sungard Systems International","county_fips":"01073","state":"AL","est_mw":11.75}},{"type":"Feature","geometry":{"type":"Point","coordinates":[-111.719165,33.475421]},"properties":{"id":"way/836947535","footprint_m2":1977,"name":"Myndshift Technologies","county_fips":"04013","state":"AZ","est_mw":0.38}},{"type":"Feature","geometry":{"type":"Point","coordinates":[-91.587078,41.703998]},"properties":{"id":"way/837139011","footprint_m2":252,"name":"ForceAmp.com","county_fips":"19103","state":"IA","est_mw":0.05}},{"type":"Feature","geometry":{"type":"Point","coordinates":[-80.928121,35.173196]},"properties":{"id":"way/838817907","footprint_m2":5721,"name":"TierPoint - Charlotte Data Center","operator":"TierPoint","ref":"CL4","county_fips":"37119","state":"NC","est_mw":1.09}},{"type":"Feature","geometry":{"type":"Point","coordinates":[-80.926357,35.180053]},"properties":{"id":"way/838817943","footprint_m2":1681,"name":"SEGRA","county_fips":"37119","state":"NC","est_mw":0.32}},{"type":"Feature","geometry":{"type":"Point","coordinates":[-78.29096,39.017644]},"properties":{"id":"way/840582927","footprint_m2":25381,"name":"Middletown Data Center","county_fips":"51069","state":"VA","est_mw":4.82}},{"type":"Feature","geometry":{"type":"Point","coordinates":[-87.641304,41.862798]},"properties":{"id":"way/841813139","footprint_m2":5739,"name":"CoreSite Chicago Data Center (CH2)","operator":"CoreSite","county_fips":"17031","state":"IL","est_mw":1.09}},{"type":"Feature","geometry":{"type":"Point","coordinates":[-122.284158,47.864698]},"properties":{"id":"way/842544718","footprint_m2":220,"name":"Norma Beach Cable Landing Station","operator":"Unity Cable System","county_fips":"53061","state":"WA","est_mw":0.04}},{"type":"Feature","geometry":{"type":"Point","coordinates":[-110.787424,32.092706]},"properties":{"id":"way/843314844","footprint_m2":1335,"operator":"DirecTV","county_fips":"04019","state":"AZ","est_mw":0.25}},{"type":"Feature","geometry":{"type":"Point","coordinates":[-115.009052,36.057797]},"properties":{"id":"way/844359205","footprint_m2":189325,"name":"Google Henderson Data Center","operator":"Google","county_fips":"32003","state":"NV","est_mw":35.99}},{"type":"Feature","geometry":{"type":"Point","coordinates":[-115.008577,36.056288]},"properties":{"id":"way/844359206","footprint_m2":13366,"name":"Google","operator":"Google","county_fips":"32003","state":"NV","est_mw":2.54}},{"type":"Feature","geometry":{"type":"Point","coordinates":[-115.008797,36.058802]},"properties":{"id":"way/844359207","footprint_m2":13120,"name":"Google","operator":"Google","county_fips":"32003","state":"NV","est_mw":2.49}},{"type":"Feature","geometry":{"type":"Point","coordinates":[-85.747428,34.913692]},"properties":{"id":"way/844371952","footprint_m2":13471,"name":"Google","operator":"Google","county_fips":"01071","state":"AL","est_mw":2.56}},{"type":"Feature","geometry":{"type":"Point","coordinates":[-85.745935,34.913676]},"properties":{"id":"way/844371953","footprint_m2":13187,"name":"Google","operator":"Google","county_fips":"01071","state":"AL","est_mw":2.51}},{"type":"Feature","geometry":{"type":"Point","coordinates":[-81.546917,35.892547]},"properties":{"id":"way/844372538","footprint_m2":59758,"county_fips":"37027","state":"NC","est_mw":11.36}},{"type":"Feature","geometry":{"type":"Point","coordinates":[-77.540026,39.050608]},"properties":{"id":"way/844374689","footprint_m2":13021,"county_fips":"51107","state":"VA","est_mw":2.48}},{"type":"Feature","geometry":{"type":"Point","coordinates":[-97.062488,32.44213]},"properties":{"id":"way/844386860","footprint_m2":13431,"name":"Google","operator":"Google","county_fips":"48139","state":"TX","est_mw":2.55}},{"type":"Feature","geometry":{"type":"Point","coordinates":[-97.063333,32.443555]},"properties":{"id":"way/844386861","footprint_m2":12842,"name":"Google","operator":"Google","county_fips":"48139","state":"TX","est_mw":2.44}},{"type":"Feature","geometry":{"type":"Point","coordinates":[-87.261296,36.624582]},"properties":{"id":"way/844389014","footprint_m2":15769,"name":"Google","operator":"Google","ref":"SPC2A","county_fips":"47125","state":"TN","est_mw":3.0}},{"type":"Feature","geometry":{"type":"Point","coordinates":[-82.767008,40.058202]},"properties":{"id":"way/844391357","footprint_m2":1616081,"name":"Google New Albany Data Center","operator":"Google","county_fips":"39089","state":"OH","est_mw":307.21}},{"type":"Feature","geometry":{"type":"Point","coordinates":[-82.764336,40.061155]},"properties":{"id":"way/844391358","footprint_m2":13127,"name":"Google NBY-1","operator":"Google","county_fips":"39089","state":"OH","est_mw":2.5}},{"type":"Feature","geometry":{"type":"Point","coordinates":[-96.14419,41.123542]},"properties":{"id":"way/844394339","footprint_m2":61909,"name":"Meta Sarpy Data center","operator":"Meta","county_fips":"31153","state":"NE","est_mw":11.77}},{"type":"Feature","geometry":{"type":"Point","coordinates":[-96.144854,41.120732]},"properties":{"id":"way/844394340","footprint_m2":47853,"name":"Meta Sarpy Data center","operator":"Meta","county_fips":"31153","state":"NE","est_mw":9.1}},{"type":"Feature","geometry":{"type":"Point","coordinates":[-96.14673,41.134975]},"properties":{"id":"way/844394357","footprint_m2":14166,"name":"Google","operator":"Google","county_fips":"31153","state":"NE","est_mw":2.69}},{"type":"Feature","geometry":{"type":"Point","coordinates":[-96.147777,41.136164]},"properties":{"id":"way/844394359","footprint_m2":1057391,"name":"Google Papillion Data Center","operator":"Google","county_fips":"31153","state":"NE","est_mw":201.01}},{"type":"Feature","geometry":{"type":"Point","coordinates":[-105.020703,39.989087]},"properties":{"id":"way/845775548","footprint_m2":17481,"name":"JPMorgan Chase","operator":"JPMorgan Chase","county_fips":"08014","state":"CO","est_mw":3.32}},{"type":"Feature","geometry":{"type":"Point","coordinates":[-89.574809,43.782184]},"properties":{"id":"way/850342266","footprint_m2":767,"name":"Marquette-Adams Telephone Coop","county_fips":"55077","state":"WI","est_mw":0.15}},{"type":"Feature","geometry":{"type":"Point","coordinates":[-96.804396,32.538722]},"properties":{"id":"way/850965775","footprint_m2":3873,"name":"Compass Data Center","county_fips":"48139","state":"TX","est_mw":0.74}},{"type":"Feature","geometry":{"type":"Point","coordinates":[-77.439387,39.01693]},"properties":{"id":"way/852039781","footprint_m2":11808,"name":"Amazon IAD119","operator":"Amazon Web Services","ref":"IAD119","county_fips":"51107","state":"VA","est_mw":2.24}},{"type":"Feature","geometry":{"type":"Point","coordinates":[-122.937924,45.552863]},"properties":{"id":"way/860433343","footprint_m2":62188,"operator":"Stack Infrastructure","county_fips":"41067","state":"OR","est_mw":11.82}},{"type":"Feature","geometry":{"type":"Point","coordinates":[-122.939884,45.555205]},"properties":{"id":"way/860433344","footprint_m2":9061,"name":"Flexential Portland - Hillsboro 4","operator":"Flexential","county_fips":"41067","state":"OR","est_mw":1.72}},{"type":"Feature","geometry":{"type":"Point","coordinates":[-87.957765,41.999124]},"properties":{"id":"way/863162820","footprint_m2":20060,"name":"Stream Chicago II","operator":"Stream","ref":"Chicago II","county_fips":"17031","state":"IL","est_mw":3.81}},{"type":"Feature","geometry":{"type":"Point","coordinates":[-87.96519,42.006844]},"properties":{"id":"way/863162822","footprint_m2":27729,"name":"STACK Chicago CHI01","operator":"Stack Infrastructure","ref":"CHI01","county_fips":"17031","state":"IL","est_mw":5.27}},{"type":"Feature","geometry":{"type":"Point","coordinates":[-87.951135,42.002601]},"properties":{"id":"way/863162825","footprint_m2":11206,"name":"Stream Chicago I","operator":"Stream","county_fips":"17031","state":"IL","est_mw":2.13}},{"type":"Feature","geometry":{"type":"Point","coordinates":[-73.7592,42.745441]},"properties":{"id":"way/871694597","footprint_m2":972,"name":"Turnkey Internet","county_fips":"36001","state":"NY","est_mw":0.18}},{"type":"Feature","geometry":{"type":"Point","coordinates":[-93.827895,41.540709]},"properties":{"id":"way/871745265","footprint_m2":20507,"name":"Microsoft","operator":"Microsoft","county_fips":"19049","state":"IA","est_mw":3.9}},{"type":"Feature","geometry":{"type":"Point","coordinates":[-81.26457,35.590392]},"properties":{"id":"way/873137563","footprint_m2":18898,"county_fips":"37035","state":"NC","est_mw":3.59}},{"type":"Feature","geometry":{"type":"Point","coordinates":[-83.134907,40.060147]},"properties":{"id":"way/874506250","footprint_m2":15028,"name":"Amazon Web Services","operator":"Amazon Web Services","county_fips":"39049","state":"OH","est_mw":2.86}},{"type":"Feature","geometry":{"type":"Point","coordinates":[-93.637648,44.808475]},"properties":{"id":"way/874888709","footprint_m2":11502,"name":"Lightedge Data Center","county_fips":"27019","state":"MN","est_mw":2.19}},{"type":"Feature","geometry":{"type":"Point","coordinates":[-117.537148,47.594616]},"properties":{"id":"way/876020641","footprint_m2":1309,"name":"Iron Mountain","county_fips":"53063","state":"WA","est_mw":0.25}},{"type":"Feature","geometry":{"type":"Point","coordinates":[-78.856797,38.462545]},"properties":{"id":"way/876120402","footprint_m2":46986,"name":"DBT Data - Harrisonburg Center","county_fips":"51660","state":"VA","est_mw":8.93}},{"type":"Feature","geometry":{"type":"Point","coordinates":[-73.516716,41.091833]},"properties":{"id":"way/878795698","footprint_m2":978,"name":"amnet Data Center","county_fips":"09190","state":"CT","est_mw":0.19}},{"type":"Feature","geometry":{"type":"Point","coordinates":[-94.755232,38.940669]},"properties":{"id":"way/880052062","footprint_m2":5397,"operator":"TierPoint","county_fips":"20091","state":"KS","est_mw":1.03}},{"type":"Feature","geometry":{"type":"Point","coordinates":[-77.499897,38.717028]},"properties":{"id":"way/882977350","footprint_m2":37153,"name":"CloudHQ MCC1","operator":"CloudHQ","ref":"MCC1","county_fips":"51153","state":"VA","est_mw":7.06}},{"type":"Feature","geometry":{"type":"Point","coordinates":[-81.825132,35.316555]},"properties":{"id":"way/883809860","footprint_m2":29713,"name":"Meta","operator":"Meta","ref":"FRC","county_fips":"37161","state":"NC","est_mw":5.65}},{"type":"Feature","geometry":{"type":"Point","coordinates":[-81.824747,35.315698]},"properties":{"id":"way/883809862","footprint_m2":450535,"name":"Meta Forest City Data Center","operator":"Meta Platforms, Inc","county_fips":"37161","state":"NC","est_mw":85.65}},{"type":"Feature","geometry":{"type":"Point","coordinates":[-77.438384,39.016082]},"properties":{"id":"way/886028872","footprint_m2":9823,"name":"Amazon IAD129","operator":"Amazon Web Services","ref":"IAD129","county_fips":"51107","state":"VA","est_mw":1.87}},{"type":"Feature","geometry":{"type":"Point","coordinates":[-77.564129,39.074787]},"properties":{"id":"way/886330269","footprint_m2":14430,"name":"Microsoft","operator":"Microsoft","county_fips":"51107","state":"VA","est_mw":2.74}},{"type":"Feature","geometry":{"type":"Point","coordinates":[-121.955338,37.369053]},"properties":{"id":"way/888253616","footprint_m2":3601,"name":"NTT Silicon Valley SV1 Data Center","operator":"NTT","ref":"SV1","county_fips":"06085","state":"CA","est_mw":0.68}},{"type":"Feature","geometry":{"type":"Point","coordinates":[-84.264267,34.075792]},"properties":{"id":"way/891031651","footprint_m2":9200,"name":"T5 Data Center","county_fips":"13121","state":"GA","est_mw":1.75}},{"type":"Feature","geometry":{"type":"Point","coordinates":[-86.783684,36.215352]},"properties":{"id":"way/894425613","footprint_m2":17799,"operator":"BNYM","county_fips":"47037","state":"TN","est_mw":3.38}},{"type":"Feature","geometry":{"type":"Point","coordinates":[-77.559459,38.949194]},"properties":{"id":"way/897226569","footprint_m2":137061,"name":"Microsoft Data Center","operator":"Microsoft","county_fips":"51107","state":"VA","est_mw":26.06}},{"type":"Feature","geometry":{"type":"Point","coordinates":[-77.555356,38.949282]},"properties":{"id":"way/897226573","footprint_m2":161230,"name":"Arcola Tech Park","county_fips":"51107","state":"VA","est_mw":30.65}},{"type":"Feature","geometry":{"type":"Point","coordinates":[-77.560545,38.94809]},"properties":{"id":"way/897226574","footprint_m2":9702,"name":"Amazon IAD125","operator":"Amazon Web Services","ref":"IAD125","county_fips":"51107","state":"VA","est_mw":1.84}},{"type":"Feature","geometry":{"type":"Point","coordinates":[-77.560452,38.949895]},"properties":{"id":"way/897226575","footprint_m2":9702,"name":"Amazon IAD124","operator":"Amazon Web Services","ref":"IAD124","county_fips":"51107","state":"VA","est_mw":1.84}},{"type":"Feature","geometry":{"type":"Point","coordinates":[-122.937912,45.554197]},"properties":{"id":"way/899634245","footprint_m2":8734,"name":"Stack Infrastructure - POR03","operator":"Stack Infrastructure","ref":"POR03A","county_fips":"41067","state":"OR","est_mw":1.66}},{"type":"Feature","geometry":{"type":"Point","coordinates":[-83.069759,42.32618]},"properties":{"id":"way/903236619","footprint_m2":4294,"operator":"Quicken Loans","county_fips":"26163","state":"MI","est_mw":0.82}},{"type":"Feature","geometry":{"type":"Point","coordinates":[-111.304245,42.317296]},"properties":{"id":"way/903642490","footprint_m2":379,"name":"Family History Center","operator":"The Church of Jesus Christ of Latter-day Saints","county_fips":"16007","state":"ID","est_mw":0.07}},{"type":"Feature","geometry":{"type":"Point","coordinates":[-93.918142,41.623178]},"properties":{"id":"way/904342655","footprint_m2":1742168,"name":"Apple Data Center","county_fips":"19049","state":"IA","est_mw":331.18}},{"type":"Feature","geometry":{"type":"Point","coordinates":[-83.376704,36.328074]},"properties":{"id":"way/904453635","footprint_m2":114,"county_fips":"47057","state":"TN","est_mw":0.02}},{"type":"Feature","geometry":{"type":"Point","coordinates":[-77.539674,39.044099]},"properties":{"id":"way/909455922","footprint_m2":7331,"name":"42310 THUNDERBALL DR","operator":"True North Data Solutions","county_fips":"51107","state":"VA","est_mw":1.39}},{"type":"Feature","geometry":{"type":"Point","coordinates":[-122.929631,45.558764]},"properties":{"id":"way/909742340","footprint_m2":16044,"name":"QTS Data Center - Hillsboro 2","operator":"Quality Technology Services","county_fips":"41067","state":"OR","est_mw":3.05}},{"type":"Feature","geometry":{"type":"Point","coordinates":[-119.688355,45.837924]},"properties":{"id":"way/914613836","footprint_m2":19602,"name":"Amazon Web Services","operator":"Amazon Web Services","ref":"PDX91","county_fips":"41049","state":"OR","est_mw":3.73}},{"type":"Feature","geometry":{"type":"Point","coordinates":[-119.693129,45.83754]},"properties":{"id":"way/914616809","footprint_m2":19605,"name":"Amazon Web Services","operator":"Amazon Web Services","ref":"PDX92","county_fips":"41049","state":"OR","est_mw":3.73}},{"type":"Feature","geometry":{"type":"Point","coordinates":[-119.605645,45.846655]},"properties":{"id":"way/914616810","footprint_m2":19690,"name":"Amazon Web Services","operator":"Amazon Web Services","ref":"PDX64","county_fips":"41049","state":"OR","est_mw":3.74}},{"type":"Feature","geometry":{"type":"Point","coordinates":[-104.712754,39.729478]},"properties":{"id":"way/916046040","footprint_m2":17120,"county_fips":"08005","state":"CO","est_mw":3.25}},{"type":"Feature","geometry":{"type":"Point","coordinates":[-78.749207,43.044985]},"properties":{"id":"way/916148870","footprint_m2":3896,"county_fips":"36029","state":"NY","est_mw":0.74}},{"type":"Feature","geometry":{"type":"Point","coordinates":[-122.931906,45.55878]},"properties":{"id":"way/918871786","footprint_m2":15941,"name":"QTS Data Center - Hillsboro 2","operator":"Quality Technology Services","county_fips":"41067","state":"OR","est_mw":3.03}},{"type":"Feature","geometry":{"type":"Point","coordinates":[-122.93522,45.558801]},"properties":{"id":"way/918871787","footprint_m2":15693,"name":"QTS Data Center - Hillsboro 2","operator":"Quality Technology Services","county_fips":"41067","state":"OR","est_mw":2.98}},{"type":"Feature","geometry":{"type":"Point","coordinates":[-122.932946,45.558781]},"properties":{"id":"way/918871788","footprint_m2":16164,"name":"QTS Data Center - Hillsboro 2","operator":"Quality Technology Services","county_fips":"41067","state":"OR","est_mw":3.07}},{"type":"Feature","geometry":{"type":"Point","coordinates":[-122.938247,45.559469]},"properties":{"id":"way/918873142","footprint_m2":31334,"name":"Flexential Portland - Hillsboro 3","operator":"Flexential","county_fips":"41067","state":"OR","est_mw":5.96}},{"type":"Feature","geometry":{"type":"Point","coordinates":[-87.918405,42.675665]},"properties":{"id":"way/919948160","footprint_m2":845,"county_fips":"55101","state":"WI","est_mw":0.16}},{"type":"Feature","geometry":{"type":"Point","coordinates":[-81.657775,41.505066]},"properties":{"id":"way/923148801","footprint_m2":2740,"name":"Lumen Cleveland","county_fips":"39035","state":"OH","est_mw":0.52}},{"type":"Feature","geometry":{"type":"Point","coordinates":[-80.570175,35.179383]},"properties":{"id":"way/923167491","footprint_m2":56498,"county_fips":"37179","state":"NC","est_mw":10.74}},{"type":"Feature","geometry":{"type":"Point","coordinates":[-76.115925,43.012076]},"properties":{"id":"way/930043986","footprint_m2":1131,"name":"SU Green Data Center","operator":"Syracuse University","county_fips":"36067","state":"NY","est_mw":0.21}},{"type":"Feature","geometry":{"type":"Point","coordinates":[-86.495897,35.993397]},"properties":{"id":"way/930226814","footprint_m2":22488,"name":"Tennessee South Data Center","operator":"State of Tennessee","county_fips":"47149","state":"TN","est_mw":4.27}},{"type":"Feature","geometry":{"type":"Point","coordinates":[-117.238846,33.1536]},"properties":{"id":"way/930540164","footprint_m2":1263,"county_fips":"06073","state":"CA","est_mw":0.24}},{"type":"Feature","geometry":{"type":"Point","coordinates":[-77.429702,39.032305]},"properties":{"id":"way/930849744","footprint_m2":12257,"name":"Amazon IAD163","operator":"Amazon Web Services","ref":"IAD163","county_fips":"51107","state":"VA","est_mw":2.33}},{"type":"Feature","geometry":{"type":"Point","coordinates":[-76.551738,39.293559]},"properties":{"id":"way/931369845","footprint_m2":360,"name":"Johns Hopkins Data Center","county_fips":"24510","state":"MD","est_mw":0.07}},{"type":"Feature","geometry":{"type":"Point","coordinates":[-96.676104,33.008953]},"properties":{"id":"way/931729011","footprint_m2":56207,"county_fips":"48085","state":"TX","est_mw":10.68}},{"type":"Feature","geometry":{"type":"Point","coordinates":[-112.050628,40.564095]},"properties":{"id":"way/931732650","footprint_m2":13602,"name":"Ebay","county_fips":"49035","state":"UT","est_mw":2.59}},{"type":"Feature","geometry":{"type":"Point","coordinates":[-112.359934,33.414966]},"properties":{"id":"way/931739891","footprint_m2":473238,"name":"Stream Data Centers PHXA Campus","county_fips":"04013","state":"AZ","est_mw":89.96}},{"type":"Feature","geometry":{"type":"Point","coordinates":[-121.277437,38.592297]},"properties":{"id":"way/933393863","footprint_m2":2724,"name":"Edgeconnex Data Center","operator":"EdgeConneX","county_fips":"06067","state":"CA","est_mw":0.52}},{"type":"Feature","geometry":{"type":"Point","coordinates":[-74.548017,40.524216]},"properties":{"id":"way/936368014","footprint_m2":26182,"county_fips":"34035","state":"NJ","est_mw":4.98}},{"type":"Feature","geometry":{"type":"Point","coordinates":[-112.377058,33.439468]},"properties":{"id":"way/938592711","footprint_m2":20871,"county_fips":"04013","state":"AZ","est_mw":3.97}},{"type":"Feature","geometry":{"type":"Point","coordinates":[-111.952491,33.39441]},"properties":{"id":"way/940821791","footprint_m2":1575,"name":"Omnis Network","county_fips":"04013","state":"AZ","est_mw":0.3}},{"type":"Feature","geometry":{"type":"Point","coordinates":[-96.145045,41.127843]},"properties":{"id":"way/942557184","footprint_m2":16946,"name":"Travelers Insurance","operator":"Travelers Insurance","county_fips":"31153","state":"NE","est_mw":3.22}},{"type":"Feature","geometry":{"type":"Point","coordinates":[-86.815574,35.920459]},"properties":{"id":"way/942604537","footprint_m2":6962,"name":"Flexential Nashville - Franklin","operator":"Flexential","county_fips":"47187","state":"TN","est_mw":1.32}},{"type":"Feature","geometry":{"type":"Point","coordinates":[-111.903786,40.590814]},"properties":{"id":"way/943698949","footprint_m2":1471,"name":"Verizon","county_fips":"49035","state":"UT","est_mw":0.28}},{"type":"Feature","geometry":{"type":"Point","coordinates":[-122.625044,46.941424]},"properties":{"id":"way/943987942","footprint_m2":849,"name":"Wave Broadband Tahoma Terra Facility","county_fips":"53067","state":"WA","est_mw":0.16}},{"type":"Feature","geometry":{"type":"Point","coordinates":[-93.527662,41.558083]},"properties":{"id":"way/944024849","footprint_m2":650,"county_fips":"19153","state":"IA","est_mw":0.12}},{"type":"Feature","geometry":{"type":"Point","coordinates":[-93.528157,41.558131]},"properties":{"id":"way/944024851","footprint_m2":1572,"county_fips":"19153","state":"IA","est_mw":0.3}},{"type":"Feature","geometry":{"type":"Point","coordinates":[-95.854149,36.081251]},"properties":{"id":"way/946014659","footprint_m2":798,"county_fips":"40143","state":"OK","est_mw":0.15}},{"type":"Feature","geometry":{"type":"Point","coordinates":[-112.000173,33.396547]},"properties":{"id":"way/952157194","footprint_m2":1545,"name":"1GServers","county_fips":"04013","state":"AZ","est_mw":0.29}},{"type":"Feature","geometry":{"type":"Point","coordinates":[-77.42548,38.979868]},"properties":{"id":"way/954433119","footprint_m2":8036,"name":"Amazon IAD175","operator":"Amazon Web Services","ref":"IAD175","county_fips":"51107","state":"VA","est_mw":1.53}},{"type":"Feature","geometry":{"type":"Point","coordinates":[-84.883571,32.498096]},"properties":{"id":"way/958153769","footprint_m2":39093,"name":"DLI ONE","operator":"DLI ONE","county_fips":"13215","state":"GA","est_mw":7.43}},{"type":"Feature","geometry":{"type":"Point","coordinates":[-84.883571,32.498267]},"properties":{"id":"way/958153770","footprint_m2":10838,"county_fips":"13215","state":"GA","est_mw":2.06}},{"type":"Feature","geometry":{"type":"Point","coordinates":[-77.435359,38.995012]},"properties":{"id":"way/958662382","footprint_m2":9547,"name":"Amazon IAD147","operator":"Amazon Web Services","ref":"IAD147","county_fips":"51107","state":"VA","est_mw":1.81}},{"type":"Feature","geometry":{"type":"Point","coordinates":[-81.564545,28.577943]},"properties":{"id":"way/958728802","footprint_m2":781,"name":"E-Foam","county_fips":"12095","state":"FL","est_mw":0.15}},{"type":"Feature","geometry":{"type":"Point","coordinates":[-72.801006,41.478807]},"properties":{"id":"way/959969621","footprint_m2":5014,"county_fips":"09170","state":"CT","est_mw":0.95}},{"type":"Feature","geometry":{"type":"Point","coordinates":[-86.691883,34.745431]},"properties":{"id":"way/961071564","footprint_m2":1525,"name":"SimpleHelix","county_fips":"01089","state":"AL","est_mw":0.29}},{"type":"Feature","geometry":{"type":"Point","coordinates":[-123.033685,44.93803]},"properties":{"id":"way/965755845","footprint_m2":2279,"name":"CenturyLink","operator":"CenturyLink","county_fips":"41047","state":"OR","est_mw":0.43}},{"type":"Feature","geometry":{"type":"Point","coordinates":[-122.880426,42.33246]},"properties":{"id":"way/967131562","footprint_m2":183,"name":"Date Center West - Eugene","operator":"Data Center West, Inc.","county_fips":"41029","state":"OR","est_mw":0.03}},{"type":"Feature","geometry":{"type":"Point","coordinates":[-111.903937,40.481143]},"properties":{"id":"way/971762036","footprint_m2":8462,"name":"DataBank SLC5","operator":"DataBank","ref":"SLC5","county_fips":"49035","state":"UT","est_mw":1.61}},{"type":"Feature","geometry":{"type":"Point","coordinates":[-84.579741,33.746561]},"properties":{"id":"way/975064000","footprint_m2":29127,"name":"Digital Realty Atlanta ATL11","operator":"Digital Realty","ref":"ATL11","county_fips":"13097","state":"GA","est_mw":5.54}},{"type":"Feature","geometry":{"type":"Point","coordinates":[-84.587268,33.755025]},"properties":{"id":"way/975064004","footprint_m2":15933,"name":"Switch Data Center","operator":"Switch","county_fips":"13097","state":"GA","est_mw":3.03}},{"type":"Feature","geometry":{"type":"Point","coordinates":[-83.134606,40.059325]},"properties":{"id":"way/975484796","footprint_m2":15879,"name":"Amazon Web Services","operator":"Amazon Web Services","county_fips":"39049","state":"OH","est_mw":3.02}},{"type":"Feature","geometry":{"type":"Point","coordinates":[-83.134091,40.058309]},"properties":{"id":"way/975484797","footprint_m2":12422,"name":"Amazon Web Services","operator":"Amazon Web Services","county_fips":"39049","state":"OH","est_mw":2.36}},{"type":"Feature","geometry":{"type":"Point","coordinates":[-83.132753,40.06078]},"properties":{"id":"way/975484798","footprint_m2":13220,"name":"Amazon Web Services","operator":"Amazon Web Services","county_fips":"39049","state":"OH","est_mw":2.51}},{"type":"Feature","geometry":{"type":"Point","coordinates":[-111.881909,33.266358]},"properties":{"id":"way/977653854","footprint_m2":12883,"name":"CyrusOne PHX7","county_fips":"04013","state":"AZ","est_mw":2.45}},{"type":"Feature","geometry":{"type":"Point","coordinates":[-111.882516,33.268766]},"properties":{"id":"way/977653858","footprint_m2":9570,"name":"CyrusOne PHX4","operator":"CyrusOne","ref":"PHX4","county_fips":"04013","state":"AZ","est_mw":1.82}},{"type":"Feature","geometry":{"type":"Point","coordinates":[-111.881587,33.269741]},"properties":{"id":"way/977653859","footprint_m2":9565,"name":"CyrusOne PHX5","operator":"CyrusOne","ref":"PHX5","county_fips":"04013","state":"AZ","est_mw":1.82}},{"type":"Feature","geometry":{"type":"Point","coordinates":[-122.180739,37.433437]},"properties":{"id":"way/978632013","footprint_m2":943,"name":"Northwest Data Center and Communications Hub","county_fips":"06085","state":"CA","est_mw":0.18}},{"type":"Feature","geometry":{"type":"Point","coordinates":[-87.520193,41.707418]},"properties":{"id":"way/978934687","footprint_m2":10778,"name":"Digital Crossroad","operator":"Digital Crossroad","county_fips":"18089","state":"IN","est_mw":2.05}},{"type":"Feature","geometry":{"type":"Point","coordinates":[-77.434028,39.026301]},"properties":{"id":"way/983627455","footprint_m2":5661,"name":"CyrusOne NVA7","operator":"CyrusOne","ref":"NVA7","county_fips":"51107","state":"VA","est_mw":1.08}},{"type":"Feature","geometry":{"type":"Point","coordinates":[-115.223061,36.055586]},"properties":{"id":"way/984796364","footprint_m2":19176,"name":"Switch Las Vegas 10","county_fips":"32003","state":"NV","est_mw":3.65}},{"type":"Feature","geometry":{"type":"Point","coordinates":[-77.427473,39.028916]},"properties":{"id":"way/984953813","footprint_m2":12299,"name":"Amazon IAD174","operator":"Amazon Web Services","ref":"IAD174","county_fips":"51107","state":"VA","est_mw":2.34}},{"type":"Feature","geometry":{"type":"Point","coordinates":[-77.428942,39.030473]},"properties":{"id":"way/984953814","footprint_m2":12298,"name":"Amazon IAD164","operator":"Amazon Web Services","ref":"IAD164","county_fips":"51107","state":"VA","est_mw":2.34}},{"type":"Feature","geometry":{"type":"Point","coordinates":[-77.438071,39.001779]},"properties":{"id":"way/985207884","footprint_m2":10741,"name":"Vantage VA12","operator":"Vantage Data Centers","ref":"VA12","county_fips":"51107","state":"VA","est_mw":2.04}},{"type":"Feature","geometry":{"type":"Point","coordinates":[-77.563035,39.075508]},"properties":{"id":"way/986829280","footprint_m2":9066,"name":"Microsoft","operator":"Microsoft","county_fips":"51107","state":"VA","est_mw":1.72}},{"type":"Feature","geometry":{"type":"Point","coordinates":[-97.156611,32.972155]},"properties":{"id":"way/989325195","footprint_m2":16386,"name":"Verizon Wireless Mew Building","county_fips":"48439","state":"TX","est_mw":3.12}},{"type":"Feature","geometry":{"type":"Point","coordinates":[-74.538435,40.543339]},"properties":{"id":"way/989352911","footprint_m2":24078,"county_fips":"34035","state":"NJ","est_mw":4.58}},{"type":"Feature","geometry":{"type":"Point","coordinates":[-77.479742,38.916576]},"properties":{"id":"way/989735623","footprint_m2":14553,"name":"Amazon IAD152","operator":"Amazon Web Services","ref":"IAD152","county_fips":"51107","state":"VA","est_mw":2.77}},{"type":"Feature","geometry":{"type":"Point","coordinates":[-77.478705,38.916151]},"properties":{"id":"way/989735624","footprint_m2":14450,"name":"Amazon IAD151","operator":"Amazon Web Services","ref":"IAD151","county_fips":"51107","state":"VA","est_mw":2.75}},{"type":"Feature","geometry":{"type":"Point","coordinates":[-77.523108,38.947946]},"properties":{"id":"way/990537813","footprint_m2":14508,"name":"Amazon IAD83","operator":"Amazon Web Services","ref":"IAD83","county_fips":"51107","state":"VA","est_mw":2.76}},{"type":"Feature","geometry":{"type":"Point","coordinates":[-77.522188,38.946539]},"properties":{"id":"way/990537821","footprint_m2":1555,"name":"Amazon Web Services","operator":"Amazon Web Services","ref":"IAD93","county_fips":"51107","state":"VA","est_mw":0.3}},{"type":"Feature","geometry":{"type":"Point","coordinates":[-77.49718,38.955863]},"properties":{"id":"way/990537857","footprint_m2":14240,"name":"Amazon IAD122","operator":"Amazon Web Services","ref":"IAD122","county_fips":"51107","state":"VA","est_mw":2.71}},{"type":"Feature","geometry":{"type":"Point","coordinates":[-77.505751,38.958317]},"properties":{"id":"way/990537858","footprint_m2":24986,"name":"CyrusOne Sterling IX","operator":"CyrusOne","county_fips":"51107","state":"VA","est_mw":4.75}},{"type":"Feature","geometry":{"type":"Point","coordinates":[-77.545965,38.777249]},"properties":{"id":"way/996723585","footprint_m2":14740,"name":"Iron Mountain VA-2","operator":"Iron Mountain","ref":"VA-2","county_fips":"51153","state":"VA","est_mw":2.8}},{"type":"Feature","geometry":{"type":"Point","coordinates":[-77.547073,38.777917]},"properties":{"id":"way/996723586","footprint_m2":15217,"name":"Iron Mountain VA-1","operator":"Iron Mountain","ref":"VA-1","county_fips":"51153","state":"VA","est_mw":2.89}},{"type":"Feature","geometry":{"type":"Point","coordinates":[-77.539884,38.780151]},"properties":{"id":"way/996723587","footprint_m2":13849,"name":"Amazon Web Services","operator":"Amazon Web Services","ref":"IAD96","county_fips":"51153","state":"VA","est_mw":2.63}},{"type":"Feature","geometry":{"type":"Point","coordinates":[-77.539427,38.778451]},"properties":{"id":"way/996723588","footprint_m2":19951,"name":"Amazon Web Services","operator":"Amazon Web Services","ref":"IAD95","county_fips":"51153","state":"VA","est_mw":3.79}},{"type":"Feature","geometry":{"type":"Point","coordinates":[-77.542896,38.779343]},"properties":{"id":"way/996723589","footprint_m2":19943,"name":"Amazon Web Services","operator":"Amazon Web Services","ref":"IAD75","county_fips":"51153","state":"VA","est_mw":3.79}},{"type":"Feature","geometry":{"type":"Point","coordinates":[-77.504901,38.73597]},"properties":{"id":"way/996899486","footprint_m2":19913,"name":"Amazon IAD102","operator":"Amazon Web Services","ref":"IAD102","county_fips":"51153","state":"VA","est_mw":3.79}},{"type":"Feature","geometry":{"type":"Point","coordinates":[-77.505695,38.73544]},"properties":{"id":"way/996899487","footprint_m2":19912,"name":"Amazon IAD101","operator":"Amazon Web Services","ref":"IAD101","county_fips":"51153","state":"VA","est_mw":3.79}},{"type":"Feature","geometry":{"type":"Point","coordinates":[-77.506642,38.734598]},"properties":{"id":"way/996899488","footprint_m2":19938,"name":"Amazon IAD100","operator":"Amazon Web Services","ref":"IAD100","county_fips":"51153","state":"VA","est_mw":3.79}},{"type":"Feature","geometry":{"type":"Point","coordinates":[-77.499009,38.723182]},"properties":{"id":"way/996899489","footprint_m2":32618,"name":"CloudHQ MCC2","operator":"CloudHQ","ref":"MCC2","county_fips":"51153","state":"VA","est_mw":6.2}},{"type":"Feature","geometry":{"type":"Point","coordinates":[-88.133891,42.076952]},"properties":{"id":"way/998245264","footprint_m2":195586,"name":"Microsoft Data Center - Hoffman Estates","county_fips":"17031","state":"IL","est_mw":37.18}},{"type":"Feature","geometry":{"type":"Point","coordinates":[-74.537758,40.544526]},"properties":{"id":"way/998933381","footprint_m2":1710,"name":"Rackspace Somerset NYC1","county_fips":"34035","state":"NJ","est_mw":0.33}},{"type":"Feature","geometry":{"type":"Point","coordinates":[-74.537492,40.540839]},"properties":{"id":"way/998933389","footprint_m2":5339,"name":"Rackspace Belmont NYC2","county_fips":"34035","state":"NJ","est_mw":1.01}},{"type":"Feature","geometry":{"type":"Point","coordinates":[-77.533384,38.743053]},"properties":{"id":"way/1000784035","footprint_m2":10452,"name":"Amazon Web Services","operator":"Amazon Web Services","county_fips":"51153","state":"VA","est_mw":1.99}},{"type":"Feature","geometry":{"type":"Point","coordinates":[-77.475571,38.998079]},"properties":{"id":"way/1003348567","footprint_m2":14568,"name":"QTS Ashburn-Shellhorn DC1","operator":"Quality Technology Services","county_fips":"51107","state":"VA","est_mw":2.77}},{"type":"Feature","geometry":{"type":"Point","coordinates":[-84.419552,33.777505]},"properties":{"id":"way/1007825570","footprint_m2":26320,"name":"QTS Atlanta Data Center 2","operator":"Quality Technology Services","county_fips":"13121","state":"GA","est_mw":5.0}},{"type":"Feature","geometry":{"type":"Point","coordinates":[-98.787471,29.418988]},"properties":{"id":"way/1010260674","footprint_m2":10172,"county_fips":"48029","state":"TX","est_mw":1.93}},{"type":"Feature","geometry":{"type":"Point","coordinates":[-98.806374,29.412977]},"properties":{"id":"way/1010260675","footprint_m2":21265,"name":"Microsoft TRP3 (SAT46)","operator":"Microsoft","county_fips":"48325","state":"TX","est_mw":4.04}},{"type":"Feature","geometry":{"type":"Point","coordinates":[-98.803316,29.415797]},"properties":{"id":"way/1010260676","footprint_m2":21264,"name":"Microsoft","operator":"Microsoft","county_fips":"48029","state":"TX","est_mw":4.04}},{"type":"Feature","geometry":{"type":"Point","coordinates":[-98.804515,29.415796]},"properties":{"id":"way/1010260677","footprint_m2":21264,"name":"Microsoft","operator":"Microsoft","county_fips":"48029","state":"TX","est_mw":4.04}},{"type":"Feature","geometry":{"type":"Point","coordinates":[-88.216665,43.051389]},"properties":{"id":"way/1011125238","footprint_m2":4394,"name":"Pewaukee Data Center","operator":"WE Energies","county_fips":"55133","state":"WI","est_mw":0.84}},{"type":"Feature","geometry":{"type":"Point","coordinates":[-84.274024,34.061028]},"properties":{"id":"way/1012918195","footprint_m2":14028,"county_fips":"13121","state":"GA","est_mw":2.67}},{"type":"Feature","geometry":{"type":"Point","coordinates":[-115.06267,36.182998]},"properties":{"id":"way/1013396352","footprint_m2":1078,"name":"CenturyLink","county_fips":"32003","state":"NV","est_mw":0.2}},{"type":"Feature","geometry":{"type":"Point","coordinates":[-93.637035,44.807353]},"properties":{"id":"way/1015258645","footprint_m2":5994,"name":"StreamData Center","county_fips":"27019","state":"MN","est_mw":1.14}},{"type":"Feature","geometry":{"type":"Point","coordinates":[-111.64753,33.352011]},"properties":{"id":"way/1015704066","footprint_m2":60768,"name":"EdgeConneX PHX02 Data Center","operator":"EdgeConneX","county_fips":"04013","state":"AZ","est_mw":11.55}},{"type":"Feature","geometry":{"type":"Point","coordinates":[-77.557115,38.778857]},"properties":{"id":"way/1015995259","footprint_m2":1344,"name":"Amazon IAD601","operator":"Amazon Web Services","ref":"IAD601","county_fips":"51153","state":"VA","est_mw":0.26}},{"type":"Feature","geometry":{"type":"Point","coordinates":[-115.213682,36.059149]},"properties":{"id":"way/1017048670","footprint_m2":2571,"name":"Switch Edge 1","county_fips":"32003","state":"NV","est_mw":0.49}},{"type":"Feature","geometry":{"type":"Point","coordinates":[-115.076779,36.143646]},"properties":{"id":"way/1017460713","footprint_m2":2581,"name":"Switch Las Vegas 4","operator":"Switch","county_fips":"32003","state":"NV","est_mw":0.49}},{"type":"Feature","geometry":{"type":"Point","coordinates":[-115.076697,36.142764]},"properties":{"id":"way/1017460715","footprint_m2":1396,"name":"Switch Las Vegas 5","operator":"Switch","county_fips":"32003","state":"NV","est_mw":0.27}},{"type":"Feature","geometry":{"type":"Point","coordinates":[-80.286916,26.184997]},"properties":{"id":"way/1017518460","footprint_m2":4574,"name":"T-Mobile Everglades MSO Data Center","county_fips":"12011","state":"FL","est_mw":0.87}},{"type":"Feature","geometry":{"type":"Point","coordinates":[-88.728569,41.88904]},"properties":{"id":"way/1019770124","footprint_m2":1188532,"name":"DeKalb Meta Data Center","operator":"Meta Platforms","county_fips":"17037","state":"IL","est_mw":225.94}},{"type":"Feature","geometry":{"type":"Point","coordinates":[-122.912231,45.556396]},"properties":{"id":"way/1019812125","footprint_m2":7848,"name":"EdgeConneX - Portland","operator":"EdgeConneX","county_fips":"41067","state":"OR","est_mw":1.49}},{"type":"Feature","geometry":{"type":"Point","coordinates":[-86.820818,33.50066]},"properties":{"id":"way/1019816009","footprint_m2":2497,"name":"DC Blox Data Center","county_fips":"01073","state":"AL","est_mw":0.47}},{"type":"Feature","geometry":{"type":"Point","coordinates":[-82.751455,40.093616]},"properties":{"id":"way/1020374277","footprint_m2":14310,"name":"Amazon Web Services  CMH53","operator":"Amazon Web Services","ref":"CMH53","county_fips":"39089","state":"OH","est_mw":2.72}},{"type":"Feature","geometry":{"type":"Point","coordinates":[-82.752051,40.096534]},"properties":{"id":"way/1020374278","footprint_m2":14370,"name":"Amazon Web Services CMH56","operator":"Amazon Web Services","ref":"CMH56","county_fips":"39089","state":"OH","est_mw":2.73}},{"type":"Feature","geometry":{"type":"Point","coordinates":[-82.747491,40.094046]},"properties":{"id":"way/1020374279","footprint_m2":14969,"name":"Amazon Web Services  CMH59","operator":"Amazon Web Services","ref":"CMH59","county_fips":"39089","state":"OH","est_mw":2.85}},{"type":"Feature","geometry":{"type":"Point","coordinates":[-91.740906,35.249216]},"properties":{"id":"way/1020721870","footprint_m2":426,"name":"Searcy Information Technologies","operator":"City of Searcy","county_fips":"05145","state":"AR","est_mw":0.08}},{"type":"Feature","geometry":{"type":"Point","coordinates":[-77.471291,38.995848]},"properties":{"id":"way/1020877488","footprint_m2":12215,"name":"Amazon Web Services","operator":"Amazon Web Services","ref":"IAD162","county_fips":"51107","state":"VA","est_mw":2.32}},{"type":"Feature","geometry":{"type":"Point","coordinates":[-77.473262,38.996608]},"properties":{"id":"way/1020877489","footprint_m2":12215,"name":"Amazon Web Services","operator":"Amazon Web Services","ref":"IAD161","county_fips":"51107","state":"VA","est_mw":2.32}},{"type":"Feature","geometry":{"type":"Point","coordinates":[-77.48498,39.004679]},"properties":{"id":"way/1020953454","footprint_m2":63782,"name":"Digital Loudoun Plaza","county_fips":"51107","state":"VA","est_mw":12.12}},{"type":"Feature","geometry":{"type":"Point","coordinates":[-77.481596,39.001698]},"properties":{"id":"way/1020953461","footprint_m2":265693,"name":"Digital Loudoun Plaza","county_fips":"51107","state":"VA","est_mw":50.51}},{"type":"Feature","geometry":{"type":"Point","coordinates":[-77.425784,38.984732]},"properties":{"id":"way/1022757170","footprint_m2":35685,"county_fips":"51107","state":"VA","est_mw":6.78}},{"type":"Feature","geometry":{"type":"Point","coordinates":[-112.015077,40.268288]},"properties":{"id":"way/1024051963","footprint_m2":32032,"name":"Meta","operator":"Meta","county_fips":"49049","state":"UT","est_mw":6.09}},{"type":"Feature","geometry":{"type":"Point","coordinates":[-112.015127,40.265564]},"properties":{"id":"way/1024051997","footprint_m2":58192,"name":"Meta","operator":"Meta","county_fips":"49049","state":"UT","est_mw":11.06}},{"type":"Feature","geometry":{"type":"Point","coordinates":[-94.768373,38.926806]},"properties":{"id":"way/1024384322","footprint_m2":456,"county_fips":"20091","state":"KS","est_mw":0.09}},{"type":"Feature","geometry":{"type":"Point","coordinates":[-77.449449,39.005719]},"properties":{"id":"way/1025002889","footprint_m2":20269,"name":"Digital Realty IAD42 (Building R)","operator":"Digital Realty","ref":"IAD42","county_fips":"51107","state":"VA","est_mw":3.85}},{"type":"Feature","geometry":{"type":"Point","coordinates":[-119.607038,45.846668]},"properties":{"id":"way/1027471509","footprint_m2":19690,"name":"Amazon Web Services","operator":"Amazon Web Services","ref":"PDX66","county_fips":"41049","state":"OR","est_mw":3.74}},{"type":"Feature","geometry":{"type":"Point","coordinates":[-119.609063,45.846754]},"properties":{"id":"way/1027471510","footprint_m2":20584,"name":"Amazon Web Services","operator":"Amazon Web Services","ref":"PDX68","county_fips":"41049","state":"OR","est_mw":3.91}},{"type":"Feature","geometry":{"type":"Point","coordinates":[-77.233805,37.481963]},"properties":{"id":"way/1030970564","footprint_m2":30465,"name":"Meta Henrico Data Center","operator":"Meta","county_fips":"51087","state":"VA","est_mw":5.79}},{"type":"Feature","geometry":{"type":"Point","coordinates":[-81.834848,28.294077]},"properties":{"id":"way/1034230196","footprint_m2":2098,"county_fips":"12105","state":"FL","est_mw":0.4}},{"type":"Feature","geometry":{"type":"Point","coordinates":[-115.147211,36.059728]},"properties":{"id":"way/1034475557","footprint_m2":5439,"name":"DataBank Las Vegas LAS1","operator":"DataBank","county_fips":"32003","state":"NV","est_mw":1.03}},{"type":"Feature","geometry":{"type":"Point","coordinates":[-112.015055,40.272334]},"properties":{"id":"way/1035123473","footprint_m2":58358,"name":"Meta","operator":"Meta","county_fips":"49049","state":"UT","est_mw":11.09}},{"type":"Feature","geometry":{"type":"Point","coordinates":[-112.017719,40.268191]},"properties":{"id":"way/1035123482","footprint_m2":2112083,"name":"Meta Eagle Mountain Data Center","operator":"Meta","county_fips":"49049","state":"UT","est_mw":401.5}},{"type":"Feature","geometry":{"type":"Point","coordinates":[-77.43777,39.015263]},"properties":{"id":"way/1037871048","footprint_m2":1336,"name":"Amazon IAD601","operator":"Amazon Web Services","ref":"IAD601","county_fips":"51107","state":"VA","est_mw":0.25}},{"type":"Feature","geometry":{"type":"Point","coordinates":[-96.143656,41.114107]},"properties":{"id":"way/1038780426","footprint_m2":726262,"name":"Sarpy Meta Data Center","county_fips":"31153","state":"NE","est_mw":138.06}},{"type":"Feature","geometry":{"type":"Point","coordinates":[-93.862514,41.532095]},"properties":{"id":"way/1040223402","footprint_m2":619409,"name":"Project Ginger West","operator":"Microsoft","county_fips":"19049","state":"IA","est_mw":117.75}},{"type":"Feature","geometry":{"type":"Point","coordinates":[-93.82678,41.540067]},"properties":{"id":"way/1040259757","footprint_m2":165355,"name":"Project Mountain","operator":"Microsoft","county_fips":"19049","state":"IA","est_mw":31.43}},{"type":"Feature","geometry":{"type":"Point","coordinates":[-93.704916,41.517008]},"properties":{"id":"way/1040376296","footprint_m2":552533,"name":"Project Alluvion","operator":"Microsoft","county_fips":"19153","state":"IA","est_mw":105.04}},{"type":"Feature","geometry":{"type":"Point","coordinates":[-93.719703,41.51478]},"properties":{"id":"way/1040376305","footprint_m2":485142,"name":"Project Ginger East","operator":"Microsoft","county_fips":"19153","state":"IA","est_mw":92.22}},{"type":"Feature","geometry":{"type":"Point","coordinates":[-110.304752,31.972675]},"properties":{"id":"way/1042260902","footprint_m2":700,"operator":"DirecTV","county_fips":"04003","state":"AZ","est_mw":0.13}},{"type":"Feature","geometry":{"type":"Point","coordinates":[-112.070639,33.493408]},"properties":{"id":"way/1052182309","footprint_m2":27341,"county_fips":"04013","state":"AZ","est_mw":5.2}},{"type":"Feature","geometry":{"type":"Point","coordinates":[-83.700342,33.600761]},"properties":{"id":"way/1054387470","footprint_m2":839138,"name":"Meta Stanton Springs Data Center","operator":"Meta","county_fips":"13217","state":"GA","est_mw":159.52}},{"type":"Feature","geometry":{"type":"Point","coordinates":[-83.705417,33.601371]},"properties":{"id":"way/1054387471","footprint_m2":61340,"operator":"Meta","county_fips":"13217","state":"GA","est_mw":11.66}},{"type":"Feature","geometry":{"type":"Point","coordinates":[-111.885044,40.685525]},"properties":{"id":"way/1056658555","footprint_m2":2610,"name":"Flexential Salt Lake City - Millcreek","operator":"Flexential","county_fips":"49035","state":"UT","est_mw":0.5}},{"type":"Feature","geometry":{"type":"Point","coordinates":[-119.689866,45.836542]},"properties":{"id":"way/1057230915","footprint_m2":19865,"name":"Amazon Web Services","operator":"Amazon Web Services","ref":"PDX93","county_fips":"41049","state":"OR","est_mw":3.78}},{"type":"Feature","geometry":{"type":"Point","coordinates":[-77.533322,38.744286]},"properties":{"id":"way/1059030596","footprint_m2":10377,"name":"Amazon Web Services","operator":"Amazon Web Services","county_fips":"51153","state":"VA","est_mw":1.97}},{"type":"Feature","geometry":{"type":"Point","coordinates":[-77.537509,38.745959]},"properties":{"id":"way/1059036248","footprint_m2":23965,"county_fips":"51153","state":"VA","est_mw":4.56}},{"type":"Feature","geometry":{"type":"Point","coordinates":[-77.530625,38.743886]},"properties":{"id":"way/1059037050","footprint_m2":13862,"name":"COPT Innovation Park Data Center","operator":"Amazon Web Services","ref":"IAD132","county_fips":"51153","state":"VA","est_mw":2.64}},{"type":"Feature","geometry":{"type":"Point","coordinates":[-77.529196,38.744055]},"properties":{"id":"way/1059037051","footprint_m2":9673,"name":"COPT Data Center Bldg 2","operator":"Amazon Web Services","ref":"IAD133","county_fips":"51153","state":"VA","est_mw":1.84}},{"type":"Feature","geometry":{"type":"Point","coordinates":[-77.45611,38.995837]},"properties":{"id":"way/1064211366","footprint_m2":115619,"name":"QTS Ashburn Lockridge","operator":"Quality Technology Services","ref":"ASH2","county_fips":"51107","state":"VA","est_mw":21.98}},{"type":"Feature","geometry":{"type":"Point","coordinates":[-121.96599,37.389933]},"properties":{"id":"way/1065780801","footprint_m2":9118,"name":"Amazon","operator":"Amazon Web Services","county_fips":"06085","state":"CA","est_mw":1.73}},{"type":"Feature","geometry":{"type":"Point","coordinates":[-80.038316,33.062022]},"properties":{"id":"way/1069388067","footprint_m2":16968,"operator":"Google","county_fips":"45015","state":"SC","est_mw":3.23}},{"type":"Feature","geometry":{"type":"Point","coordinates":[-80.03966,33.062174]},"properties":{"id":"way/1069388075","footprint_m2":16840,"name":"Google","operator":"Google","county_fips":"45015","state":"SC","est_mw":3.2}},{"type":"Feature","geometry":{"type":"Point","coordinates":[-80.041154,33.062053]},"properties":{"id":"way/1069388095","footprint_m2":19162,"name":"Google","operator":"Google","county_fips":"45015","state":"SC","est_mw":3.64}},{"type":"Feature","geometry":{"type":"Point","coordinates":[-80.038456,33.064312]},"properties":{"id":"way/1069388141","footprint_m2":16875,"name":"Google","operator":"Google","county_fips":"45015","state":"SC","est_mw":3.21}},{"type":"Feature","geometry":{"type":"Point","coordinates":[-80.038428,33.066436]},"properties":{"id":"way/1069388147","footprint_m2":12190,"name":"Google","operator":"Google","county_fips":"45015","state":"SC","est_mw":2.32}},{"type":"Feature","geometry":{"type":"Point","coordinates":[-80.043575,33.064157]},"properties":{"id":"way/1069388156","footprint_m2":23163,"name":"Google","operator":"Google","county_fips":"45015","state":"SC","est_mw":4.4}},{"type":"Feature","geometry":{"type":"Point","coordinates":[-80.045057,33.062001]},"properties":{"id":"way/1069388186","footprint_m2":64831,"name":"Google","operator":"Google","county_fips":"45015","state":"SC","est_mw":12.32}},{"type":"Feature","geometry":{"type":"Point","coordinates":[-80.046068,33.064435]},"properties":{"id":"way/1069388211","footprint_m2":13520,"name":"Google","operator":"Google","county_fips":"45015","state":"SC","est_mw":2.57}},{"type":"Feature","geometry":{"type":"Point","coordinates":[-83.696839,33.600094]},"properties":{"id":"way/1070895993","footprint_m2":70932,"operator":"Meta","county_fips":"13217","state":"GA","est_mw":13.48}},{"type":"Feature","geometry":{"type":"Point","coordinates":[-83.695013,33.598021]},"properties":{"id":"way/1070895994","footprint_m2":31855,"operator":"Meta","county_fips":"13217","state":"GA","est_mw":6.06}},{"type":"Feature","geometry":{"type":"Point","coordinates":[-120.207688,47.416868]},"properties":{"id":"way/1071772119","footprint_m2":22866,"name":"Microsoft EAT02","operator":"Microsoft","county_fips":"53017","state":"WA","est_mw":4.35}},{"type":"Feature","geometry":{"type":"Point","coordinates":[-120.191601,47.407585]},"properties":{"id":"way/1071774674","footprint_m2":12544,"name":"Intergate Columbia D","operator":"Sabey Data Centers","county_fips":"53017","state":"WA","est_mw":2.38}},{"type":"Feature","geometry":{"type":"Point","coordinates":[-95.804857,41.177344]},"properties":{"id":"way/1073720208","footprint_m2":7061,"name":"Google","operator":"Google","county_fips":"19155","state":"IA","est_mw":1.34}},{"type":"Feature","geometry":{"type":"Point","coordinates":[-95.80638,41.177274]},"properties":{"id":"way/1073720209","footprint_m2":29631,"name":"Google","operator":"Google","county_fips":"19155","state":"IA","est_mw":5.63}},{"type":"Feature","geometry":{"type":"Point","coordinates":[-95.803215,41.177456]},"properties":{"id":"way/1073720210","footprint_m2":23990,"name":"Google","operator":"Google","county_fips":"19155","state":"IA","est_mw":4.56}},{"type":"Feature","geometry":{"type":"Point","coordinates":[-95.800967,41.177483]},"properties":{"id":"way/1073720211","footprint_m2":19653,"name":"Google","operator":"Google","county_fips":"19155","state":"IA","est_mw":3.74}},{"type":"Feature","geometry":{"type":"Point","coordinates":[-95.806763,41.17554]},"properties":{"id":"way/1073720212","footprint_m2":12216,"name":"Google","operator":"Google","county_fips":"19155","state":"IA","est_mw":2.32}},{"type":"Feature","geometry":{"type":"Point","coordinates":[-95.805652,41.17554]},"properties":{"id":"way/1073720213","footprint_m2":12061,"name":"Google","operator":"Google","county_fips":"19155","state":"IA","est_mw":2.29}},{"type":"Feature","geometry":{"type":"Point","coordinates":[-95.804493,41.175543]},"properties":{"id":"way/1073720214","footprint_m2":12274,"name":"Google","operator":"Google","county_fips":"19155","state":"IA","est_mw":2.33}},{"type":"Feature","geometry":{"type":"Point","coordinates":[-95.80339,41.175544]},"properties":{"id":"way/1073720215","footprint_m2":12287,"name":"Google","operator":"Google","county_fips":"19155","state":"IA","est_mw":2.34}},{"type":"Feature","geometry":{"type":"Point","coordinates":[-95.802224,41.175547]},"properties":{"id":"way/1073720216","footprint_m2":12154,"name":"Google","operator":"Google","county_fips":"19155","state":"IA","est_mw":2.31}},{"type":"Feature","geometry":{"type":"Point","coordinates":[-95.801119,41.175545]},"properties":{"id":"way/1073720217","footprint_m2":12043,"name":"Google","operator":"Google","county_fips":"19155","state":"IA","est_mw":2.29}},{"type":"Feature","geometry":{"type":"Point","coordinates":[-95.799948,41.175554]},"properties":{"id":"way/1073720218","footprint_m2":12490,"name":"Google","operator":"Google","county_fips":"19155","state":"IA","est_mw":2.37}},{"type":"Feature","geometry":{"type":"Point","coordinates":[-95.804024,41.172635]},"properties":{"id":"way/1073720219","footprint_m2":16190,"name":"Google","operator":"Google","county_fips":"19155","state":"IA","est_mw":3.08}},{"type":"Feature","geometry":{"type":"Point","coordinates":[-95.802521,41.17264]},"properties":{"id":"way/1073720220","footprint_m2":16219,"name":"Google","operator":"Google","county_fips":"19155","state":"IA","est_mw":3.08}},{"type":"Feature","geometry":{"type":"Point","coordinates":[-95.801148,41.172611]},"properties":{"id":"way/1073720221","footprint_m2":14701,"name":"Google","operator":"Google","county_fips":"19155","state":"IA","est_mw":2.79}},{"type":"Feature","geometry":{"type":"Point","coordinates":[-78.373974,36.679906]},"properties":{"id":"way/1074588578","footprint_m2":2376,"county_fips":"51117","state":"VA","est_mw":0.45}},{"type":"Feature","geometry":{"type":"Point","coordinates":[-78.374261,36.679248]},"properties":{"id":"way/1074588579","footprint_m2":2755,"county_fips":"51117","state":"VA","est_mw":0.52}},{"type":"Feature","geometry":{"type":"Point","coordinates":[-78.374648,36.677861]},"properties":{"id":"way/1074588580","footprint_m2":24681,"county_fips":"51117","state":"VA","est_mw":4.69}},{"type":"Feature","geometry":{"type":"Point","coordinates":[-78.377007,36.677471]},"properties":{"id":"way/1074588582","footprint_m2":2966,"county_fips":"51117","state":"VA","est_mw":0.56}},{"type":"Feature","geometry":{"type":"Point","coordinates":[-78.376849,36.678007]},"properties":{"id":"way/1074588583","footprint_m2":2966,"county_fips":"51117","state":"VA","est_mw":0.56}},{"type":"Feature","geometry":{"type":"Point","coordinates":[-78.376687,36.678538]},"properties":{"id":"way/1074588584","footprint_m2":2966,"county_fips":"51117","state":"VA","est_mw":0.56}},{"type":"Feature","geometry":{"type":"Point","coordinates":[-78.376494,36.679179]},"properties":{"id":"way/1074588585","footprint_m2":2966,"county_fips":"51117","state":"VA","est_mw":0.56}},{"type":"Feature","geometry":{"type":"Point","coordinates":[-78.376329,36.679714]},"properties":{"id":"way/1074588586","footprint_m2":2965,"county_fips":"51117","state":"VA","est_mw":0.56}},{"type":"Feature","geometry":{"type":"Point","coordinates":[-78.376868,36.682923]},"properties":{"id":"way/1074591450","footprint_m2":13062,"county_fips":"51117","state":"VA","est_mw":2.48}},{"type":"Feature","geometry":{"type":"Point","coordinates":[-78.375752,36.683001]},"properties":{"id":"way/1074591451","footprint_m2":13061,"county_fips":"51117","state":"VA","est_mw":2.48}},{"type":"Feature","geometry":{"type":"Point","coordinates":[-78.37722,36.686062]},"properties":{"id":"way/1074591452","footprint_m2":13060,"county_fips":"51117","state":"VA","est_mw":2.48}},{"type":"Feature","geometry":{"type":"Point","coordinates":[-78.376106,36.686145]},"properties":{"id":"way/1074591453","footprint_m2":13060,"county_fips":"51117","state":"VA","est_mw":2.48}},{"type":"Feature","geometry":{"type":"Point","coordinates":[-78.377594,36.689498]},"properties":{"id":"way/1074591454","footprint_m2":13060,"county_fips":"51117","state":"VA","est_mw":2.48}},{"type":"Feature","geometry":{"type":"Point","coordinates":[-78.376486,36.689577]},"properties":{"id":"way/1074591455","footprint_m2":13059,"county_fips":"51117","state":"VA","est_mw":2.48}},{"type":"Feature","geometry":{"type":"Point","coordinates":[-78.37679,36.692492]},"properties":{"id":"way/1074595308","footprint_m2":16561,"county_fips":"51117","state":"VA","est_mw":3.15}},{"type":"Feature","geometry":{"type":"Point","coordinates":[-78.377965,36.692464]},"properties":{"id":"way/1074595309","footprint_m2":17298,"county_fips":"51117","state":"VA","est_mw":3.29}},{"type":"Feature","geometry":{"type":"Point","coordinates":[-78.376338,36.694897]},"properties":{"id":"way/1074595310","footprint_m2":8866,"county_fips":"51117","state":"VA","est_mw":1.69}},{"type":"Feature","geometry":{"type":"Point","coordinates":[-93.786996,41.49683]},"properties":{"id":"way/1075278060","footprint_m2":22508,"name":"Microsoft","operator":"Microsoft","county_fips":"19181","state":"IA","est_mw":4.28}},{"type":"Feature","geometry":{"type":"Point","coordinates":[-93.826314,41.539814]},"properties":{"id":"way/1075278061","footprint_m2":8367,"name":"Microsoft","operator":"Microsoft","county_fips":"19049","state":"IA","est_mw":1.59}},{"type":"Feature","geometry":{"type":"Point","coordinates":[-93.828665,41.53967]},"properties":{"id":"way/1075278062","footprint_m2":7482,"name":"Microsoft","operator":"Microsoft","county_fips":"19049","state":"IA","est_mw":1.42}},{"type":"Feature","geometry":{"type":"Point","coordinates":[-121.942306,37.36114]},"properties":{"id":"way/1075445245","footprint_m2":10066,"county_fips":"06085","state":"CA","est_mw":1.91}},{"type":"Feature","geometry":{"type":"Point","coordinates":[-90.03417,34.993488]},"properties":{"id":"way/1077131079","footprint_m2":75526,"name":"xAI Macrohardrr","operator":"xAI","county_fips":"28033","state":"MS","est_mw":14.36}},{"type":"Feature","geometry":{"type":"Point","coordinates":[-122.941087,45.555391]},"properties":{"id":"way/1080170579","footprint_m2":1862,"name":"Flexential Portland - Hillsboro 4 Expansion","operator":"Flexential","county_fips":"41067","state":"OR","est_mw":0.35}},{"type":"Feature","geometry":{"type":"Point","coordinates":[-122.939337,45.556428]},"properties":{"id":"way/1080170580","footprint_m2":16781,"name":"Flexential Portland - Hillsboro 5","operator":"Flexential","county_fips":"41067","state":"OR","est_mw":3.19}},{"type":"Feature","geometry":{"type":"Point","coordinates":[-98.653145,29.449156]},"properties":{"id":"way/1081973944","footprint_m2":13036,"name":"QTS San Antonio II","operator":"Quality Technology Services","county_fips":"48029","state":"TX","est_mw":2.48}},{"type":"Feature","geometry":{"type":"Point","coordinates":[-111.630305,33.343592]},"properties":{"id":"way/1083297858","footprint_m2":1379701,"name":"Meta Data Center","operator":"Meta","county_fips":"04013","state":"AZ","est_mw":262.28}},{"type":"Feature","geometry":{"type":"Point","coordinates":[-104.788535,38.786172]},"properties":{"id":"way/1083841125","footprint_m2":6903,"name":"T5@Colorado Springs","county_fips":"08041","state":"CO","est_mw":1.31}},{"type":"Feature","geometry":{"type":"Point","coordinates":[-82.368338,28.073856]},"properties":{"id":"way/1085608797","footprint_m2":2847,"name":"Flexential Tampa - North","operator":"Flexential","county_fips":"12057","state":"FL","est_mw":0.54}},{"type":"Feature","geometry":{"type":"Point","coordinates":[-77.333657,37.356296]},"properties":{"id":"way/1085712184","footprint_m2":25832,"operator":"PowerHouse","county_fips":"51041","state":"VA","est_mw":4.91}},{"type":"Feature","geometry":{"type":"Point","coordinates":[-77.452001,39.016744]},"properties":{"id":"way/1088203906","footprint_m2":8953,"name":"Amazon IAD-169","operator":"Amazon Web Services","ref":"IAD-169","county_fips":"51107","state":"VA","est_mw":1.7}},{"type":"Feature","geometry":{"type":"Point","coordinates":[-77.453145,39.015886]},"properties":{"id":"way/1088203907","footprint_m2":8953,"name":"Amazon IAD-179","operator":"Amazon Web Services","ref":"IAD-179","county_fips":"51107","state":"VA","est_mw":1.7}},{"type":"Feature","geometry":{"type":"Point","coordinates":[-77.475189,39.010411]},"properties":{"id":"way/1088241977","footprint_m2":19341,"name":"Aligned IAD-02","operator":"Aligned","county_fips":"51107","state":"VA","est_mw":3.68}},{"type":"Feature","geometry":{"type":"Point","coordinates":[-77.4731,39.013054]},"properties":{"id":"way/1088241982","footprint_m2":13997,"county_fips":"51107","state":"VA","est_mw":2.66}},{"type":"Feature","geometry":{"type":"Point","coordinates":[-77.517447,38.754693]},"properties":{"id":"way/1090837713","footprint_m2":14264,"name":"QTS Manassas DC5","operator":"Quality Technology Services","county_fips":"51153","state":"VA","est_mw":2.71}},{"type":"Feature","geometry":{"type":"Point","coordinates":[-112.364803,33.409031]},"properties":{"id":"way/1091128478","footprint_m2":23120,"name":"PHX-11","operator":"Microsoft","ref":"PHX-11","county_fips":"04013","state":"AZ","est_mw":4.4}},{"type":"Feature","geometry":{"type":"Point","coordinates":[-73.971839,41.05233]},"properties":{"id":"way/1092283612","footprint_m2":24412,"county_fips":"36087","state":"NY","est_mw":4.64}},{"type":"Feature","geometry":{"type":"Point","coordinates":[-99.038323,40.725916]},"properties":{"id":"way/1092757323","footprint_m2":32828,"name":"Compute North","county_fips":"31019","state":"NE","est_mw":6.24}},{"type":"Feature","geometry":{"type":"Point","coordinates":[-84.616081,33.731057]},"properties":{"id":"way/1097502168","footprint_m2":19873,"name":"Flexential Atlanta - Douglasville 1","operator":"Flexential","county_fips":"13097","state":"GA","est_mw":3.78}},{"type":"Feature","geometry":{"type":"Point","coordinates":[-87.263515,36.62483]},"properties":{"id":"way/1103333136","footprint_m2":15769,"name":"Google","operator":"Google","ref":"SPC1A","county_fips":"47125","state":"TN","est_mw":3.0}},{"type":"Feature","geometry":{"type":"Point","coordinates":[-87.259027,36.624303]},"properties":{"id":"way/1103333137","footprint_m2":15770,"name":"SPC3A","operator":"Google","ref":"Building 3","county_fips":"47125","state":"TN","est_mw":3.0}},{"type":"Feature","geometry":{"type":"Point","coordinates":[-77.41749,38.979557]},"properties":{"id":"way/1106454555","footprint_m2":12309,"name":"Amazon Web Services","operator":"Amazon Web Services","ref":"IAD143","county_fips":"51107","state":"VA","est_mw":2.34}},{"type":"Feature","geometry":{"type":"Point","coordinates":[-81.822059,35.315667]},"properties":{"id":"way/1109074150","footprint_m2":9346,"name":"Meta","operator":"Meta","county_fips":"37161","state":"NC","est_mw":1.78}},{"type":"Feature","geometry":{"type":"Point","coordinates":[-79.030723,43.082056]},"properties":{"id":"way/1109643936","footprint_m2":5719,"operator":"US Bitcoin","county_fips":"36063","state":"NY","est_mw":1.09}},{"type":"Feature","geometry":{"type":"Point","coordinates":[-75.420877,40.121879]},"properties":{"id":"way/1109881281","footprint_m2":5795,"name":"TierPoint Valley Forge","operator":"TierPoint","county_fips":"42091","state":"PA","est_mw":1.1}},{"type":"Feature","geometry":{"type":"Point","coordinates":[-122.949312,45.554064]},"properties":{"id":"way/1114969101","footprint_m2":14439,"name":"Aligned DC - PDX-01","operator":"Aligned Data Centers","county_fips":"41067","state":"OR","est_mw":2.74}},{"type":"Feature","geometry":{"type":"Point","coordinates":[-119.475514,39.514068]},"properties":{"id":"way/1116775094","footprint_m2":58425,"name":"Tahoe Reno 1","operator":"Switch","county_fips":"32029","state":"NV","est_mw":11.11}},{"type":"Feature","geometry":{"type":"Point","coordinates":[-119.484853,39.51387]},"properties":{"id":"way/1116775095","footprint_m2":27550,"name":"Tahoe Reno 2","operator":"Switch","county_fips":"32029","state":"NV","est_mw":5.24}},{"type":"Feature","geometry":{"type":"Point","coordinates":[-111.920292,40.766786]},"properties":{"id":"way/1121188409","footprint_m2":1167,"name":"Flexential Salt Lake City - Fair Park","operator":"Flexential","county_fips":"49035","state":"UT","est_mw":0.22}},{"type":"Feature","geometry":{"type":"Point","coordinates":[-98.67063,29.470679]},"properties":{"id":"way/1121592786","footprint_m2":8598,"name":"CyrusOne San Antonio IV","county_fips":"48029","state":"TX","est_mw":1.63}},{"type":"Feature","geometry":{"type":"Point","coordinates":[-77.452327,39.024257]},"properties":{"id":"way/1123249721","footprint_m2":8161,"name":"Equinix Ashburn DC16","operator":"Equinix","ref":"DC16","county_fips":"51107","state":"VA","est_mw":1.55}},{"type":"Feature","geometry":{"type":"Point","coordinates":[-77.555911,38.948258]},"properties":{"id":"way/1124864831","footprint_m2":22515,"name":"Microsoft IAD11","operator":"Microsoft","county_fips":"51107","state":"VA","est_mw":4.28}},{"type":"Feature","geometry":{"type":"Point","coordinates":[-119.320522,45.90145]},"properties":{"id":"way/1126159710","footprint_m2":21124,"name":"Amazon Web Services","operator":"Amazon Web Services","ref":"PDX63","county_fips":"41059","state":"OR","est_mw":4.02}},{"type":"Feature","geometry":{"type":"Point","coordinates":[-119.320498,45.902763]},"properties":{"id":"way/1126159711","footprint_m2":20200,"name":"Amazon Web Services","operator":"Amazon Web Services","ref":"PDX65","county_fips":"41059","state":"OR","est_mw":3.84}},{"type":"Feature","geometry":{"type":"Point","coordinates":[-119.320487,45.903851]},"properties":{"id":"way/1126159714","footprint_m2":20429,"name":"Amazon Web Services","operator":"Amazon Web Services","ref":"PDX67","county_fips":"41059","state":"OR","est_mw":3.88}},{"type":"Feature","geometry":{"type":"Point","coordinates":[-119.320167,45.905094]},"properties":{"id":"way/1126159715","footprint_m2":20414,"name":"Amazon Web Services","operator":"Amazon Web Services","ref":"PDX69","county_fips":"41059","state":"OR","est_mw":3.88}},{"type":"Feature","geometry":{"type":"Point","coordinates":[-119.602775,45.847608]},"properties":{"id":"way/1126386234","footprint_m2":1628,"name":"Amazon Web Services","operator":"Amazon Web Services","county_fips":"41049","state":"OR","est_mw":0.31}},{"type":"Feature","geometry":{"type":"Point","coordinates":[-94.595558,39.322352]},"properties":{"id":"way/1126774147","footprint_m2":1255753,"name":"Meta Kansas City Data Center","operator":"Meta","county_fips":"29047","state":"MO","est_mw":238.72}},{"type":"Feature","geometry":{"type":"Point","coordinates":[-119.269981,45.91571]},"properties":{"id":"way/1127951468","footprint_m2":1423,"name":"Amazon Web Services","operator":"Amazon Web Services","ref":"PDX132","county_fips":"41059","state":"OR","est_mw":0.27}},{"type":"Feature","geometry":{"type":"Point","coordinates":[-77.560771,39.069647]},"properties":{"id":"way/1128589933","footprint_m2":22542,"county_fips":"51107","state":"VA","est_mw":4.29}},{"type":"Feature","geometry":{"type":"Point","coordinates":[-77.559433,39.069654]},"properties":{"id":"way/1128589934","footprint_m2":22953,"county_fips":"51107","state":"VA","est_mw":4.36}},{"type":"Feature","geometry":{"type":"Point","coordinates":[-77.226455,37.477845]},"properties":{"id":"way/1132541700","footprint_m2":56178,"name":"Meta Henrico Data Center","operator":"Meta","county_fips":"51087","state":"VA","est_mw":10.68}},{"type":"Feature","geometry":{"type":"Point","coordinates":[-77.24232,37.485005]},"properties":{"id":"way/1132541732","footprint_m2":407798,"name":"QTS Richmond 2 Data Center","operator":"Quality Technology Services","county_fips":"51087","state":"VA","est_mw":77.52}},{"type":"Feature","geometry":{"type":"Point","coordinates":[-111.997122,33.460806]},"properties":{"id":"way/1132632705","footprint_m2":14541,"name":"QTS","operator":"Quality Technology Services","county_fips":"04013","state":"AZ","est_mw":2.76}},{"type":"Feature","geometry":{"type":"Point","coordinates":[-111.888255,40.511452]},"properties":{"id":"way/1133047980","footprint_m2":968,"name":"FiberState Datacenter","county_fips":"49035","state":"UT","est_mw":0.18}},{"type":"Feature","geometry":{"type":"Point","coordinates":[-89.948703,38.81056]},"properties":{"id":"way/1133944585","footprint_m2":19,"county_fips":"17119","state":"IL","est_mw":0.0}},{"type":"Feature","geometry":{"type":"Point","coordinates":[-77.364004,38.951451]},"properties":{"id":"way/1134104431","footprint_m2":3764,"name":"CoreSite Reston Campus VA2","operator":"CoreSite","county_fips":"51059","state":"VA","est_mw":0.72}},{"type":"Feature","geometry":{"type":"Point","coordinates":[-77.519475,38.747596]},"properties":{"id":"way/1134911640","footprint_m2":19906,"name":"AWS IAD105","operator":"Amazon Web Services","ref":"IAD105","county_fips":"51153","state":"VA","est_mw":3.78}},{"type":"Feature","geometry":{"type":"Point","coordinates":[-77.520705,38.748374]},"properties":{"id":"way/1134911641","footprint_m2":19905,"name":"AWS IAD104","operator":"Amazon Web Services","ref":"IAD104","county_fips":"51153","state":"VA","est_mw":3.78}},{"type":"Feature","geometry":{"type":"Point","coordinates":[-77.513111,38.752517]},"properties":{"id":"way/1134911642","footprint_m2":11471,"name":"QTS Manassas DC1","operator":"Quality Technology Services","county_fips":"51153","state":"VA","est_mw":2.18}},{"type":"Feature","geometry":{"type":"Point","coordinates":[-76.851407,39.133685]},"properties":{"id":"way/1143804764","footprint_m2":10424,"county_fips":"24027","state":"MD","est_mw":1.98}},{"type":"Feature","geometry":{"type":"Point","coordinates":[-120.894596,44.301672]},"properties":{"id":"way/1152747559","footprint_m2":42308,"name":"Meta","operator":"Meta","county_fips":"41013","state":"OR","est_mw":8.04}},{"type":"Feature","geometry":{"type":"Point","coordinates":[-120.894595,44.299288]},"properties":{"id":"way/1152748037","footprint_m2":22407,"name":"Meta","operator":"Meta","county_fips":"41013","state":"OR","est_mw":4.26}},{"type":"Feature","geometry":{"type":"Point","coordinates":[-122.919969,45.568459]},"properties":{"id":"way/1153935548","footprint_m2":26742,"name":"Digital Realty PDX11 Data Center","operator":"Digital Realty","county_fips":"41067","state":"OR","est_mw":5.08}},{"type":"Feature","geometry":{"type":"Point","coordinates":[-87.975956,41.707134]},"properties":{"id":"way/1154349280","footprint_m2":1153,"name":"Datacenter (386)","operator":"UChicago Argonne LLC","ref":"386","county_fips":"17043","state":"IL","est_mw":0.22}},{"type":"Feature","geometry":{"type":"Point","coordinates":[-83.199583,40.101767]},"properties":{"id":"way/1154503131","footprint_m2":14008,"name":"Amazon Web Services","operator":"Amazon Web Services","county_fips":"39049","state":"OH","est_mw":2.66}},{"type":"Feature","geometry":{"type":"Point","coordinates":[-83.199475,40.100768]},"properties":{"id":"way/1154503132","footprint_m2":13955,"name":"Amazon Web Services","operator":"Amazon Web Services","county_fips":"39049","state":"OH","est_mw":2.65}},{"type":"Feature","geometry":{"type":"Point","coordinates":[-83.19926,40.099786]},"properties":{"id":"way/1154503133","footprint_m2":12243,"name":"Amazon Web Services","operator":"Amazon Web Services","county_fips":"39049","state":"OH","est_mw":2.33}},{"type":"Feature","geometry":{"type":"Point","coordinates":[-88.007265,41.987919]},"properties":{"id":"way/1154636644","footprint_m2":10548,"name":"NTT Chicago CH1","operator":"NTT","ref":"CH1","county_fips":"17043","state":"IL","est_mw":2.01}},{"type":"Feature","geometry":{"type":"Point","coordinates":[-91.919999,44.877165]},"properties":{"id":"way/1157356188","footprint_m2":313,"operator":"West Wisconsin Telcom","county_fips":"55033","state":"WI","est_mw":0.06}},{"type":"Feature","geometry":{"type":"Point","coordinates":[-121.973057,37.376079]},"properties":{"id":"way/1160688107","footprint_m2":5666,"name":"CoreSite SV7","operator":"CoreSite","ref":"SV7","county_fips":"06085","state":"CA","est_mw":1.08}},{"type":"Feature","geometry":{"type":"Point","coordinates":[-86.626919,34.847334]},"properties":{"id":"way/1160814413","footprint_m2":53730,"name":"Meta Huntsville Data center","operator":"Meta","county_fips":"01089","state":"AL","est_mw":10.21}},{"type":"Feature","geometry":{"type":"Point","coordinates":[-86.628866,34.843182]},"properties":{"id":"way/1160814415","footprint_m2":32762,"name":"Meta Huntsville Data center","operator":"Meta","county_fips":"01089","state":"AL","est_mw":6.23}},{"type":"Feature","geometry":{"type":"Point","coordinates":[-86.628841,34.840432]},"properties":{"id":"way/1160814416","footprint_m2":79632,"name":"Meta Huntsville Data center","operator":"Meta","county_fips":"01089","state":"AL","est_mw":15.14}},{"type":"Feature","geometry":{"type":"Point","coordinates":[-77.419905,38.979147]},"properties":{"id":"way/1161094246","footprint_m2":12037,"name":"Amazon Web Services","operator":"Amazon Web Services","ref":"IAD142","county_fips":"51107","state":"VA","est_mw":2.29}},{"type":"Feature","geometry":{"type":"Point","coordinates":[-77.497593,38.957335]},"properties":{"id":"way/1161730862","footprint_m2":141619,"county_fips":"51107","state":"VA","est_mw":26.92}},{"type":"Feature","geometry":{"type":"Point","coordinates":[-120.20771,47.418324]},"properties":{"id":"way/1173537116","footprint_m2":21871,"name":"Microsoft EAT03","operator":"Microsoft","county_fips":"53017","state":"WA","est_mw":4.16}},{"type":"Feature","geometry":{"type":"Point","coordinates":[-120.213821,47.419637]},"properties":{"id":"way/1173537117","footprint_m2":21817,"name":"Microsoft EAT04","operator":"Microsoft","county_fips":"53017","state":"WA","est_mw":4.15}},{"type":"Feature","geometry":{"type":"Point","coordinates":[-93.863444,41.53499]},"properties":{"id":"way/1173569101","footprint_m2":23271,"name":"Microsoft","operator":"Microsoft","county_fips":"19049","state":"IA","est_mw":4.42}},{"type":"Feature","geometry":{"type":"Point","coordinates":[-77.527429,38.941821]},"properties":{"id":"way/1173770902","footprint_m2":26932,"name":"Google: Arcola 2","operator":"Google","ref":"ARA2","county_fips":"51107","state":"VA","est_mw":5.12}},{"type":"Feature","geometry":{"type":"Point","coordinates":[-96.981946,32.894762]},"properties":{"id":"way/1177794153","footprint_m2":13173,"county_fips":"48113","state":"TX","est_mw":2.5}},{"type":"Feature","geometry":{"type":"Point","coordinates":[-77.419357,38.981546]},"properties":{"id":"way/1177893426","footprint_m2":1369,"name":"Amazon IAD603","operator":"Amazon Web Services","ref":"IAD603","county_fips":"51107","state":"VA","est_mw":0.26}},{"type":"Feature","geometry":{"type":"Point","coordinates":[-104.907516,41.125399]},"properties":{"id":"way/1177975782","footprint_m2":2711,"county_fips":"56021","state":"WY","est_mw":0.52}},{"type":"Feature","geometry":{"type":"Point","coordinates":[-104.899537,41.12646]},"properties":{"id":"way/1177975783","footprint_m2":3127,"county_fips":"56021","state":"WY","est_mw":0.59}},{"type":"Feature","geometry":{"type":"Point","coordinates":[-104.901978,41.125411]},"properties":{"id":"way/1177975784","footprint_m2":4793,"county_fips":"56021","state":"WY","est_mw":0.91}},{"type":"Feature","geometry":{"type":"Point","coordinates":[-104.908142,41.122266]},"properties":{"id":"way/1177975788","footprint_m2":20292,"county_fips":"56021","state":"WY","est_mw":3.86}},{"type":"Feature","geometry":{"type":"Point","coordinates":[-104.909517,41.122246]},"properties":{"id":"way/1177975789","footprint_m2":20149,"county_fips":"56021","state":"WY","est_mw":3.83}},{"type":"Feature","geometry":{"type":"Point","coordinates":[-75.477629,40.15222]},"properties":{"id":"way/1178609569","footprint_m2":10307,"name":"Flexential Philadelphia - Collegeville","operator":"Flexential","county_fips":"42091","state":"PA","est_mw":1.96}},{"type":"Feature","geometry":{"type":"Point","coordinates":[-116.267508,43.463142]},"properties":{"id":"way/1178649864","footprint_m2":1481966,"name":"Meta Kuna Data Center","operator":"Meta","county_fips":"16001","state":"ID","est_mw":281.72}},{"type":"Feature","geometry":{"type":"Point","coordinates":[-77.495674,38.917256]},"properties":{"id":"way/1181391920","footprint_m2":13946,"name":"Amazon IAD86","operator":"Amazon Web Services","ref":"IAD86","county_fips":"51107","state":"VA","est_mw":2.65}},{"type":"Feature","geometry":{"type":"Point","coordinates":[-77.519302,38.760361]},"properties":{"id":"way/1181391921","footprint_m2":9581,"name":"Amazon IAD130","operator":"Amazon Web Services","ref":"IAD130","county_fips":"51153","state":"VA","est_mw":1.82}},{"type":"Feature","geometry":{"type":"Point","coordinates":[-77.518221,38.761105]},"properties":{"id":"way/1181391922","footprint_m2":9727,"name":"Amazon IAD131","operator":"Amazon Web Services","ref":"IAD131","county_fips":"51153","state":"VA","est_mw":1.85}},{"type":"Feature","geometry":{"type":"Point","coordinates":[-94.598064,39.322651]},"properties":{"id":"way/1184066765","footprint_m2":57222,"name":"Meta Data Center","operator":"Meta","county_fips":"29047","state":"MO","est_mw":10.88}},{"type":"Feature","geometry":{"type":"Point","coordinates":[-77.474264,38.998772]},"properties":{"id":"way/1188680247","footprint_m2":14165,"name":"QTS Ashburn-Shellhorn DC2","operator":"Quality Technology Services","county_fips":"51107","state":"VA","est_mw":2.69}},{"type":"Feature","geometry":{"type":"Point","coordinates":[-77.455183,38.995355]},"properties":{"id":"way/1188680253","footprint_m2":14238,"name":"QTS Ashburn Lockridge","operator":"Quality Technology Services","county_fips":"51107","state":"VA","est_mw":2.71}},{"type":"Feature","geometry":{"type":"Point","coordinates":[-77.456888,38.995199]},"properties":{"id":"way/1188680254","footprint_m2":12595,"name":"QTS Ashburn Lockridge","operator":"Quality Technology Services","county_fips":"51107","state":"VA","est_mw":2.39}},{"type":"Feature","geometry":{"type":"Point","coordinates":[-77.434801,38.989554]},"properties":{"id":"way/1188680255","footprint_m2":12351,"name":"Amazon IAD192","operator":"Amazon Web Services","ref":"IAD192","county_fips":"51107","state":"VA","est_mw":2.35}},{"type":"Feature","geometry":{"type":"Point","coordinates":[-77.473267,39.017102]},"properties":{"id":"way/1188691867","footprint_m2":8479,"name":"NTT Ashburn VA6 Data Center","operator":"NTT","ref":"VA6","county_fips":"51107","state":"VA","est_mw":1.61}},{"type":"Feature","geometry":{"type":"Point","coordinates":[-77.475531,39.02019]},"properties":{"id":"way/1188691868","footprint_m2":10335,"name":"NTT Ashburn VA9 Data Center","operator":"NTT","ref":"VA9","county_fips":"51107","state":"VA","est_mw":1.96}},{"type":"Feature","geometry":{"type":"Point","coordinates":[-77.481828,39.017878]},"properties":{"id":"way/1188691869","footprint_m2":13586,"name":"DataBank Ashburn IAD3","operator":"DataBank","ref":"IAD3","county_fips":"51107","state":"VA","est_mw":2.58}},{"type":"Feature","geometry":{"type":"Point","coordinates":[-77.450465,39.019578]},"properties":{"id":"way/1188715508","footprint_m2":12199,"name":"CyrusOne NVA14","operator":"PowerHouse","ref":"ABX-1","county_fips":"51107","state":"VA","est_mw":2.32}},{"type":"Feature","geometry":{"type":"Point","coordinates":[-77.459474,39.017948]},"properties":{"id":"way/1188715510","footprint_m2":14690,"name":"Cologix ASH1","operator":"Cologix","county_fips":"51107","state":"VA","est_mw":2.79}},{"type":"Feature","geometry":{"type":"Point","coordinates":[-106.778889,34.82584]},"properties":{"id":"way/1191496040","footprint_m2":54673,"name":"Meta","operator":"Meta","ref":"4","county_fips":"35061","state":"NM","est_mw":10.39}},{"type":"Feature","geometry":{"type":"Point","coordinates":[-119.817984,47.244811]},"properties":{"id":"way/1193914601","footprint_m2":26035,"county_fips":"53025","state":"WA","est_mw":4.95}},{"type":"Feature","geometry":{"type":"Point","coordinates":[-119.814813,47.244276]},"properties":{"id":"way/1193914602","footprint_m2":13683,"county_fips":"53025","state":"WA","est_mw":2.6}},{"type":"Feature","geometry":{"type":"Point","coordinates":[-104.716232,41.142122]},"properties":{"id":"way/1197757146","footprint_m2":245707,"name":"Microsoft Cheyenne Business Parkway Data Center","county_fips":"56021","state":"WY","est_mw":46.71}},{"type":"Feature","geometry":{"type":"Point","coordinates":[-104.71676,41.141335]},"properties":{"id":"way/1197757147","footprint_m2":22974,"county_fips":"56021","state":"WY","est_mw":4.37}},{"type":"Feature","geometry":{"type":"Point","coordinates":[-93.455955,41.666799]},"properties":{"id":"way/1202051225","footprint_m2":5261,"name":"Lightedge Des Moines 2","county_fips":"19153","state":"IA","est_mw":1.0}},{"type":"Feature","geometry":{"type":"Point","coordinates":[-86.467368,41.68975]},"properties":{"id":"way/1203535554","footprint_m2":827938,"name":"Project Ranier AWS Data Center","county_fips":"18141","state":"IN","est_mw":157.39}},{"type":"Feature","geometry":{"type":"Point","coordinates":[-84.059266,34.036231]},"properties":{"id":"way/1207052719","footprint_m2":134899,"name":"QTS Suwanee","operator":"Quality Technology Services","county_fips":"13135","state":"GA","est_mw":25.64}},{"type":"Feature","geometry":{"type":"Point","coordinates":[-119.537859,39.569711]},"properties":{"id":"way/1210199365","footprint_m2":8344,"county_fips":"32031","state":"NV","est_mw":1.59}},{"type":"Feature","geometry":{"type":"Point","coordinates":[-119.537092,39.570053]},"properties":{"id":"way/1210199366","footprint_m2":8344,"county_fips":"32031","state":"NV","est_mw":1.59}},{"type":"Feature","geometry":{"type":"Point","coordinates":[-119.536034,39.570592]},"properties":{"id":"way/1210199367","footprint_m2":8345,"county_fips":"32031","state":"NV","est_mw":1.59}},{"type":"Feature","geometry":{"type":"Point","coordinates":[-119.535318,39.570986]},"properties":{"id":"way/1210199368","footprint_m2":8345,"county_fips":"32031","state":"NV","est_mw":1.59}},{"type":"Feature","geometry":{"type":"Point","coordinates":[-80.63309,41.04106]},"properties":{"id":"way/1210421871","footprint_m2":7003,"name":"Carrier Services Group","county_fips":"39099","state":"OH","est_mw":1.33}},{"type":"Feature","geometry":{"type":"Point","coordinates":[-86.833381,35.951041]},"properties":{"id":"way/1210515186","footprint_m2":6435,"name":"Flexential Nashville - Cool Springs","operator":"Flexential","county_fips":"47187","state":"TN","est_mw":1.22}},{"type":"Feature","geometry":{"type":"Point","coordinates":[-89.721403,43.638333]},"properties":{"id":"way/1211362828","footprint_m2":34,"county_fips":"55021","state":"WI","est_mw":0.01}},{"type":"Feature","geometry":{"type":"Point","coordinates":[-98.681366,29.475653]},"properties":{"id":"way/1213386673","footprint_m2":145845,"name":"Microsoft SAT14","county_fips":"48029","state":"TX","est_mw":27.72}},{"type":"Feature","geometry":{"type":"Point","coordinates":[-86.370314,36.408654]},"properties":{"id":"way/1213758201","footprint_m2":1583534,"name":"Gallatin Data Center","operator":"Meta","county_fips":"47165","state":"TN","est_mw":301.03}},{"type":"Feature","geometry":{"type":"Point","coordinates":[-87.917465,41.913983]},"properties":{"id":"way/1217649348","footprint_m2":18074,"name":"Aligned Data Center - Chicago ORD-01","operator":"Aligned","ref":"ORD-01","county_fips":"17031","state":"IL","est_mw":3.44}},{"type":"Feature","geometry":{"type":"Point","coordinates":[-87.917492,41.912962]},"properties":{"id":"way/1217649350","footprint_m2":10352,"name":"Aligned Data Center - Chicago ORD-02","operator":"Aligned","ref":"ORD-02","county_fips":"17031","state":"IL","est_mw":1.97}},{"type":"Feature","geometry":{"type":"Point","coordinates":[-87.972186,42.023143]},"properties":{"id":"way/1219083552","footprint_m2":10263,"county_fips":"17031","state":"IL","est_mw":1.95}},{"type":"Feature","geometry":{"type":"Point","coordinates":[-87.975557,42.023042]},"properties":{"id":"way/1219083554","footprint_m2":15165,"name":"T5 Chicago II","operator":"T5 Data Centers","ref":"Chicago II","county_fips":"17031","state":"IL","est_mw":2.88}},{"type":"Feature","geometry":{"type":"Point","coordinates":[-97.618965,30.215402]},"properties":{"id":"way/1221574918","footprint_m2":39591,"name":"Cortex supercomputer","county_fips":"48453","state":"TX","est_mw":7.53}},{"type":"Feature","geometry":{"type":"Point","coordinates":[-77.518528,38.746975]},"properties":{"id":"way/1221862807","footprint_m2":19064,"name":"AWS IAD106","operator":"Amazon Web Services","ref":"IAD106","county_fips":"51153","state":"VA","est_mw":3.62}},{"type":"Feature","geometry":{"type":"Point","coordinates":[-82.764471,40.059613]},"properties":{"id":"way/1222007663","footprint_m2":13216,"name":"Google NBY-2","operator":"Google","county_fips":"39089","state":"OH","est_mw":2.51}},{"type":"Feature","geometry":{"type":"Point","coordinates":[-77.52358,38.949135]},"properties":{"id":"way/1222134968","footprint_m2":1322,"name":"Amazon Web Services","operator":"Amazon Web Services","ref":"IAD609","county_fips":"51107","state":"VA","est_mw":0.25}},{"type":"Feature","geometry":{"type":"Point","coordinates":[-95.877914,41.212099]},"properties":{"id":"way/1226436454","footprint_m2":10958,"county_fips":"19155","state":"IA","est_mw":2.08}},{"type":"Feature","geometry":{"type":"Point","coordinates":[-95.878018,41.212215]},"properties":{"id":"way/1226436457","footprint_m2":32701,"name":"CyrusOne OCB1 Council Bluffs","operator":"CyrusOne","ref":"OCB1","county_fips":"19155","state":"IA","est_mw":6.22}},{"type":"Feature","geometry":{"type":"Point","coordinates":[-119.694048,45.836184]},"properties":{"id":"way/1226439731","footprint_m2":19866,"name":"Amazon Web Services","operator":"Amazon Web Services","ref":"PDX90","county_fips":"41049","state":"OR","est_mw":3.78}},{"type":"Feature","geometry":{"type":"Point","coordinates":[-77.510616,38.803345]},"properties":{"id":"way/1227539675","footprint_m2":20703,"name":"Equinix DC14","operator":"Equinix","ref":"DC14","county_fips":"51153","state":"VA","est_mw":3.94}},{"type":"Feature","geometry":{"type":"Point","coordinates":[-97.319709,32.651234]},"properties":{"id":"way/1227550179","footprint_m2":3966,"name":"Novartis","county_fips":"48439","state":"TX","est_mw":0.75}},{"type":"Feature","geometry":{"type":"Point","coordinates":[-121.783999,37.242605]},"properties":{"id":"way/1227604493","footprint_m2":7151,"name":"Equinix SV11","operator":"Equinix","ref":"SV11","county_fips":"06085","state":"CA","est_mw":1.36}},{"type":"Feature","geometry":{"type":"Point","coordinates":[-77.504075,38.736984]},"properties":{"id":"way/1227612684","footprint_m2":13184,"name":"Amazon IAD103","operator":"Amazon Web Services","ref":"IAD103","county_fips":"51153","state":"VA","est_mw":2.51}},{"type":"Feature","geometry":{"type":"Point","coordinates":[-77.495128,38.71497]},"properties":{"id":"way/1227614670","footprint_m2":11417,"name":"CloudHQ MCC3","operator":"CloudHQ","ref":"MCC3","county_fips":"51153","state":"VA","est_mw":2.17}},{"type":"Feature","geometry":{"type":"Point","coordinates":[-111.88329,33.266344]},"properties":{"id":"way/1227682824","footprint_m2":12892,"name":"CyrusOne PHX8","county_fips":"04013","state":"AZ","est_mw":2.45}},{"type":"Feature","geometry":{"type":"Point","coordinates":[-111.881627,33.271968]},"properties":{"id":"way/1227684019","footprint_m2":9998,"name":"CyrusOne PHX3","county_fips":"04013","state":"AZ","est_mw":1.9}},{"type":"Feature","geometry":{"type":"Point","coordinates":[-111.883282,33.271937]},"properties":{"id":"way/1227684020","footprint_m2":10122,"name":"CyrusOne PHX4","county_fips":"04013","state":"AZ","est_mw":1.92}},{"type":"Feature","geometry":{"type":"Point","coordinates":[-77.440175,39.003212]},"properties":{"id":"way/1227777116","footprint_m2":11417,"name":"Vantage VA13","operator":"Vantage Data Centers","ref":"VA13","county_fips":"51107","state":"VA","est_mw":2.17}},{"type":"Feature","geometry":{"type":"Point","coordinates":[-93.455482,41.667657]},"properties":{"id":"way/1227883682","footprint_m2":2794,"name":"Lightedge Des Moines 1","county_fips":"19153","state":"IA","est_mw":0.53}},{"type":"Feature","geometry":{"type":"Point","coordinates":[-79.003417,43.082029]},"properties":{"id":"way/1229749890","footprint_m2":144,"name":"Blockfusion Niagra Falls","county_fips":"36063","state":"NY","est_mw":0.03}},{"type":"Feature","geometry":{"type":"Point","coordinates":[-79.003509,43.082178]},"properties":{"id":"way/1229749891","footprint_m2":53,"name":"Blockfusion Niagra Falls","county_fips":"36063","state":"NY","est_mw":0.01}},{"type":"Feature","geometry":{"type":"Point","coordinates":[-79.003288,43.082796]},"properties":{"id":"way/1229749892","footprint_m2":1910,"name":"Blockfusion Niagra Falls","county_fips":"36063","state":"NY","est_mw":0.36}},{"type":"Feature","geometry":{"type":"Point","coordinates":[-79.003111,43.08313]},"properties":{"id":"way/1229749893","footprint_m2":229,"name":"Blockfusion Niagra Falls","county_fips":"36063","state":"NY","est_mw":0.04}},{"type":"Feature","geometry":{"type":"Point","coordinates":[-79.003335,43.083206]},"properties":{"id":"way/1229749894","footprint_m2":220,"name":"Blockfusion Niagra Falls","county_fips":"36063","state":"NY","est_mw":0.04}},{"type":"Feature","geometry":{"type":"Point","coordinates":[-79.003903,43.083165]},"properties":{"id":"way/1229749895","footprint_m2":112,"name":"Blockfusion Niagra Falls","county_fips":"36063","state":"NY","est_mw":0.02}},{"type":"Feature","geometry":{"type":"Point","coordinates":[-79.003904,43.083284]},"properties":{"id":"way/1229749896","footprint_m2":112,"name":"Blockfusion Niagra Falls","county_fips":"36063","state":"NY","est_mw":0.02}},{"type":"Feature","geometry":{"type":"Point","coordinates":[-96.084899,41.1805]},"properties":{"id":"way/1235150788","footprint_m2":22082,"name":"Yahoo","operator":"Yahoo","county_fips":"31153","state":"NE","est_mw":4.2}},{"type":"Feature","geometry":{"type":"Point","coordinates":[-106.729171,32.309655]},"properties":{"id":"way/1235255415","footprint_m2":2958,"operator":"CenturyLink","county_fips":"35013","state":"NM","est_mw":0.56}},{"type":"Feature","geometry":{"type":"Point","coordinates":[-115.147055,36.221893]},"properties":{"id":"way/1235846520","footprint_m2":2332,"name":"Verizon North Las Vegas","operator":"Verizon","county_fips":"32003","state":"NV","est_mw":0.44}},{"type":"Feature","geometry":{"type":"Point","coordinates":[-96.144073,41.13492]},"properties":{"id":"way/1237493975","footprint_m2":27215,"name":"Google","operator":"Google","county_fips":"31153","state":"NE","est_mw":5.17}},{"type":"Feature","geometry":{"type":"Point","coordinates":[-96.155906,41.134393]},"properties":{"id":"way/1237494981","footprint_m2":27633,"name":"Google","operator":"Google","county_fips":"31153","state":"NE","est_mw":5.25}},{"type":"Feature","geometry":{"type":"Point","coordinates":[-76.147544,41.084313]},"properties":{"id":"way/1237884677","footprint_m2":365825,"county_fips":"42079","state":"PA","est_mw":69.54}},{"type":"Feature","geometry":{"type":"Point","coordinates":[-81.632805,41.361062]},"properties":{"id":"way/1238705019","footprint_m2":2452,"name":"Involta Independence","county_fips":"39035","state":"OH","est_mw":0.47}},{"type":"Feature","geometry":{"type":"Point","coordinates":[-73.987494,41.03627]},"properties":{"id":"way/1238955720","footprint_m2":16958,"name":"Bloomberg Data Center","operator":"Bloomberg","county_fips":"36087","state":"NY","est_mw":3.22}},{"type":"Feature","geometry":{"type":"Point","coordinates":[-73.975764,41.034485]},"properties":{"id":"way/1238955733","footprint_m2":14076,"name":"fifteenfortyseven CSR ORNY1","operator":"fifteenfortyseven Critical Systems Realty","county_fips":"36087","state":"NY","est_mw":2.68}},{"type":"Feature","geometry":{"type":"Point","coordinates":[-122.939427,45.554216]},"properties":{"id":"way/1243089554","footprint_m2":8463,"name":"Stack Infrastructure - POR03","operator":"Stack Infrastructure","ref":"POR03B","county_fips":"41067","state":"OR","est_mw":1.61}},{"type":"Feature","geometry":{"type":"Point","coordinates":[-122.940939,45.554217]},"properties":{"id":"way/1243089555","footprint_m2":8666,"name":"Stack Infrastructure - POR03","operator":"Stack Infrastructure","ref":"POR03C","county_fips":"41067","state":"OR","est_mw":1.65}},{"type":"Feature","geometry":{"type":"Point","coordinates":[-122.938007,45.552884]},"properties":{"id":"way/1243089557","footprint_m2":9099,"name":"Stack Infrastructure - POR03","operator":"Stack Infrastructure","ref":"POR03D","county_fips":"41067","state":"OR","est_mw":1.73}},{"type":"Feature","geometry":{"type":"Point","coordinates":[-77.452473,38.904346]},"properties":{"id":"way/1252196797","footprint_m2":11236,"name":"Amazon Web Services","operator":"Amazon Web Services","county_fips":"51059","state":"VA","est_mw":2.14}},{"type":"Feature","geometry":{"type":"Point","coordinates":[-77.45476,38.904837]},"properties":{"id":"way/1252196798","footprint_m2":11054,"name":"Amazon Web Services","operator":"Amazon Web Services","county_fips":"51059","state":"VA","est_mw":2.1}},{"type":"Feature","geometry":{"type":"Point","coordinates":[-77.490552,38.915905]},"properties":{"id":"way/1252196799","footprint_m2":8142,"name":"Amazon Web Services","operator":"Amazon Web Services","county_fips":"51107","state":"VA","est_mw":1.55}},{"type":"Feature","geometry":{"type":"Point","coordinates":[-77.490976,38.91499]},"properties":{"id":"way/1252196800","footprint_m2":1289,"name":"Amazon Web Services","operator":"Amazon Web Services","county_fips":"51107","state":"VA","est_mw":0.25}},{"type":"Feature","geometry":{"type":"Point","coordinates":[-82.747637,40.092983]},"properties":{"id":"way/1252196801","footprint_m2":12666,"name":"Amazon Web Services CMH62","operator":"Amazon Web Services","ref":"CMH62","county_fips":"39089","state":"OH","est_mw":2.41}},{"type":"Feature","geometry":{"type":"Point","coordinates":[-82.73216,40.09344]},"properties":{"id":"way/1252196802","footprint_m2":19912,"name":"Amazon Web Services","operator":"Amazon Web Services","county_fips":"39089","state":"OH","est_mw":3.79}},{"type":"Feature","geometry":{"type":"Point","coordinates":[-82.727551,40.092158]},"properties":{"id":"way/1252196803","footprint_m2":19906,"name":"Amazon Web Services","operator":"Amazon Web Services","county_fips":"39089","state":"OH","est_mw":3.78}},{"type":"Feature","geometry":{"type":"Point","coordinates":[-82.726491,40.092965]},"properties":{"id":"way/1252196804","footprint_m2":1321,"name":"Amazon Web Services","operator":"Amazon Web Services","county_fips":"39089","state":"OH","est_mw":0.25}},{"type":"Feature","geometry":{"type":"Point","coordinates":[-83.201391,40.116259]},"properties":{"id":"way/1252196805","footprint_m2":20256,"name":"Amazon Web Services","operator":"Amazon Web Services","county_fips":"39159","state":"OH","est_mw":3.85}},{"type":"Feature","geometry":{"type":"Point","coordinates":[-83.202082,40.1174]},"properties":{"id":"way/1252196806","footprint_m2":19821,"operator":"Amazon Web Services","county_fips":"39159","state":"OH","est_mw":3.77}},{"type":"Feature","geometry":{"type":"Point","coordinates":[-83.20026,40.119048]},"properties":{"id":"way/1252196807","footprint_m2":1268,"name":"Amazon Web Services","operator":"Amazon Web Services","county_fips":"39159","state":"OH","est_mw":0.24}},{"type":"Feature","geometry":{"type":"Point","coordinates":[-83.17546,40.049358]},"properties":{"id":"way/1252196808","footprint_m2":20493,"name":"Amazon Web Services","operator":"Amazon Web Services","county_fips":"39049","state":"OH","est_mw":3.9}},{"type":"Feature","geometry":{"type":"Point","coordinates":[-83.175284,40.048131]},"properties":{"id":"way/1252196809","footprint_m2":20238,"operator":"Amazon Web Services","county_fips":"39049","state":"OH","est_mw":3.85}},{"type":"Feature","geometry":{"type":"Point","coordinates":[-83.177547,40.04791]},"properties":{"id":"way/1252196810","footprint_m2":1343,"name":"Amazon Web Services","operator":"Amazon Web Services","county_fips":"39049","state":"OH","est_mw":0.26}},{"type":"Feature","geometry":{"type":"Point","coordinates":[-82.765312,40.057941]},"properties":{"id":"way/1252196811","footprint_m2":26788,"name":"Google NBY-3","operator":"Google","county_fips":"39089","state":"OH","est_mw":5.09}},{"type":"Feature","geometry":{"type":"Point","coordinates":[-82.771785,40.059364]},"properties":{"id":"way/1252196812","footprint_m2":26645,"name":"Google NBY-4","operator":"Google","county_fips":"39049","state":"OH","est_mw":5.07}},{"type":"Feature","geometry":{"type":"Point","coordinates":[-82.750988,40.06038]},"properties":{"id":"way/1252196813","footprint_m2":56556,"name":"NAO 5/NAO 6","operator":"Meta","county_fips":"39089","state":"OH","est_mw":10.75}},{"type":"Feature","geometry":{"type":"Point","coordinates":[-82.994875,39.852098]},"properties":{"id":"way/1252196814","footprint_m2":26930,"name":"Google","operator":"Google","county_fips":"39049","state":"OH","est_mw":5.12}},{"type":"Feature","geometry":{"type":"Point","coordinates":[-77.582524,38.776123]},"properties":{"id":"way/1252196815","footprint_m2":26917,"name":"Google","operator":"Google","county_fips":"51153","state":"VA","est_mw":5.12}},{"type":"Feature","geometry":{"type":"Point","coordinates":[-119.605096,45.85875]},"properties":{"id":"way/1252196816","footprint_m2":19563,"name":"Amazon Web Services","operator":"Amazon Web Services","ref":"PDX109","county_fips":"41049","state":"OR","est_mw":3.72}},{"type":"Feature","geometry":{"type":"Point","coordinates":[-119.605134,45.860083]},"properties":{"id":"way/1252196817","footprint_m2":19687,"name":"Amazon Web Services","operator":"Amazon Web Services","ref":"PDX110","county_fips":"41049","state":"OR","est_mw":3.74}},{"type":"Feature","geometry":{"type":"Point","coordinates":[-119.605153,45.860969]},"properties":{"id":"way/1252196818","footprint_m2":20116,"name":"Amazon Web Services","operator":"Amazon Web Services","ref":"PDX111","county_fips":"41049","state":"OR","est_mw":3.82}},{"type":"Feature","geometry":{"type":"Point","coordinates":[-119.651777,45.841481]},"properties":{"id":"way/1252196819","footprint_m2":1279,"name":"Amazon Web Services","operator":"Amazon Web Services","county_fips":"41049","state":"OR","est_mw":0.24}},{"type":"Feature","geometry":{"type":"Point","coordinates":[-119.231837,45.920613]},"properties":{"id":"way/1252196820","footprint_m2":19737,"name":"Amazon Web Services","operator":"Amazon Web Services","county_fips":"41059","state":"OR","est_mw":3.75}},{"type":"Feature","geometry":{"type":"Point","coordinates":[-119.229994,45.920589]},"properties":{"id":"way/1252196821","footprint_m2":19839,"name":"Amazon Web Services","operator":"Amazon Web Services","county_fips":"41059","state":"OR","est_mw":3.77}},{"type":"Feature","geometry":{"type":"Point","coordinates":[-119.361959,45.797775]},"properties":{"id":"way/1252196822","footprint_m2":20139,"name":"Amazon Web Services","operator":"Amazon Web Services","ref":"PDX81","county_fips":"41059","state":"OR","est_mw":3.83}},{"type":"Feature","geometry":{"type":"Point","coordinates":[-119.366658,45.799165]},"properties":{"id":"way/1252196823","footprint_m2":20151,"name":"Amazon Web Services","operator":"Amazon Web Services","county_fips":"41059","state":"OR","est_mw":3.83}},{"type":"Feature","geometry":{"type":"Point","coordinates":[-82.691127,39.72401]},"properties":{"id":"way/1252196824","footprint_m2":26872,"name":"Google","operator":"Google","county_fips":"39045","state":"OH","est_mw":5.11}},{"type":"Feature","geometry":{"type":"Point","coordinates":[-77.517215,38.746146]},"properties":{"id":"way/1252196825","footprint_m2":19761,"name":"Amazon Web Services","operator":"Amazon Web Services","county_fips":"51153","state":"VA","est_mw":3.76}},{"type":"Feature","geometry":{"type":"Point","coordinates":[-77.4858,38.921314]},"properties":{"id":"way/1252196826","footprint_m2":12444,"name":"Amazon Web Services","operator":"Amazon Web Services","county_fips":"51107","state":"VA","est_mw":2.37}},{"type":"Feature","geometry":{"type":"Point","coordinates":[-77.471072,38.995094]},"properties":{"id":"way/1253282099","footprint_m2":1364,"name":"Amazon Web Services","operator":"Amazon Web Services","county_fips":"51107","state":"VA","est_mw":0.26}},{"type":"Feature","geometry":{"type":"Point","coordinates":[-96.132894,41.123573]},"properties":{"id":"way/1253282100","footprint_m2":58395,"name":"Meta Sarpy Data center","operator":"Meta","county_fips":"31153","state":"NE","est_mw":11.1}},{"type":"Feature","geometry":{"type":"Point","coordinates":[-96.142836,41.114329]},"properties":{"id":"way/1253282101","footprint_m2":58091,"name":"Meta Sarpy Data center","operator":"Meta","county_fips":"31153","state":"NE","est_mw":11.04}},{"type":"Feature","geometry":{"type":"Point","coordinates":[-96.141555,41.112163]},"properties":{"id":"way/1253282102","footprint_m2":26594,"name":"Meta Sarpy Data center","operator":"Meta","county_fips":"31153","state":"NE","est_mw":5.06}},{"type":"Feature","geometry":{"type":"Point","coordinates":[-93.509657,41.675572]},"properties":{"id":"way/1253282103","footprint_m2":45835,"name":"Meta","operator":"Meta","county_fips":"19153","state":"IA","est_mw":8.71}},{"type":"Feature","geometry":{"type":"Point","coordinates":[-93.506031,41.675823]},"properties":{"id":"way/1253282104","footprint_m2":55842,"name":"Meta","operator":"Meta","county_fips":"19153","state":"IA","est_mw":10.62}},{"type":"Feature","geometry":{"type":"Point","coordinates":[-87.547121,37.362991]},"properties":{"id":"way/1254161871","footprint_m2":41102,"name":"Dynamics Mining","county_fips":"21107","state":"KY","est_mw":7.81}},{"type":"Feature","geometry":{"type":"Point","coordinates":[-84.61124,33.730703]},"properties":{"id":"way/1258702591","footprint_m2":28909,"name":"Flexential Atlanta - Douglasville 2","operator":"Flexential","county_fips":"13097","state":"GA","est_mw":5.5}},{"type":"Feature","geometry":{"type":"Point","coordinates":[-115.221112,36.064022]},"properties":{"id":"way/1263819877","footprint_m2":22462,"operator":"Switch","county_fips":"32003","state":"NV","est_mw":4.27}},{"type":"Feature","geometry":{"type":"Point","coordinates":[-104.068498,41.182601]},"properties":{"id":"way/1268789798","footprint_m2":104,"name":"Windbreak Cable","county_fips":"56021","state":"WY","est_mw":0.02}},{"type":"Feature","geometry":{"type":"Point","coordinates":[-77.503984,38.740436]},"properties":{"id":"way/1269259655","footprint_m2":8914,"county_fips":"51683","state":"VA","est_mw":1.69}},{"type":"Feature","geometry":{"type":"Point","coordinates":[-88.007257,41.988967]},"properties":{"id":"way/1271571726","footprint_m2":10736,"name":"NTT Chicago CH2","operator":"NTT","ref":"CH2","county_fips":"17043","state":"IL","est_mw":2.04}},{"type":"Feature","geometry":{"type":"Point","coordinates":[-104.707994,39.7341]},"properties":{"id":"way/1273968634","footprint_m2":15490,"name":"QTS","operator":"Quality Technology Services","ref":"Denver 1","county_fips":"08005","state":"CO","est_mw":2.94}},{"type":"Feature","geometry":{"type":"Point","coordinates":[-120.869921,44.285754]},"properties":{"id":"way/1276373853","footprint_m2":25569,"name":"Apple","operator":"Apple Inc.","county_fips":"41013","state":"OR","est_mw":4.86}},{"type":"Feature","geometry":{"type":"Point","coordinates":[-77.435176,38.986526]},"properties":{"id":"way/1276518679","footprint_m2":10537,"name":"Amazon IAD214","operator":"Amazon Web Services","ref":"IAD214","county_fips":"51107","state":"VA","est_mw":2.0}},{"type":"Feature","geometry":{"type":"Point","coordinates":[-77.440752,38.988621]},"properties":{"id":"way/1276518684","footprint_m2":7418,"name":"Aligned IAD03","operator":"Aligned","ref":"IAD03","county_fips":"51107","state":"VA","est_mw":1.41}},{"type":"Feature","geometry":{"type":"Point","coordinates":[-77.433932,38.992269]},"properties":{"id":"way/1276518687","footprint_m2":7926,"name":"Digital Realty IAD55","operator":"Digital Realty","ref":"IAD55","county_fips":"51107","state":"VA","est_mw":1.51}},{"type":"Feature","geometry":{"type":"Point","coordinates":[-81.521972,41.057431]},"properties":{"id":"way/1278541792","footprint_m2":5521,"name":"Involta-Akron","county_fips":"39153","state":"OH","est_mw":1.05}},{"type":"Feature","geometry":{"type":"Point","coordinates":[-77.520226,38.947361]},"properties":{"id":"way/1280340212","footprint_m2":1261,"name":"Amazon Web Services","operator":"Amazon Web Services","county_fips":"51107","state":"VA","est_mw":0.24}},{"type":"Feature","geometry":{"type":"Point","coordinates":[-77.417527,38.983575]},"properties":{"id":"way/1280340213","footprint_m2":1308,"name":"Amazon Web Services","operator":"Amazon Web Services","county_fips":"51107","state":"VA","est_mw":0.25}},{"type":"Feature","geometry":{"type":"Point","coordinates":[-77.622127,38.802897]},"properties":{"id":"way/1280340214","footprint_m2":12006,"name":"Amazon Web Services","operator":"Amazon Web Services","county_fips":"51153","state":"VA","est_mw":2.28}},{"type":"Feature","geometry":{"type":"Point","coordinates":[-77.533094,38.74512]},"properties":{"id":"way/1280340215","footprint_m2":1348,"name":"Amazon Web Services","operator":"Amazon Web Services","county_fips":"51153","state":"VA","est_mw":0.26}},{"type":"Feature","geometry":{"type":"Point","coordinates":[-77.654331,38.814598]},"properties":{"id":"way/1280340216","footprint_m2":1337,"name":"Amazon Web Services","operator":"Amazon Web Services","county_fips":"51153","state":"VA","est_mw":0.25}},{"type":"Feature","geometry":{"type":"Point","coordinates":[-77.652159,38.816968]},"properties":{"id":"way/1280340217","footprint_m2":13873,"name":"Amazon Web Services","operator":"Amazon Web Services","county_fips":"51153","state":"VA","est_mw":2.64}},{"type":"Feature","geometry":{"type":"Point","coordinates":[-83.215834,40.13419]},"properties":{"id":"way/1280344148","footprint_m2":21703,"name":"Amazon Web Services","operator":"Amazon Web Services","county_fips":"39159","state":"OH","est_mw":4.13}},{"type":"Feature","geometry":{"type":"Point","coordinates":[-119.228858,45.920584]},"properties":{"id":"way/1280344149","footprint_m2":19990,"name":"Amazon Web Services","operator":"Amazon Web Services","county_fips":"41059","state":"OR","est_mw":3.8}},{"type":"Feature","geometry":{"type":"Point","coordinates":[-119.227011,45.92059]},"properties":{"id":"way/1280344150","footprint_m2":19950,"name":"Amazon Web Services","operator":"Amazon Web Services","county_fips":"41059","state":"OR","est_mw":3.79}},{"type":"Feature","geometry":{"type":"Point","coordinates":[-119.226131,45.919514]},"properties":{"id":"way/1280344151","footprint_m2":1252,"name":"Amazon Web Services","operator":"Amazon Web Services","county_fips":"41059","state":"OR","est_mw":0.24}},{"type":"Feature","geometry":{"type":"Point","coordinates":[-119.341668,45.882515]},"properties":{"id":"way/1280344153","footprint_m2":20080,"name":"Amazon Web Services","operator":"Amazon Web Services","county_fips":"41059","state":"OR","est_mw":3.82}},{"type":"Feature","geometry":{"type":"Point","coordinates":[-119.605112,45.862253]},"properties":{"id":"way/1280344154","footprint_m2":19689,"name":"Amazon Web Services","operator":"Amazon Web Services","ref":"PDX112","county_fips":"41049","state":"OR","est_mw":3.74}},{"type":"Feature","geometry":{"type":"Point","coordinates":[-119.604872,45.858038]},"properties":{"id":"way/1280344155","footprint_m2":1190,"name":"Amazon Web Services","operator":"Amazon Web Services","county_fips":"41049","state":"OR","est_mw":0.23}},{"type":"Feature","geometry":{"type":"Point","coordinates":[-119.651302,45.84067]},"properties":{"id":"way/1280344156","footprint_m2":1294,"name":"Amazon Web Services","operator":"Amazon Web Services","county_fips":"41049","state":"OR","est_mw":0.25}},{"type":"Feature","geometry":{"type":"Point","coordinates":[-119.632086,45.819931]},"properties":{"id":"way/1280344157","footprint_m2":19768,"name":"Amazon Web Services","operator":"Amazon Web Services","county_fips":"41049","state":"OR","est_mw":3.76}},{"type":"Feature","geometry":{"type":"Point","coordinates":[-82.740961,40.064091]},"properties":{"id":"way/1281938077","footprint_m2":1042161,"name":"Meta LCO 3 Project","operator":"Meta","county_fips":"39089","state":"OH","est_mw":198.11}},{"type":"Feature","geometry":{"type":"Point","coordinates":[-82.758034,40.063888]},"properties":{"id":"way/1281938083","footprint_m2":211952,"operator":"Quality Technology Services","county_fips":"39089","state":"OH","est_mw":40.29}},{"type":"Feature","geometry":{"type":"Point","coordinates":[-82.996161,39.848753]},"properties":{"id":"way/1281982556","footprint_m2":1065016,"name":"Google Lockbourne, OH","operator":"Google","county_fips":"39049","state":"OH","est_mw":202.46}},{"type":"Feature","geometry":{"type":"Point","coordinates":[-82.751474,40.099074]},"properties":{"id":"way/1281982572","footprint_m2":141644,"name":"Amazon New Albany: Jug and Beach Road","county_fips":"39089","state":"OH","est_mw":26.93}},{"type":"Feature","geometry":{"type":"Point","coordinates":[-84.214974,34.103383]},"properties":{"id":"way/1282332209","footprint_m2":16137,"name":"UPS Data Center","county_fips":"13117","state":"GA","est_mw":3.07}},{"type":"Feature","geometry":{"type":"Point","coordinates":[-104.894984,41.125124]},"properties":{"id":"way/1282875386","footprint_m2":28431,"name":"MineOne Wyoming Data Center","operator":"MineOne","county_fips":"56021","state":"WY","est_mw":5.4}},{"type":"Feature","geometry":{"type":"Point","coordinates":[-77.5452,38.775507]},"properties":{"id":"way/1283698132","footprint_m2":16832,"name":"Iron Mountain VA-3","operator":"Iron Mountain","ref":"VA-3","county_fips":"51153","state":"VA","est_mw":3.2}},{"type":"Feature","geometry":{"type":"Point","coordinates":[-112.373044,33.447332]},"properties":{"id":"way/1283734103","footprint_m2":178744,"name":"Vantage Data Centers AZ1 Campus","county_fips":"04013","state":"AZ","est_mw":33.98}},{"type":"Feature","geometry":{"type":"Point","coordinates":[-112.37392,33.44634]},"properties":{"id":"way/1283734104","footprint_m2":22165,"name":"Vantage Data Centers","operator":"Vantage Data Centers","county_fips":"04013","state":"AZ","est_mw":4.21}},{"type":"Feature","geometry":{"type":"Point","coordinates":[-77.585627,38.774417]},"properties":{"id":"way/1287260553","footprint_m2":26907,"name":"Google","operator":"Google","county_fips":"51153","state":"VA","est_mw":5.11}},{"type":"Feature","geometry":{"type":"Point","coordinates":[-77.62121,38.801857]},"properties":{"id":"way/1287260554","footprint_m2":11800,"name":"Amazon Web Services","operator":"Amazon Web Services","county_fips":"51153","state":"VA","est_mw":2.24}},{"type":"Feature","geometry":{"type":"Point","coordinates":[-77.620481,38.801257]},"properties":{"id":"way/1287260555","footprint_m2":12093,"name":"Amazon Web Services","operator":"Amazon Web Services","county_fips":"51153","state":"VA","est_mw":2.3}},{"type":"Feature","geometry":{"type":"Point","coordinates":[-77.542221,38.774423]},"properties":{"id":"way/1287260556","footprint_m2":8272,"name":"Iron Mountain VA-4","operator":"Iron Mountain","county_fips":"51153","state":"VA","est_mw":1.57}},{"type":"Feature","geometry":{"type":"Point","coordinates":[-77.541169,38.773043]},"properties":{"id":"way/1287260557","footprint_m2":9906,"name":"Iron Mountain VA-5","operator":"Iron Mountain","county_fips":"51153","state":"VA","est_mw":1.88}},{"type":"Feature","geometry":{"type":"Point","coordinates":[-77.510797,38.753195]},"properties":{"id":"way/1287260558","footprint_m2":12818,"name":"QTS Manassas DC2","operator":"Quality Technology Services","county_fips":"51153","state":"VA","est_mw":2.44}},{"type":"Feature","geometry":{"type":"Point","coordinates":[-77.516652,38.758875]},"properties":{"id":"way/1287260559","footprint_m2":12969,"county_fips":"51153","state":"VA","est_mw":2.47}},{"type":"Feature","geometry":{"type":"Point","coordinates":[-95.792203,41.173595]},"properties":{"id":"way/1287260560","footprint_m2":27380,"name":"Google","operator":"Google","county_fips":"19155","state":"IA","est_mw":5.2}},{"type":"Feature","geometry":{"type":"Point","coordinates":[-95.788678,41.173597]},"properties":{"id":"way/1287260561","footprint_m2":27577,"name":"Google","operator":"Google","county_fips":"19155","state":"IA","est_mw":5.24}},{"type":"Feature","geometry":{"type":"Point","coordinates":[-81.802852,41.442495]},"properties":{"id":"way/1292169104","footprint_m2":90561,"name":"T5@Cleveland","operator":"T5 Data Centers","county_fips":"39035","state":"OH","est_mw":17.22}},{"type":"Feature","geometry":{"type":"Point","coordinates":[-77.5383,39.042553]},"properties":{"id":"way/1292897241","footprint_m2":3780,"name":"42311 THUNDERBALL DR","operator":"True North Data Solutions","county_fips":"51107","state":"VA","est_mw":0.72}},{"type":"Feature","geometry":{"type":"Point","coordinates":[-77.539224,39.041623]},"properties":{"id":"way/1292897242","footprint_m2":5617,"name":"42255 THUNDERBALL DR","operator":"True North Data Solutions","county_fips":"51107","state":"VA","est_mw":1.07}},{"type":"Feature","geometry":{"type":"Point","coordinates":[-77.540874,39.043502]},"properties":{"id":"way/1292897243","footprint_m2":7200,"name":"42254 THUNDERBALL DR","operator":"True North Data Solutions","county_fips":"51107","state":"VA","est_mw":1.37}},{"type":"Feature","geometry":{"type":"Point","coordinates":[-112.386824,33.564056]},"properties":{"id":"way/1293777436","footprint_m2":465924,"name":"Aligned Data Centers","county_fips":"04013","state":"AZ","est_mw":88.57}},{"type":"Feature","geometry":{"type":"Point","coordinates":[-86.369661,36.411865]},"properties":{"id":"way/1294595615","footprint_m2":58210,"name":"Meta Gallatin Data Center","operator":"Meta","county_fips":"47165","state":"TN","est_mw":11.07}},{"type":"Feature","geometry":{"type":"Point","coordinates":[-121.040037,37.665147]},"properties":{"id":"way/1296163129","footprint_m2":559,"name":"Modesto Junior College West Data Center","operator":"Yosemite Community College District","county_fips":"06099","state":"CA","est_mw":0.11}},{"type":"Feature","geometry":{"type":"Point","coordinates":[-98.462647,29.686403]},"properties":{"id":"way/1296723872","footprint_m2":41,"name":"GVTC","operator":"GVTC","county_fips":"48029","state":"TX","est_mw":0.01}},{"type":"Feature","geometry":{"type":"Point","coordinates":[-96.654273,32.983668]},"properties":{"id":"way/1300765126","footprint_m2":26072,"name":"Stream Data Centers DFWA","operator":"Stream Data Centers","ref":"DFWA","county_fips":"48113","state":"TX","est_mw":4.96}},{"type":"Feature","geometry":{"type":"Point","coordinates":[-97.731228,32.341745]},"properties":{"id":"way/1301559332","footprint_m2":164335,"name":"MARA Data Center","operator":"Marathon Digital Holdings","county_fips":"48221","state":"TX","est_mw":31.24}},{"type":"Feature","geometry":{"type":"Point","coordinates":[-77.558987,38.948017]},"properties":{"id":"way/1301654223","footprint_m2":12094,"county_fips":"51107","state":"VA","est_mw":2.3}},{"type":"Feature","geometry":{"type":"Point","coordinates":[-77.55887,38.950065]},"properties":{"id":"way/1301654224","footprint_m2":12094,"county_fips":"51107","state":"VA","est_mw":2.3}},{"type":"Feature","geometry":{"type":"Point","coordinates":[-86.473741,41.667555]},"properties":{"id":"way/1303947602","footprint_m2":1169289,"name":"Amazon AWS Data Center","county_fips":"18141","state":"IN","est_mw":222.28}},{"type":"Feature","geometry":{"type":"Point","coordinates":[-77.538648,38.768143]},"properties":{"id":"way/1304357577","footprint_m2":16901,"name":"Iron Mountain VA-6","operator":"Iron Mountain","county_fips":"51153","state":"VA","est_mw":3.21}},{"type":"Feature","geometry":{"type":"Point","coordinates":[-92.130431,46.827467]},"properties":{"id":"way/1307072785","footprint_m2":2524,"name":"Ark Duluth Data Center","county_fips":"27137","state":"MN","est_mw":0.48}},{"type":"Feature","geometry":{"type":"Point","coordinates":[-87.900112,42.676383]},"properties":{"id":"way/1307423829","footprint_m2":1334966,"name":"Microsoft Fairwater AI Datacenter","county_fips":"55101","state":"WI","est_mw":253.77}},{"type":"Feature","geometry":{"type":"Point","coordinates":[-78.373913,36.675696]},"properties":{"id":"way/1307454847","footprint_m2":4850,"county_fips":"51117","state":"VA","est_mw":0.92}},{"type":"Feature","geometry":{"type":"Point","coordinates":[-80.765782,35.329754]},"properties":{"id":"way/1307920829","footprint_m2":5835,"name":"Flexential Charlotte - North","operator":"Flexential","county_fips":"37119","state":"NC","est_mw":1.11}},{"type":"Feature","geometry":{"type":"Point","coordinates":[-77.251789,37.479564]},"properties":{"id":"way/1307940905","footprint_m2":454388,"name":"QTS Richmond 3 Data Center","operator":"Quality Technology Services","county_fips":"51087","state":"VA","est_mw":86.38}},{"type":"Feature","geometry":{"type":"Point","coordinates":[-77.459538,39.015198]},"properties":{"id":"way/1309123033","footprint_m2":6552,"name":"Equinix Ashburn DC6","operator":"Equinix","ref":"DC6","county_fips":"51107","state":"VA","est_mw":1.25}},{"type":"Feature","geometry":{"type":"Point","coordinates":[-77.461887,39.016408]},"properties":{"id":"way/1309123034","footprint_m2":9388,"name":"Equinix Ashburn DC4","operator":"Equinix","ref":"DC4","county_fips":"51107","state":"VA","est_mw":1.78}},{"type":"Feature","geometry":{"type":"Point","coordinates":[-98.541327,29.580141]},"properties":{"id":"way/1310628998","footprint_m2":3367,"operator":"HEB","county_fips":"48029","state":"TX","est_mw":0.64}},{"type":"Feature","geometry":{"type":"Point","coordinates":[-81.844035,33.642142]},"properties":{"id":"way/1312295357","footprint_m2":671476,"name":"Meta Aiken Data Center","operator":"Meta","county_fips":"45003","state":"SC","est_mw":127.65}},{"type":"Feature","geometry":{"type":"Point","coordinates":[-88.721858,41.88853]},"properties":{"id":"way/1312792611","footprint_m2":52811,"operator":"Meta","county_fips":"17037","state":"IL","est_mw":10.04}},{"type":"Feature","geometry":{"type":"Point","coordinates":[-88.731054,41.889284]},"properties":{"id":"way/1312792612","footprint_m2":52810,"operator":"Meta","county_fips":"17037","state":"IL","est_mw":10.04}},{"type":"Feature","geometry":{"type":"Point","coordinates":[-88.726355,41.890275]},"properties":{"id":"way/1312792613","footprint_m2":29746,"operator":"Meta","county_fips":"17037","state":"IL","est_mw":5.65}},{"type":"Feature","geometry":{"type":"Point","coordinates":[-86.366012,36.411351]},"properties":{"id":"way/1312795639","footprint_m2":58210,"name":"Meta Gallatin Data Center","operator":"Meta","county_fips":"47165","state":"TN","est_mw":11.07}},{"type":"Feature","geometry":{"type":"Point","coordinates":[-86.366608,36.406049]},"properties":{"id":"way/1312795640","footprint_m2":58221,"name":"Meta Gallatin Data Center","operator":"Meta","county_fips":"47165","state":"TN","est_mw":11.07}},{"type":"Feature","geometry":{"type":"Point","coordinates":[-96.151431,41.13791]},"properties":{"id":"way/1312801354","footprint_m2":27631,"name":"Google","operator":"Google","county_fips":"31153","state":"NE","est_mw":5.25}},{"type":"Feature","geometry":{"type":"Point","coordinates":[-121.974507,37.370643]},"properties":{"id":"way/1313995085","footprint_m2":11526,"county_fips":"06085","state":"CA","est_mw":2.19}},{"type":"Feature","geometry":{"type":"Point","coordinates":[-121.946845,37.364032]},"properties":{"id":"way/1314010354","footprint_m2":12266,"name":"Vantage Santa Clara CA2","operator":"Vantage Data Centers","county_fips":"06085","state":"CA","est_mw":2.33}},{"type":"Feature","geometry":{"type":"Point","coordinates":[-121.947216,37.370936]},"properties":{"id":"way/1314012931","footprint_m2":14464,"name":"Digital Realty Silicon Valley SJC37","operator":"Digital Realty","ref":"SJC37","county_fips":"06085","state":"CA","est_mw":2.75}},{"type":"Feature","geometry":{"type":"Point","coordinates":[-115.210389,36.05813]},"properties":{"id":"way/1314355599","footprint_m2":44969,"name":"Switch Las Vegas 12","county_fips":"32003","state":"NV","est_mw":8.55}},{"type":"Feature","geometry":{"type":"Point","coordinates":[-111.997534,33.464747]},"properties":{"id":"way/1315636714","footprint_m2":15095,"name":"QTS","operator":"Quality Technology Services","county_fips":"04013","state":"AZ","est_mw":2.87}},{"type":"Feature","geometry":{"type":"Point","coordinates":[-87.961463,42.02308]},"properties":{"id":"way/1316005112","footprint_m2":10239,"county_fips":"17031","state":"IL","est_mw":1.95}},{"type":"Feature","geometry":{"type":"Point","coordinates":[-96.659382,32.980951]},"properties":{"id":"way/1316023545","footprint_m2":15746,"name":"NTT","operator":"NTT","county_fips":"48113","state":"TX","est_mw":2.99}},{"type":"Feature","geometry":{"type":"Point","coordinates":[-96.65794,32.980934]},"properties":{"id":"way/1316023546","footprint_m2":18684,"name":"NTT","operator":"NTT","county_fips":"48113","state":"TX","est_mw":3.55}},{"type":"Feature","geometry":{"type":"Point","coordinates":[-77.491432,38.960856]},"properties":{"id":"way/1317733642","footprint_m2":37118,"name":"Digital Realty Northern Virginia IAD44","operator":"Digital Realty","ref":"IAD44","county_fips":"51107","state":"VA","est_mw":7.06}},{"type":"Feature","geometry":{"type":"Point","coordinates":[-77.453187,39.021959]},"properties":{"id":"way/1317915930","footprint_m2":26328,"name":"Centersquare Ashburn IAD4 Data Center","operator":"Centersquare","ref":"IAD4","county_fips":"51107","state":"VA","est_mw":5.0}},{"type":"Feature","geometry":{"type":"Point","coordinates":[-93.787055,41.495806]},"properties":{"id":"way/1318322071","footprint_m2":22965,"name":"Microsoft","operator":"Microsoft","county_fips":"19181","state":"IA","est_mw":4.37}},{"type":"Feature","geometry":{"type":"Point","coordinates":[-93.787021,41.49475]},"properties":{"id":"way/1318322073","footprint_m2":22966,"name":"Microsoft","operator":"Microsoft","county_fips":"19181","state":"IA","est_mw":4.37}},{"type":"Feature","geometry":{"type":"Point","coordinates":[-93.924402,41.616851]},"properties":{"id":"way/1318322780","footprint_m2":29153,"name":"Apple","operator":"Apple","county_fips":"19049","state":"IA","est_mw":5.54}},{"type":"Feature","geometry":{"type":"Point","coordinates":[-93.925835,41.619384]},"properties":{"id":"way/1318322782","footprint_m2":752278,"name":"Apple Waukee Data Center","operator":"Apple","county_fips":"19049","state":"IA","est_mw":143.01}},{"type":"Feature","geometry":{"type":"Point","coordinates":[-77.549509,38.949862]},"properties":{"id":"way/1319637945","footprint_m2":15998,"county_fips":"51107","state":"VA","est_mw":3.04}},{"type":"Feature","geometry":{"type":"Point","coordinates":[-83.04586,40.224524]},"properties":{"id":"way/1319724559","footprint_m2":28581,"county_fips":"39041","state":"OH","est_mw":5.43}},{"type":"Feature","geometry":{"type":"Point","coordinates":[-78.943696,33.674583]},"properties":{"id":"way/1320038649","footprint_m2":8542,"name":"DC BLOX Myrtle Beach Cable Landing Station","county_fips":"45051","state":"SC","est_mw":1.62}},{"type":"Feature","geometry":{"type":"Point","coordinates":[-119.483305,39.51152]},"properties":{"id":"way/1320683840","footprint_m2":36315,"name":"Tahoe Reno 3","operator":"Switch","county_fips":"32029","state":"NV","est_mw":6.9}},{"type":"Feature","geometry":{"type":"Point","coordinates":[-77.558569,39.066015]},"properties":{"id":"way/1333205263","footprint_m2":14229,"county_fips":"51107","state":"VA","est_mw":2.7}},{"type":"Feature","geometry":{"type":"Point","coordinates":[-93.062627,44.73503]},"properties":{"id":"way/1333289545","footprint_m2":960113,"name":"Meta Rosemount Data Center","operator":"Meta","county_fips":"27037","state":"MN","est_mw":182.52}},{"type":"Feature","geometry":{"type":"Point","coordinates":[-76.151419,41.082625]},"properties":{"id":"way/1334234454","footprint_m2":5309,"name":"Nautilus Cryptomine","county_fips":"42079","state":"PA","est_mw":1.01}},{"type":"Feature","geometry":{"type":"Point","coordinates":[-76.151446,41.083338]},"properties":{"id":"way/1334234455","footprint_m2":5316,"name":"Nautilus Cryptomine","county_fips":"42079","state":"PA","est_mw":1.01}},{"type":"Feature","geometry":{"type":"Point","coordinates":[-76.143508,41.083987]},"properties":{"id":"way/1334234458","footprint_m2":25283,"name":"Amazon AWS PHL","operator":"Amazon Web Services","county_fips":"42079","state":"PA","est_mw":4.81}},{"type":"Feature","geometry":{"type":"Point","coordinates":[-96.091164,41.342936]},"properties":{"id":"way/1339825480","footprint_m2":1818664,"name":"Google Omaha Data Center","operator":"Google","county_fips":"31055","state":"NE","est_mw":345.72}},{"type":"Feature","geometry":{"type":"Point","coordinates":[-106.782468,34.825823]},"properties":{"id":"way/1340746574","footprint_m2":54670,"name":"Meta","operator":"Meta","ref":"5","county_fips":"35061","state":"NM","est_mw":10.39}},{"type":"Feature","geometry":{"type":"Point","coordinates":[-93.387128,45.143711]},"properties":{"id":"way/1343100173","footprint_m2":10651,"name":"DataBank","ref":"MSP3","county_fips":"27053","state":"MN","est_mw":2.02}},{"type":"Feature","geometry":{"type":"Point","coordinates":[-119.813623,47.252528]},"properties":{"id":"way/1343760339","footprint_m2":23414,"name":"Vantage WA13","county_fips":"53025","state":"WA","est_mw":4.45}},{"type":"Feature","geometry":{"type":"Point","coordinates":[-119.869051,47.243645]},"properties":{"id":"way/1343761104","footprint_m2":11069,"county_fips":"53025","state":"WA","est_mw":2.1}},{"type":"Feature","geometry":{"type":"Point","coordinates":[-77.427871,38.922773]},"properties":{"id":"way/1343764880","footprint_m2":12586,"name":"Amazon IAD-165","operator":"Amazon Web Services","ref":"IAD-165","county_fips":"51059","state":"VA","est_mw":2.39}},{"type":"Feature","geometry":{"type":"Point","coordinates":[-77.426554,38.921125]},"properties":{"id":"way/1343764881","footprint_m2":12116,"name":"Amazon IAD-166","operator":"Amazon Web Services","ref":"IAD-166","county_fips":"51059","state":"VA","est_mw":2.3}},{"type":"Feature","geometry":{"type":"Point","coordinates":[-77.426307,38.922692]},"properties":{"id":"way/1343764882","footprint_m2":12333,"name":"Amazon IAD-167","operator":"Amazon Web Services","ref":"IAD-167","county_fips":"51059","state":"VA","est_mw":2.34}},{"type":"Feature","geometry":{"type":"Point","coordinates":[-77.474942,38.998537]},"properties":{"id":"way/1343769701","footprint_m2":77067,"name":"QTS Ashburn-Shellhorn","county_fips":"51107","state":"VA","est_mw":14.65}},{"type":"Feature","geometry":{"type":"Point","coordinates":[-77.462113,39.010718]},"properties":{"id":"way/1343774537","footprint_m2":144296,"name":"CloudHQ Ashburn Campus","county_fips":"51107","state":"VA","est_mw":27.43}},{"type":"Feature","geometry":{"type":"Point","coordinates":[-98.787807,29.41835]},"properties":{"id":"way/1344366214","footprint_m2":86908,"name":"CyrusOne SAT10 & SAT11","operator":"CyrusOne","county_fips":"48029","state":"TX","est_mw":16.52}},{"type":"Feature","geometry":{"type":"Point","coordinates":[-98.638714,29.450736]},"properties":{"id":"way/1344369104","footprint_m2":9746,"name":"Amazon","county_fips":"48029","state":"TX","est_mw":1.85}},{"type":"Feature","geometry":{"type":"Point","coordinates":[-98.652742,29.449441]},"properties":{"id":"way/1344369106","footprint_m2":96865,"name":"QTS San Antonio","county_fips":"48029","state":"TX","est_mw":18.41}},{"type":"Feature","geometry":{"type":"Point","coordinates":[-98.788808,29.418454]},"properties":{"id":"way/1344369111","footprint_m2":5966,"county_fips":"48029","state":"TX","est_mw":1.13}},{"type":"Feature","geometry":{"type":"Point","coordinates":[-98.78938,29.415744]},"properties":{"id":"way/1344369112","footprint_m2":152848,"name":"Vantage San Antonio I","operator":"Vantage Data Centers","county_fips":"48029","state":"TX","est_mw":29.06}},{"type":"Feature","geometry":{"type":"Point","coordinates":[-121.956269,37.375755]},"properties":{"id":"way/1344376231","footprint_m2":2996,"name":"Csquare SFO4","operator":"Csquare","ref":"SFO4","county_fips":"06085","state":"CA","est_mw":0.57}},{"type":"Feature","geometry":{"type":"Point","coordinates":[-121.955364,37.368974]},"properties":{"id":"way/1344376232","footprint_m2":13308,"name":"NTT Silicon Valley data center campus","county_fips":"06085","state":"CA","est_mw":2.53}},{"type":"Feature","geometry":{"type":"Point","coordinates":[-77.460774,39.000446]},"properties":{"id":"way/1344901567","footprint_m2":11969,"county_fips":"51107","state":"VA","est_mw":2.28}},{"type":"Feature","geometry":{"type":"Point","coordinates":[-77.460811,38.999135]},"properties":{"id":"way/1344901568","footprint_m2":12130,"county_fips":"51107","state":"VA","est_mw":2.31}},{"type":"Feature","geometry":{"type":"Point","coordinates":[-77.452708,39.001754]},"properties":{"id":"way/1344901569","footprint_m2":17595,"name":"Digital Realty IAD43 (Building S)","operator":"Digital Realty","ref":"IAD43","county_fips":"51107","state":"VA","est_mw":3.34}},{"type":"Feature","geometry":{"type":"Point","coordinates":[-77.430229,38.997955]},"properties":{"id":"way/1344901575","footprint_m2":17418,"name":"Vantage VA2","operator":"Vantage Data Centers","ref":"VA2","county_fips":"51107","state":"VA","est_mw":3.31}},{"type":"Feature","geometry":{"type":"Point","coordinates":[-84.566131,39.385239]},"properties":{"id":"way/1346610234","footprint_m2":143408,"name":"CyrusOne Cincinnati-Hamilton CIN4","operator":"CyrusOne","ref":"CIN4","county_fips":"39017","state":"OH","est_mw":27.26}},{"type":"Feature","geometry":{"type":"Point","coordinates":[-121.965956,37.407299]},"properties":{"id":"way/1351049826","footprint_m2":2488,"name":"DataBank Santa Clara SFO1","operator":"DataBank","ref":"SFO1","county_fips":"06085","state":"CA","est_mw":0.47}},{"type":"Feature","geometry":{"type":"Point","coordinates":[-111.612315,33.353958]},"properties":{"id":"way/1356594646","footprint_m2":293193,"name":"NTT PH1 Datacenter","operator":"NTT","county_fips":"04013","state":"AZ","est_mw":55.74}},{"type":"Feature","geometry":{"type":"Point","coordinates":[-111.976461,33.454502]},"properties":{"id":"way/1357825755","footprint_m2":117230,"name":"Iron Mountain AZP-1","operator":"Iron Mountain","ref":"AZP-1","county_fips":"04013","state":"AZ","est_mw":22.29}},{"type":"Feature","geometry":{"type":"Point","coordinates":[-122.615931,44.775219]},"properties":{"id":"way/1365213539","footprint_m2":234,"name":"PTC","operator":"Stayton Cooperative Telephone Company","county_fips":"41043","state":"OR","est_mw":0.04}},{"type":"Feature","geometry":{"type":"Point","coordinates":[-93.720312,41.515864]},"properties":{"id":"way/1368776076","footprint_m2":24521,"county_fips":"19153","state":"IA","est_mw":4.66}},{"type":"Feature","geometry":{"type":"Point","coordinates":[-93.719767,41.516864]},"properties":{"id":"way/1368776077","footprint_m2":23046,"county_fips":"19153","state":"IA","est_mw":4.38}},{"type":"Feature","geometry":{"type":"Point","coordinates":[-93.997376,39.744048]},"properties":{"id":"way/1371348227","footprint_m2":133,"name":"CenturyLink","county_fips":"29025","state":"MO","est_mw":0.03}},{"type":"Feature","geometry":{"type":"Point","coordinates":[-111.678114,33.353204]},"properties":{"id":"way/1372772726","footprint_m2":26631,"county_fips":"04013","state":"AZ","est_mw":5.06}},{"type":"Feature","geometry":{"type":"Point","coordinates":[-119.341636,45.879533]},"properties":{"id":"way/1374895921","footprint_m2":20320,"name":"Amazon Web Services","operator":"Amazon Web Services","county_fips":"41059","state":"OR","est_mw":3.86}},{"type":"Feature","geometry":{"type":"Point","coordinates":[-119.339697,45.882523]},"properties":{"id":"way/1374895922","footprint_m2":20655,"name":"Amazon Web Services","operator":"Amazon Web Services","county_fips":"41059","state":"OR","est_mw":3.93}},{"type":"Feature","geometry":{"type":"Point","coordinates":[-82.762698,40.059248]},"properties":{"id":"way/1375443893","footprint_m2":8844,"county_fips":"39089","state":"OH","est_mw":1.68}},{"type":"Feature","geometry":{"type":"Point","coordinates":[-93.863439,41.533916]},"properties":{"id":"way/1375475071","footprint_m2":23271,"name":"Microsoft","operator":"Microsoft","county_fips":"19049","state":"IA","est_mw":4.42}},{"type":"Feature","geometry":{"type":"Point","coordinates":[-93.863462,41.532838]},"properties":{"id":"way/1375475072","footprint_m2":23272,"name":"Microsoft","operator":"Microsoft","county_fips":"19049","state":"IA","est_mw":4.42}},{"type":"Feature","geometry":{"type":"Point","coordinates":[-93.863442,41.531814]},"properties":{"id":"way/1375475073","footprint_m2":23272,"name":"Microsoft","operator":"Microsoft","county_fips":"19049","state":"IA","est_mw":4.42}},{"type":"Feature","geometry":{"type":"Point","coordinates":[-83.638355,41.465298]},"properties":{"id":"way/1377162298","footprint_m2":1997251,"name":"Meta Bowling Green Data Center","county_fips":"39173","state":"OH","est_mw":379.67}},{"type":"Feature","geometry":{"type":"Point","coordinates":[-104.785644,41.064287]},"properties":{"id":"way/1377227154","footprint_m2":22966,"county_fips":"56021","state":"WY","est_mw":4.37}},{"type":"Feature","geometry":{"type":"Point","coordinates":[-104.785195,41.062611]},"properties":{"id":"way/1377227157","footprint_m2":928062,"name":"Microsoft Bison Business Park Data Center","operator":"Microsoft","county_fips":"56021","state":"WY","est_mw":176.42}},{"type":"Feature","geometry":{"type":"Point","coordinates":[-115.143145,36.168644]},"properties":{"id":"way/1379421123","footprint_m2":41,"name":"Flexential Las Vegas - Downtown","operator":"Flexential","county_fips":"32003","state":"NV","est_mw":0.01}},{"type":"Feature","geometry":{"type":"Point","coordinates":[-77.826249,38.737213]},"properties":{"id":"way/1380114462","footprint_m2":5547,"county_fips":"51061","state":"VA","est_mw":1.05}},{"type":"Feature","geometry":{"type":"Point","coordinates":[-77.825806,38.738222]},"properties":{"id":"way/1380114463","footprint_m2":9952,"county_fips":"51061","state":"VA","est_mw":1.89}},{"type":"Feature","geometry":{"type":"Point","coordinates":[-90.156452,35.05996]},"properties":{"id":"way/1381264361","footprint_m2":72183,"name":"xAI Colossus","operator":"xAI","county_fips":"47157","state":"TN","est_mw":13.72}},{"type":"Feature","geometry":{"type":"Point","coordinates":[-77.471896,39.002337]},"properties":{"id":"way/1381994242","footprint_m2":42791,"name":"CloudHQ LC4","operator":"CloudHQ","ref":"LC4","county_fips":"51107","state":"VA","est_mw":8.13}},{"type":"Feature","geometry":{"type":"Point","coordinates":[-81.802154,41.442469]},"properties":{"id":"way/1382205749","footprint_m2":22736,"name":"T5@Cleveland","operator":"T5 Data Centers","county_fips":"39035","state":"OH","est_mw":4.32}},{"type":"Feature","geometry":{"type":"Point","coordinates":[-73.989651,41.039943]},"properties":{"id":"way/1383913490","footprint_m2":18344,"name":"Databank LGA3","operator":"Databank","county_fips":"36087","state":"NY","est_mw":3.49}},{"type":"Feature","geometry":{"type":"Point","coordinates":[-74.065357,40.784904]},"properties":{"id":"way/1383916144","footprint_m2":3686,"name":"CoreSite NY3","operator":"CoreSite","ref":"NY3","county_fips":"34017","state":"NJ","est_mw":0.7}},{"type":"Feature","geometry":{"type":"Point","coordinates":[-82.750129,40.102429]},"properties":{"id":"way/1386016627","footprint_m2":19837,"name":"Amazon Web Services","operator":"Amazon Web Services","county_fips":"39089","state":"OH","est_mw":3.77}},{"type":"Feature","geometry":{"type":"Point","coordinates":[-82.751912,40.101978]},"properties":{"id":"way/1386016628","footprint_m2":11674,"name":"Amazon Web Services","operator":"Amazon Web Services","county_fips":"39089","state":"OH","est_mw":2.22}},{"type":"Feature","geometry":{"type":"Point","coordinates":[-82.732111,40.094219]},"properties":{"id":"way/1386016629","footprint_m2":19799,"name":"Amazon Web Services","operator":"Amazon Web Services","county_fips":"39089","state":"OH","est_mw":3.76}},{"type":"Feature","geometry":{"type":"Point","coordinates":[-82.729281,40.094378]},"properties":{"id":"way/1386016630","footprint_m2":6729,"name":"Amazon Web Services","operator":"Amazon Web Services","county_fips":"39089","state":"OH","est_mw":1.28}},{"type":"Feature","geometry":{"type":"Point","coordinates":[-82.732004,40.095502]},"properties":{"id":"way/1386016631","footprint_m2":19644,"name":"Amazon Web Services","operator":"Amazon Web Services","county_fips":"39089","state":"OH","est_mw":3.73}},{"type":"Feature","geometry":{"type":"Point","coordinates":[-82.772049,40.05652]},"properties":{"id":"way/1386016632","footprint_m2":26664,"name":"Google NBY-5","operator":"Google","county_fips":"39049","state":"OH","est_mw":5.07}},{"type":"Feature","geometry":{"type":"Point","coordinates":[-82.767611,40.053927]},"properties":{"id":"way/1386016633","footprint_m2":26717,"name":"Google NBY-6","operator":"Google","county_fips":"39049","state":"OH","est_mw":5.08}},{"type":"Feature","geometry":{"type":"Point","coordinates":[-82.740545,40.061496]},"properties":{"id":"way/1386016634","footprint_m2":33961,"name":"LCO 1","operator":"Meta","county_fips":"39089","state":"OH","est_mw":6.46}},{"type":"Feature","geometry":{"type":"Point","coordinates":[-82.741149,40.065239]},"properties":{"id":"way/1386016635","footprint_m2":28253,"name":"LCO 2","operator":"Meta","county_fips":"39089","state":"OH","est_mw":5.37}},{"type":"Feature","geometry":{"type":"Point","coordinates":[-83.212644,40.135797]},"properties":{"id":"way/1386016636","footprint_m2":19549,"name":"Amazon Web Services","operator":"Amazon Web Services","county_fips":"39159","state":"OH","est_mw":3.72}},{"type":"Feature","geometry":{"type":"Point","coordinates":[-83.199309,40.120072]},"properties":{"id":"way/1386016637","footprint_m2":14572,"name":"Amazon Web Services","operator":"Amazon Web Services","county_fips":"39159","state":"OH","est_mw":2.77}},{"type":"Feature","geometry":{"type":"Point","coordinates":[-83.203217,40.119301]},"properties":{"id":"way/1386016638","footprint_m2":19693,"name":"Amazon Web Services","operator":"Amazon Web Services","county_fips":"39159","state":"OH","est_mw":3.74}},{"type":"Feature","geometry":{"type":"Point","coordinates":[-83.202523,40.118112]},"properties":{"id":"way/1386016639","footprint_m2":20085,"name":"Amazon Web Services","operator":"Amazon Web Services","county_fips":"39159","state":"OH","est_mw":3.82}},{"type":"Feature","geometry":{"type":"Point","coordinates":[-83.175524,40.050176]},"properties":{"id":"way/1386016640","footprint_m2":19889,"name":"Amazon Web Services","operator":"Amazon Web Services","county_fips":"39049","state":"OH","est_mw":3.78}},{"type":"Feature","geometry":{"type":"Point","coordinates":[-83.175716,40.051528]},"properties":{"id":"way/1386016641","footprint_m2":19617,"name":"Amazon Web Services","operator":"Amazon Web Services","county_fips":"39049","state":"OH","est_mw":3.73}},{"type":"Feature","geometry":{"type":"Point","coordinates":[-83.125858,40.016418]},"properties":{"id":"way/1386016642","footprint_m2":19774,"name":"Amazon Web Services","operator":"Amazon Web Services","county_fips":"39049","state":"OH","est_mw":3.76}},{"type":"Feature","geometry":{"type":"Point","coordinates":[-83.126024,40.021017]},"properties":{"id":"way/1386016643","footprint_m2":20246,"name":"Amazon Web Services","operator":"Amazon Web Services","county_fips":"39049","state":"OH","est_mw":3.85}},{"type":"Feature","geometry":{"type":"Point","coordinates":[-119.619663,45.851731]},"properties":{"id":"way/1386017490","footprint_m2":19885,"name":"Amazon Web Services","operator":"Amazon Web Services","county_fips":"41049","state":"OR","est_mw":3.78}},{"type":"Feature","geometry":{"type":"Point","coordinates":[-119.619685,45.8531]},"properties":{"id":"way/1386017491","footprint_m2":19541,"name":"Amazon Web Services","operator":"Amazon Web Services","county_fips":"41049","state":"OR","est_mw":3.71}},{"type":"Feature","geometry":{"type":"Point","coordinates":[-119.632005,45.818707]},"properties":{"id":"way/1386017492","footprint_m2":19571,"name":"Amazon Web Services","operator":"Amazon Web Services","county_fips":"41049","state":"OR","est_mw":3.72}},{"type":"Feature","geometry":{"type":"Point","coordinates":[-119.636269,45.818696]},"properties":{"id":"way/1386017493","footprint_m2":20026,"name":"Amazon Web Services","operator":"Amazon Web Services","county_fips":"41049","state":"OR","est_mw":3.81}},{"type":"Feature","geometry":{"type":"Point","coordinates":[-119.636287,45.819957]},"properties":{"id":"way/1386017494","footprint_m2":19420,"name":"Amazon Web Services","operator":"Amazon Web Services","county_fips":"41049","state":"OR","est_mw":3.69}},{"type":"Feature","geometry":{"type":"Point","coordinates":[-119.268615,45.809637]},"properties":{"id":"way/1386017495","footprint_m2":19649,"name":"Amazon Web Services","operator":"Amazon Web Services","county_fips":"41059","state":"OR","est_mw":3.74}},{"type":"Feature","geometry":{"type":"Point","coordinates":[-119.268613,45.808273]},"properties":{"id":"way/1386017496","footprint_m2":19770,"name":"Amazon Web Services","operator":"Amazon Web Services","county_fips":"41059","state":"OR","est_mw":3.76}},{"type":"Feature","geometry":{"type":"Point","coordinates":[-119.361733,45.799021]},"properties":{"id":"way/1386017497","footprint_m2":20012,"name":"Amazon Web Services","operator":"Amazon Web Services","county_fips":"41059","state":"OR","est_mw":3.8}},{"type":"Feature","geometry":{"type":"Point","coordinates":[-119.358445,45.799687]},"properties":{"id":"way/1386017498","footprint_m2":1286,"name":"Amazon Web Services","operator":"Amazon Web Services","county_fips":"41059","state":"OR","est_mw":0.24}},{"type":"Feature","geometry":{"type":"Point","coordinates":[-119.35892,45.797739]},"properties":{"id":"way/1386017499","footprint_m2":1288,"name":"Amazon Web Services","operator":"Amazon Web Services","county_fips":"41059","state":"OR","est_mw":0.24}},{"type":"Feature","geometry":{"type":"Point","coordinates":[-104.897013,41.124393]},"properties":{"id":"way/1386017500","footprint_m2":4293,"name":"CYS41 Datacenter","operator":"Microsoft","county_fips":"56021","state":"WY","est_mw":0.82}},{"type":"Feature","geometry":{"type":"Point","coordinates":[-104.90891,41.125383]},"properties":{"id":"way/1386017501","footprint_m2":5608,"name":"CYS42 Datacenter","operator":"Microsoft","county_fips":"56021","state":"WY","est_mw":1.07}},{"type":"Feature","geometry":{"type":"Point","coordinates":[-90.034867,34.997983]},"properties":{"id":"way/1386926534","footprint_m2":89336,"name":"xAI Macrohard Colossus 2","operator":"xAI","county_fips":"47157","state":"TN","est_mw":16.98}},{"type":"Feature","geometry":{"type":"Point","coordinates":[-95.512417,35.568135]},"properties":{"id":"way/1387080629","footprint_m2":10448,"county_fips":"40101","state":"OK","est_mw":1.99}},{"type":"Feature","geometry":{"type":"Point","coordinates":[-77.537412,39.043726]},"properties":{"id":"way/1387391200","footprint_m2":425795,"name":"True North Data Centers","operator":"True North Data Solutions","county_fips":"51107","state":"VA","est_mw":80.94}},{"type":"Feature","geometry":{"type":"Point","coordinates":[-77.537998,39.044247]},"properties":{"id":"way/1387391201","footprint_m2":15772,"name":"TikTok Data Center","operator":"True North Data Solutions","county_fips":"51107","state":"VA","est_mw":3.0}},{"type":"Feature","geometry":{"type":"Point","coordinates":[-93.095622,45.132197]},"properties":{"id":"way/1391966326","footprint_m2":6884,"name":"Encompass Minneapolis Facility","operator":"Encompass","county_fips":"27003","state":"MN","est_mw":1.31}},{"type":"Feature","geometry":{"type":"Point","coordinates":[-94.860185,38.9392]},"properties":{"id":"way/1392657385","footprint_m2":8038,"county_fips":"20091","state":"KS","est_mw":1.53}},{"type":"Feature","geometry":{"type":"Point","coordinates":[-83.127423,40.052673]},"properties":{"id":"way/1411056682","footprint_m2":8298,"operator":"Oppidan","county_fips":"39049","state":"OH","est_mw":1.58}},{"type":"Feature","geometry":{"type":"Point","coordinates":[-105.61048,44.189237]},"properties":{"id":"way/1414729942","footprint_m2":555,"county_fips":"56005","state":"WY","est_mw":0.11}},{"type":"Feature","geometry":{"type":"Point","coordinates":[-105.820645,46.406897]},"properties":{"id":"way/1417637306","footprint_m2":789,"name":"State of Montana Data Center","operator":"State of Montana","county_fips":"30017","state":"MT","est_mw":0.15}},{"type":"Feature","geometry":{"type":"Point","coordinates":[-115.222045,36.065208]},"properties":{"id":"way/1421212901","footprint_m2":20810,"name":"Switch Las Vegas 14","operator":"Switch","ref":"14","county_fips":"32003","state":"NV","est_mw":3.96}},{"type":"Feature","geometry":{"type":"Point","coordinates":[-96.084669,41.339142]},"properties":{"id":"way/1422101108","footprint_m2":26957,"name":"Google","operator":"Google","county_fips":"31055","state":"NE","est_mw":5.12}},{"type":"Feature","geometry":{"type":"Point","coordinates":[-96.087719,41.341939]},"properties":{"id":"way/1422101112","footprint_m2":26954,"name":"Google","operator":"Google","county_fips":"31055","state":"NE","est_mw":5.12}},{"type":"Feature","geometry":{"type":"Point","coordinates":[-96.09367,41.34547]},"properties":{"id":"way/1422101116","footprint_m2":26952,"name":"Google","operator":"Google","county_fips":"31055","state":"NE","est_mw":5.12}},{"type":"Feature","geometry":{"type":"Point","coordinates":[-98.572441,46.013549]},"properties":{"id":"way/1422191450","footprint_m2":251399,"name":"Applied Digital / Ellendale Data Center","operator":"Applied Digital","county_fips":"38021","state":"ND","est_mw":47.79}},{"type":"Feature","geometry":{"type":"Point","coordinates":[-98.573098,46.012321]},"properties":{"id":"way/1422191468","footprint_m2":1244,"county_fips":"38021","state":"ND","est_mw":0.24}},{"type":"Feature","geometry":{"type":"Point","coordinates":[-98.573742,46.012399]},"properties":{"id":"way/1422191469","footprint_m2":1473,"county_fips":"38021","state":"ND","est_mw":0.28}},{"type":"Feature","geometry":{"type":"Point","coordinates":[-98.571671,46.013502]},"properties":{"id":"way/1422191470","footprint_m2":1263,"county_fips":"38021","state":"ND","est_mw":0.24}},{"type":"Feature","geometry":{"type":"Point","coordinates":[-98.571106,46.013489]},"properties":{"id":"way/1422191471","footprint_m2":1215,"county_fips":"38021","state":"ND","est_mw":0.23}},{"type":"Feature","geometry":{"type":"Point","coordinates":[-98.572299,46.013508]},"properties":{"id":"way/1422191472","footprint_m2":1150,"county_fips":"38021","state":"ND","est_mw":0.22}},{"type":"Feature","geometry":{"type":"Point","coordinates":[-98.5729,46.013522]},"properties":{"id":"way/1422191473","footprint_m2":1229,"county_fips":"38021","state":"ND","est_mw":0.23}},{"type":"Feature","geometry":{"type":"Point","coordinates":[-98.574046,46.013531]},"properties":{"id":"way/1422191474","footprint_m2":978,"county_fips":"38021","state":"ND","est_mw":0.19}},{"type":"Feature","geometry":{"type":"Point","coordinates":[-98.57349,46.013516]},"properties":{"id":"way/1422191475","footprint_m2":1027,"county_fips":"38021","state":"ND","est_mw":0.2}},{"type":"Feature","geometry":{"type":"Point","coordinates":[-98.572617,46.012395]},"properties":{"id":"way/1422191476","footprint_m2":1092,"county_fips":"38021","state":"ND","est_mw":0.21}},{"type":"Feature","geometry":{"type":"Point","coordinates":[-98.574463,46.012641]},"properties":{"id":"way/1422191477","footprint_m2":609,"county_fips":"38021","state":"ND","est_mw":0.12}},{"type":"Feature","geometry":{"type":"Point","coordinates":[-82.756375,40.055684]},"properties":{"id":"way/1425043212","footprint_m2":15173,"name":"QTS NAL 2 DC1","operator":"Quality Technology Services","county_fips":"39089","state":"OH","est_mw":2.88}},{"type":"Feature","geometry":{"type":"Point","coordinates":[-82.756577,40.05312]},"properties":{"id":"way/1425043213","footprint_m2":13718,"name":"QTS NAL 2 DC2","operator":"Quality Technology Services","county_fips":"39089","state":"OH","est_mw":2.61}},{"type":"Feature","geometry":{"type":"Point","coordinates":[-82.758169,40.063562]},"properties":{"id":"way/1425043214","footprint_m2":21062,"name":"QTS NAL1 DC2","operator":"Quality Technology Services","county_fips":"39089","state":"OH","est_mw":4.0}},{"type":"Feature","geometry":{"type":"Point","coordinates":[-82.758056,40.065108]},"properties":{"id":"way/1425043215","footprint_m2":20914,"name":"QTS NAL1 DC1","operator":"Quality Technology Services","county_fips":"39089","state":"OH","est_mw":3.98}},{"type":"Feature","geometry":{"type":"Point","coordinates":[-88.246923,41.795384]},"properties":{"id":"way/1426146790","footprint_m2":15724,"county_fips":"17043","state":"IL","est_mw":2.99}},{"type":"Feature","geometry":{"type":"Point","coordinates":[-96.793169,32.538994]},"properties":{"id":"way/1426525184","footprint_m2":26833,"name":"Google","operator":"Google","county_fips":"48139","state":"TX","est_mw":5.1}},{"type":"Feature","geometry":{"type":"Point","coordinates":[-96.802099,32.545518]},"properties":{"id":"way/1426525212","footprint_m2":23131,"name":"Compass Data Center","county_fips":"48139","state":"TX","est_mw":4.4}},{"type":"Feature","geometry":{"type":"Point","coordinates":[-96.802081,32.544205]},"properties":{"id":"way/1426525213","footprint_m2":23132,"name":"Compass Data Center","county_fips":"48139","state":"TX","est_mw":4.4}},{"type":"Feature","geometry":{"type":"Point","coordinates":[-96.802085,32.542913]},"properties":{"id":"way/1426525214","footprint_m2":23132,"name":"Compass Data Center","county_fips":"48139","state":"TX","est_mw":4.4}},{"type":"Feature","geometry":{"type":"Point","coordinates":[-96.802099,32.541602]},"properties":{"id":"way/1426525215","footprint_m2":23132,"name":"Compass Data Center","county_fips":"48139","state":"TX","est_mw":4.4}},{"type":"Feature","geometry":{"type":"Point","coordinates":[-96.802106,32.54029]},"properties":{"id":"way/1426525216","footprint_m2":23040,"name":"Compass Data Center","county_fips":"48139","state":"TX","est_mw":4.38}},{"type":"Feature","geometry":{"type":"Point","coordinates":[-96.79361,32.542674]},"properties":{"id":"way/1426525217","footprint_m2":23406,"name":"Compass Data Center","county_fips":"48139","state":"TX","est_mw":4.45}},{"type":"Feature","geometry":{"type":"Point","coordinates":[-96.793611,32.543993]},"properties":{"id":"way/1426525218","footprint_m2":23404,"name":"Compass Data Center","county_fips":"48139","state":"TX","est_mw":4.45}},{"type":"Feature","geometry":{"type":"Point","coordinates":[-96.793648,32.545297]},"properties":{"id":"way/1426525219","footprint_m2":23403,"name":"Compass Data Center","county_fips":"48139","state":"TX","est_mw":4.45}},{"type":"Feature","geometry":{"type":"Point","coordinates":[-96.788507,32.543965]},"properties":{"id":"way/1426525220","footprint_m2":23404,"name":"Compass Data Center","county_fips":"48139","state":"TX","est_mw":4.45}},{"type":"Feature","geometry":{"type":"Point","coordinates":[-96.788491,32.545297]},"properties":{"id":"way/1426525221","footprint_m2":23406,"name":"Compass Data Center","county_fips":"48139","state":"TX","est_mw":4.45}},{"type":"Feature","geometry":{"type":"Point","coordinates":[-77.424979,38.923122]},"properties":{"id":"way/1426663252","footprint_m2":10552,"name":"Amazon IAD-168","operator":"Amazon Web Services","ref":"IAD-168","county_fips":"51059","state":"VA","est_mw":2.01}},{"type":"Feature","geometry":{"type":"Point","coordinates":[-77.424691,38.936479]},"properties":{"id":"way/1426663253","footprint_m2":12242,"name":"Amazon IAD-500","operator":"Amazon Web Services","ref":"IAD-500","county_fips":"51059","state":"VA","est_mw":2.33}},{"type":"Feature","geometry":{"type":"Point","coordinates":[-82.763927,40.053911]},"properties":{"id":"way/1427613543","footprint_m2":25118,"name":"Google NBY-7","operator":"Google","county_fips":"39089","state":"OH","est_mw":4.77}},{"type":"Feature","geometry":{"type":"Point","coordinates":[-82.746954,40.102498]},"properties":{"id":"way/1427613544","footprint_m2":22803,"name":"Vantage Building 1","operator":"Vantage","county_fips":"39089","state":"OH","est_mw":4.33}},{"type":"Feature","geometry":{"type":"Point","coordinates":[-82.747116,40.100531]},"properties":{"id":"way/1427613545","footprint_m2":22086,"name":"Vantage Building 2","operator":"Vantage","county_fips":"39089","state":"OH","est_mw":4.2}},{"type":"Feature","geometry":{"type":"Point","coordinates":[-82.747243,40.098765]},"properties":{"id":"way/1427613546","footprint_m2":20666,"name":"Vantage Building 3","operator":"Vantage","county_fips":"39089","state":"OH","est_mw":3.93}},{"type":"Feature","geometry":{"type":"Point","coordinates":[-119.887412,47.238592]},"properties":{"id":"way/1429883881","footprint_m2":13326,"name":"Microsoft","operator":"Microsoft","county_fips":"53025","state":"WA","est_mw":2.53}},{"type":"Feature","geometry":{"type":"Point","coordinates":[-90.089254,32.596302]},"properties":{"id":"way/1430720170","footprint_m2":20122,"county_fips":"28089","state":"MS","est_mw":3.83}},{"type":"Feature","geometry":{"type":"Point","coordinates":[-90.098001,32.594458]},"properties":{"id":"way/1430720171","footprint_m2":19862,"county_fips":"28089","state":"MS","est_mw":3.78}},{"type":"Feature","geometry":{"type":"Point","coordinates":[-90.094411,32.594472]},"properties":{"id":"way/1430720172","footprint_m2":19861,"county_fips":"28089","state":"MS","est_mw":3.78}},{"type":"Feature","geometry":{"type":"Point","coordinates":[-90.094427,32.596055]},"properties":{"id":"way/1430720173","footprint_m2":19861,"county_fips":"28089","state":"MS","est_mw":3.78}},{"type":"Feature","geometry":{"type":"Point","coordinates":[-90.098012,32.596043]},"properties":{"id":"way/1430720174","footprint_m2":19862,"county_fips":"28089","state":"MS","est_mw":3.78}},{"type":"Feature","geometry":{"type":"Point","coordinates":[-98.714387,29.44968]},"properties":{"id":"way/1432637060","footprint_m2":14348,"county_fips":"48029","state":"TX","est_mw":2.73}},{"type":"Feature","geometry":{"type":"Point","coordinates":[-98.713891,29.450931]},"properties":{"id":"way/1432637061","footprint_m2":14348,"county_fips":"48029","state":"TX","est_mw":2.73}},{"type":"Feature","geometry":{"type":"Point","coordinates":[-98.714047,29.452231]},"properties":{"id":"way/1432637062","footprint_m2":14348,"county_fips":"48029","state":"TX","est_mw":2.73}},{"type":"Feature","geometry":{"type":"Point","coordinates":[-94.594924,39.322637]},"properties":{"id":"way/1433936352","footprint_m2":28560,"county_fips":"29047","state":"MO","est_mw":5.43}},{"type":"Feature","geometry":{"type":"Point","coordinates":[-79.00322,43.082416]},"properties":{"id":"way/1442054199","footprint_m2":771,"name":"Blockfusion Niagra Falls","county_fips":"36063","state":"NY","est_mw":0.15}},{"type":"Feature","geometry":{"type":"Point","coordinates":[-77.460405,39.011212]},"properties":{"id":"way/1443187163","footprint_m2":22409,"name":"CloudHQ LC3","operator":"CloudHQ","ref":"LC3","county_fips":"51107","state":"VA","est_mw":4.26}},{"type":"Feature","geometry":{"type":"Point","coordinates":[-121.207671,45.624254]},"properties":{"id":"way/1443567507","footprint_m2":306284,"name":"Google The Dalles Data Center","operator":"Google","county_fips":"41065","state":"OR","est_mw":58.22}},{"type":"Feature","geometry":{"type":"Point","coordinates":[-121.206661,45.623168]},"properties":{"id":"way/1443567519","footprint_m2":26740,"name":"Google","operator":"Google","county_fips":"41065","state":"OR","est_mw":5.08}},{"type":"Feature","geometry":{"type":"Point","coordinates":[-97.074855,32.549823]},"properties":{"id":"way/1443620406","footprint_m2":17490,"name":"Alinged Data Center DFW-03","operator":"Aligned Data Centers, LLC","ref":"DFW-03","county_fips":"48439","state":"TX","est_mw":3.32}},{"type":"Feature","geometry":{"type":"Point","coordinates":[-77.547338,39.055994]},"properties":{"id":"way/1443922527","footprint_m2":13843,"county_fips":"51107","state":"VA","est_mw":2.63}},{"type":"Feature","geometry":{"type":"Point","coordinates":[-77.546733,39.057819]},"properties":{"id":"way/1443922528","footprint_m2":9880,"county_fips":"51107","state":"VA","est_mw":1.88}},{"type":"Feature","geometry":{"type":"Point","coordinates":[-77.565112,39.082191]},"properties":{"id":"way/1443922535","footprint_m2":18649,"county_fips":"51107","state":"VA","est_mw":3.55}},{"type":"Feature","geometry":{"type":"Point","coordinates":[-86.328518,32.270736]},"properties":{"id":"way/1443960771","footprint_m2":1879996,"name":"Meta Montgomery Data Center","county_fips":"01101","state":"AL","est_mw":357.38}},{"type":"Feature","geometry":{"type":"Point","coordinates":[-88.008004,41.986914]},"properties":{"id":"way/1446350367","footprint_m2":7794,"name":"NTT Chicago CH3","operator":"NTT","ref":"CH3","county_fips":"17043","state":"IL","est_mw":1.48}},{"type":"Feature","geometry":{"type":"Point","coordinates":[-88.004765,41.989095]},"properties":{"id":"way/1446350370","footprint_m2":9415,"name":"NTT Chicago CH4","operator":"NTT","ref":"CH4","county_fips":"17043","state":"IL","est_mw":1.79}},{"type":"Feature","geometry":{"type":"Point","coordinates":[-119.318544,45.903068]},"properties":{"id":"way/1446405843","footprint_m2":469047,"name":"AWS Umatilla Data Center","operator":"Amazon Web Services","county_fips":"41059","state":"OR","est_mw":89.16}},{"type":"Feature","geometry":{"type":"Point","coordinates":[-77.58338,38.799956]},"properties":{"id":"way/1447029365","footprint_m2":22954,"name":"Microsoft Data Center 2","operator":"Microsoft","ref":"2","county_fips":"51153","state":"VA","est_mw":4.36}},{"type":"Feature","geometry":{"type":"Point","coordinates":[-83.124176,40.020761]},"properties":{"id":"way/1447049070","footprint_m2":24310,"county_fips":"39049","state":"OH","est_mw":4.62}},{"type":"Feature","geometry":{"type":"Point","coordinates":[-83.123188,40.021202]},"properties":{"id":"way/1447049071","footprint_m2":12080,"county_fips":"39049","state":"OH","est_mw":2.3}},{"type":"Feature","geometry":{"type":"Point","coordinates":[-98.644197,29.444715]},"properties":{"id":"way/1448024036","footprint_m2":38353,"county_fips":"48029","state":"TX","est_mw":7.29}},{"type":"Feature","geometry":{"type":"Point","coordinates":[-77.325717,37.360575]},"properties":{"id":"way/1449347339","footprint_m2":7932,"name":"PowerHouse CTP-02","operator":"PowerHouse","county_fips":"51041","state":"VA","est_mw":1.51}},{"type":"Feature","geometry":{"type":"Point","coordinates":[-97.080185,30.573315]},"properties":{"id":"way/1450418654","footprint_m2":404871,"name":"Riot Rockdale","county_fips":"48331","state":"TX","est_mw":76.97}},{"type":"Feature","geometry":{"type":"Point","coordinates":[-96.513289,31.969859]},"properties":{"id":"way/1450422488","footprint_m2":1088627,"name":"Riot Corsiana","county_fips":"48349","state":"TX","est_mw":206.95}},{"type":"Feature","geometry":{"type":"Point","coordinates":[-88.703058,37.089239]},"properties":{"id":"way/1450788161","footprint_m2":20765,"name":"Riot Kentucky","county_fips":"21145","state":"KY","est_mw":3.95}},{"type":"Feature","geometry":{"type":"Point","coordinates":[-88.816522,43.510374]},"properties":{"id":"way/1453996659","footprint_m2":1696551,"name":"Meta Beaver Dam Data Center","operator":"Meta","county_fips":"55027","state":"WI","est_mw":322.51}},{"type":"Feature","geometry":{"type":"Point","coordinates":[-93.06186,44.734759]},"properties":{"id":"way/1454573842","footprint_m2":30511,"county_fips":"27037","state":"MN","est_mw":5.8}},{"type":"Feature","geometry":{"type":"Point","coordinates":[-93.064881,44.734508]},"properties":{"id":"way/1454573843","footprint_m2":25432,"county_fips":"27037","state":"MN","est_mw":4.83}},{"type":"Feature","geometry":{"type":"Point","coordinates":[-122.937785,45.548028]},"properties":{"id":"way/1454598380","footprint_m2":19052,"name":"NTT RagingWire DC - Hillsboro","operator":"NTT","ref":"HI2","county_fips":"41067","state":"OR","est_mw":3.62}},{"type":"Feature","geometry":{"type":"Point","coordinates":[-93.720886,41.514853]},"properties":{"id":"way/1454813845","footprint_m2":24521,"county_fips":"19153","state":"IA","est_mw":4.66}},{"type":"Feature","geometry":{"type":"Point","coordinates":[-93.72141,41.513888]},"properties":{"id":"way/1454813846","footprint_m2":24522,"county_fips":"19153","state":"IA","est_mw":4.66}},{"type":"Feature","geometry":{"type":"Point","coordinates":[-104.82575,41.07925]},"properties":{"id":"way/1455907959","footprint_m2":1505492,"name":"Meta Cheyenne Data Center","operator":"Meta","county_fips":"56021","state":"WY","est_mw":286.19}},{"type":"Feature","geometry":{"type":"Point","coordinates":[-116.268228,43.463149]},"properties":{"id":"way/1455915217","footprint_m2":28945,"county_fips":"16001","state":"ID","est_mw":5.5}},{"type":"Feature","geometry":{"type":"Point","coordinates":[-116.272085,43.463349]},"properties":{"id":"way/1455915218","footprint_m2":34771,"county_fips":"16001","state":"ID","est_mw":6.61}},{"type":"Feature","geometry":{"type":"Point","coordinates":[-82.678763,37.600177]},"properties":{"id":"way/1456953254","footprint_m2":1449,"name":"East Kentucky Network Datacenter","county_fips":"21071","state":"KY","est_mw":0.28}},{"type":"Feature","geometry":{"type":"Point","coordinates":[-111.632463,33.347187]},"properties":{"id":"way/1456975947","footprint_m2":60622,"county_fips":"04013","state":"AZ","est_mw":11.52}},{"type":"Feature","geometry":{"type":"Point","coordinates":[-111.628917,33.346323]},"properties":{"id":"way/1456975948","footprint_m2":60626,"county_fips":"04013","state":"AZ","est_mw":11.52}},{"type":"Feature","geometry":{"type":"Point","coordinates":[-111.625968,33.347169]},"properties":{"id":"way/1456975949","footprint_m2":31351,"county_fips":"04013","state":"AZ","est_mw":5.96}},{"type":"Feature","geometry":{"type":"Point","coordinates":[-94.796772,31.194176]},"properties":{"id":"way/1457383500","footprint_m2":1207,"county_fips":"48005","state":"TX","est_mw":0.23}},{"type":"Feature","geometry":{"type":"Point","coordinates":[-97.060915,32.440117]},"properties":{"id":"way/1458626323","footprint_m2":26225,"name":"Google","operator":"Google","county_fips":"48139","state":"TX","est_mw":4.99}},{"type":"Feature","geometry":{"type":"Point","coordinates":[-88.320073,36.327032]},"properties":{"id":"way/1459680304","footprint_m2":7942,"name":"Newrays Two LLC Mining","county_fips":"47079","state":"TN","est_mw":1.51}},{"type":"Feature","geometry":{"type":"Point","coordinates":[-90.091852,32.597993]},"properties":{"id":"way/1459880367","footprint_m2":1540462,"name":"AWS Canton Data Center","operator":"Amazon","county_fips":"28089","state":"MS","est_mw":292.84}},{"type":"Feature","geometry":{"type":"Point","coordinates":[-77.544822,39.055261]},"properties":{"id":"way/1460776170","footprint_m2":13000,"county_fips":"51107","state":"VA","est_mw":2.47}},{"type":"Feature","geometry":{"type":"Point","coordinates":[-77.545995,39.054122]},"properties":{"id":"way/1460776171","footprint_m2":10854,"county_fips":"51107","state":"VA","est_mw":2.06}},{"type":"Feature","geometry":{"type":"Point","coordinates":[-77.534749,39.051021]},"properties":{"id":"way/1460776174","footprint_m2":28196,"county_fips":"51107","state":"VA","est_mw":5.36}},{"type":"Feature","geometry":{"type":"Point","coordinates":[-121.965388,37.383718]},"properties":{"id":"way/1460847458","footprint_m2":7474,"name":"EdgeCore Silicon Valley","county_fips":"06085","state":"CA","est_mw":1.42}},{"type":"Feature","geometry":{"type":"Point","coordinates":[-121.953744,37.361932]},"properties":{"id":"way/1460855151","footprint_m2":12643,"name":"STACK SVY02","operator":"Stack Infrastructure","ref":"SVY02","county_fips":"06085","state":"CA","est_mw":2.4}},{"type":"Feature","geometry":{"type":"Point","coordinates":[-98.391625,29.293005]},"properties":{"id":"way/1460861317","footprint_m2":10256,"name":"Amazon AWS SAT - 12807 Donop","operator":"Amazon Web Services","county_fips":"48029","state":"TX","est_mw":1.95}},{"type":"Feature","geometry":{"type":"Point","coordinates":[-96.879846,32.837814]},"properties":{"id":"way/1461896928","footprint_m2":4616,"name":"Prime DFW01-01","operator":"Prime","ref":"DFW01-01","county_fips":"48113","state":"TX","est_mw":0.88}},{"type":"Feature","geometry":{"type":"Point","coordinates":[-83.001549,40.115816]},"properties":{"id":"way/1462886682","footprint_m2":9303,"county_fips":"39049","state":"OH","est_mw":1.77}},{"type":"Feature","geometry":{"type":"Point","coordinates":[-77.58634,38.779293]},"properties":{"id":"way/1464257783","footprint_m2":26904,"name":"Google","operator":"Google","county_fips":"51153","state":"VA","est_mw":5.11}},{"type":"Feature","geometry":{"type":"Point","coordinates":[-77.512523,38.752551]},"properties":{"id":"way/1464257784","footprint_m2":11903,"name":"QTS Manassas DC1","operator":"Quality Technology Services","county_fips":"51153","state":"VA","est_mw":2.26}},{"type":"Feature","geometry":{"type":"Point","coordinates":[-122.918489,45.572028]},"properties":{"id":"way/1465196735","footprint_m2":16383,"name":"QTS Data Center - Hillsboro 3","operator":"Quality Technology Services","ref":"North Building","county_fips":"41067","state":"OR","est_mw":3.11}},{"type":"Feature","geometry":{"type":"Point","coordinates":[-122.919898,45.570077]},"properties":{"id":"way/1465196736","footprint_m2":20060,"name":"QTS Data Center - Hillsboro 3","operator":"Quality Technology Services","ref":"South Building","county_fips":"41067","state":"OR","est_mw":3.81}},{"type":"Feature","geometry":{"type":"Point","coordinates":[-119.863207,47.240179]},"properties":{"id":"way/1470108469","footprint_m2":46856,"county_fips":"53025","state":"WA","est_mw":8.91}},{"type":"Feature","geometry":{"type":"Point","coordinates":[-87.256917,36.624055]},"properties":{"id":"way/1470261550","footprint_m2":15770,"name":"SPC4A","operator":"Google","ref":"Building 3","county_fips":"47125","state":"TN","est_mw":3.0}},{"type":"Feature","geometry":{"type":"Point","coordinates":[-86.473046,41.688555]},"properties":{"id":"way/1471517731","footprint_m2":19556,"county_fips":"18141","state":"IN","est_mw":3.72}},{"type":"Feature","geometry":{"type":"Point","coordinates":[-86.46986,41.688537]},"properties":{"id":"way/1471517732","footprint_m2":19555,"county_fips":"18141","state":"IN","est_mw":3.72}},{"type":"Feature","geometry":{"type":"Point","coordinates":[-86.464887,41.692064]},"properties":{"id":"way/1471517733","footprint_m2":19554,"county_fips":"18141","state":"IN","est_mw":3.72}},{"type":"Feature","geometry":{"type":"Point","coordinates":[-86.471894,41.688545]},"properties":{"id":"way/1471517734","footprint_m2":19554,"county_fips":"18141","state":"IN","est_mw":3.72}},{"type":"Feature","geometry":{"type":"Point","coordinates":[-86.475072,41.688563]},"properties":{"id":"way/1471517735","footprint_m2":19555,"county_fips":"18141","state":"IN","est_mw":3.72}},{"type":"Feature","geometry":{"type":"Point","coordinates":[-86.466895,41.692065]},"properties":{"id":"way/1471517736","footprint_m2":19553,"county_fips":"18141","state":"IN","est_mw":3.72}},{"type":"Feature","geometry":{"type":"Point","coordinates":[-86.463726,41.692052]},"properties":{"id":"way/1471517737","footprint_m2":19552,"county_fips":"18141","state":"IN","est_mw":3.72}},{"type":"Feature","geometry":{"type":"Point","coordinates":[-99.777724,32.504191]},"properties":{"id":"way/1472056705","footprint_m2":9698,"county_fips":"48441","state":"TX","est_mw":1.84}},{"type":"Feature","geometry":{"type":"Point","coordinates":[-99.778823,32.504176]},"properties":{"id":"way/1472056706","footprint_m2":9764,"county_fips":"48441","state":"TX","est_mw":1.86}},{"type":"Feature","geometry":{"type":"Point","coordinates":[-99.778218,32.505121]},"properties":{"id":"way/1472056707","footprint_m2":6073,"county_fips":"48441","state":"TX","est_mw":1.15}},{"type":"Feature","geometry":{"type":"Point","coordinates":[-99.777759,32.506054]},"properties":{"id":"way/1472056708","footprint_m2":9705,"county_fips":"48441","state":"TX","est_mw":1.84}},{"type":"Feature","geometry":{"type":"Point","coordinates":[-99.778864,32.506041]},"properties":{"id":"way/1472056709","footprint_m2":9740,"county_fips":"48441","state":"TX","est_mw":1.85}},{"type":"Feature","geometry":{"type":"Point","coordinates":[-99.781103,32.505084]},"properties":{"id":"way/1472056710","footprint_m2":6040,"county_fips":"48441","state":"TX","est_mw":1.15}},{"type":"Feature","geometry":{"type":"Point","coordinates":[-99.78157,32.504152]},"properties":{"id":"way/1472056711","footprint_m2":9712,"county_fips":"48441","state":"TX","est_mw":1.85}},{"type":"Feature","geometry":{"type":"Point","coordinates":[-99.781595,32.506015]},"properties":{"id":"way/1472056712","footprint_m2":9692,"county_fips":"48441","state":"TX","est_mw":1.84}},{"type":"Feature","geometry":{"type":"Point","coordinates":[-99.780496,32.506026]},"properties":{"id":"way/1472056713","footprint_m2":9756,"county_fips":"48441","state":"TX","est_mw":1.85}},{"type":"Feature","geometry":{"type":"Point","coordinates":[-99.780466,32.504161]},"properties":{"id":"way/1472056714","footprint_m2":9751,"county_fips":"48441","state":"TX","est_mw":1.85}},{"type":"Feature","geometry":{"type":"Point","coordinates":[-84.522652,33.448361]},"properties":{"id":"way/1472128597","footprint_m2":21111,"name":"QTS","operator":"Quality Technology Services","county_fips":"13113","state":"GA","est_mw":4.01}},{"type":"Feature","geometry":{"type":"Point","coordinates":[-84.523619,33.450932]},"properties":{"id":"way/1472128598","footprint_m2":31642,"name":"QTS","operator":"Quality Technology Services","county_fips":"13113","state":"GA","est_mw":6.02}},{"type":"Feature","geometry":{"type":"Point","coordinates":[-112.01942,40.265856]},"properties":{"id":"way/1473440674","footprint_m2":35191,"name":"Meta","operator":"Meta","county_fips":"49049","state":"UT","est_mw":6.69}},{"type":"Feature","geometry":{"type":"Point","coordinates":[-112.019453,40.269876]},"properties":{"id":"way/1473440676","footprint_m2":28819,"name":"Meta","operator":"Meta","county_fips":"49049","state":"UT","est_mw":5.48}},{"type":"Feature","geometry":{"type":"Point","coordinates":[-106.665569,31.818396]},"properties":{"id":"way/1476734418","footprint_m2":2479486,"name":"Project Jupiter","operator":"Acoma LLC;Stargate LLC","county_fips":"35013","state":"NM","est_mw":471.35}},{"type":"Feature","geometry":{"type":"Point","coordinates":[-88.246755,41.802878]},"properties":{"id":"way/1481581947","footprint_m2":19776,"name":"CyrusOne CHI3","operator":"CyrusOne","county_fips":"17043","state":"IL","est_mw":3.76}},{"type":"Feature","geometry":{"type":"Point","coordinates":[-88.241103,41.806932]},"properties":{"id":"way/1481581948","footprint_m2":10795,"name":"Edged Chicago ORD01","operator":"Edged","county_fips":"17043","state":"IL","est_mw":2.05}},{"type":"Feature","geometry":{"type":"Point","coordinates":[-77.556149,38.777132]},"properties":{"id":"way/1482076328","footprint_m2":10627,"county_fips":"51153","state":"VA","est_mw":2.02}},{"type":"Feature","geometry":{"type":"Point","coordinates":[-77.449736,38.989471]},"properties":{"id":"way/1482076330","footprint_m2":12631,"name":"Amazon IAD230","operator":"Amazon Web Services","ref":"Amazon IAD230","county_fips":"51107","state":"VA","est_mw":2.4}},{"type":"Feature","geometry":{"type":"Point","coordinates":[-96.659531,33.140636]},"properties":{"id":"way/1484435248","footprint_m2":10639,"county_fips":"48085","state":"TX","est_mw":2.02}},{"type":"Feature","geometry":{"type":"Point","coordinates":[-104.780223,41.06206]},"properties":{"id":"way/1485867694","footprint_m2":22937,"county_fips":"56021","state":"WY","est_mw":4.36}},{"type":"Feature","geometry":{"type":"Point","coordinates":[-104.780201,41.063131]},"properties":{"id":"way/1485867695","footprint_m2":22910,"county_fips":"56021","state":"WY","est_mw":4.36}},{"type":"Feature","geometry":{"type":"Point","coordinates":[-104.785605,41.063158]},"properties":{"id":"way/1485867696","footprint_m2":23326,"county_fips":"56021","state":"WY","est_mw":4.43}},{"type":"Feature","geometry":{"type":"Point","coordinates":[-104.826578,41.076796]},"properties":{"id":"way/1485867768","footprint_m2":26873,"county_fips":"56021","state":"WY","est_mw":5.11}},{"type":"Feature","geometry":{"type":"Point","coordinates":[-104.823299,41.077033]},"properties":{"id":"way/1485867769","footprint_m2":32098,"county_fips":"56021","state":"WY","est_mw":6.1}},{"type":"Feature","geometry":{"type":"Point","coordinates":[-96.657094,33.006006]},"properties":{"id":"way/1486780799","footprint_m2":20024,"name":"Aligned Data Centers DFW-04","operator":"Aligned Data Centers","ref":"DFW-04","county_fips":"48085","state":"TX","est_mw":3.81}},{"type":"Feature","geometry":{"type":"Point","coordinates":[-86.797121,36.28218]},"properties":{"id":"way/1489113575","footprint_m2":26844,"name":"Verizon Wireless","county_fips":"47037","state":"TN","est_mw":5.1}},{"type":"Feature","geometry":{"type":"Point","coordinates":[-100.868906,33.777261]},"properties":{"id":"way/1490401523","footprint_m2":589339,"name":"Argo Data Center","county_fips":"48125","state":"TX","est_mw":112.03}},{"type":"Feature","geometry":{"type":"Point","coordinates":[-97.672545,30.487997]},"properties":{"id":"way/1493169641","footprint_m2":16184,"name":"Switch: The Rock","operator":"Switch","county_fips":"48491","state":"TX","est_mw":3.08}},{"type":"Feature","geometry":{"type":"Point","coordinates":[-77.250127,37.485232]},"properties":{"id":"way/1493516619","footprint_m2":16048,"name":"DC6","operator":"Quality Technology Services","county_fips":"51087","state":"VA","est_mw":3.05}},{"type":"Feature","geometry":{"type":"Point","coordinates":[-77.249269,37.484829]},"properties":{"id":"way/1493516620","footprint_m2":15223,"name":"DC5","operator":"Quality Technology Services","county_fips":"51087","state":"VA","est_mw":2.89}},{"type":"Feature","geometry":{"type":"Point","coordinates":[-77.247765,37.483858]},"properties":{"id":"way/1493516621","footprint_m2":15862,"name":"DC4","operator":"Quality Technology Services","county_fips":"51087","state":"VA","est_mw":3.02}},{"type":"Feature","geometry":{"type":"Point","coordinates":[-77.240062,37.488173]},"properties":{"id":"way/1493516623","footprint_m2":23794,"name":"RIC2 DC1","county_fips":"51087","state":"VA","est_mw":4.52}},{"type":"Feature","geometry":{"type":"Point","coordinates":[-77.240983,37.487092]},"properties":{"id":"way/1493516624","footprint_m2":23570,"name":"RIC2 DC2","county_fips":"51087","state":"VA","est_mw":4.48}},{"type":"Feature","geometry":{"type":"Point","coordinates":[-77.241891,37.486065]},"properties":{"id":"way/1493516625","footprint_m2":23572,"name":"RIC2 DC3","county_fips":"51087","state":"VA","est_mw":4.48}},{"type":"Feature","geometry":{"type":"Point","coordinates":[-77.242984,37.484848]},"properties":{"id":"way/1493516626","footprint_m2":23571,"name":"RIC2 DC5","county_fips":"51087","state":"VA","est_mw":4.48}},{"type":"Feature","geometry":{"type":"Point","coordinates":[-77.243764,37.483901]},"properties":{"id":"way/1493516628","footprint_m2":23574,"name":"RIC2 DC6","county_fips":"51087","state":"VA","est_mw":4.48}},{"type":"Feature","geometry":{"type":"Point","coordinates":[-77.251622,37.480504]},"properties":{"id":"way/1493516629","footprint_m2":21277,"name":"RIC3 DC1","operator":"Quality Technology Services","county_fips":"51087","state":"VA","est_mw":4.04}},{"type":"Feature","geometry":{"type":"Point","coordinates":[-77.25221,37.479727]},"properties":{"id":"way/1493516630","footprint_m2":21279,"name":"RIC3 DC2","operator":"Quality Technology Services","county_fips":"51087","state":"VA","est_mw":4.05}},{"type":"Feature","geometry":{"type":"Point","coordinates":[-77.252996,37.47851]},"properties":{"id":"way/1493516631","footprint_m2":21281,"name":"RIC3 DC3","operator":"Quality Technology Services","county_fips":"51087","state":"VA","est_mw":4.05}},{"type":"Feature","geometry":{"type":"Point","coordinates":[-77.249693,37.477015]},"properties":{"id":"way/1493516632","footprint_m2":21281,"name":"RIC3 DC5","operator":"Quality Technology Services","county_fips":"51087","state":"VA","est_mw":4.05}},{"type":"Feature","geometry":{"type":"Point","coordinates":[-77.248977,37.477917]},"properties":{"id":"way/1493516633","footprint_m2":21281,"name":"RIC3 DC4","operator":"Quality Technology Services","county_fips":"51087","state":"VA","est_mw":4.05}},{"type":"Feature","geometry":{"type":"Point","coordinates":[-77.23499,37.498304]},"properties":{"id":"way/1493522238","footprint_m2":249532,"operator":"Iron Mountain","county_fips":"51087","state":"VA","est_mw":47.44}},{"type":"Feature","geometry":{"type":"Point","coordinates":[-77.239326,37.476659]},"properties":{"id":"way/1493522239","footprint_m2":77914,"operator":"Meta","county_fips":"51087","state":"VA","est_mw":14.81}},{"type":"Feature","geometry":{"type":"Point","coordinates":[-77.255032,37.506124]},"properties":{"id":"way/1493522240","footprint_m2":139335,"name":"White Oak Technology Park 2","operator":"QTS","county_fips":"51087","state":"VA","est_mw":26.49}},{"type":"Feature","geometry":{"type":"Point","coordinates":[-77.422842,37.604853]},"properties":{"id":"way/1493522241","footprint_m2":51439,"operator":"DC Blox","county_fips":"51087","state":"VA","est_mw":9.78}},{"type":"Feature","geometry":{"type":"Point","coordinates":[-77.324252,37.358163]},"properties":{"id":"way/1493522242","footprint_m2":22258,"name":"PowerHouse CTP-02","operator":"PowerHouse","county_fips":"51041","state":"VA","est_mw":4.23}},{"type":"Feature","geometry":{"type":"Point","coordinates":[-119.483041,39.509983]},"properties":{"id":"way/1494498031","footprint_m2":28499,"name":"Tahoe Reno 4","operator":"Switch","county_fips":"32029","state":"NV","est_mw":5.42}},{"type":"Feature","geometry":{"type":"Point","coordinates":[-119.483237,39.508198]},"properties":{"id":"way/1494498032","footprint_m2":28500,"name":"Tahoe Reno 5","operator":"Switch","county_fips":"32029","state":"NV","est_mw":5.42}},{"type":"Feature","geometry":{"type":"Point","coordinates":[-98.588462,37.278406]},"properties":{"id":"way/1498005255","footprint_m2":42,"operator":"SC","county_fips":"20007","state":"KS","est_mw":0.01}},{"type":"Feature","geometry":{"type":"Point","coordinates":[-97.298344,31.057389]},"properties":{"id":"way/1498670679","footprint_m2":13454,"county_fips":"48027","state":"TX","est_mw":2.56}},{"type":"Feature","geometry":{"type":"Point","coordinates":[-82.687567,39.72408]},"properties":{"id":"way/1501120016","footprint_m2":27106,"name":"Google","operator":"Google","county_fips":"39045","state":"OH","est_mw":5.15}},{"type":"Feature","geometry":{"type":"Point","coordinates":[-119.619713,45.853872]},"properties":{"id":"way/1501436323","footprint_m2":20439,"name":"Amazon Web Services","operator":"Amazon Web Services","county_fips":"41049","state":"OR","est_mw":3.89}},{"type":"Feature","geometry":{"type":"Point","coordinates":[-119.619725,45.855237]},"properties":{"id":"way/1501436324","footprint_m2":19861,"name":"Amazon Web Services","operator":"Amazon Web Services","county_fips":"41049","state":"OR","est_mw":3.78}},{"type":"Feature","geometry":{"type":"Point","coordinates":[-119.268669,45.811749]},"properties":{"id":"way/1501455347","footprint_m2":19648,"name":"Amazon Web Services","operator":"Amazon Web Services","county_fips":"41059","state":"OR","est_mw":3.74}},{"type":"Feature","geometry":{"type":"Point","coordinates":[-119.268665,45.810378]},"properties":{"id":"way/1501455348","footprint_m2":19766,"name":"Amazon Web Services","operator":"Amazon Web Services","county_fips":"41059","state":"OR","est_mw":3.76}},{"type":"Feature","geometry":{"type":"Point","coordinates":[-119.27825,45.811206]},"properties":{"id":"way/1501456882","footprint_m2":19973,"name":"Amazon Web Services","operator":"Amazon Web Services","county_fips":"41059","state":"OR","est_mw":3.8}},{"type":"Feature","geometry":{"type":"Point","coordinates":[-123.07871,45.514779]},"properties":{"id":"way/1501805557","footprint_m2":11083,"name":"Crane DC - Portland","operator":"Crane Data Centers Inc.","county_fips":"41067","state":"OR","est_mw":2.11}},{"type":"Feature","geometry":{"type":"Point","coordinates":[-119.8228,45.711023]},"properties":{"id":"way/1501824325","footprint_m2":797072,"county_fips":"41049","state":"OR","est_mw":151.52}},{"type":"Feature","geometry":{"type":"Point","coordinates":[-119.826235,45.711318]},"properties":{"id":"way/1501824326","footprint_m2":23391,"name":"Percheron DC","operator":"Rowan Green Data LLC","county_fips":"41049","state":"OR","est_mw":4.45}},{"type":"Feature","geometry":{"type":"Point","coordinates":[-119.824764,45.711934]},"properties":{"id":"way/1501824327","footprint_m2":23390,"name":"Percheron DC","operator":"Rowan Green Data LLC","county_fips":"41049","state":"OR","est_mw":4.45}},{"type":"Feature","geometry":{"type":"Point","coordinates":[-119.822273,45.708272]},"properties":{"id":"way/1501824328","footprint_m2":23392,"name":"Percheron DC","operator":"Rowan Green Data LLC","county_fips":"41049","state":"OR","est_mw":4.45}},{"type":"Feature","geometry":{"type":"Point","coordinates":[-119.821212,45.709321]},"properties":{"id":"way/1501824329","footprint_m2":23391,"name":"Percheron DC","operator":"Rowan Green Data LLC","county_fips":"41049","state":"OR","est_mw":4.45}},{"type":"Feature","geometry":{"type":"Point","coordinates":[-74.072723,44.893082]},"properties":{"id":"way/1501825871","footprint_m2":60632,"name":"NYGC Chateaugay","operator":"2CRSi","county_fips":"36033","state":"NY","est_mw":11.53}},{"type":"Feature","geometry":{"type":"Point","coordinates":[-98.697682,29.477957]},"properties":{"id":"way/1502710556","footprint_m2":112871,"name":"Vantage San Antonio II","county_fips":"48029","state":"TX","est_mw":21.46}},{"type":"Feature","geometry":{"type":"Point","coordinates":[-98.697699,29.479083]},"properties":{"id":"way/1502710557","footprint_m2":10522,"name":"Vantage Data Centers TX22","operator":"Vantage Data Centers","county_fips":"48029","state":"TX","est_mw":2.0}},{"type":"Feature","geometry":{"type":"Point","coordinates":[-98.698835,29.47022]},"properties":{"id":"way/1502711381","footprint_m2":22880,"name":"Microsoft","operator":"Microsoft","county_fips":"48029","state":"TX","est_mw":4.35}},{"type":"Feature","geometry":{"type":"Point","coordinates":[-106.309919,31.750011]},"properties":{"id":"way/1504463315","footprint_m2":868,"name":"MDC","county_fips":"48141","state":"TX","est_mw":0.16}},{"type":"Feature","geometry":{"type":"Point","coordinates":[-87.896839,42.673302]},"properties":{"id":"way/1510420026","footprint_m2":26675,"county_fips":"55101","state":"WI","est_mw":5.07}},{"type":"Feature","geometry":{"type":"Point","coordinates":[-119.858895,45.809819]},"properties":{"id":"way/1510517629","footprint_m2":19865,"operator":"amazon web services","county_fips":"41049","state":"OR","est_mw":3.78}},{"type":"Feature","geometry":{"type":"Point","coordinates":[-121.208425,45.624777]},"properties":{"id":"way/1510517630","footprint_m2":26728,"name":"Google","operator":"Google","county_fips":"41065","state":"OR","est_mw":5.08}},{"type":"Feature","geometry":{"type":"Point","coordinates":[-90.187827,32.411926]},"properties":{"id":"way/1510517631","footprint_m2":20182,"name":"Amazon Web Services","operator":"Amazon Web Services","county_fips":"28089","state":"MS","est_mw":3.84}},{"type":"Feature","geometry":{"type":"Point","coordinates":[-90.189523,32.411936]},"properties":{"id":"way/1510517632","footprint_m2":20242,"name":"Amazon Web Services","operator":"Amazon Web Services","county_fips":"28089","state":"MS","est_mw":3.85}},{"type":"Feature","geometry":{"type":"Point","coordinates":[-90.190547,32.41196]},"properties":{"id":"way/1510517633","footprint_m2":19967,"name":"Amazon Web Services","operator":"Amazon Web Services","county_fips":"28089","state":"MS","est_mw":3.8}},{"type":"Feature","geometry":{"type":"Point","coordinates":[-90.192242,32.411922]},"properties":{"id":"way/1510517634","footprint_m2":19890,"name":"Amazon Web Services","operator":"Amazon Web Services","county_fips":"28089","state":"MS","est_mw":3.78}},{"type":"Feature","geometry":{"type":"Point","coordinates":[-84.52372,33.462265]},"properties":{"id":"way/1510517635","footprint_m2":30950,"name":"QTS","operator":"Quality Technology Services","county_fips":"13113","state":"GA","est_mw":5.88}},{"type":"Feature","geometry":{"type":"Point","coordinates":[-84.529192,33.463912]},"properties":{"id":"way/1510517636","footprint_m2":19167,"name":"QTS","operator":"Quality Technology Services","county_fips":"13113","state":"GA","est_mw":3.64}},{"type":"Feature","geometry":{"type":"Point","coordinates":[-77.539972,38.775165]},"properties":{"id":"way/1510517637","footprint_m2":13924,"county_fips":"51153","state":"VA","est_mw":2.65}},{"type":"Feature","geometry":{"type":"Point","coordinates":[-77.581987,38.789367]},"properties":{"id":"way/1510517638","footprint_m2":12559,"name":"Amazon Web Services","operator":"Amazon Web Services","county_fips":"51153","state":"VA","est_mw":2.39}},{"type":"Feature","geometry":{"type":"Point","coordinates":[-77.579688,38.789446]},"properties":{"id":"way/1510517639","footprint_m2":12446,"name":"Amazon Web Services","operator":"Amazon Web Services","county_fips":"51153","state":"VA","est_mw":2.37}},{"type":"Feature","geometry":{"type":"Point","coordinates":[-77.497329,38.74666]},"properties":{"id":"way/1510517640","footprint_m2":12247,"name":"Amazon Web Services","operator":"Amazon Web Services","county_fips":"51683","state":"VA","est_mw":2.33}},{"type":"Feature","geometry":{"type":"Point","coordinates":[-77.494778,38.747637]},"properties":{"id":"way/1510517641","footprint_m2":11555,"name":"Amazon Web Services","operator":"Amazon Web Services","county_fips":"51683","state":"VA","est_mw":2.2}},{"type":"Feature","geometry":{"type":"Point","coordinates":[-77.493026,38.749546]},"properties":{"id":"way/1510517642","footprint_m2":10256,"name":"Amazon Web Services","operator":"Amazon Web Services","county_fips":"51683","state":"VA","est_mw":1.95}},{"type":"Feature","geometry":{"type":"Point","coordinates":[-103.806272,31.532749]},"properties":{"id":"way/1511639842","footprint_m2":5332,"county_fips":"48389","state":"TX","est_mw":1.01}},{"type":"Feature","geometry":{"type":"Point","coordinates":[-103.805229,31.532749]},"properties":{"id":"way/1511639843","footprint_m2":5332,"county_fips":"48389","state":"TX","est_mw":1.01}},{"type":"Feature","geometry":{"type":"Point","coordinates":[-103.804192,31.532761]},"properties":{"id":"way/1511639844","footprint_m2":5332,"county_fips":"48389","state":"TX","est_mw":1.01}},{"type":"Feature","geometry":{"type":"Point","coordinates":[-103.800415,31.533345]},"properties":{"id":"way/1511639845","footprint_m2":1090,"county_fips":"48389","state":"TX","est_mw":0.21}},{"type":"Feature","geometry":{"type":"Point","coordinates":[-103.817247,31.537221]},"properties":{"id":"way/1511639887","footprint_m2":201780,"name":"Core Scientific COT2 Data Center","county_fips":"48389","state":"TX","est_mw":38.36}},{"type":"Feature","geometry":{"type":"Point","coordinates":[-90.037283,34.998066]},"properties":{"id":"way/1513177952","footprint_m2":503583,"name":"Colossus 2","operator":"xAI","county_fips":"47157","state":"TN","est_mw":95.73}},{"type":"Feature","geometry":{"type":"Point","coordinates":[-90.034243,34.993452]},"properties":{"id":"way/1513177953","footprint_m2":171838,"name":"MACROHARDRR","operator":"xAI","county_fips":"28033","state":"MS","est_mw":32.67}},{"type":"Feature","geometry":{"type":"Point","coordinates":[-86.456346,39.597031]},"properties":{"id":"way/1518445423","footprint_m2":830299,"operator":"Google","county_fips":"18109","state":"IN","est_mw":157.84}},{"type":"Feature","geometry":{"type":"Point","coordinates":[-77.468289,39.006244]},"properties":{"id":"way/1518717349","footprint_m2":10206,"name":"Digital Realty Northern Virginia IAD40","operator":"Digital Realty","ref":"IAD40","county_fips":"51107","state":"VA","est_mw":1.94}},{"type":"Feature","geometry":{"type":"Point","coordinates":[-77.439385,39.002889]},"properties":{"id":"way/1518761569","footprint_m2":11333,"name":"Vantage VA14","operator":"Vantage Data Centers","ref":"VA14","county_fips":"51107","state":"VA","est_mw":2.15}},{"type":"Feature","geometry":{"type":"Point","coordinates":[-106.481066,32.380506]},"properties":{"id":"way/1519367009","footprint_m2":3188,"name":"Information Systems Facility","operator":"WSMR","ref":"120-123","county_fips":"35013","state":"NM","est_mw":0.61}},{"type":"Feature","geometry":{"type":"Point","coordinates":[-77.42671,38.935605]},"properties":{"id":"way/1521913706","footprint_m2":12242,"county_fips":"51059","state":"VA","est_mw":2.33}},{"type":"Feature","geometry":{"type":"Point","coordinates":[-77.425787,38.937288]},"properties":{"id":"way/1521913707","footprint_m2":12241,"county_fips":"51059","state":"VA","est_mw":2.33}},{"type":"Feature","geometry":{"type":"Point","coordinates":[-77.453794,39.013398]},"properties":{"id":"way/1522636324","footprint_m2":5761,"name":"Equinix Ashburn DC22","operator":"Equinix","ref":"DC22","county_fips":"51107","state":"VA","est_mw":1.1}},{"type":"Feature","geometry":{"type":"Point","coordinates":[-98.688315,29.466521]},"properties":{"id":"way/1524488060","footprint_m2":34705,"county_fips":"48029","state":"TX","est_mw":6.6}},{"type":"Feature","geometry":{"type":"Point","coordinates":[-96.650202,32.974448]},"properties":{"id":"way/1525436762","footprint_m2":23798,"name":"Digital Realty","operator":"Digital Realty","county_fips":"48113","state":"TX","est_mw":4.52}},{"type":"Feature","geometry":{"type":"Point","coordinates":[-83.883278,42.122119]},"properties":{"id":"way/1528327802","footprint_m2":1367461,"name":"The Barn Data Center","county_fips":"26161","state":"MI","est_mw":259.95}},{"type":"Feature","geometry":{"type":"Point","coordinates":[-88.054593,41.458211]},"properties":{"id":"way/1528485106","footprint_m2":3225950,"name":"Joliet Technology Center","county_fips":"17197","state":"IL","est_mw":613.25}},{"type":"Feature","geometry":{"type":"Point","coordinates":[-87.932436,42.690943]},"properties":{"id":"way/1528490093","footprint_m2":3147782,"name":"Microsoft Fairwater Phase 2","county_fips":"55101","state":"WI","est_mw":598.39}},{"type":"Feature","geometry":{"type":"Point","coordinates":[-87.909755,42.676084]},"properties":{"id":"way/1528490094","footprint_m2":899708,"name":"Microsoft Fairwater AI Phase 2","county_fips":"55101","state":"WI","est_mw":171.03}},{"type":"Feature","geometry":{"type":"Point","coordinates":[-77.645829,42.997217]},"properties":{"id":"way/1528887658","footprint_m2":135,"name":"Landmax Data Systems, Inc","county_fips":"36055","state":"NY","est_mw":0.03}},{"type":"Feature","geometry":{"type":"Point","coordinates":[-112.329629,33.576842]},"properties":{"id":"way/1529510642","footprint_m2":460346,"name":"Compass PHX II","county_fips":"04013","state":"AZ","est_mw":87.51}},{"type":"Feature","geometry":{"type":"Point","coordinates":[-111.906384,40.480597]},"properties":{"id":"way/1530196328","footprint_m2":8604,"name":"DataBank SLC6","operator":"DataBank","ref":"SLC6","county_fips":"49035","state":"UT","est_mw":1.64}},{"type":"Feature","geometry":{"type":"Point","coordinates":[-96.650123,32.976438]},"properties":{"id":"way/1530197817","footprint_m2":18801,"name":"Digital Realty","operator":"Digital Realty","county_fips":"48113","state":"TX","est_mw":3.57}},{"type":"Feature","geometry":{"type":"Point","coordinates":[-96.658356,32.979575]},"properties":{"id":"way/1530199676","footprint_m2":11446,"name":"NTT","operator":"NTT","county_fips":"48113","state":"TX","est_mw":2.18}},{"type":"Feature","geometry":{"type":"Point","coordinates":[-96.675138,33.009002]},"properties":{"id":"way/1530200859","footprint_m2":8152,"name":"Aligned  DFW-02","operator":"Aligned","ref":"DFW-02","county_fips":"48085","state":"TX","est_mw":1.55}},{"type":"Feature","geometry":{"type":"Point","coordinates":[-99.776246,32.499988]},"properties":{"id":"way/1530966366","footprint_m2":9706,"county_fips":"48441","state":"TX","est_mw":1.85}},{"type":"Feature","geometry":{"type":"Point","coordinates":[-99.777351,32.499975]},"properties":{"id":"way/1530966367","footprint_m2":9742,"county_fips":"48441","state":"TX","est_mw":1.85}},{"type":"Feature","geometry":{"type":"Point","coordinates":[-99.776705,32.499056]},"properties":{"id":"way/1530966368","footprint_m2":6074,"county_fips":"48441","state":"TX","est_mw":1.15}},{"type":"Feature","geometry":{"type":"Point","coordinates":[-99.776211,32.498125]},"properties":{"id":"way/1530966369","footprint_m2":9699,"county_fips":"48441","state":"TX","est_mw":1.84}},{"type":"Feature","geometry":{"type":"Point","coordinates":[-99.77731,32.49811]},"properties":{"id":"way/1530966370","footprint_m2":9765,"county_fips":"48441","state":"TX","est_mw":1.86}},{"type":"Feature","geometry":{"type":"Point","coordinates":[-99.779311,32.498095]},"properties":{"id":"way/1530966371","footprint_m2":9752,"county_fips":"48441","state":"TX","est_mw":1.85}},{"type":"Feature","geometry":{"type":"Point","coordinates":[-99.780416,32.498086]},"properties":{"id":"way/1530966372","footprint_m2":9713,"county_fips":"48441","state":"TX","est_mw":1.85}},{"type":"Feature","geometry":{"type":"Point","coordinates":[-99.779949,32.499019]},"properties":{"id":"way/1530966373","footprint_m2":6041,"county_fips":"48441","state":"TX","est_mw":1.15}},{"type":"Feature","geometry":{"type":"Point","coordinates":[-99.780441,32.49995]},"properties":{"id":"way/1530966374","footprint_m2":9694,"county_fips":"48441","state":"TX","est_mw":1.84}},{"type":"Feature","geometry":{"type":"Point","coordinates":[-99.779342,32.49996]},"properties":{"id":"way/1530966375","footprint_m2":9757,"county_fips":"48441","state":"TX","est_mw":1.85}},{"type":"Feature","geometry":{"type":"Point","coordinates":[-99.782465,32.499955]},"properties":{"id":"way/1530966376","footprint_m2":9706,"county_fips":"48441","state":"TX","est_mw":1.85}},{"type":"Feature","geometry":{"type":"Point","coordinates":[-99.783569,32.499942]},"properties":{"id":"way/1530966377","footprint_m2":9742,"county_fips":"48441","state":"TX","est_mw":1.85}},{"type":"Feature","geometry":{"type":"Point","coordinates":[-99.782924,32.499023]},"properties":{"id":"way/1530966378","footprint_m2":6075,"county_fips":"48441","state":"TX","est_mw":1.15}},{"type":"Feature","geometry":{"type":"Point","coordinates":[-99.782429,32.498092]},"properties":{"id":"way/1530966379","footprint_m2":9699,"county_fips":"48441","state":"TX","est_mw":1.84}},{"type":"Feature","geometry":{"type":"Point","coordinates":[-99.783528,32.498077]},"properties":{"id":"way/1530966380","footprint_m2":9765,"county_fips":"48441","state":"TX","est_mw":1.86}},{"type":"Feature","geometry":{"type":"Point","coordinates":[-99.785507,32.498049]},"properties":{"id":"way/1530966381","footprint_m2":9753,"county_fips":"48441","state":"TX","est_mw":1.85}},{"type":"Feature","geometry":{"type":"Point","coordinates":[-99.786612,32.498041]},"properties":{"id":"way/1530966382","footprint_m2":9714,"county_fips":"48441","state":"TX","est_mw":1.85}},{"type":"Feature","geometry":{"type":"Point","coordinates":[-99.786145,32.498973]},"properties":{"id":"way/1530966383","footprint_m2":6042,"county_fips":"48441","state":"TX","est_mw":1.15}},{"type":"Feature","geometry":{"type":"Point","coordinates":[-99.786637,32.499904]},"properties":{"id":"way/1530966384","footprint_m2":9693,"county_fips":"48441","state":"TX","est_mw":1.84}},{"type":"Feature","geometry":{"type":"Point","coordinates":[-99.785538,32.499915]},"properties":{"id":"way/1530966385","footprint_m2":9756,"county_fips":"48441","state":"TX","est_mw":1.85}},{"type":"Feature","geometry":{"type":"Point","coordinates":[-99.791168,32.498463]},"properties":{"id":"way/1530966386","footprint_m2":9706,"county_fips":"48441","state":"TX","est_mw":1.85}},{"type":"Feature","geometry":{"type":"Point","coordinates":[-99.792273,32.49845]},"properties":{"id":"way/1530966387","footprint_m2":9741,"county_fips":"48441","state":"TX","est_mw":1.85}},{"type":"Feature","geometry":{"type":"Point","coordinates":[-99.791627,32.497531]},"properties":{"id":"way/1530966388","footprint_m2":6074,"county_fips":"48441","state":"TX","est_mw":1.15}},{"type":"Feature","geometry":{"type":"Point","coordinates":[-99.791132,32.4966]},"properties":{"id":"way/1530966389","footprint_m2":9700,"county_fips":"48441","state":"TX","est_mw":1.84}},{"type":"Feature","geometry":{"type":"Point","coordinates":[-99.792231,32.496585]},"properties":{"id":"way/1530966390","footprint_m2":9766,"county_fips":"48441","state":"TX","est_mw":1.86}},{"type":"Feature","geometry":{"type":"Point","coordinates":[-99.794457,32.496564]},"properties":{"id":"way/1530966391","footprint_m2":9753,"county_fips":"48441","state":"TX","est_mw":1.85}},{"type":"Feature","geometry":{"type":"Point","coordinates":[-99.795562,32.496555]},"properties":{"id":"way/1530966392","footprint_m2":9714,"county_fips":"48441","state":"TX","est_mw":1.85}},{"type":"Feature","geometry":{"type":"Point","coordinates":[-99.795095,32.497487]},"properties":{"id":"way/1530966393","footprint_m2":6041,"county_fips":"48441","state":"TX","est_mw":1.15}},{"type":"Feature","geometry":{"type":"Point","coordinates":[-99.795587,32.498418]},"properties":{"id":"way/1530966394","footprint_m2":9694,"county_fips":"48441","state":"TX","est_mw":1.84}},{"type":"Feature","geometry":{"type":"Point","coordinates":[-99.794488,32.498429]},"properties":{"id":"way/1530966395","footprint_m2":9758,"county_fips":"48441","state":"TX","est_mw":1.85}},{"type":"Feature","geometry":{"type":"Point","coordinates":[-92.64507,44.21906]},"properties":{"id":"way/1531008936","footprint_m2":744894,"name":"Project Skyway","operator":"Google","county_fips":"27049","state":"MN","est_mw":141.6}},{"type":"Feature","geometry":{"type":"Point","coordinates":[-112.364866,33.410235]},"properties":{"id":"way/1532070752","footprint_m2":22960,"name":"PHX-12","operator":"Microsoft","ref":"PHX-12","county_fips":"04013","state":"AZ","est_mw":4.36}},{"type":"Feature","geometry":{"type":"Point","coordinates":[-112.364853,33.411544]},"properties":{"id":"way/1532070753","footprint_m2":22959,"name":"PHX-13","operator":"Microsoft","ref":"PHX-13","county_fips":"04013","state":"AZ","est_mw":4.36}},{"type":"Feature","geometry":{"type":"Point","coordinates":[-112.364863,33.412796]},"properties":{"id":"way/1532070754","footprint_m2":22957,"name":"PHX-14","operator":"Microsoft","ref":"PHX-14","county_fips":"04013","state":"AZ","est_mw":4.36}},{"type":"Feature","geometry":{"type":"Point","coordinates":[-112.372823,33.404623]},"properties":{"id":"way/1532070757","footprint_m2":149195,"name":"Vantage Data Centers AZ2 Campus","county_fips":"04013","state":"AZ","est_mw":28.36}},{"type":"Feature","geometry":{"type":"Point","coordinates":[-98.790187,29.416857]},"properties":{"id":"way/1533148730","footprint_m2":11417,"name":"Vantage TX11","operator":"Vantage Data Centers","county_fips":"48029","state":"TX","est_mw":2.17}},{"type":"Feature","geometry":{"type":"Point","coordinates":[-98.786421,29.415808]},"properties":{"id":"way/1533148752","footprint_m2":12583,"county_fips":"48029","state":"TX","est_mw":2.39}},{"type":"Feature","geometry":{"type":"Point","coordinates":[-98.788866,29.415598]},"properties":{"id":"way/1533349843","footprint_m2":11417,"name":"Vantage TX12","operator":"Vantage Data Centers","county_fips":"48029","state":"TX","est_mw":2.17}},{"type":"Feature","geometry":{"type":"Point","coordinates":[-98.789751,29.415167]},"properties":{"id":"way/1533349844","footprint_m2":11417,"name":"Vantage TX12","operator":"Vantage Data Centers","county_fips":"48029","state":"TX","est_mw":2.17}},{"type":"Feature","geometry":{"type":"Point","coordinates":[-98.802906,29.41896]},"properties":{"id":"way/1533350872","footprint_m2":14078,"name":"Microsoft","operator":"Microsoft","county_fips":"48029","state":"TX","est_mw":2.68}},{"type":"Feature","geometry":{"type":"Point","coordinates":[-98.876658,29.429192]},"properties":{"id":"way/1533392812","footprint_m2":22662,"name":"Microsoft SAT 80","operator":"Microsoft","county_fips":"48325","state":"TX","est_mw":4.31}},{"type":"Feature","geometry":{"type":"Point","coordinates":[-98.876656,29.427999]},"properties":{"id":"way/1533392813","footprint_m2":22663,"name":"Microsoft SAT 81","operator":"Microsoft","county_fips":"48325","state":"TX","est_mw":4.31}},{"type":"Feature","geometry":{"type":"Point","coordinates":[-98.876641,29.426655]},"properties":{"id":"way/1533392814","footprint_m2":22662,"name":"Microsoft SAT 82","operator":"Microsoft","county_fips":"48325","state":"TX","est_mw":4.31}},{"type":"Feature","geometry":{"type":"Point","coordinates":[-104.717651,41.142296]},"properties":{"id":"way/1534114833","footprint_m2":22974,"county_fips":"56021","state":"WY","est_mw":4.37}},{"type":"Feature","geometry":{"type":"Point","coordinates":[-104.800054,41.036685]},"properties":{"id":"way/1534115979","footprint_m2":2425956,"name":"Project Jade Data Center","county_fips":"56021","state":"WY","est_mw":461.17}},{"type":"Feature","geometry":{"type":"Point","coordinates":[-77.446399,39.005241]},"properties":{"id":"way/1534356804","footprint_m2":11649,"county_fips":"51107","state":"VA","est_mw":2.21}},{"type":"Feature","geometry":{"type":"Point","coordinates":[-77.448575,39.003506]},"properties":{"id":"way/1534356805","footprint_m2":11683,"county_fips":"51107","state":"VA","est_mw":2.22}},{"type":"Feature","geometry":{"type":"Point","coordinates":[-67.905588,46.939993]},"properties":{"id":"way/1534758773","footprint_m2":772,"name":"Datacenter","county_fips":"23003","state":"ME","est_mw":0.15}},{"type":"Feature","geometry":{"type":"Point","coordinates":[-95.424227,29.945171]},"properties":{"id":"way/1535715798","footprint_m2":9757,"name":"Data Foundry","county_fips":"48201","state":"TX","est_mw":1.85}},{"type":"Feature","geometry":{"type":"Point","coordinates":[-98.697523,29.477372]},"properties":{"id":"way/1535752110","footprint_m2":10523,"name":"Vantage Data Centers TX21","operator":"Vantage Data Centers","county_fips":"48029","state":"TX","est_mw":2.0}},{"type":"Feature","geometry":{"type":"Point","coordinates":[-103.449123,31.513432]},"properties":{"id":"way/1536086683","footprint_m2":5264,"county_fips":"48475","state":"TX","est_mw":1.0}},{"type":"Feature","geometry":{"type":"Point","coordinates":[-103.448667,31.513879]},"properties":{"id":"way/1536086684","footprint_m2":5265,"county_fips":"48475","state":"TX","est_mw":1.0}},{"type":"Feature","geometry":{"type":"Point","coordinates":[-77.186173,38.741982]},"properties":{"id":"way/1536981894","footprint_m2":11315,"name":"Amazon Web Services","operator":"Amazon Web Services","county_fips":"51059","state":"VA","est_mw":2.15}},{"type":"Feature","geometry":{"type":"Point","coordinates":[-98.638574,29.450864]},"properties":{"id":"way/1537389914","footprint_m2":117234,"county_fips":"48029","state":"TX","est_mw":22.29}},{"type":"Feature","geometry":{"type":"Point","coordinates":[-98.644087,29.445246]},"properties":{"id":"way/1537390734","footprint_m2":399,"county_fips":"48029","state":"TX","est_mw":0.08}},{"type":"Feature","geometry":{"type":"Point","coordinates":[-98.644251,29.445041]},"properties":{"id":"way/1537390735","footprint_m2":399,"county_fips":"48029","state":"TX","est_mw":0.08}},{"type":"Feature","geometry":{"type":"Point","coordinates":[-98.644404,29.444851]},"properties":{"id":"way/1537390736","footprint_m2":399,"county_fips":"48029","state":"TX","est_mw":0.08}},{"type":"Feature","geometry":{"type":"Point","coordinates":[-98.644556,29.444662]},"properties":{"id":"way/1537390737","footprint_m2":399,"county_fips":"48029","state":"TX","est_mw":0.08}},{"type":"Feature","geometry":{"type":"Point","coordinates":[-98.64471,29.444475]},"properties":{"id":"way/1537390738","footprint_m2":399,"county_fips":"48029","state":"TX","est_mw":0.08}},{"type":"Feature","geometry":{"type":"Point","coordinates":[-98.644861,29.444286]},"properties":{"id":"way/1537390739","footprint_m2":399,"county_fips":"48029","state":"TX","est_mw":0.08}},{"type":"Feature","geometry":{"type":"Point","coordinates":[-98.643546,29.444908]},"properties":{"id":"way/1537390740","footprint_m2":399,"county_fips":"48029","state":"TX","est_mw":0.08}},{"type":"Feature","geometry":{"type":"Point","coordinates":[-98.64371,29.4447]},"properties":{"id":"way/1537390741","footprint_m2":399,"county_fips":"48029","state":"TX","est_mw":0.08}},{"type":"Feature","geometry":{"type":"Point","coordinates":[-98.643863,29.444513]},"properties":{"id":"way/1537390742","footprint_m2":399,"county_fips":"48029","state":"TX","est_mw":0.08}},{"type":"Feature","geometry":{"type":"Point","coordinates":[-98.644015,29.444327]},"properties":{"id":"way/1537390743","footprint_m2":399,"county_fips":"48029","state":"TX","est_mw":0.08}},{"type":"Feature","geometry":{"type":"Point","coordinates":[-98.644168,29.444138]},"properties":{"id":"way/1537390744","footprint_m2":399,"county_fips":"48029","state":"TX","est_mw":0.08}},{"type":"Feature","geometry":{"type":"Point","coordinates":[-98.644318,29.44395]},"properties":{"id":"way/1537390745","footprint_m2":399,"county_fips":"48029","state":"TX","est_mw":0.08}},{"type":"Feature","geometry":{"type":"Point","coordinates":[-98.643813,29.44507]},"properties":{"id":"way/1537390746","footprint_m2":863,"county_fips":"48029","state":"TX","est_mw":0.16}},{"type":"Feature","geometry":{"type":"Point","coordinates":[-98.643979,29.444864]},"properties":{"id":"way/1537390747","footprint_m2":863,"county_fips":"48029","state":"TX","est_mw":0.16}},{"type":"Feature","geometry":{"type":"Point","coordinates":[-98.644131,29.44468]},"properties":{"id":"way/1537390748","footprint_m2":863,"county_fips":"48029","state":"TX","est_mw":0.16}},{"type":"Feature","geometry":{"type":"Point","coordinates":[-98.644282,29.444488]},"properties":{"id":"way/1537390749","footprint_m2":863,"county_fips":"48029","state":"TX","est_mw":0.16}},{"type":"Feature","geometry":{"type":"Point","coordinates":[-98.644434,29.444302]},"properties":{"id":"way/1537390750","footprint_m2":863,"county_fips":"48029","state":"TX","est_mw":0.16}},{"type":"Feature","geometry":{"type":"Point","coordinates":[-98.644585,29.444115]},"properties":{"id":"way/1537390751","footprint_m2":863,"county_fips":"48029","state":"TX","est_mw":0.16}},{"type":"Feature","geometry":{"type":"Point","coordinates":[-79.814126,41.270938]},"properties":{"id":"way/1539600946","footprint_m2":67,"county_fips":"42121","state":"PA","est_mw":0.01}},{"type":"Feature","geometry":{"type":"Point","coordinates":[-79.813954,41.27094]},"properties":{"id":"way/1539600947","footprint_m2":67,"county_fips":"42121","state":"PA","est_mw":0.01}},{"type":"Feature","geometry":{"type":"Point","coordinates":[-79.814129,41.271045]},"properties":{"id":"way/1539600948","footprint_m2":67,"county_fips":"42121","state":"PA","est_mw":0.01}},{"type":"Feature","geometry":{"type":"Point","coordinates":[-79.81396,41.271048]},"properties":{"id":"way/1539600949","footprint_m2":67,"county_fips":"42121","state":"PA","est_mw":0.01}},{"type":"Feature","geometry":{"type":"Point","coordinates":[-79.813962,41.271168]},"properties":{"id":"way/1539600950","footprint_m2":67,"county_fips":"42121","state":"PA","est_mw":0.01}},{"type":"Feature","geometry":{"type":"Point","coordinates":[-79.814131,41.271165]},"properties":{"id":"way/1539600951","footprint_m2":67,"county_fips":"42121","state":"PA","est_mw":0.01}},{"type":"Feature","geometry":{"type":"Point","coordinates":[-79.814138,41.271276]},"properties":{"id":"way/1539600952","footprint_m2":67,"county_fips":"42121","state":"PA","est_mw":0.01}},{"type":"Feature","geometry":{"type":"Point","coordinates":[-79.813966,41.271278]},"properties":{"id":"way/1539600953","footprint_m2":67,"county_fips":"42121","state":"PA","est_mw":0.01}},{"type":"Feature","geometry":{"type":"Point","coordinates":[-79.813552,41.271852]},"properties":{"id":"way/1539600954","footprint_m2":67,"county_fips":"42121","state":"PA","est_mw":0.01}},{"type":"Feature","geometry":{"type":"Point","coordinates":[-79.813383,41.271855]},"properties":{"id":"way/1539600955","footprint_m2":67,"county_fips":"42121","state":"PA","est_mw":0.01}},{"type":"Feature","geometry":{"type":"Point","coordinates":[-79.81338,41.271741]},"properties":{"id":"way/1539600956","footprint_m2":67,"county_fips":"42121","state":"PA","est_mw":0.01}},{"type":"Feature","geometry":{"type":"Point","coordinates":[-79.813551,41.271737]},"properties":{"id":"way/1539600957","footprint_m2":67,"county_fips":"42121","state":"PA","est_mw":0.01}},{"type":"Feature","geometry":{"type":"Point","coordinates":[-79.813545,41.271625]},"properties":{"id":"way/1539600958","footprint_m2":67,"county_fips":"42121","state":"PA","est_mw":0.01}},{"type":"Feature","geometry":{"type":"Point","coordinates":[-79.813375,41.271628]},"properties":{"id":"way/1539600959","footprint_m2":67,"county_fips":"42121","state":"PA","est_mw":0.01}},{"type":"Feature","geometry":{"type":"Point","coordinates":[-79.813544,41.271511]},"properties":{"id":"way/1539600960","footprint_m2":67,"county_fips":"42121","state":"PA","est_mw":0.01}},{"type":"Feature","geometry":{"type":"Point","coordinates":[-79.813372,41.271514]},"properties":{"id":"way/1539600961","footprint_m2":67,"county_fips":"42121","state":"PA","est_mw":0.01}},{"type":"Feature","geometry":{"type":"Point","coordinates":[-79.813368,41.271401]},"properties":{"id":"way/1539600962","footprint_m2":67,"county_fips":"42121","state":"PA","est_mw":0.01}},{"type":"Feature","geometry":{"type":"Point","coordinates":[-79.81354,41.271398]},"properties":{"id":"way/1539600963","footprint_m2":67,"county_fips":"42121","state":"PA","est_mw":0.01}},{"type":"Feature","geometry":{"type":"Point","coordinates":[-79.813534,41.271285]},"properties":{"id":"way/1539600964","footprint_m2":67,"county_fips":"42121","state":"PA","est_mw":0.01}},{"type":"Feature","geometry":{"type":"Point","coordinates":[-79.813365,41.271288]},"properties":{"id":"way/1539600965","footprint_m2":67,"county_fips":"42121","state":"PA","est_mw":0.01}},{"type":"Feature","geometry":{"type":"Point","coordinates":[-79.813532,41.271172]},"properties":{"id":"way/1539600966","footprint_m2":67,"county_fips":"42121","state":"PA","est_mw":0.01}},{"type":"Feature","geometry":{"type":"Point","coordinates":[-79.813363,41.271175]},"properties":{"id":"way/1539600967","footprint_m2":67,"county_fips":"42121","state":"PA","est_mw":0.01}},{"type":"Feature","geometry":{"type":"Point","coordinates":[-79.813528,41.271058]},"properties":{"id":"way/1539600968","footprint_m2":67,"county_fips":"42121","state":"PA","est_mw":0.01}},{"type":"Feature","geometry":{"type":"Point","coordinates":[-79.813361,41.271061]},"properties":{"id":"way/1539600969","footprint_m2":67,"county_fips":"42121","state":"PA","est_mw":0.01}},{"type":"Feature","geometry":{"type":"Point","coordinates":[-79.812837,41.271991]},"properties":{"id":"way/1539600971","footprint_m2":66,"county_fips":"42121","state":"PA","est_mw":0.01}},{"type":"Feature","geometry":{"type":"Point","coordinates":[-79.812838,41.2721]},"properties":{"id":"way/1539600972","footprint_m2":66,"county_fips":"42121","state":"PA","est_mw":0.01}},{"type":"Feature","geometry":{"type":"Point","coordinates":[-79.812501,41.272127]},"properties":{"id":"way/1539603377","footprint_m2":66,"county_fips":"42121","state":"PA","est_mw":0.01}},{"type":"Feature","geometry":{"type":"Point","coordinates":[-79.812358,41.272163]},"properties":{"id":"way/1539603378","footprint_m2":66,"county_fips":"42121","state":"PA","est_mw":0.01}},{"type":"Feature","geometry":{"type":"Point","coordinates":[-79.812523,41.272317]},"properties":{"id":"way/1539603379","footprint_m2":66,"county_fips":"42121","state":"PA","est_mw":0.01}},{"type":"Feature","geometry":{"type":"Point","coordinates":[-79.812353,41.272319]},"properties":{"id":"way/1539603380","footprint_m2":66,"county_fips":"42121","state":"PA","est_mw":0.01}},{"type":"Feature","geometry":{"type":"Point","coordinates":[-79.812844,41.272393]},"properties":{"id":"way/1539603381","footprint_m2":66,"county_fips":"42121","state":"PA","est_mw":0.01}},{"type":"Feature","geometry":{"type":"Point","coordinates":[-79.812846,41.27228]},"properties":{"id":"way/1539603382","footprint_m2":66,"county_fips":"42121","state":"PA","est_mw":0.01}},{"type":"Feature","geometry":{"type":"Point","coordinates":[-86.622154,34.857617]},"properties":{"id":"way/1540172608","footprint_m2":28207,"county_fips":"01089","state":"AL","est_mw":5.36}},{"type":"Feature","geometry":{"type":"Point","coordinates":[-86.626169,34.851087]},"properties":{"id":"way/1540172612","footprint_m2":33800,"county_fips":"01089","state":"AL","est_mw":6.43}},{"type":"Feature","geometry":{"type":"Point","coordinates":[-90.189532,32.408034]},"properties":{"id":"way/1541194576","footprint_m2":1235110,"name":"AWS Ridgeland Data Center","operator":"Amazon","county_fips":"28089","state":"MS","est_mw":234.79}},{"type":"Feature","geometry":{"type":"Point","coordinates":[-77.490044,38.962627]},"properties":{"id":"way/1543296494","footprint_m2":37116,"name":"Digital Realty Northern Virginia IAD44","operator":"Digital Realty","county_fips":"51107","state":"VA","est_mw":7.06}},{"type":"Feature","geometry":{"type":"Point","coordinates":[-77.459301,39.021521]},"properties":{"id":"way/1543931282","footprint_m2":7917,"name":"Digital Realty ACC2","operator":"Digital Realty","ref":"ACC2","county_fips":"51107","state":"VA","est_mw":1.5}},{"type":"Feature","geometry":{"type":"Point","coordinates":[-77.453613,39.025006]},"properties":{"id":"way/1543931283","footprint_m2":8161,"name":"Equinix Ashburn DC17","operator":"Equinix","ref":"DC17","county_fips":"51107","state":"VA","est_mw":1.55}},{"type":"Feature","geometry":{"type":"Point","coordinates":[-77.535715,38.957388]},"properties":{"id":"way/1544103415","footprint_m2":13864,"county_fips":"51107","state":"VA","est_mw":2.64}},{"type":"Feature","geometry":{"type":"Point","coordinates":[-77.533168,38.956637]},"properties":{"id":"way/1544103416","footprint_m2":13866,"county_fips":"51107","state":"VA","est_mw":2.64}},{"type":"Feature","geometry":{"type":"Point","coordinates":[-77.502639,38.958823]},"properties":{"id":"way/1544104138","footprint_m2":7572,"county_fips":"51107","state":"VA","est_mw":1.44}},{"type":"Feature","geometry":{"type":"Point","coordinates":[-77.45969,38.995994]},"properties":{"id":"way/1544360246","footprint_m2":15120,"county_fips":"51107","state":"VA","est_mw":2.87}},{"type":"Feature","geometry":{"type":"Point","coordinates":[-77.445986,38.995077]},"properties":{"id":"way/1544360247","footprint_m2":7616,"county_fips":"51107","state":"VA","est_mw":1.45}},{"type":"Feature","geometry":{"type":"Point","coordinates":[-77.441825,38.999329]},"properties":{"id":"way/1544360248","footprint_m2":5950,"name":"Vantage VA15","county_fips":"51107","state":"VA","est_mw":1.13}},{"type":"Feature","geometry":{"type":"Point","coordinates":[-77.449084,38.998249]},"properties":{"id":"way/1544360249","footprint_m2":5898,"name":"QTS Ashburn 2","operator":"Quality Technology Services","ref":"DC2","county_fips":"51107","state":"VA","est_mw":1.12}},{"type":"Feature","geometry":{"type":"Point","coordinates":[-77.446776,39.003572]},"properties":{"id":"way/1544360250","footprint_m2":11683,"county_fips":"51107","state":"VA","est_mw":2.22}},{"type":"Feature","geometry":{"type":"Point","coordinates":[-93.226389,44.9794]},"properties":{"id":"way/1544712660","footprint_m2":1861,"name":"Advanced Operations Center","operator":"University of Minnesota","county_fips":"27053","state":"MN","est_mw":0.35}}]}
